block_c,block_dur,condition,countdown,datetime,endtime,list,multichar_response,project,response,response_time,session_number,start_end,starttime,subject_id,task,task_vers,trial
,,,,Thu Aug 27 2026 14:01:32 GMT-0400 (Eastern Daylight Time),,,,I,space,564,2,,,9081,WL,C,
prac,,0,,Thu Aug 27 2026 14:01:32 GMT-0400 (Eastern Daylight Time),,NA,b,I,b,2911,2,,,9081,WL,C,1.0
prac,,0,,Thu Aug 27 2026 14:01:32 GMT-0400 (Eastern Daylight Time),,NA,bo,I,o,427,2,,,9081,WL,C,1.0
prac,,0,,Thu Aug 27 2026 14:01:32 GMT-0400 (Eastern Daylight Time),,NA,boo,I,o,92,2,,,9081,WL,C,1.0
prac,,0,,Thu Aug 27 2026 14:01:32 GMT-0400 (Eastern Daylight Time),,NA,boos,I,s,260,2,,,9081,WL,C,1.0
prac,,0,,Thu Aug 27 2026 14:01:32 GMT-0400 (Eastern Daylight Time),,NA,boost,I,t,228,2,,,9081,WL,C,1.0
prac,,0,,Thu Aug 27 2026 14:01:32 GMT-0400 (Eastern Daylight Time),,NA,boostenter,I,enter,799,2,,,9081,WL,C,1.0
1,1.4830000400543213,learn,58516.99995994568,Thu Aug 27 2026 14:01:32 GMT-0400 (Eastern Daylight Time),110739.5,A,t,I,t,1459,2,1482.699999988079,109256.80000001192,9081,WL,C,1.0
1,1.883000135421753,learn,58116.99986457825,Thu Aug 27 2026 14:01:32 GMT-0400 (Eastern Daylight Time),111139.10000002384,A,to,I,o,383,2,1882.300000011921,109256.80000001192,9081,WL,C,1.0
1,2.949000120162964,learn,57050.999879837036,Thu Aug 27 2026 14:01:32 GMT-0400 (Eastern Daylight Time),112205.5,A,tow,I,w,1055,2,2948.699999988079,109256.80000001192,9081,WL,C,1.0
1,3.3000001907348633,learn,56699.99980926514,Thu Aug 27 2026 14:01:32 GMT-0400 (Eastern Daylight Time),112555.80000001192,A,towe,I,e,331,2,3299.0,109256.80000001192,9081,WL,C,1.0
1,3.3489999771118164,learn,56651.00002288818,Thu Aug 27 2026 14:01:32 GMT-0400 (Eastern Daylight Time),112605.5,A,tower,I,r,38,2,3348.699999988079,109256.80000001192,9081,WL,C,1.0
1,4.132000207901001,learn,55867.999792099,Thu Aug 27 2026 14:01:32 GMT-0400 (Eastern Daylight Time),113388.5,A,towerenter,I,enter,763,2,4131.699999988079,109256.80000001192,9081,WL,C,1.0
1,5.3500001430511475,learn,54649.99985694885,Thu Aug 27 2026 14:01:32 GMT-0400 (Eastern Daylight Time),114605.70000001788,A,q,I,q,1201,2,1216.800000011921,113388.90000000596,9081,WL,C,2.0
1,5.866000175476074,learn,54133.999824523926,Thu Aug 27 2026 14:01:32 GMT-0400 (Eastern Daylight Time),115122.30000001192,A,qu,I,u,499,2,1733.4000000059605,113388.90000000596,9081,WL,C,2.0
1,6.200000047683716,learn,53799.999952316284,Thu Aug 27 2026 14:01:32 GMT-0400 (Eastern Daylight Time),115455.70000001788,A,que,I,e,320,2,2066.800000011921,113388.90000000596,9081,WL,C,2.0
1,6.400000095367432,learn,53599.99990463257,Thu Aug 27 2026 14:01:32 GMT-0400 (Eastern Daylight Time),115655.70000001788,A,quee,I,e,179,2,2266.800000011921,113388.90000000596,9081,WL,C,2.0
1,6.700000047683716,learn,53299.999952316284,Thu Aug 27 2026 14:01:32 GMT-0400 (Eastern Daylight Time),115955.60000002384,A,queen,I,n,273,2,2566.7000000178814,113388.90000000596,9081,WL,C,2.0
1,7.016000032424927,learn,52983.99996757507,Thu Aug 27 2026 14:01:32 GMT-0400 (Eastern Daylight Time),116271.80000001192,A,queenenter,I,enter,293,2,2882.9000000059605,113388.90000000596,9081,WL,C,2.0
1,7.883000135421753,learn,52116.99986457825,Thu Aug 27 2026 14:01:32 GMT-0400 (Eastern Daylight Time),117139.10000002384,A,b,I,b,845,2,866.8000000119209,116272.30000001192,9081,WL,C,3.0
1,8.583000183105469,learn,51416.99981689453,Thu Aug 27 2026 14:01:32 GMT-0400 (Eastern Daylight Time),117838.90000000596,A,bo,I,o,679,2,1566.5999999940395,116272.30000001192,9081,WL,C,3.0
1,9.065999984741211,learn,50934.00001525879,Thu Aug 27 2026 14:01:32 GMT-0400 (Eastern Daylight Time),118322.40000000596,A,boy,I,y,459,2,2050.0999999940395,116272.30000001192,9081,WL,C,3.0
1,9.48200011253357,learn,50517.99988746643,Thu Aug 27 2026 14:01:32 GMT-0400 (Eastern Daylight Time),118738.40000000596,A,boyenter,I,enter,399,2,2466.0999999940395,116272.30000001192,9081,WL,C,3.0
1,10.032999992370605,learn,49967.000007629395,Thu Aug 27 2026 14:01:32 GMT-0400 (Eastern Daylight Time),119289.10000002384,A,l,I,l,539,2,550.2000000178814,118738.90000000596,9081,WL,C,4.0
1,10.266000032424927,learn,49733.99996757507,Thu Aug 27 2026 14:01:32 GMT-0400 (Eastern Daylight Time),119522.30000001192,A,le,I,e,209,2,783.4000000059605,118738.90000000596,9081,WL,C,4.0
1,10.633000135421753,learn,49366.99986457825,Thu Aug 27 2026 14:01:32 GMT-0400 (Eastern Daylight Time),119889.0,A,let,I,t,345,2,1150.0999999940395,118738.90000000596,9081,WL,C,4.0
1,10.782999992370605,learn,49217.000007629395,Thu Aug 27 2026 14:01:32 GMT-0400 (Eastern Daylight Time),120039.20000001788,A,lett,I,t,137,2,1300.300000011921,118738.90000000596,9081,WL,C,4.0
1,11.083000183105469,learn,48916.99981689453,Thu Aug 27 2026 14:01:32 GMT-0400 (Eastern Daylight Time),120339.0,A,lette,I,e,263,2,1600.0999999940395,118738.90000000596,9081,WL,C,4.0
1,11.266000032424927,learn,48733.99996757507,Thu Aug 27 2026 14:01:32 GMT-0400 (Eastern Daylight Time),120522.30000001192,A,letter,I,r,161,2,1783.4000000059605,118738.90000000596,9081,WL,C,4.0
1,11.866000175476074,learn,48133.999824523926,Thu Aug 27 2026 14:01:32 GMT-0400 (Eastern Daylight Time),121121.90000000596,A,letterenter,I,enter,575,2,2383.0,118738.90000000596,9081,WL,C,4.0
1,12.350000143051147,learn,47649.99985694885,Thu Aug 27 2026 14:01:32 GMT-0400 (Eastern Daylight Time),121605.80000001192,A,n,I,n,460,2,483.5,121122.30000001192,9081,WL,C,5.0
1,12.565999984741211,learn,47434.00001525879,Thu Aug 27 2026 14:01:32 GMT-0400 (Eastern Daylight Time),121822.20000001788,A,na,I,a,204,2,699.9000000059605,121122.30000001192,9081,WL,C,5.0
1,12.782999992370605,learn,47217.000007629395,Thu Aug 27 2026 14:01:32 GMT-0400 (Eastern Daylight Time),122039.0,A,nai,I,i,194,2,916.6999999880791,121122.30000001192,9081,WL,C,5.0
1,12.983000040054321,learn,47016.99995994568,Thu Aug 27 2026 14:01:32 GMT-0400 (Eastern Daylight Time),122239.0,A,nail,I,l,186,2,1116.699999988079,121122.30000001192,9081,WL,C,5.0
1,13.666000127792358,learn,46333.99987220764,Thu Aug 27 2026 14:01:32 GMT-0400 (Eastern Daylight Time),122921.90000000596,A,nailenter,I,enter,648,2,1799.5999999940395,121122.30000001192,9081,WL,C,5.0
1,14.800000190734863,learn,45199.99980926514,Thu Aug 27 2026 14:01:32 GMT-0400 (Eastern Daylight Time),124055.70000001788,A,w,I,w,1124,2,1133.2000000178814,122922.5,9081,WL,C,6.0
1,15.116000175476074,learn,44883.999824523926,Thu Aug 27 2026 14:01:32 GMT-0400 (Eastern Daylight Time),124372.30000001192,A,wh,I,h,292,2,1449.800000011921,122922.5,9081,WL,C,6.0
1,15.366000175476074,learn,44633.999824523926,Thu Aug 27 2026 14:01:32 GMT-0400 (Eastern Daylight Time),124622.20000001788,A,whe,I,e,236,2,1699.7000000178814,122922.5,9081,WL,C,6.0
1,15.565999984741211,learn,44434.00001525879,Thu Aug 27 2026 14:01:32 GMT-0400 (Eastern Daylight Time),124822.30000001192,A,whea,I,a,175,2,1899.800000011921,122922.5,9081,WL,C,6.0
1,15.766000032424927,learn,44233.99996757507,Thu Aug 27 2026 14:01:32 GMT-0400 (Eastern Daylight Time),125022.20000001788,A,wheat,I,t,187,2,2099.7000000178814,122922.5,9081,WL,C,6.0
1,16.382000207901,learn,43617.999792099,Thu Aug 27 2026 14:01:32 GMT-0400 (Eastern Daylight Time),125638.5,A,wheatenter,I,enter,587,2,2716.0,122922.5,9081,WL,C,6.0
1,17.516000032424927,learn,42483.99996757507,Thu Aug 27 2026 14:01:32 GMT-0400 (Eastern Daylight Time),126772.30000001192,A,c,I,c,1118,2,1133.4000000059605,125638.90000000596,9081,WL,C,7.0
1,17.633000135421753,learn,42366.99986457825,Thu Aug 27 2026 14:01:32 GMT-0400 (Eastern Daylight Time),126888.60000002384,A,co,I,o,102,2,1249.7000000178814,125638.90000000596,9081,WL,C,7.0
1,17.83300018310547,learn,42166.99981689453,Thu Aug 27 2026 14:01:32 GMT-0400 (Eastern Daylight Time),127089.10000002384,A,cor,I,r,181,2,1450.2000000178814,125638.90000000596,9081,WL,C,7.0
1,18.16600012779236,learn,41833.99987220764,Thu Aug 27 2026 14:01:32 GMT-0400 (Eastern Daylight Time),127422.40000000596,A,corn,I,n,313,2,1783.5,125638.90000000596,9081,WL,C,7.0
1,18.932000160217285,learn,41067.999839782715,Thu Aug 27 2026 14:01:32 GMT-0400 (Eastern Daylight Time),128188.5,A,cornenter,I,enter,748,2,2549.5999999940395,125638.90000000596,9081,WL,C,7.0
1,20.25,learn,39750.0,Thu Aug 27 2026 14:01:32 GMT-0400 (Eastern Daylight Time),129505.70000001788,A,s,I,s,1297,2,1316.800000011921,128188.90000000596,9081,WL,C,8.0
1,20.40000009536743,learn,39599.99990463257,Thu Aug 27 2026 14:01:32 GMT-0400 (Eastern Daylight Time),129655.70000001788,A,su,I,u,137,2,1466.800000011921,128188.90000000596,9081,WL,C,8.0
1,20.700000047683716,learn,39299.999952316284,Thu Aug 27 2026 14:01:32 GMT-0400 (Eastern Daylight Time),129955.80000001192,A,sug,I,g,269,2,1766.9000000059605,128188.90000000596,9081,WL,C,8.0
1,20.90000009536743,learn,39099.99990463257,Thu Aug 27 2026 14:01:32 GMT-0400 (Eastern Daylight Time),130155.70000001788,A,suga,I,a,176,2,1966.800000011921,128188.90000000596,9081,WL,C,8.0
1,21.133000135421753,learn,38866.99986457825,Thu Aug 27 2026 14:01:32 GMT-0400 (Eastern Daylight Time),130389.0,A,sugar,I,r,199,2,2200.0999999940395,128188.90000000596,9081,WL,C,8.0
1,21.98200011253357,learn,38017.99988746643,Thu Aug 27 2026 14:01:32 GMT-0400 (Eastern Daylight Time),131238.5,A,sugarenter,I,enter,836,2,3049.5999999940395,128188.90000000596,9081,WL,C,8.0
1,23.200000047683716,learn,36799.999952316284,Thu Aug 27 2026 14:01:32 GMT-0400 (Eastern Daylight Time),132455.70000001788,A,d,I,d,1200,2,1216.7000000178814,131239.0,9081,WL,C,9.0
1,23.383000135421753,learn,36616.99986457825,Thu Aug 27 2026 14:01:32 GMT-0400 (Eastern Daylight Time),132639.0,A,do,I,o,171,2,1400.0,131239.0,9081,WL,C,9.0
1,23.616000175476074,learn,36383.999824523926,Thu Aug 27 2026 14:01:32 GMT-0400 (Eastern Daylight Time),132872.30000001192,A,doc,I,c,204,2,1633.300000011921,131239.0,9081,WL,C,9.0
1,24.133000135421753,learn,35866.99986457825,Thu Aug 27 2026 14:01:32 GMT-0400 (Eastern Daylight Time),133389.10000002384,A,doct,I,t,498,2,2150.100000023842,131239.0,9081,WL,C,9.0
1,24.300000190734863,learn,35699.99980926514,Thu Aug 27 2026 14:01:32 GMT-0400 (Eastern Daylight Time),133555.70000001788,A,docto,I,o,141,2,2316.7000000178814,131239.0,9081,WL,C,9.0
1,24.433000087738037,learn,35566.99991226196,Thu Aug 27 2026 14:01:32 GMT-0400 (Eastern Daylight Time),133689.0,A,doctor,I,r,109,2,2450.0,131239.0,9081,WL,C,9.0
1,25.199000120162964,learn,34800.999879837036,Thu Aug 27 2026 14:01:32 GMT-0400 (Eastern Daylight Time),134455.20000001788,A,doctorenter,I,enter,737,2,3216.2000000178814,131239.0,9081,WL,C,9.0
1,32.56599998474121,learn,27434.00001525879,Thu Aug 27 2026 14:01:32 GMT-0400 (Eastern Daylight Time),141822.10000002384,A,c,I,c,7359,2,7366.5,134455.60000002384,9081,WL,C,10.0
1,32.83300018310547,learn,27166.99981689453,Thu Aug 27 2026 14:01:32 GMT-0400 (Eastern Daylight Time),142089.10000002384,A,ca,I,a,245,2,7633.5,134455.60000002384,9081,WL,C,10.0
1,33.06599998474121,learn,26934.00001525879,Thu Aug 27 2026 14:01:32 GMT-0400 (Eastern Daylight Time),142322.30000001192,A,cam,I,m,217,2,7866.699999988079,134455.60000002384,9081,WL,C,10.0
1,33.33300018310547,learn,26666.99981689453,Thu Aug 27 2026 14:01:32 GMT-0400 (Eastern Daylight Time),142588.90000000596,A,camp,I,p,241,2,8133.299999982119,134455.60000002384,9081,WL,C,10.0
1,34.348999977111816,learn,25651.000022888184,Thu Aug 27 2026 14:01:32 GMT-0400 (Eastern Daylight Time),143605.30000001192,A,campenter,I,enter,998,2,9149.699999988079,134455.60000002384,9081,WL,C,10.0
1,41.366000175476074,learn,18633.999824523926,Thu Aug 27 2026 14:01:32 GMT-0400 (Eastern Daylight Time),150622.20000001788,A,f,I,f,7009,2,7016.5,143605.70000001788,9081,WL,C,11.0
1,41.54900002479553,learn,18450.999975204468,Thu Aug 27 2026 14:01:32 GMT-0400 (Eastern Daylight Time),150805.40000000596,A,fl,I,l,172,2,7199.699999988079,143605.70000001788,9081,WL,C,11.0
1,41.71600008010864,learn,18283.999919891357,Thu Aug 27 2026 14:01:32 GMT-0400 (Eastern Daylight Time),150972.5,A,fla,I,a,140,2,7366.799999982119,143605.70000001788,9081,WL,C,11.0
1,41.950000047683716,learn,18049.999952316284,Thu Aug 27 2026 14:01:32 GMT-0400 (Eastern Daylight Time),151205.70000001788,A,flag,I,g,206,2,7600.0,143605.70000001788,9081,WL,C,11.0
1,42.53200006484985,learn,17467.999935150146,Thu Aug 27 2026 14:01:32 GMT-0400 (Eastern Daylight Time),151788.60000002384,A,flagenter,I,enter,556,2,8182.9000000059605,143605.70000001788,9081,WL,C,11.0
1,55.93300008773804,learn,4066.999912261963,Thu Aug 27 2026 14:01:32 GMT-0400 (Eastern Daylight Time),165188.60000002384,A,enter,I,enter,13377,2,13399.700000017881,151788.90000000596,9081,WL,C,12.0
1,57.632000207901,learn,2367.999792098999,Thu Aug 27 2026 14:01:32 GMT-0400 (Eastern Daylight Time),166888.5,A,enter,I,enter,1689,2,1699.5,165189.0,9081,WL,C,13.0
1,60.01600003242493,learn,-16.000032424926758,Thu Aug 27 2026 14:01:32 GMT-0400 (Eastern Daylight Time),169272.60000002384,A,None,I,None,2376,2,2383.800000011921,166888.80000001192,9081,WL,C,14.0
2,1.4839999675750732,learn,58516.00003242493,Thu Aug 27 2026 14:01:32 GMT-0400 (Eastern Daylight Time),240705.80000001192,A,t,I,t,1470,2,1483.0,239222.80000001192,9081,WL,C,1.0
2,1.7669999599456787,learn,58233.00004005432,Thu Aug 27 2026 14:01:32 GMT-0400 (Eastern Daylight Time),240989.20000001788,A,to,I,o,265,2,1766.4000000059605,239222.80000001192,9081,WL,C,1.0
2,2.0999999046325684,learn,57900.00009536743,Thu Aug 27 2026 14:01:32 GMT-0400 (Eastern Daylight Time),241322.5,A,tow,I,w,310,2,2099.699999988079,239222.80000001192,9081,WL,C,1.0
2,2.384000062942505,learn,57615.999937057495,Thu Aug 27 2026 14:01:32 GMT-0400 (Eastern Daylight Time),241605.60000002384,A,towe,I,e,272,2,2382.800000011921,239222.80000001192,9081,WL,C,1.0
2,2.4839999675750732,learn,57516.00003242493,Thu Aug 27 2026 14:01:32 GMT-0400 (Eastern Daylight Time),241705.90000000596,A,tower,I,r,79,2,2483.0999999940395,239222.80000001192,9081,WL,C,1.0
2,2.9830000400543213,learn,57016.99995994568,Thu Aug 27 2026 14:01:32 GMT-0400 (Eastern Daylight Time),242205.20000001788,A,towerenter,I,enter,488,2,2982.4000000059605,239222.80000001192,9081,WL,C,1.0
2,3.799999952316284,learn,56200.000047683716,Thu Aug 27 2026 14:01:32 GMT-0400 (Eastern Daylight Time),243022.40000000596,A,q,I,q,800,2,816.7999999821186,242205.60000002384,9081,WL,C,2.0
2,4.066999912261963,learn,55933.00008773804,Thu Aug 27 2026 14:01:32 GMT-0400 (Eastern Daylight Time),243289.20000001788,A,qu,I,u,245,2,1083.5999999940395,242205.60000002384,9081,WL,C,2.0
2,4.299999952316284,learn,55700.000047683716,Thu Aug 27 2026 14:01:32 GMT-0400 (Eastern Daylight Time),243522.30000001192,A,que,I,e,218,2,1316.699999988079,242205.60000002384,9081,WL,C,2.0
2,4.4670000076293945,learn,55532.999992370605,Thu Aug 27 2026 14:01:32 GMT-0400 (Eastern Daylight Time),243689.10000002384,A,quee,I,e,141,2,1483.5,242205.60000002384,9081,WL,C,2.0
2,4.700000047683716,learn,55299.999952316284,Thu Aug 27 2026 14:01:32 GMT-0400 (Eastern Daylight Time),243922.40000000596,A,queen,I,n,201,2,1716.7999999821186,242205.60000002384,9081,WL,C,2.0
2,5.0,learn,55000.0,Thu Aug 27 2026 14:01:32 GMT-0400 (Eastern Daylight Time),244221.90000000596,A,queenenter,I,enter,288,2,2016.2999999821186,242205.60000002384,9081,WL,C,2.0
2,5.9670000076293945,learn,54032.999992370605,Thu Aug 27 2026 14:01:32 GMT-0400 (Eastern Daylight Time),245189.10000002384,A,b,I,b,952,2,966.8000000119209,244222.30000001192,9081,WL,C,3.0
2,6.483999967575073,learn,53516.00003242493,Thu Aug 27 2026 14:01:32 GMT-0400 (Eastern Daylight Time),245705.80000001192,A,bo,I,o,503,2,1483.5,244222.30000001192,9081,WL,C,3.0
2,6.834000110626221,learn,53165.99988937378,Thu Aug 27 2026 14:01:32 GMT-0400 (Eastern Daylight Time),246055.80000001192,A,boy,I,y,337,2,1833.5,244222.30000001192,9081,WL,C,3.0
2,7.2170000076293945,learn,52782.999992370605,Thu Aug 27 2026 14:01:32 GMT-0400 (Eastern Daylight Time),246438.60000002384,A,boyenter,I,enter,370,2,2216.300000011921,244222.30000001192,9081,WL,C,3.0
2,7.9670000076293945,learn,52032.999992370605,Thu Aug 27 2026 14:01:32 GMT-0400 (Eastern Daylight Time),247189.0,A,b,I,b,735,2,750.0,246439.0,9081,WL,C,4.0
2,8.183000087738037,learn,51816.99991226196,Thu Aug 27 2026 14:01:32 GMT-0400 (Eastern Daylight Time),247405.5,A,bo,I,o,206,2,966.5,246439.0,9081,WL,C,4.0
2,8.66700005531311,learn,51332.99994468689,Thu Aug 27 2026 14:01:32 GMT-0400 (Eastern Daylight Time),247889.10000002384,A,bod,I,d,460,2,1450.1000000238419,246439.0,9081,WL,C,4.0
2,8.934000015258789,learn,51065.99998474121,Thu Aug 27 2026 14:01:32 GMT-0400 (Eastern Daylight Time),248155.70000001788,A,body,I,y,250,2,1716.7000000178814,246439.0,9081,WL,C,4.0
2,9.367000102996826,learn,50632.999897003174,Thu Aug 27 2026 14:01:32 GMT-0400 (Eastern Daylight Time),248588.60000002384,A,bodyenter,I,enter,416,2,2149.600000023842,246439.0,9081,WL,C,4.0
2,9.934000015258789,learn,50065.99998474121,Thu Aug 27 2026 14:01:32 GMT-0400 (Eastern Daylight Time),249155.80000001192,A,l,I,l,545,2,566.8000000119209,248589.0,9081,WL,C,5.0
2,10.117000102996826,learn,49882.999897003174,Thu Aug 27 2026 14:01:32 GMT-0400 (Eastern Daylight Time),249339.20000001788,A,le,I,e,159,2,750.2000000178814,248589.0,9081,WL,C,5.0
2,10.450000047683716,learn,49549.999952316284,Thu Aug 27 2026 14:01:32 GMT-0400 (Eastern Daylight Time),249672.40000000596,A,let,I,t,302,2,1083.4000000059605,248589.0,9081,WL,C,5.0
2,10.650000095367432,learn,49349.99990463257,Thu Aug 27 2026 14:01:32 GMT-0400 (Eastern Daylight Time),249872.30000001192,A,lett,I,t,187,2,1283.300000011921,248589.0,9081,WL,C,5.0
2,11.233999967575073,learn,48766.00003242493,Thu Aug 27 2026 14:01:32 GMT-0400 (Eastern Daylight Time),250455.70000001788,A,lette,I,e,563,2,1866.7000000178814,248589.0,9081,WL,C,5.0
2,11.41700005531311,learn,48582.99994468689,Thu Aug 27 2026 14:01:32 GMT-0400 (Eastern Daylight Time),250639.10000002384,A,letter,I,r,164,2,2050.100000023842,248589.0,9081,WL,C,5.0
2,11.83299994468689,learn,48167.00005531311,Thu Aug 27 2026 14:01:32 GMT-0400 (Eastern Daylight Time),251055.30000001192,A,letterenter,I,enter,395,2,2466.300000011921,248589.0,9081,WL,C,5.0
2,12.299999952316284,learn,47700.000047683716,Thu Aug 27 2026 14:01:32 GMT-0400 (Eastern Daylight Time),251522.40000000596,A,c,I,c,454,2,466.69999998807907,251055.70000001788,9081,WL,C,6.0
2,12.41700005531311,learn,47582.99994468689,Thu Aug 27 2026 14:01:32 GMT-0400 (Eastern Daylight Time),251639.0,A,co,I,o,105,2,583.2999999821186,251055.70000001788,9081,WL,C,6.0
2,12.533999919891357,learn,47466.00008010864,Thu Aug 27 2026 14:01:32 GMT-0400 (Eastern Daylight Time),251755.80000001192,A,cor,I,r,91,2,700.0999999940395,251055.70000001788,9081,WL,C,6.0
2,12.900000095367432,learn,47099.99990463257,Thu Aug 27 2026 14:01:32 GMT-0400 (Eastern Daylight Time),252122.5,A,corn,I,n,343,2,1066.7999999821186,251055.70000001788,9081,WL,C,6.0
2,13.433000087738037,learn,46566.99991226196,Thu Aug 27 2026 14:01:32 GMT-0400 (Eastern Daylight Time),252655.40000000596,A,cornenter,I,enter,512,2,1599.699999988079,251055.70000001788,9081,WL,C,6.0
2,13.934000015258789,learn,46065.99998474121,Thu Aug 27 2026 14:01:32 GMT-0400 (Eastern Daylight Time),253155.80000001192,A,w,I,w,478,2,500.0,252655.80000001192,9081,WL,C,7.0
2,14.066999912261963,learn,45933.00008773804,Thu Aug 27 2026 14:01:32 GMT-0400 (Eastern Daylight Time),253289.20000001788,A,wh,I,h,112,2,633.4000000059605,252655.80000001192,9081,WL,C,7.0
2,14.384000062942505,learn,45615.999937057495,Thu Aug 27 2026 14:01:32 GMT-0400 (Eastern Daylight Time),253605.70000001788,A,whe,I,e,297,2,949.9000000059605,252655.80000001192,9081,WL,C,7.0
2,14.617000102996826,learn,45382.999897003174,Thu Aug 27 2026 14:01:32 GMT-0400 (Eastern Daylight Time),253839.10000002384,A,whea,I,a,213,2,1183.300000011921,252655.80000001192,9081,WL,C,7.0
2,14.783999919891357,learn,45216.00008010864,Thu Aug 27 2026 14:01:32 GMT-0400 (Eastern Daylight Time),254005.80000001192,A,wheat,I,t,139,2,1350.0,252655.80000001192,9081,WL,C,7.0
2,15.16700005531311,learn,44832.99994468689,Thu Aug 27 2026 14:01:32 GMT-0400 (Eastern Daylight Time),254388.60000002384,A,wheatenter,I,enter,362,2,1732.800000011921,252655.80000001192,9081,WL,C,7.0
2,15.617000102996826,learn,44382.999897003174,Thu Aug 27 2026 14:01:32 GMT-0400 (Eastern Daylight Time),254839.10000002384,A,s,I,s,442,2,450.2000000178814,254388.90000000596,9081,WL,C,8.0
2,15.83400011062622,learn,44165.99988937378,Thu Aug 27 2026 14:01:32 GMT-0400 (Eastern Daylight Time),255055.80000001192,A,su,I,u,196,2,666.9000000059605,254388.90000000596,9081,WL,C,8.0
2,16.066999912261963,learn,43933.00008773804,Thu Aug 27 2026 14:01:32 GMT-0400 (Eastern Daylight Time),255289.10000002384,A,sug,I,g,212,2,900.2000000178814,254388.90000000596,9081,WL,C,8.0
2,16.384000062942505,learn,43615.999937057495,Thu Aug 27 2026 14:01:32 GMT-0400 (Eastern Daylight Time),255605.90000000596,A,suga,I,a,287,2,1217.0,254388.90000000596,9081,WL,C,8.0
2,16.617000102996826,learn,43382.999897003174,Thu Aug 27 2026 14:01:32 GMT-0400 (Eastern Daylight Time),255839.20000001788,A,sugar,I,r,214,2,1450.300000011921,254388.90000000596,9081,WL,C,8.0
2,17.132999897003174,learn,42867.000102996826,Thu Aug 27 2026 14:01:32 GMT-0400 (Eastern Daylight Time),256355.30000001192,A,sugarenter,I,enter,489,2,1966.4000000059605,254388.90000000596,9081,WL,C,8.0
2,17.65000009536743,learn,42349.99990463257,Thu Aug 27 2026 14:01:32 GMT-0400 (Eastern Daylight Time),256872.30000001192,A,l,I,l,499,2,516.5999999940395,256355.70000001788,9081,WL,C,9.0
2,17.76699995994568,learn,42233.00004005432,Thu Aug 27 2026 14:01:32 GMT-0400 (Eastern Daylight Time),256988.90000000596,A,le,I,e,91,2,633.1999999880791,256355.70000001788,9081,WL,C,9.0
2,18.033999919891357,learn,41966.00008010864,Thu Aug 27 2026 14:01:32 GMT-0400 (Eastern Daylight Time),257255.70000001788,A,let,I,t,246,2,900.0,256355.70000001788,9081,WL,C,9.0
2,18.200000047683716,learn,41799.999952316284,Thu Aug 27 2026 14:01:32 GMT-0400 (Eastern Daylight Time),257422.40000000596,A,lett,I,t,146,2,1066.699999988079,256355.70000001788,9081,WL,C,9.0
2,18.450000047683716,learn,41549.999952316284,Thu Aug 27 2026 14:01:32 GMT-0400 (Eastern Daylight Time),257672.5,A,lette,I,e,237,2,1316.7999999821186,256355.70000001788,9081,WL,C,9.0
2,18.48300004005432,learn,41516.99995994568,Thu Aug 27 2026 14:01:32 GMT-0400 (Eastern Daylight Time),257705.30000001192,A,letter,I,r,18,2,1349.5999999940395,256355.70000001788,9081,WL,C,9.0
2,18.76699995994568,learn,41233.00004005432,Thu Aug 27 2026 14:01:32 GMT-0400 (Eastern Daylight Time),257988.60000002384,A,letterenter,I,enter,260,2,1632.9000000059605,256355.70000001788,9081,WL,C,9.0
2,19.08400011062622,learn,40915.99988937378,Thu Aug 27 2026 14:01:32 GMT-0400 (Eastern Daylight Time),258305.80000001192,A,d,I,d,306,2,316.80000001192093,257989.0,9081,WL,C,10.0
2,19.217000007629395,learn,40782.999992370605,Thu Aug 27 2026 14:01:32 GMT-0400 (Eastern Daylight Time),258439.0,A,do,I,o,119,2,450.0,257989.0,9081,WL,C,10.0
2,19.367000102996826,learn,40632.999897003174,Thu Aug 27 2026 14:01:32 GMT-0400 (Eastern Daylight Time),258589.20000001788,A,doc,I,c,133,2,600.2000000178814,257989.0,9081,WL,C,10.0
2,19.717000007629395,learn,40282.999992370605,Thu Aug 27 2026 14:01:32 GMT-0400 (Eastern Daylight Time),258939.20000001788,A,doct,I,t,326,2,950.2000000178814,257989.0,9081,WL,C,10.0
2,19.84999990463257,learn,40150.00009536743,Thu Aug 27 2026 14:01:32 GMT-0400 (Eastern Daylight Time),259072.20000001788,A,docto,I,o,119,2,1083.2000000178814,257989.0,9081,WL,C,10.0
2,19.98300004005432,learn,40016.99995994568,Thu Aug 27 2026 14:01:32 GMT-0400 (Eastern Daylight Time),259205.60000002384,A,doctor,I,r,122,2,1216.6000000238419,257989.0,9081,WL,C,10.0
2,20.316999912261963,learn,39683.00008773804,Thu Aug 27 2026 14:01:32 GMT-0400 (Eastern Daylight Time),259538.60000002384,A,doctorenter,I,enter,315,2,1549.6000000238419,257989.0,9081,WL,C,10.0
2,20.65000009536743,learn,39349.99990463257,Thu Aug 27 2026 14:01:32 GMT-0400 (Eastern Daylight Time),259872.30000001192,A,s,I,s,324,2,333.30000001192093,259539.0,9081,WL,C,11.0
2,20.816999912261963,learn,39183.00008773804,Thu Aug 27 2026 14:01:32 GMT-0400 (Eastern Daylight Time),260039.20000001788,A,sh,I,h,144,2,500.2000000178814,259539.0,9081,WL,C,11.0
2,21.0,learn,39000.0,Thu Aug 27 2026 14:01:32 GMT-0400 (Eastern Daylight Time),260222.40000000596,A,sho,I,o,171,2,683.4000000059605,259539.0,9081,WL,C,11.0
2,21.183000087738037,learn,38816.99991226196,Thu Aug 27 2026 14:01:32 GMT-0400 (Eastern Daylight Time),260405.40000000596,A,shor,I,r,173,2,866.4000000059605,259539.0,9081,WL,C,11.0
2,21.41700005531311,learn,38582.99994468689,Thu Aug 27 2026 14:01:32 GMT-0400 (Eastern Daylight Time),260639.10000002384,A,shore,I,e,206,2,1100.1000000238419,259539.0,9081,WL,C,11.0
2,21.867000102996826,learn,38132.999897003174,Thu Aug 27 2026 14:01:32 GMT-0400 (Eastern Daylight Time),261088.60000002384,A,shoreenter,I,enter,426,2,1549.6000000238419,259539.0,9081,WL,C,11.0
2,22.43400001525879,learn,37565.99998474121,Thu Aug 27 2026 14:01:32 GMT-0400 (Eastern Daylight Time),261655.70000001788,A,c,I,c,557,2,566.5999999940395,261089.10000002384,9081,WL,C,12.0
2,22.634000062942505,learn,37365.999937057495,Thu Aug 27 2026 14:01:32 GMT-0400 (Eastern Daylight Time),261855.80000001192,A,ca,I,a,180,2,766.6999999880791,261089.10000002384,9081,WL,C,12.0
2,22.90000009536743,learn,37099.99990463257,Thu Aug 27 2026 14:01:32 GMT-0400 (Eastern Daylight Time),262122.40000000596,A,cat,I,t,250,2,1033.2999999821186,261089.10000002384,9081,WL,C,12.0
2,23.117000102996826,learn,36882.999897003174,Thu Aug 27 2026 14:01:32 GMT-0400 (Eastern Daylight Time),262339.2000000179,A,catt,I,t,201,2,1250.0999999940395,261089.10000002384,9081,WL,C,12.0
2,23.58299994468689,learn,36417.00005531311,Thu Aug 27 2026 14:01:32 GMT-0400 (Eastern Daylight Time),262805.40000000596,A,cattl,I,l,455,2,1716.2999999821186,261089.10000002384,9081,WL,C,12.0
2,23.75,learn,36250.0,Thu Aug 27 2026 14:01:32 GMT-0400 (Eastern Daylight Time),262972.5,A,cattle,I,e,149,2,1883.3999999761581,261089.10000002384,9081,WL,C,12.0
2,24.01699995994568,learn,35983.00004005432,Thu Aug 27 2026 14:01:32 GMT-0400 (Eastern Daylight Time),263238.7000000179,A,cattleenter,I,enter,246,2,2149.5999999940395,261089.10000002384,9081,WL,C,12.0
2,24.316999912261963,learn,35683.00008773804,Thu Aug 27 2026 14:01:32 GMT-0400 (Eastern Daylight Time),263539.2000000179,A,c,I,c,280,2,300.2000000178814,263239.0,9081,WL,C,13.0
2,24.533999919891357,learn,35466.00008010864,Thu Aug 27 2026 14:01:32 GMT-0400 (Eastern Daylight Time),263755.7000000179,A,ca,I,a,199,2,516.7000000178814,263239.0,9081,WL,C,13.0
2,24.76699995994568,learn,35233.00004005432,Thu Aug 27 2026 14:01:32 GMT-0400 (Eastern Daylight Time),263989.40000000596,A,cam,I,m,225,2,750.4000000059605,263239.0,9081,WL,C,13.0
2,25.117000102996826,learn,34882.999897003174,Thu Aug 27 2026 14:01:32 GMT-0400 (Eastern Daylight Time),264339.3000000119,A,camp,I,p,326,2,1100.300000011921,263239.0,9081,WL,C,13.0
2,25.90000009536743,learn,34099.99990463257,Thu Aug 27 2026 14:01:32 GMT-0400 (Eastern Daylight Time),265121.90000000596,A,campenter,I,enter,759,2,1882.9000000059605,263239.0,9081,WL,C,13.0
2,31.75,learn,28250.0,Thu Aug 27 2026 14:01:32 GMT-0400 (Eastern Daylight Time),270972.40000000596,A,f,I,f,5829,2,5850.0999999940395,265122.3000000119,9081,WL,C,14.0
2,32.06699991226196,learn,27933.000087738037,Thu Aug 27 2026 14:01:32 GMT-0400 (Eastern Daylight Time),271289.10000002384,A,fl,I,l,302,2,6166.800000011921,265122.3000000119,9081,WL,C,14.0
2,32.384000062942505,learn,27615.999937057495,Thu Aug 27 2026 14:01:32 GMT-0400 (Eastern Daylight Time),271605.8000000119,A,fla,I,a,297,2,6483.5,265122.3000000119,9081,WL,C,14.0
2,32.73399996757507,learn,27266.000032424927,Thu Aug 27 2026 14:01:32 GMT-0400 (Eastern Daylight Time),271955.8000000119,A,flag,I,g,334,2,6833.5,265122.3000000119,9081,WL,C,14.0
2,33.59999990463257,learn,26400.00009536743,Thu Aug 27 2026 14:01:32 GMT-0400 (Eastern Daylight Time),272822.0,A,flagenter,I,enter,846,2,7699.699999988079,265122.3000000119,9081,WL,C,14.0
2,39.93400001525879,learn,20065.99998474121,Thu Aug 27 2026 14:01:32 GMT-0400 (Eastern Daylight Time),279155.7000000179,A,n,I,n,6320,2,6333.4000000059605,272822.3000000119,9081,WL,C,15.0
2,40.134000062942505,learn,19865.999937057495,Thu Aug 27 2026 14:01:32 GMT-0400 (Eastern Daylight Time),279355.7000000179,A,na,I,a,176,2,6533.4000000059605,272822.3000000119,9081,WL,C,15.0
2,40.299999952316284,learn,19700.000047683716,Thu Aug 27 2026 14:01:32 GMT-0400 (Eastern Daylight Time),279522.5,A,nai,I,i,135,2,6700.199999988079,272822.3000000119,9081,WL,C,15.0
2,40.5,learn,19500.0,Thu Aug 27 2026 14:01:32 GMT-0400 (Eastern Daylight Time),279722.40000000596,A,nail,I,l,177,2,6900.0999999940395,272822.3000000119,9081,WL,C,15.0
2,41.299999952316284,learn,18700.000047683716,Thu Aug 27 2026 14:01:32 GMT-0400 (Eastern Daylight Time),280522.0,A,nailenter,I,enter,782,2,7699.699999988079,272822.3000000119,9081,WL,C,15.0
3,1.0340001583099365,learn,58965.99984169006,Thu Aug 27 2026 14:01:32 GMT-0400 (Eastern Daylight Time),350355.8000000119,A,c,I,c,1018,2,1032.9000000059605,349322.90000000596,9081,WL,C,1.0
3,1.2340002059936523,learn,58765.99979400635,Thu Aug 27 2026 14:01:32 GMT-0400 (Eastern Daylight Time),350555.8000000119,A,ca,I,a,184,2,1232.9000000059605,349322.90000000596,9081,WL,C,1.0
3,1.567000150680542,learn,58432.99984931946,Thu Aug 27 2026 14:01:32 GMT-0400 (Eastern Daylight Time),350889.10000002384,A,cat,I,t,310,2,1566.2000000178814,349322.90000000596,9081,WL,C,1.0
3,1.7000000476837158,learn,58299.999952316284,Thu Aug 27 2026 14:01:32 GMT-0400 (Eastern Daylight Time),351022.5,A,catt,I,t,115,2,1699.5999999940395,349322.90000000596,9081,WL,C,1.0
3,1.9000000953674316,learn,58099.99990463257,Thu Aug 27 2026 14:01:32 GMT-0400 (Eastern Daylight Time),351222.3000000119,A,cattl,I,l,179,2,1899.4000000059605,349322.90000000596,9081,WL,C,1.0
3,2.017000198364258,learn,57982.99980163574,Thu Aug 27 2026 14:01:32 GMT-0400 (Eastern Daylight Time),351339.3000000119,A,cattle,I,e,92,2,2016.4000000059605,349322.90000000596,9081,WL,C,1.0
3,2.5500001907348633,learn,57449.99980926514,Thu Aug 27 2026 14:01:32 GMT-0400 (Eastern Daylight Time),351871.90000000596,A,cattleenter,I,enter,510,2,2549.0,349322.90000000596,9081,WL,C,1.0
3,2.9670000076293945,learn,57032.999992370605,Thu Aug 27 2026 14:01:32 GMT-0400 (Eastern Daylight Time),352289.2000000179,A,s,I,s,398,2,416.90000000596046,351872.3000000119,9081,WL,C,2.0
3,3.117000102996826,learn,56882.999897003174,Thu Aug 27 2026 14:01:32 GMT-0400 (Eastern Daylight Time),352439.10000002384,A,sh,I,h,138,2,566.8000000119209,351872.3000000119,9081,WL,C,2.0
3,3.2829999923706055,learn,56717.000007629395,Thu Aug 27 2026 14:01:32 GMT-0400 (Eastern Daylight Time),352605.40000000596,A,sho,I,o,147,2,733.0999999940395,351872.3000000119,9081,WL,C,2.0
3,3.4670000076293945,learn,56532.999992370605,Thu Aug 27 2026 14:01:32 GMT-0400 (Eastern Daylight Time),352789.2000000179,A,shor,I,r,158,2,916.9000000059605,351872.3000000119,9081,WL,C,2.0
3,3.617000102996826,learn,56382.999897003174,Thu Aug 27 2026 14:01:32 GMT-0400 (Eastern Daylight Time),352939.2000000179,A,shore,I,e,134,2,1066.9000000059605,351872.3000000119,9081,WL,C,2.0
3,3.883000135421753,learn,56116.99986457825,Thu Aug 27 2026 14:01:32 GMT-0400 (Eastern Daylight Time),353205.2000000179,A,shoreenter,I,enter,255,2,1332.9000000059605,351872.3000000119,9081,WL,C,2.0
3,4.884000062942505,learn,55115.999937057495,Thu Aug 27 2026 14:01:32 GMT-0400 (Eastern Daylight Time),354205.8000000119,A,b,I,b,985,2,1000.1999999880791,353205.60000002384,9081,WL,C,3.0
3,5.067000150680542,learn,54932.99984931946,Thu Aug 27 2026 14:01:32 GMT-0400 (Eastern Daylight Time),354389.5,A,bo,I,o,170,2,1183.8999999761581,353205.60000002384,9081,WL,C,3.0
3,6.317000150680542,learn,53682.99984931946,Thu Aug 27 2026 14:01:32 GMT-0400 (Eastern Daylight Time),355639.10000002384,A,bod,I,d,1227,2,2433.5,353205.60000002384,9081,WL,C,3.0
3,6.550000190734863,learn,53449.99980926514,Thu Aug 27 2026 14:01:32 GMT-0400 (Eastern Daylight Time),355872.3000000119,A,body,I,y,209,2,2666.699999988079,353205.60000002384,9081,WL,C,3.0
3,6.91700005531311,learn,53082.99994468689,Thu Aug 27 2026 14:01:32 GMT-0400 (Eastern Daylight Time),356238.7000000179,A,bodyenter,I,enter,354,2,3033.0999999940395,353205.60000002384,9081,WL,C,3.0
3,7.384000062942505,learn,52615.999937057495,Thu Aug 27 2026 14:01:32 GMT-0400 (Eastern Daylight Time),356705.90000000596,A,h,I,h,448,2,466.90000000596046,356239.0,9081,WL,C,4.0
3,7.550000190734863,learn,52449.99980926514,Thu Aug 27 2026 14:01:32 GMT-0400 (Eastern Daylight Time),356872.3000000119,A,ho,I,o,146,2,633.3000000119209,356239.0,9081,WL,C,4.0
3,7.7840001583099365,learn,52215.99984169006,Thu Aug 27 2026 14:01:32 GMT-0400 (Eastern Daylight Time),357105.7000000179,A,hom,I,m,217,2,866.7000000178814,356239.0,9081,WL,C,4.0
3,8.067000150680542,learn,51932.99984931946,Thu Aug 27 2026 14:01:32 GMT-0400 (Eastern Daylight Time),357389.2000000179,A,home,I,e,264,2,1150.2000000178814,356239.0,9081,WL,C,4.0
3,8.400000095367432,learn,51599.99990463257,Thu Aug 27 2026 14:01:32 GMT-0400 (Eastern Daylight Time),357722.0,A,homeenter,I,enter,309,2,1483.0,356239.0,9081,WL,C,4.0
3,9.150000095367432,learn,50849.99990463257,Thu Aug 27 2026 14:01:32 GMT-0400 (Eastern Daylight Time),358472.60000002384,A,q,I,q,732,2,750.2000000178814,357722.40000000596,9081,WL,C,5.0
3,9.450000047683716,learn,50549.999952316284,Thu Aug 27 2026 14:01:32 GMT-0400 (Eastern Daylight Time),358772.5,A,qu,I,u,275,2,1050.0999999940395,357722.40000000596,9081,WL,C,5.0
3,9.684000015258789,learn,50315.99998474121,Thu Aug 27 2026 14:01:32 GMT-0400 (Eastern Daylight Time),359005.90000000596,A,que,I,e,224,2,1283.5,357722.40000000596,9081,WL,C,5.0
3,9.83400011062622,learn,50165.99988937378,Thu Aug 27 2026 14:01:32 GMT-0400 (Eastern Daylight Time),359155.7000000179,A,quee,I,e,125,2,1433.300000011921,357722.40000000596,9081,WL,C,5.0
3,10.050000190734863,learn,49949.99980926514,Thu Aug 27 2026 14:01:32 GMT-0400 (Eastern Daylight Time),359372.5,A,queen,I,n,197,2,1650.0999999940395,357722.40000000596,9081,WL,C,5.0
3,10.367000102996826,learn,49632.999897003174,Thu Aug 27 2026 14:01:32 GMT-0400 (Eastern Daylight Time),359688.60000002384,A,queenenter,I,enter,302,2,1966.2000000178814,357722.40000000596,9081,WL,C,5.0
3,10.784000158309937,learn,49215.99984169006,Thu Aug 27 2026 14:01:32 GMT-0400 (Eastern Daylight Time),360105.90000000596,A,t,I,t,398,2,417.0,359688.90000000596,9081,WL,C,6.0
3,10.934000015258789,learn,49065.99998474121,Thu Aug 27 2026 14:01:32 GMT-0400 (Eastern Daylight Time),360255.8000000119,A,to,I,o,137,2,566.9000000059605,359688.90000000596,9081,WL,C,6.0
3,11.067000150680542,learn,48932.99984931946,Thu Aug 27 2026 14:01:32 GMT-0400 (Eastern Daylight Time),360389.3000000119,A,tow,I,w,106,2,700.4000000059605,359688.90000000596,9081,WL,C,6.0
3,11.300000190734863,learn,48699.99980926514,Thu Aug 27 2026 14:01:32 GMT-0400 (Eastern Daylight Time),360622.10000002384,A,towe,I,e,223,2,933.2000000178814,359688.90000000596,9081,WL,C,6.0
3,11.434000015258789,learn,48565.99998474121,Thu Aug 27 2026 14:01:32 GMT-0400 (Eastern Daylight Time),360755.90000000596,A,tower,I,r,116,2,1067.0,359688.90000000596,9081,WL,C,6.0
3,12.032999992370605,learn,47967.000007629395,Thu Aug 27 2026 14:01:32 GMT-0400 (Eastern Daylight Time),361355.5,A,towerenter,I,enter,573,2,1666.5999999940395,359688.90000000596,9081,WL,C,6.0
3,14.267000198364258,learn,45732.99980163574,Thu Aug 27 2026 14:01:32 GMT-0400 (Eastern Daylight Time),363589.40000000596,A,c,I,c,2219,2,2233.5,361355.90000000596,9081,WL,C,7.0
3,14.483000040054321,learn,45516.99995994568,Thu Aug 27 2026 14:01:32 GMT-0400 (Eastern Daylight Time),363805.5,A,ca,I,a,205,2,2449.5999999940395,361355.90000000596,9081,WL,C,7.0
3,14.700000047683716,learn,45299.999952316284,Thu Aug 27 2026 14:01:32 GMT-0400 (Eastern Daylight Time),364022.40000000596,A,cam,I,m,206,2,2666.5,361355.90000000596,9081,WL,C,7.0
3,15.184000015258789,learn,44815.99998474121,Thu Aug 27 2026 14:01:32 GMT-0400 (Eastern Daylight Time),364505.90000000596,A,camp,I,p,453,2,3150.0,361355.90000000596,9081,WL,C,7.0
3,15.717000007629395,learn,44282.999992370605,Thu Aug 27 2026 14:01:32 GMT-0400 (Eastern Daylight Time),365038.7000000179,A,campenter,I,enter,521,2,3682.800000011921,361355.90000000596,9081,WL,C,7.0
3,16.284000158309937,learn,43715.99984169006,Thu Aug 27 2026 14:01:32 GMT-0400 (Eastern Daylight Time),365605.8000000119,A,c,I,c,552,2,566.6999999880791,365039.10000002384,9081,WL,C,8.0
3,16.550000190734863,learn,43449.99980926514,Thu Aug 27 2026 14:01:32 GMT-0400 (Eastern Daylight Time),365872.40000000596,A,ca,I,a,252,2,833.2999999821186,365039.10000002384,9081,WL,C,8.0
3,17.200000047683716,learn,42799.999952316284,Thu Aug 27 2026 14:01:32 GMT-0400 (Eastern Daylight Time),366522.5,A,cat,I,t,627,2,1483.3999999761581,365039.10000002384,9081,WL,C,8.0
3,17.350000143051147,learn,42649.99985694885,Thu Aug 27 2026 14:01:32 GMT-0400 (Eastern Daylight Time),366672.2000000179,A,catt,I,t,129,2,1633.0999999940395,365039.10000002384,9081,WL,C,8.0
3,17.66700005531311,learn,42332.99994468689,Thu Aug 27 2026 14:01:32 GMT-0400 (Eastern Daylight Time),366989.10000002384,A,cattl,I,l,285,2,1950.0,365039.10000002384,9081,WL,C,8.0
3,17.784000158309937,learn,42215.99984169006,Thu Aug 27 2026 14:01:32 GMT-0400 (Eastern Daylight Time),367105.90000000596,A,cattle,I,e,103,2,2066.7999999821186,365039.10000002384,9081,WL,C,8.0
3,18.617000102996826,learn,41382.999897003174,Thu Aug 27 2026 14:01:32 GMT-0400 (Eastern Daylight Time),367938.7000000179,A,cattleenter,I,enter,807,2,2899.5999999940395,365039.10000002384,9081,WL,C,8.0
3,19.067000150680542,learn,40932.99984931946,Thu Aug 27 2026 14:01:32 GMT-0400 (Eastern Daylight Time),368389.3000000119,A,s,I,s,444,2,450.19999998807907,367939.10000002384,9081,WL,C,9.0
3,19.284000158309937,learn,40715.99984169006,Thu Aug 27 2026 14:01:32 GMT-0400 (Eastern Daylight Time),368605.8000000119,A,sh,I,h,206,2,666.6999999880791,367939.10000002384,9081,WL,C,9.0
3,19.450000047683716,learn,40549.999952316284,Thu Aug 27 2026 14:01:32 GMT-0400 (Eastern Daylight Time),368772.5,A,sho,I,o,150,2,833.3999999761581,367939.10000002384,9081,WL,C,9.0
3,19.617000102996826,learn,40382.999897003174,Thu Aug 27 2026 14:01:32 GMT-0400 (Eastern Daylight Time),368939.2000000179,A,shor,I,r,134,2,1000.0999999940395,367939.10000002384,9081,WL,C,9.0
3,19.800000190734863,learn,40199.99980926514,Thu Aug 27 2026 14:01:32 GMT-0400 (Eastern Daylight Time),369122.60000002384,A,shore,I,e,160,2,1183.5,367939.10000002384,9081,WL,C,9.0
3,20.617000102996826,learn,39382.999897003174,Thu Aug 27 2026 14:01:32 GMT-0400 (Eastern Daylight Time),369939.2000000179,A,shor,I,backspace,792,2,2000.0999999940395,367939.10000002384,9081,WL,C,9.0
3,20.767000198364258,learn,39232.99980163574,Thu Aug 27 2026 14:01:32 GMT-0400 (Eastern Daylight Time),370089.2000000179,A,sho,I,backspace,136,2,2150.0999999940395,367939.10000002384,9081,WL,C,9.0
3,21.050000190734863,learn,38949.99980926514,Thu Aug 27 2026 14:01:32 GMT-0400 (Eastern Daylight Time),370372.40000000596,A,sh,I,backspace,265,2,2433.2999999821186,367939.10000002384,9081,WL,C,9.0
3,21.267000198364258,learn,38732.99980163574,Thu Aug 27 2026 14:01:32 GMT-0400 (Eastern Daylight Time),370589.2000000179,A,s,I,backspace,192,2,2650.0999999940395,367939.10000002384,9081,WL,C,9.0
3,21.484000205993652,learn,38515.99979400635,Thu Aug 27 2026 14:01:32 GMT-0400 (Eastern Daylight Time),370805.90000000596,A,,I,backspace,190,2,2866.7999999821186,367939.10000002384,9081,WL,C,9.0
3,23.850000143051147,learn,36149.99985694885,Thu Aug 27 2026 14:01:32 GMT-0400 (Eastern Daylight Time),373172.5,A,f,I,f,2341,2,5233.399999976158,367939.10000002384,9081,WL,C,9.0
3,24.08400011062622,learn,35915.99988937378,Thu Aug 27 2026 14:01:32 GMT-0400 (Eastern Daylight Time),373405.8000000119,A,fl,I,l,223,2,5466.699999988079,367939.10000002384,9081,WL,C,9.0
3,24.300000190734863,learn,35699.99980926514,Thu Aug 27 2026 14:01:32 GMT-0400 (Eastern Daylight Time),373622.3000000119,A,fla,I,a,205,2,5683.199999988079,367939.10000002384,9081,WL,C,9.0
3,24.65000009536743,learn,35349.99990463257,Thu Aug 27 2026 14:01:32 GMT-0400 (Eastern Daylight Time),373972.5,A,flag,I,g,324,2,6033.399999976158,367939.10000002384,9081,WL,C,9.0
3,25.117000102996826,learn,34882.999897003174,Thu Aug 27 2026 14:01:32 GMT-0400 (Eastern Daylight Time),374438.7000000179,A,flagenter,I,enter,446,2,6499.5999999940395,367939.10000002384,9081,WL,C,9.0
3,25.867000102996826,learn,34132.999897003174,Thu Aug 27 2026 14:01:32 GMT-0400 (Eastern Daylight Time),375189.2000000179,A,w,I,w,728,2,750.0999999940395,374439.10000002384,9081,WL,C,10.0
3,26.134000062942505,learn,33865.999937057495,Thu Aug 27 2026 14:01:32 GMT-0400 (Eastern Daylight Time),375455.8000000119,A,wh,I,h,245,2,1016.6999999880791,374439.10000002384,9081,WL,C,10.0
3,26.367000102996826,learn,33632.999897003174,Thu Aug 27 2026 14:01:32 GMT-0400 (Eastern Daylight Time),375689.3000000119,A,whe,I,e,211,2,1250.199999988079,374439.10000002384,9081,WL,C,10.0
3,26.58400011062622,learn,33415.99988937378,Thu Aug 27 2026 14:01:32 GMT-0400 (Eastern Daylight Time),375905.90000000596,A,whea,I,a,195,2,1466.7999999821186,374439.10000002384,9081,WL,C,10.0
3,26.75,learn,33250.0,Thu Aug 27 2026 14:01:32 GMT-0400 (Eastern Daylight Time),376072.5,A,wheat,I,t,137,2,1633.3999999761581,374439.10000002384,9081,WL,C,10.0
3,27.017000198364258,learn,32982.99980163574,Thu Aug 27 2026 14:01:32 GMT-0400 (Eastern Daylight Time),376338.7000000179,A,wheatenter,I,enter,242,2,1899.5999999940395,374439.10000002384,9081,WL,C,10.0
3,27.517000198364258,learn,32482.999801635742,Thu Aug 27 2026 14:01:32 GMT-0400 (Eastern Daylight Time),376839.3000000119,A,s,I,s,484,2,500.19999998807907,376339.10000002384,9081,WL,C,11.0
3,27.83400011062622,learn,32165.99988937378,Thu Aug 27 2026 14:01:32 GMT-0400 (Eastern Daylight Time),377155.8000000119,A,su,I,u,298,2,816.6999999880791,376339.10000002384,9081,WL,C,11.0
3,28.117000102996826,learn,31882.999897003174,Thu Aug 27 2026 14:01:32 GMT-0400 (Eastern Daylight Time),377439.2000000179,A,sug,I,g,263,2,1100.0999999940395,376339.10000002384,9081,WL,C,11.0
3,28.350000143051147,learn,31649.999856948853,Thu Aug 27 2026 14:01:32 GMT-0400 (Eastern Daylight Time),377672.5,A,suga,I,a,212,2,1333.3999999761581,376339.10000002384,9081,WL,C,11.0
3,28.5,learn,31500.0,Thu Aug 27 2026 14:01:32 GMT-0400 (Eastern Daylight Time),377822.5,A,sugar,I,r,122,2,1483.3999999761581,376339.10000002384,9081,WL,C,11.0
3,28.883000135421753,learn,31116.999864578247,Thu Aug 27 2026 14:01:32 GMT-0400 (Eastern Daylight Time),378205.3000000119,A,sugarenter,I,enter,372,2,1866.199999988079,376339.10000002384,9081,WL,C,11.0
3,29.267000198364258,learn,30732.999801635742,Thu Aug 27 2026 14:01:32 GMT-0400 (Eastern Daylight Time),378589.3000000119,A,c,I,c,361,2,383.69999998807907,378205.60000002384,9081,WL,C,12.0
3,29.41700005531311,learn,30582.99994468689,Thu Aug 27 2026 14:01:32 GMT-0400 (Eastern Daylight Time),378739.2000000179,A,co,I,o,126,2,533.5999999940395,378205.60000002384,9081,WL,C,12.0
3,29.58400011062622,learn,30415.99988937378,Thu Aug 27 2026 14:01:32 GMT-0400 (Eastern Daylight Time),378905.8000000119,A,cor,I,r,135,2,700.1999999880791,378205.60000002384,9081,WL,C,12.0
3,29.884000062942505,learn,30115.999937057495,Thu Aug 27 2026 14:01:32 GMT-0400 (Eastern Daylight Time),379205.8000000119,A,corn,I,n,281,2,1000.1999999880791,378205.60000002384,9081,WL,C,12.0
3,30.40000009536743,learn,29599.99990463257,Thu Aug 27 2026 14:01:32 GMT-0400 (Eastern Daylight Time),379722.10000002384,A,cornenter,I,enter,500,2,1516.5,378205.60000002384,9081,WL,C,12.0
3,31.617000102996826,learn,28382.999897003174,Thu Aug 27 2026 14:01:32 GMT-0400 (Eastern Daylight Time),380939.10000002384,A,b,I,b,1197,2,1216.7000000178814,379722.40000000596,9081,WL,C,13.0
3,31.850000143051147,learn,28149.999856948853,Thu Aug 27 2026 14:01:32 GMT-0400 (Eastern Daylight Time),381172.5,A,bo,I,o,214,2,1450.0999999940395,379722.40000000596,9081,WL,C,13.0
3,32.16700005531311,learn,27832.99994468689,Thu Aug 27 2026 14:01:32 GMT-0400 (Eastern Daylight Time),381489.2000000179,A,boy,I,y,287,2,1766.800000011921,379722.40000000596,9081,WL,C,13.0
3,32.66700005531311,learn,27332.99994468689,Thu Aug 27 2026 14:01:32 GMT-0400 (Eastern Daylight Time),381988.7000000179,A,boyenter,I,enter,479,2,2266.300000011921,379722.40000000596,9081,WL,C,13.0
3,33.28400015830994,learn,26715.999841690063,Thu Aug 27 2026 14:01:32 GMT-0400 (Eastern Daylight Time),382605.90000000596,A,l,I,l,602,2,616.9000000059605,381989.0,9081,WL,C,14.0
3,33.55000019073486,learn,26449.999809265137,Thu Aug 27 2026 14:01:32 GMT-0400 (Eastern Daylight Time),382872.40000000596,A,le,I,e,245,2,883.4000000059605,381989.0,9081,WL,C,14.0
3,33.867000102996826,learn,26132.999897003174,Thu Aug 27 2026 14:01:32 GMT-0400 (Eastern Daylight Time),383189.2000000179,A,let,I,t,298,2,1200.2000000178814,381989.0,9081,WL,C,14.0
3,34.01700019836426,learn,25982.999801635742,Thu Aug 27 2026 14:01:32 GMT-0400 (Eastern Daylight Time),383339.3000000119,A,lett,I,t,123,2,1350.300000011921,381989.0,9081,WL,C,14.0
3,34.25,learn,25750.0,Thu Aug 27 2026 14:01:32 GMT-0400 (Eastern Daylight Time),383572.60000002384,A,lette,I,e,214,2,1583.6000000238419,381989.0,9081,WL,C,14.0
3,34.31700015068054,learn,25682.999849319458,Thu Aug 27 2026 14:01:32 GMT-0400 (Eastern Daylight Time),383639.10000002384,A,letter,I,r,55,2,1650.1000000238419,381989.0,9081,WL,C,14.0
3,34.90000009536743,learn,25099.99990463257,Thu Aug 27 2026 14:01:32 GMT-0400 (Eastern Daylight Time),384222.10000002384,A,letterenter,I,enter,563,2,2233.100000023842,381989.0,9081,WL,C,14.0
3,35.28400015830994,learn,24715.999841690063,Thu Aug 27 2026 14:01:32 GMT-0400 (Eastern Daylight Time),384606.0,A,d,I,d,368,2,383.69999998807907,384222.3000000119,9081,WL,C,15.0
3,35.450000047683716,learn,24549.999952316284,Thu Aug 27 2026 14:01:32 GMT-0400 (Eastern Daylight Time),384772.2000000179,A,do,I,o,149,2,549.9000000059605,384222.3000000119,9081,WL,C,15.0
3,35.617000102996826,learn,24382.999897003174,Thu Aug 27 2026 14:01:32 GMT-0400 (Eastern Daylight Time),384939.2000000179,A,doc,I,c,141,2,716.9000000059605,384222.3000000119,9081,WL,C,15.0
3,35.867000102996826,learn,24132.999897003174,Thu Aug 27 2026 14:01:32 GMT-0400 (Eastern Daylight Time),385189.5,A,doct,I,t,239,2,967.1999999880791,384222.3000000119,9081,WL,C,15.0
3,36.05000019073486,learn,23949.999809265137,Thu Aug 27 2026 14:01:32 GMT-0400 (Eastern Daylight Time),385372.40000000596,A,docto,I,o,157,2,1150.0999999940395,384222.3000000119,9081,WL,C,15.0
3,36.15000009536743,learn,23849.99990463257,Thu Aug 27 2026 14:01:32 GMT-0400 (Eastern Daylight Time),385472.5,A,doctor,I,r,86,2,1250.199999988079,384222.3000000119,9081,WL,C,15.0
3,36.967000007629395,learn,23032.999992370605,Thu Aug 27 2026 14:01:32 GMT-0400 (Eastern Daylight Time),386288.7000000179,A,doctorenter,I,enter,801,2,2066.4000000059605,384222.3000000119,9081,WL,C,15.0
4,2.2170000076293945,learn,57782.999992370605,Thu Aug 27 2026 14:01:32 GMT-0400 (Eastern Daylight Time),455906.0,A,q,I,q,2195,2,2216.399999976158,453689.60000002384,9081,WL,C,1.0
4,2.617000102996826,learn,57382.999897003174,Thu Aug 27 2026 14:01:32 GMT-0400 (Eastern Daylight Time),456305.90000000596,A,qu,I,u,385,2,2616.2999999821186,453689.60000002384,9081,WL,C,1.0
4,3.0169999599456787,learn,56983.00004005432,Thu Aug 27 2026 14:01:32 GMT-0400 (Eastern Daylight Time),456705.90000000596,A,que,I,e,386,2,3016.2999999821186,453689.60000002384,9081,WL,C,1.0
4,3.200000047683716,learn,56799.999952316284,Thu Aug 27 2026 14:01:32 GMT-0400 (Eastern Daylight Time),456889.2000000179,A,quee,I,e,169,2,3199.5999999940395,453689.60000002384,9081,WL,C,1.0
4,3.4670000076293945,learn,56532.999992370605,Thu Aug 27 2026 14:01:32 GMT-0400 (Eastern Daylight Time),457155.8000000119,A,queen,I,n,242,2,3466.199999988079,453689.60000002384,9081,WL,C,1.0
4,3.865999937057495,learn,56134.000062942505,Thu Aug 27 2026 14:01:32 GMT-0400 (Eastern Daylight Time),457555.40000000596,A,queenenter,I,enter,383,2,3865.7999999821186,453689.60000002384,9081,WL,C,1.0
4,4.516999959945679,learn,55483.00004005432,Thu Aug 27 2026 14:01:32 GMT-0400 (Eastern Daylight Time),458206.0,A,h,I,h,626,2,650.2999999821186,457555.7000000179,9081,WL,C,2.0
4,4.766999959945679,learn,55233.00004005432,Thu Aug 27 2026 14:01:32 GMT-0400 (Eastern Daylight Time),458455.90000000596,A,ho,I,o,229,2,900.1999999880791,457555.7000000179,9081,WL,C,2.0
4,5.0329999923706055,learn,54967.000007629395,Thu Aug 27 2026 14:01:32 GMT-0400 (Eastern Daylight Time),458722.60000002384,A,hom,I,m,251,2,1166.9000000059605,457555.7000000179,9081,WL,C,2.0
4,5.25,learn,54750.0,Thu Aug 27 2026 14:01:32 GMT-0400 (Eastern Daylight Time),458939.40000000596,A,home,I,e,193,2,1383.699999988079,457555.7000000179,9081,WL,C,2.0
4,5.549999952316284,learn,54450.000047683716,Thu Aug 27 2026 14:01:32 GMT-0400 (Eastern Daylight Time),459238.8000000119,A,homeenter,I,enter,279,2,1683.0999999940395,457555.7000000179,9081,WL,C,2.0
4,6.4670000076293945,learn,53532.999992370605,Thu Aug 27 2026 14:01:32 GMT-0400 (Eastern Daylight Time),460155.90000000596,A,b,I,b,896,2,916.7999999821186,459239.10000002384,9081,WL,C,3.0
4,6.632999897003174,learn,53367.000102996826,Thu Aug 27 2026 14:01:32 GMT-0400 (Eastern Daylight Time),460322.60000002384,A,bo,I,o,152,2,1083.5,459239.10000002384,9081,WL,C,3.0
4,6.867000102996826,learn,53132.999897003174,Thu Aug 27 2026 14:01:32 GMT-0400 (Eastern Daylight Time),460555.90000000596,A,bod,I,d,216,2,1316.7999999821186,459239.10000002384,9081,WL,C,3.0
4,7.132999897003174,learn,52867.000102996826,Thu Aug 27 2026 14:01:32 GMT-0400 (Eastern Daylight Time),460821.8000000119,A,body,I,y,247,2,1582.699999988079,459239.10000002384,9081,WL,C,3.0
4,7.5329999923706055,learn,52467.000007629395,Thu Aug 27 2026 14:01:32 GMT-0400 (Eastern Daylight Time),461222.10000002384,A,bodyenter,I,enter,392,2,1983.0,459239.10000002384,9081,WL,C,3.0
4,8.08299994468689,learn,51917.00005531311,Thu Aug 27 2026 14:01:32 GMT-0400 (Eastern Daylight Time),461772.5,A,s,I,s,528,2,550.0999999940395,461222.40000000596,9081,WL,C,4.0
4,8.316999912261963,learn,51683.00008773804,Thu Aug 27 2026 14:01:32 GMT-0400 (Eastern Daylight Time),462005.90000000596,A,sh,I,h,215,2,783.5,461222.40000000596,9081,WL,C,4.0
4,8.733000040054321,learn,51266.99995994568,Thu Aug 27 2026 14:01:32 GMT-0400 (Eastern Daylight Time),462422.3000000119,A,sho,I,o,403,2,1199.9000000059605,461222.40000000596,9081,WL,C,4.0
4,9.066999912261963,learn,50933.00008773804,Thu Aug 27 2026 14:01:32 GMT-0400 (Eastern Daylight Time),462756.0,A,shor,I,r,308,2,1533.5999999940395,461222.40000000596,9081,WL,C,4.0
4,9.25,learn,50750.0,Thu Aug 27 2026 14:01:32 GMT-0400 (Eastern Daylight Time),462939.3000000119,A,shore,I,e,158,2,1716.9000000059605,461222.40000000596,9081,WL,C,4.0
4,10.266000032424927,learn,49733.99996757507,Thu Aug 27 2026 14:01:32 GMT-0400 (Eastern Daylight Time),463955.5,A,shoreenter,I,enter,983,2,2733.0999999940395,461222.40000000596,9081,WL,C,4.0
4,11.150000095367432,learn,48849.99990463257,Thu Aug 27 2026 14:01:32 GMT-0400 (Eastern Daylight Time),464839.3000000119,A,t,I,t,867,2,883.5,463955.8000000119,9081,WL,C,5.0
4,11.450000047683716,learn,48549.999952316284,Thu Aug 27 2026 14:01:32 GMT-0400 (Eastern Daylight Time),465139.3000000119,A,to,I,o,282,2,1183.5,463955.8000000119,9081,WL,C,5.0
4,11.632999897003174,learn,48367.000102996826,Thu Aug 27 2026 14:01:32 GMT-0400 (Eastern Daylight Time),465322.5,A,tow,I,w,169,2,1366.699999988079,463955.8000000119,9081,WL,C,5.0
4,11.882999897003174,learn,48117.000102996826,Thu Aug 27 2026 14:01:32 GMT-0400 (Eastern Daylight Time),465572.5,A,towe,I,e,224,2,1616.699999988079,463955.8000000119,9081,WL,C,5.0
4,12.032999992370605,learn,47967.000007629395,Thu Aug 27 2026 14:01:32 GMT-0400 (Eastern Daylight Time),465722.40000000596,A,tower,I,r,126,2,1766.5999999940395,463955.8000000119,9081,WL,C,5.0
4,12.565999984741211,learn,47434.00001525879,Thu Aug 27 2026 14:01:32 GMT-0400 (Eastern Daylight Time),466255.5,A,towerenter,I,enter,512,2,2299.699999988079,463955.8000000119,9081,WL,C,5.0
4,12.967000007629395,learn,47032.999992370605,Thu Aug 27 2026 14:01:32 GMT-0400 (Eastern Daylight Time),466655.8000000119,A,f,I,f,391,2,400.0,466255.8000000119,9081,WL,C,6.0
4,13.16700005531311,learn,46832.99994468689,Thu Aug 27 2026 14:01:32 GMT-0400 (Eastern Daylight Time),466855.90000000596,A,fl,I,l,186,2,600.0999999940395,466255.8000000119,9081,WL,C,6.0
4,13.316999912261963,learn,46683.00008773804,Thu Aug 27 2026 14:01:32 GMT-0400 (Eastern Daylight Time),467005.60000002384,A,fla,I,a,138,2,749.8000000119209,466255.8000000119,9081,WL,C,6.0
4,13.717000007629395,learn,46282.999992370605,Thu Aug 27 2026 14:01:32 GMT-0400 (Eastern Daylight Time),467405.90000000596,A,flag,I,g,389,2,1150.0999999940395,466255.8000000119,9081,WL,C,6.0
4,14.099999904632568,learn,45900.00009536743,Thu Aug 27 2026 14:01:32 GMT-0400 (Eastern Daylight Time),467788.7000000179,A,flagenter,I,enter,360,2,1532.9000000059605,466255.8000000119,9081,WL,C,6.0
4,15.516999959945679,learn,44483.00004005432,Thu Aug 27 2026 14:01:32 GMT-0400 (Eastern Daylight Time),469205.8000000119,A,c,I,c,1402,2,1416.699999988079,467789.10000002384,9081,WL,C,7.0
4,15.75,learn,44250.0,Thu Aug 27 2026 14:01:32 GMT-0400 (Eastern Daylight Time),469439.2000000179,A,ca,I,a,214,2,1650.0999999940395,467789.10000002384,9081,WL,C,7.0
4,16.032999992370605,learn,43967.000007629395,Thu Aug 27 2026 14:01:32 GMT-0400 (Eastern Daylight Time),469722.40000000596,A,cam,I,m,259,2,1933.2999999821186,467789.10000002384,9081,WL,C,7.0
4,16.382999897003174,learn,43617.000102996826,Thu Aug 27 2026 14:01:32 GMT-0400 (Eastern Daylight Time),470072.60000002384,A,camp,I,p,328,2,2283.5,467789.10000002384,9081,WL,C,7.0
4,17.41599988937378,learn,42584.00011062622,Thu Aug 27 2026 14:01:32 GMT-0400 (Eastern Daylight Time),471105.40000000596,A,campenter,I,enter,1018,2,3316.2999999821186,467789.10000002384,9081,WL,C,7.0
4,20.91700005531311,learn,39082.99994468689,Thu Aug 27 2026 14:01:32 GMT-0400 (Eastern Daylight Time),474605.8000000119,A,b,I,b,3485,2,3500.0,471105.8000000119,9081,WL,C,8.0
4,21.09999990463257,learn,38900.00009536743,Thu Aug 27 2026 14:01:32 GMT-0400 (Eastern Daylight Time),474789.40000000596,A,bo,I,o,174,2,3683.5999999940395,471105.8000000119,9081,WL,C,8.0
4,21.33299994468689,learn,38667.00005531311,Thu Aug 27 2026 14:01:32 GMT-0400 (Eastern Daylight Time),475022.40000000596,A,boy,I,y,216,2,3916.5999999940395,471105.8000000119,9081,WL,C,8.0
4,21.91599988937378,learn,38084.00011062622,Thu Aug 27 2026 14:01:32 GMT-0400 (Eastern Daylight Time),475605.5,A,boyenter,I,enter,564,2,4499.699999988079,471105.8000000119,9081,WL,C,8.0
4,24.66700005531311,learn,35332.99994468689,Thu Aug 27 2026 14:01:32 GMT-0400 (Eastern Daylight Time),478356.0,A,d,I,d,2729,2,2750.199999988079,475605.8000000119,9081,WL,C,9.0
4,24.799999952316284,learn,35200.000047683716,Thu Aug 27 2026 14:01:32 GMT-0400 (Eastern Daylight Time),478489.2000000179,A,do,I,o,118,2,2883.4000000059605,475605.8000000119,9081,WL,C,9.0
4,24.98300004005432,learn,35016.99995994568,Thu Aug 27 2026 14:01:32 GMT-0400 (Eastern Daylight Time),478672.60000002384,A,doc,I,c,170,2,3066.800000011921,475605.8000000119,9081,WL,C,9.0
4,25.283999919891357,learn,34716.00008010864,Thu Aug 27 2026 14:01:32 GMT-0400 (Eastern Daylight Time),478972.7000000179,A,doct,I,t,266,2,3366.9000000059605,475605.8000000119,9081,WL,C,9.0
4,25.41700005531311,learn,34582.99994468689,Thu Aug 27 2026 14:01:32 GMT-0400 (Eastern Daylight Time),479105.90000000596,A,docto,I,o,117,2,3500.0999999940395,475605.8000000119,9081,WL,C,9.0
4,25.66700005531311,learn,34332.99994468689,Thu Aug 27 2026 14:01:32 GMT-0400 (Eastern Daylight Time),479355.90000000596,A,doctor,I,r,226,2,3750.0999999940395,475605.8000000119,9081,WL,C,9.0
4,26.16599988937378,learn,33834.00011062622,Thu Aug 27 2026 14:01:32 GMT-0400 (Eastern Daylight Time),479855.5,A,doctorenter,I,enter,468,2,4249.699999988079,475605.8000000119,9081,WL,C,9.0
4,26.617000102996826,learn,33382.999897003174,Thu Aug 27 2026 14:01:32 GMT-0400 (Eastern Daylight Time),480305.90000000596,A,c,I,c,439,2,450.09999999403954,479855.8000000119,9081,WL,C,10.0
4,26.83299994468689,learn,33167.00005531311,Thu Aug 27 2026 14:01:32 GMT-0400 (Eastern Daylight Time),480522.40000000596,A,ca,I,a,201,2,666.5999999940395,479855.8000000119,9081,WL,C,10.0
4,26.98300004005432,learn,33016.99995994568,Thu Aug 27 2026 14:01:32 GMT-0400 (Eastern Daylight Time),480672.60000002384,A,cam,I,m,128,2,816.8000000119209,479855.8000000119,9081,WL,C,10.0
4,27.233999967575073,learn,32766.000032424927,Thu Aug 27 2026 14:01:32 GMT-0400 (Eastern Daylight Time),480922.7000000179,A,camp,I,p,236,2,1066.9000000059605,479855.8000000119,9081,WL,C,10.0
4,27.632999897003174,learn,32367.000102996826,Thu Aug 27 2026 14:01:32 GMT-0400 (Eastern Daylight Time),481322.2000000179,A,campenter,I,enter,382,2,1466.4000000059605,479855.8000000119,9081,WL,C,10.0
4,28.08299994468689,learn,31917.00005531311,Thu Aug 27 2026 14:01:32 GMT-0400 (Eastern Daylight Time),481772.60000002384,A,c,I,c,429,2,450.10000002384186,481322.5,9081,WL,C,11.0
4,28.75,learn,31250.0,Thu Aug 27 2026 14:01:32 GMT-0400 (Eastern Daylight Time),482439.3000000119,A,ca,I,a,647,2,1116.800000011921,481322.5,9081,WL,C,11.0
4,29.617000102996826,learn,30382.999897003174,Thu Aug 27 2026 14:01:32 GMT-0400 (Eastern Daylight Time),483305.90000000596,A,c,I,backspace,844,2,1983.4000000059605,481322.5,9081,WL,C,11.0
4,29.76699995994568,learn,30233.00004005432,Thu Aug 27 2026 14:01:32 GMT-0400 (Eastern Daylight Time),483455.90000000596,A,,I,backspace,137,2,2133.4000000059605,481322.5,9081,WL,C,11.0
4,30.40000009536743,learn,29599.99990463257,Thu Aug 27 2026 14:01:32 GMT-0400 (Eastern Daylight Time),484089.2000000179,A,s,I,s,612,2,2766.7000000178814,481322.5,9081,WL,C,11.0
4,30.632999897003174,learn,29367.000102996826,Thu Aug 27 2026 14:01:32 GMT-0400 (Eastern Daylight Time),484322.60000002384,A,su,I,u,219,2,3000.100000023842,481322.5,9081,WL,C,11.0
4,30.83299994468689,learn,29167.00005531311,Thu Aug 27 2026 14:01:32 GMT-0400 (Eastern Daylight Time),484522.60000002384,A,sug,I,g,182,2,3200.100000023842,481322.5,9081,WL,C,11.0
4,31.0,learn,29000.0,Thu Aug 27 2026 14:01:32 GMT-0400 (Eastern Daylight Time),484689.2000000179,A,suga,I,a,144,2,3366.7000000178814,481322.5,9081,WL,C,11.0
4,31.16700005531311,learn,28832.99994468689,Thu Aug 27 2026 14:01:32 GMT-0400 (Eastern Daylight Time),484855.90000000596,A,sugar,I,r,153,2,3533.4000000059605,481322.5,9081,WL,C,11.0
4,31.41599988937378,learn,28584.00011062622,Thu Aug 27 2026 14:01:32 GMT-0400 (Eastern Daylight Time),485105.60000002384,A,sugarenter,I,enter,234,2,3783.100000023842,481322.5,9081,WL,C,11.0
4,31.83299994468689,learn,28167.00005531311,Thu Aug 27 2026 14:01:32 GMT-0400 (Eastern Daylight Time),485522.60000002384,A,w,I,w,397,2,416.60000002384186,485106.0,9081,WL,C,12.0
4,31.950000047683716,learn,28049.999952316284,Thu Aug 27 2026 14:01:32 GMT-0400 (Eastern Daylight Time),485639.2000000179,A,wh,I,h,102,2,533.2000000178814,485106.0,9081,WL,C,12.0
4,32.26699995994568,learn,27733.00004005432,Thu Aug 27 2026 14:01:32 GMT-0400 (Eastern Daylight Time),485956.0,A,whe,I,e,291,2,850.0,485106.0,9081,WL,C,12.0
4,32.5,learn,27500.0,Thu Aug 27 2026 14:01:32 GMT-0400 (Eastern Daylight Time),486189.3000000119,A,whea,I,a,207,2,1083.300000011921,485106.0,9081,WL,C,12.0
4,32.65000009536743,learn,27349.99990463257,Thu Aug 27 2026 14:01:32 GMT-0400 (Eastern Daylight Time),486339.3000000119,A,wheat,I,t,126,2,1233.300000011921,485106.0,9081,WL,C,12.0
4,33.200000047683716,learn,26799.999952316284,Thu Aug 27 2026 14:01:32 GMT-0400 (Eastern Daylight Time),486889.3000000119,A,wheatc,I,c,528,2,1783.300000011921,485106.0,9081,WL,C,12.0
4,33.299999952316284,learn,26700.000047683716,Thu Aug 27 2026 14:01:32 GMT-0400 (Eastern Daylight Time),486989.10000002384,A,wheatco,I,o,82,2,1883.1000000238419,485106.0,9081,WL,C,12.0
4,33.41700005531311,learn,26582.99994468689,Thu Aug 27 2026 14:01:32 GMT-0400 (Eastern Daylight Time),487105.90000000596,A,wheatcor,I,r,95,2,1999.9000000059605,485106.0,9081,WL,C,12.0
4,33.83299994468689,learn,26167.00005531311,Thu Aug 27 2026 14:01:32 GMT-0400 (Eastern Daylight Time),487522.60000002384,A,wheatco,I,backspace,385,2,2416.600000023842,485106.0,9081,WL,C,12.0
4,33.967000007629395,learn,26032.999992370605,Thu Aug 27 2026 14:01:32 GMT-0400 (Eastern Daylight Time),487655.8000000119,A,wheatc,I,backspace,116,2,2549.800000011921,485106.0,9081,WL,C,12.0
4,34.09999990463257,learn,25900.00009536743,Thu Aug 27 2026 14:01:32 GMT-0400 (Eastern Daylight Time),487789.3000000119,A,wheat,I,backspace,116,2,2683.300000011921,485106.0,9081,WL,C,12.0
4,34.882999897003174,learn,25117.000102996826,Thu Aug 27 2026 14:01:32 GMT-0400 (Eastern Daylight Time),488572.10000002384,A,wheatenter,I,enter,755,2,3466.100000023842,485106.0,9081,WL,C,12.0
4,35.66700005531311,learn,24332.99994468689,Thu Aug 27 2026 14:01:32 GMT-0400 (Eastern Daylight Time),489356.0,A,c,I,c,762,2,783.5,488572.5,9081,WL,C,13.0
4,35.782999992370605,learn,24217.000007629395,Thu Aug 27 2026 14:01:32 GMT-0400 (Eastern Daylight Time),489472.5,A,co,I,o,102,2,900.0,488572.5,9081,WL,C,13.0
4,35.950000047683716,learn,24049.999952316284,Thu Aug 27 2026 14:01:32 GMT-0400 (Eastern Daylight Time),489639.3000000119,A,cor,I,r,146,2,1066.800000011921,488572.5,9081,WL,C,13.0
4,36.382999897003174,learn,23617.000102996826,Thu Aug 27 2026 14:01:32 GMT-0400 (Eastern Daylight Time),490072.60000002384,A,corn,I,n,411,2,1500.1000000238419,488572.5,9081,WL,C,13.0
4,37.382999897003174,learn,22617.000102996826,Thu Aug 27 2026 14:01:32 GMT-0400 (Eastern Daylight Time),491072.2000000179,A,cornenter,I,enter,977,2,2499.7000000178814,488572.5,9081,WL,C,13.0
4,41.81699991226196,learn,18183.000087738037,Thu Aug 27 2026 14:01:32 GMT-0400 (Eastern Daylight Time),495505.8000000119,A,l,I,l,4415,2,4433.4000000059605,491072.40000000596,9081,WL,C,14.0
4,41.98300004005432,learn,18016.99995994568,Thu Aug 27 2026 14:01:32 GMT-0400 (Eastern Daylight Time),495672.40000000596,A,le,I,e,151,2,4600.0,491072.40000000596,9081,WL,C,14.0
4,42.299999952316284,learn,17700.000047683716,Thu Aug 27 2026 14:01:32 GMT-0400 (Eastern Daylight Time),495989.3000000119,A,let,I,t,291,2,4916.9000000059605,491072.40000000596,9081,WL,C,14.0
4,42.43400001525879,learn,17565.99998474121,Thu Aug 27 2026 14:01:32 GMT-0400 (Eastern Daylight Time),496122.7000000179,A,lett,I,t,118,2,5050.300000011921,491072.40000000596,9081,WL,C,14.0
4,42.73300004005432,learn,17266.99995994568,Thu Aug 27 2026 14:01:32 GMT-0400 (Eastern Daylight Time),496422.5,A,lette,I,e,271,2,5350.0999999940395,491072.40000000596,9081,WL,C,14.0
4,42.83299994468689,learn,17167.00005531311,Thu Aug 27 2026 14:01:32 GMT-0400 (Eastern Daylight Time),496522.60000002384,A,letter,I,r,85,2,5450.200000017881,491072.40000000596,9081,WL,C,14.0
4,43.450000047683716,learn,16549.999952316284,Thu Aug 27 2026 14:01:32 GMT-0400 (Eastern Daylight Time),497138.8000000119,A,letterenter,I,enter,600,2,6066.4000000059605,491072.40000000596,9081,WL,C,14.0
4,57.799999952316284,learn,2200.000047683716,Thu Aug 27 2026 14:01:32 GMT-0400 (Eastern Daylight Time),511489.3000000119,A,n,I,n,14340,2,14350.09999999404,497139.2000000179,9081,WL,C,15.0
4,58.384000062942505,learn,1615.9999370574951,Thu Aug 27 2026 14:01:32 GMT-0400 (Eastern Daylight Time),512072.7000000179,A,na,I,a,559,2,14933.5,497139.2000000179,9081,WL,C,15.0
4,58.66700005531311,learn,1332.9999446868896,Thu Aug 27 2026 14:01:32 GMT-0400 (Eastern Daylight Time),512356.0,A,nai,I,i,259,2,15216.799999982119,497139.2000000179,9081,WL,C,15.0
4,58.83400011062622,learn,1165.9998893737793,Thu Aug 27 2026 14:01:32 GMT-0400 (Eastern Daylight Time),512522.60000002384,A,nail,I,l,143,2,15383.40000000596,497139.2000000179,9081,WL,C,15.0
4,59.59999990463257,learn,400.00009536743164,Thu Aug 27 2026 14:01:32 GMT-0400 (Eastern Daylight Time),513288.8000000119,A,nailenter,I,enter,744,2,16149.59999999404,497139.2000000179,9081,WL,C,15.0
5,1.4839999675750732,learn,60000.0,Thu Aug 27 2026 14:01:32 GMT-0400 (Eastern Daylight Time),581406.400000006,A,q,I,q,1466,2,1483.5,579922.900000006,9081,WL,C,1.0
5,1.7839999198913574,learn,60000.0,Thu Aug 27 2026 14:01:32 GMT-0400 (Eastern Daylight Time),581706.0,A,qu,I,u,266,2,1783.0999999940395,579922.900000006,9081,WL,C,1.0
5,2.0169999599456787,learn,60000.0,Thu Aug 27 2026 14:01:32 GMT-0400 (Eastern Daylight Time),581939.400000006,A,que,I,e,215,2,2016.5,579922.900000006,9081,WL,C,1.0
5,2.2009999752044678,learn,60000.0,Thu Aug 27 2026 14:01:32 GMT-0400 (Eastern Daylight Time),582122.6000000238,A,quee,I,e,167,2,2199.7000000178814,579922.900000006,9081,WL,C,1.0
5,2.434000015258789,learn,60000.0,Thu Aug 27 2026 14:01:32 GMT-0400 (Eastern Daylight Time),582356.0,A,queen,I,n,215,2,2433.0999999940395,579922.900000006,9081,WL,C,1.0
5,2.7170000076293945,learn,60000.0,Thu Aug 27 2026 14:01:32 GMT-0400 (Eastern Daylight Time),582638.900000006,A,queenenter,I,enter,263,2,2716.0,579922.900000006,9081,WL,C,1.0
5,3.2170000076293945,learn,60000.0,Thu Aug 27 2026 14:01:32 GMT-0400 (Eastern Daylight Time),583139.400000006,A,h,I,h,487,2,500.09999999403954,582639.3000000119,9081,WL,C,2.0
5,3.4670000076293945,learn,60000.0,Thu Aug 27 2026 14:01:32 GMT-0400 (Eastern Daylight Time),583389.3000000119,A,ho,I,o,232,2,750.0,582639.3000000119,9081,WL,C,2.0
5,3.566999912261963,learn,60000.0,Thu Aug 27 2026 14:01:32 GMT-0400 (Eastern Daylight Time),583489.3000000119,A,hom,I,m,85,2,850.0,582639.3000000119,9081,WL,C,2.0
5,3.750999927520752,learn,60000.0,Thu Aug 27 2026 14:01:32 GMT-0400 (Eastern Daylight Time),583672.7000000179,A,home,I,e,170,2,1033.4000000059605,582639.3000000119,9081,WL,C,2.0
5,4.516999959945679,learn,60000.0,Thu Aug 27 2026 14:01:32 GMT-0400 (Eastern Daylight Time),584438.8000000119,A,homeenter,I,enter,745,2,1799.5,582639.3000000119,9081,WL,C,2.0
5,5.333999872207642,learn,60000.0,Thu Aug 27 2026 14:01:32 GMT-0400 (Eastern Daylight Time),585256.0,A,b,I,b,808,2,816.8999999761581,584439.1000000238,9081,WL,C,3.0
5,5.516999959945679,learn,60000.0,Thu Aug 27 2026 14:01:32 GMT-0400 (Eastern Daylight Time),585439.3000000119,A,bo,I,o,170,2,1000.1999999880791,584439.1000000238,9081,WL,C,3.0
5,5.733999967575073,learn,60000.0,Thu Aug 27 2026 14:01:32 GMT-0400 (Eastern Daylight Time),585655.900000006,A,bod,I,d,204,2,1216.7999999821186,584439.1000000238,9081,WL,C,3.0
5,6.099999904632568,learn,60000.0,Thu Aug 27 2026 14:01:32 GMT-0400 (Eastern Daylight Time),586022.3000000119,A,body,I,y,347,2,1583.199999988079,584439.1000000238,9081,WL,C,3.0
5,6.950000047683716,learn,60000.0,Thu Aug 27 2026 14:01:32 GMT-0400 (Eastern Daylight Time),586872.2000000179,A,bodyenter,I,enter,828,2,2433.0999999940395,584439.1000000238,9081,WL,C,3.0
5,8.066999912261963,learn,60000.0,Thu Aug 27 2026 14:01:32 GMT-0400 (Eastern Daylight Time),587989.5,A,b,I,b,1102,2,1116.8999999761581,586872.6000000238,9081,WL,C,4.0
5,8.266999959945679,learn,60000.0,Thu Aug 27 2026 14:01:32 GMT-0400 (Eastern Daylight Time),588189.400000006,A,bo,I,o,172,2,1316.7999999821186,586872.6000000238,9081,WL,C,4.0
5,8.550999879837036,learn,60000.0,Thu Aug 27 2026 14:01:32 GMT-0400 (Eastern Daylight Time),588472.7000000179,A,boy,I,y,261,2,1600.0999999940395,586872.6000000238,9081,WL,C,4.0
5,9.516999959945679,learn,60000.0,Thu Aug 27 2026 14:01:32 GMT-0400 (Eastern Daylight Time),589438.900000006,A,boyenter,I,enter,953,2,2566.2999999821186,586872.6000000238,9081,WL,C,4.0
5,10.450000047683716,learn,60000.0,Thu Aug 27 2026 14:01:32 GMT-0400 (Eastern Daylight Time),590372.400000006,A,l,I,l,912,2,933.2999999821186,589439.1000000238,9081,WL,C,5.0
5,10.733999967575073,learn,60000.0,Thu Aug 27 2026 14:01:32 GMT-0400 (Eastern Daylight Time),590656.0,A,le,I,e,261,2,1216.8999999761581,589439.1000000238,9081,WL,C,5.0
5,11.083999872207642,learn,60000.0,Thu Aug 27 2026 14:01:32 GMT-0400 (Eastern Daylight Time),591006.0,A,let,I,t,339,2,1566.8999999761581,589439.1000000238,9081,WL,C,5.0
5,11.266999959945679,learn,60000.0,Thu Aug 27 2026 14:01:32 GMT-0400 (Eastern Daylight Time),591189.3000000119,A,lett,I,t,158,2,1750.199999988079,589439.1000000238,9081,WL,C,5.0
5,11.533999919891357,learn,60000.0,Thu Aug 27 2026 14:01:32 GMT-0400 (Eastern Daylight Time),591455.900000006,A,lette,I,e,254,2,2016.7999999821186,589439.1000000238,9081,WL,C,5.0
5,11.651000022888184,learn,60000.0,Thu Aug 27 2026 14:01:32 GMT-0400 (Eastern Daylight Time),591572.7000000179,A,letter,I,r,91,2,2133.5999999940395,589439.1000000238,9081,WL,C,5.0
5,11.899999856948853,learn,60000.0,Thu Aug 27 2026 14:01:32 GMT-0400 (Eastern Daylight Time),591822.2000000179,A,letterenter,I,enter,229,2,2383.0999999940395,589439.1000000238,9081,WL,C,5.0
5,12.300999879837036,learn,60000.0,Thu Aug 27 2026 14:01:32 GMT-0400 (Eastern Daylight Time),592222.8000000119,A,d,I,d,384,2,400.19999998807907,591822.6000000238,9081,WL,C,6.0
5,12.434000015258789,learn,60000.0,Thu Aug 27 2026 14:01:32 GMT-0400 (Eastern Daylight Time),592356.0,A,do,I,o,117,2,533.3999999761581,591822.6000000238,9081,WL,C,6.0
5,12.684000015258789,learn,60000.0,Thu Aug 27 2026 14:01:32 GMT-0400 (Eastern Daylight Time),592606.0,A,doc,I,c,216,2,783.3999999761581,591822.6000000238,9081,WL,C,6.0
5,12.950000047683716,learn,60000.0,Thu Aug 27 2026 14:01:32 GMT-0400 (Eastern Daylight Time),592872.6000000238,A,doct,I,t,245,2,1050.0,591822.6000000238,9081,WL,C,6.0
5,13.083999872207642,learn,60000.0,Thu Aug 27 2026 14:01:32 GMT-0400 (Eastern Daylight Time),593005.8000000119,A,docto,I,o,122,2,1183.199999988079,591822.6000000238,9081,WL,C,6.0
5,13.250999927520752,learn,60000.0,Thu Aug 27 2026 14:01:32 GMT-0400 (Eastern Daylight Time),593172.7000000179,A,doctor,I,r,137,2,1350.0999999940395,591822.6000000238,9081,WL,C,6.0
5,13.849999904632568,learn,60000.0,Thu Aug 27 2026 14:01:32 GMT-0400 (Eastern Daylight Time),593772.2000000179,A,doctorenter,I,enter,574,2,1949.5999999940395,591822.6000000238,9081,WL,C,6.0
5,14.300999879837036,learn,60000.0,Thu Aug 27 2026 14:01:32 GMT-0400 (Eastern Daylight Time),594222.7000000179,A,n,I,n,434,2,450.09999999403954,593772.6000000238,9081,WL,C,7.0
5,14.516999959945679,learn,60000.0,Thu Aug 27 2026 14:01:32 GMT-0400 (Eastern Daylight Time),594439.3000000119,A,na,I,a,197,2,666.6999999880791,593772.6000000238,9081,WL,C,7.0
5,14.700999975204468,learn,60000.0,Thu Aug 27 2026 14:01:32 GMT-0400 (Eastern Daylight Time),594622.7000000179,A,nai,I,i,158,2,850.0999999940395,593772.6000000238,9081,WL,C,7.0
5,14.91700005531311,learn,60000.0,Thu Aug 27 2026 14:01:32 GMT-0400 (Eastern Daylight Time),594839.3000000119,A,nail,I,l,204,2,1066.699999988079,593772.6000000238,9081,WL,C,7.0
5,15.25,learn,60000.0,Thu Aug 27 2026 14:01:32 GMT-0400 (Eastern Daylight Time),595172.3000000119,A,nailenter,I,enter,306,2,1399.699999988079,593772.6000000238,9081,WL,C,7.0
5,15.634000062942505,learn,60000.0,Thu Aug 27 2026 14:01:32 GMT-0400 (Eastern Daylight Time),595556.0,A,c,I,c,362,2,383.39999997615814,595172.6000000238,9081,WL,C,8.0
5,15.816999912261963,learn,60000.0,Thu Aug 27 2026 14:01:32 GMT-0400 (Eastern Daylight Time),595739.400000006,A,ca,I,a,158,2,566.7999999821186,595172.6000000238,9081,WL,C,8.0
5,16.09999990463257,learn,60000.0,Thu Aug 27 2026 14:01:32 GMT-0400 (Eastern Daylight Time),596022.400000006,A,cat,I,t,272,2,849.7999999821186,595172.6000000238,9081,WL,C,8.0
5,16.250999927520752,learn,60000.0,Thu Aug 27 2026 14:01:32 GMT-0400 (Eastern Daylight Time),596172.7000000179,A,catt,I,t,132,2,1000.0999999940395,595172.6000000238,9081,WL,C,8.0
5,16.467000007629395,learn,60000.0,Thu Aug 27 2026 14:01:32 GMT-0400 (Eastern Daylight Time),596389.3000000119,A,cattl,I,l,199,2,1216.699999988079,595172.6000000238,9081,WL,C,8.0
5,16.616999864578247,learn,60000.0,Thu Aug 27 2026 14:01:32 GMT-0400 (Eastern Daylight Time),596539.400000006,A,cattle,I,e,126,2,1366.7999999821186,595172.6000000238,9081,WL,C,8.0
5,17.08399987220764,learn,60000.0,Thu Aug 27 2026 14:01:32 GMT-0400 (Eastern Daylight Time),597006.6000000238,A,cattleenter,I,enter,455,2,1834.0,595172.6000000238,9081,WL,C,8.0
5,18.01699995994568,learn,60000.0,Thu Aug 27 2026 14:01:32 GMT-0400 (Eastern Daylight Time),597939.2000000179,A,w,I,w,912,2,932.4000000059605,597006.8000000119,9081,WL,C,9.0
5,18.233999967575073,learn,60000.0,Thu Aug 27 2026 14:01:32 GMT-0400 (Eastern Daylight Time),598156.0,A,wh,I,h,193,2,1149.199999988079,597006.8000000119,9081,WL,C,9.0
5,18.783999919891357,learn,60000.0,Thu Aug 27 2026 14:01:32 GMT-0400 (Eastern Daylight Time),598705.900000006,A,whe,I,e,536,2,1699.0999999940395,597006.8000000119,9081,WL,C,9.0
5,19.066999912261963,learn,60000.0,Thu Aug 27 2026 14:01:32 GMT-0400 (Eastern Daylight Time),598989.400000006,A,whea,I,a,255,2,1982.5999999940395,597006.8000000119,9081,WL,C,9.0
5,19.233999967575073,learn,60000.0,Thu Aug 27 2026 14:01:32 GMT-0400 (Eastern Daylight Time),599156.0,A,wheat,I,t,148,2,2149.199999988079,597006.8000000119,9081,WL,C,9.0
5,19.566999912261963,learn,60000.0,Thu Aug 27 2026 14:01:32 GMT-0400 (Eastern Daylight Time),599488.900000006,A,wheatenter,I,enter,301,2,2482.0999999940395,597006.8000000119,9081,WL,C,9.0
5,20.0,learn,60000.0,Thu Aug 27 2026 14:01:32 GMT-0400 (Eastern Daylight Time),599922.6000000238,A,s,I,s,413,2,433.40000000596046,599489.2000000179,9081,WL,C,10.0
5,20.316999912261963,learn,60000.0,Thu Aug 27 2026 14:01:32 GMT-0400 (Eastern Daylight Time),600239.3000000119,A,su,I,u,298,2,750.0999999940395,599489.2000000179,9081,WL,C,10.0
5,20.66700005531311,learn,60000.0,Thu Aug 27 2026 14:01:32 GMT-0400 (Eastern Daylight Time),600589.3000000119,A,sug,I,g,325,2,1100.0999999940395,599489.2000000179,9081,WL,C,10.0
5,20.866999864578247,learn,60000.0,Thu Aug 27 2026 14:01:32 GMT-0400 (Eastern Daylight Time),600789.2000000179,A,suga,I,a,172,2,1300.0,599489.2000000179,9081,WL,C,10.0
5,21.01699995994568,learn,60000.0,Thu Aug 27 2026 14:01:32 GMT-0400 (Eastern Daylight Time),600939.3000000119,A,sugar,I,r,126,2,1450.0999999940395,599489.2000000179,9081,WL,C,10.0
5,21.450000047683716,learn,60000.0,Thu Aug 27 2026 14:01:32 GMT-0400 (Eastern Daylight Time),601372.0,A,sugarenter,I,enter,416,2,1882.7999999821186,599489.2000000179,9081,WL,C,10.0
5,22.200000047683716,learn,60000.0,Thu Aug 27 2026 14:01:32 GMT-0400 (Eastern Daylight Time),602122.400000006,A,c,I,c,730,2,750.0999999940395,601372.3000000119,9081,WL,C,11.0
5,22.316999912261963,learn,60000.0,Thu Aug 27 2026 14:01:32 GMT-0400 (Eastern Daylight Time),602239.3000000119,A,co,I,o,97,2,867.0,601372.3000000119,9081,WL,C,11.0
5,22.51699995994568,learn,60000.0,Thu Aug 27 2026 14:01:32 GMT-0400 (Eastern Daylight Time),602439.400000006,A,cor,I,r,179,2,1067.0999999940395,601372.3000000119,9081,WL,C,11.0
5,22.700999975204468,learn,60000.0,Thu Aug 27 2026 14:01:32 GMT-0400 (Eastern Daylight Time),602622.7000000179,A,corn,I,n,155,2,1250.4000000059605,601372.3000000119,9081,WL,C,11.0
5,23.33299994468689,learn,60000.0,Thu Aug 27 2026 14:01:32 GMT-0400 (Eastern Daylight Time),603255.5,A,cornenter,I,enter,608,2,1883.199999988079,601372.3000000119,9081,WL,C,11.0
5,24.76699995994568,learn,60000.0,Thu Aug 27 2026 14:01:32 GMT-0400 (Eastern Daylight Time),604689.400000006,A,s,I,s,1415,2,1433.5999999940395,603255.8000000119,9081,WL,C,12.0
5,24.93400001525879,learn,60000.0,Thu Aug 27 2026 14:01:32 GMT-0400 (Eastern Daylight Time),604856.0,A,sh,I,h,146,2,1600.199999988079,603255.8000000119,9081,WL,C,12.0
5,25.08399987220764,learn,60000.0,Thu Aug 27 2026 14:01:32 GMT-0400 (Eastern Daylight Time),605005.900000006,A,sho,I,o,139,2,1750.0999999940395,603255.8000000119,9081,WL,C,12.0
5,25.26699995994568,learn,60000.0,Thu Aug 27 2026 14:01:32 GMT-0400 (Eastern Daylight Time),605189.400000006,A,shor,I,r,166,2,1933.5999999940395,603255.8000000119,9081,WL,C,12.0
5,25.467000007629395,learn,60000.0,Thu Aug 27 2026 14:01:32 GMT-0400 (Eastern Daylight Time),605389.3000000119,A,shore,I,e,174,2,2133.5,603255.8000000119,9081,WL,C,12.0
5,26.09999990463257,learn,60000.0,Thu Aug 27 2026 14:01:32 GMT-0400 (Eastern Daylight Time),606022.1000000238,A,shoreenter,I,enter,612,2,2766.300000011921,603255.8000000119,9081,WL,C,12.0
5,27.116999864578247,learn,60000.0,Thu Aug 27 2026 14:01:32 GMT-0400 (Eastern Daylight Time),607039.3000000119,A,f,I,f,1008,2,1016.8000000119209,606022.5,9081,WL,C,13.0
5,27.283999919891357,learn,60000.0,Thu Aug 27 2026 14:01:32 GMT-0400 (Eastern Daylight Time),607206.0,A,fl,I,l,145,2,1183.5,606022.5,9081,WL,C,13.0
5,27.43400001525879,learn,60000.0,Thu Aug 27 2026 14:01:32 GMT-0400 (Eastern Daylight Time),607356.1000000238,A,fla,I,a,117,2,1333.6000000238419,606022.5,9081,WL,C,13.0
5,27.700000047683716,learn,60000.0,Thu Aug 27 2026 14:01:32 GMT-0400 (Eastern Daylight Time),607622.5,A,flag,I,g,245,2,1600.0,606022.5,9081,WL,C,13.0
5,28.366999864578247,learn,60000.0,Thu Aug 27 2026 14:01:32 GMT-0400 (Eastern Daylight Time),608288.900000006,A,flagenter,I,enter,643,2,2266.4000000059605,606022.5,9081,WL,C,13.0
5,31.200000047683716,learn,60000.0,Thu Aug 27 2026 14:01:32 GMT-0400 (Eastern Daylight Time),611122.6000000238,A,c,I,c,2822,2,2833.300000011921,608289.3000000119,9081,WL,C,14.0
5,31.43400001525879,learn,60000.0,Thu Aug 27 2026 14:01:32 GMT-0400 (Eastern Daylight Time),611355.900000006,A,ca,I,a,209,2,3066.5999999940395,608289.3000000119,9081,WL,C,14.0
5,31.700000047683716,learn,60000.0,Thu Aug 27 2026 14:01:32 GMT-0400 (Eastern Daylight Time),611622.3000000119,A,cam,I,m,245,2,3333.0,608289.3000000119,9081,WL,C,14.0
5,31.967000007629395,learn,60000.0,Thu Aug 27 2026 14:01:32 GMT-0400 (Eastern Daylight Time),611889.400000006,A,camp,I,p,248,2,3600.0999999940395,608289.3000000119,9081,WL,C,14.0
5,32.84999990463257,learn,60000.0,Thu Aug 27 2026 14:01:32 GMT-0400 (Eastern Daylight Time),612772.2000000179,A,campenter,I,enter,856,2,4482.9000000059605,608289.3000000119,9081,WL,C,14.0
5,51.61699986457825,learn,60000.0,Thu Aug 27 2026 14:01:32 GMT-0400 (Eastern Daylight Time),631539.3000000119,A,l,I,l,18746,2,18766.69999998808,612772.6000000238,9081,WL,C,15.0
5,51.800999879837036,learn,60000.0,Thu Aug 27 2026 14:01:32 GMT-0400 (Eastern Daylight Time),631722.7000000179,A,le,I,e,157,2,18950.09999999404,612772.6000000238,9081,WL,C,15.0
5,52.06699991226196,learn,60000.0,Thu Aug 27 2026 14:01:32 GMT-0400 (Eastern Daylight Time),631989.5,A,let,I,t,239,2,19216.899999976158,612772.6000000238,9081,WL,C,15.0
5,52.20099997520447,learn,60000.0,Thu Aug 27 2026 14:01:32 GMT-0400 (Eastern Daylight Time),632122.6000000238,A,lett,I,t,118,2,19350.0,612772.6000000238,9081,WL,C,15.0
5,52.41700005531311,learn,60000.0,Thu Aug 27 2026 14:01:32 GMT-0400 (Eastern Daylight Time),632339.5,A,lette,I,e,192,2,19566.899999976158,612772.6000000238,9081,WL,C,15.0
5,52.484999895095825,learn,60000.0,Thu Aug 27 2026 14:01:32 GMT-0400 (Eastern Daylight Time),632406.8000000119,A,letter,I,r,53,2,19634.19999998808,612772.6000000238,9081,WL,C,15.0
5,52.700000047683716,learn,60000.0,Thu Aug 27 2026 14:01:32 GMT-0400 (Eastern Daylight Time),632622.1000000238,A,letterenter,I,enter,203,2,19849.5,612772.6000000238,9081,WL,C,15.0
6,1.2330000400543213,distr,58766.99995994568,Thu Aug 27 2026 14:01:32 GMT-0400 (Eastern Daylight Time),702989.6000000238,B,d,I,d,1209,2,1233.4000000059605,701756.2000000179,9081,WL,C,1.0
6,1.4170000553131104,distr,58582.99994468689,Thu Aug 27 2026 14:01:32 GMT-0400 (Eastern Daylight Time),703172.7000000179,B,do,I,o,159,2,1416.5,701756.2000000179,9081,WL,C,1.0
6,2.0500001907348633,distr,57949.99980926514,Thu Aug 27 2026 14:01:32 GMT-0400 (Eastern Daylight Time),703806.2000000179,B,dol,I,l,607,2,2050.0,701756.2000000179,9081,WL,C,1.0
6,2.2170000076293945,distr,57782.999992370605,Thu Aug 27 2026 14:01:32 GMT-0400 (Eastern Daylight Time),703972.8000000119,B,doll,I,l,147,2,2216.5999999940395,701756.2000000179,9081,WL,C,1.0
6,2.933000087738037,distr,57066.99991226196,Thu Aug 27 2026 14:01:32 GMT-0400 (Eastern Daylight Time),704689.400000006,B,dolla,I,a,695,2,2933.199999988079,701756.2000000179,9081,WL,C,1.0
6,3.2680001258850098,distr,56731.99987411499,Thu Aug 27 2026 14:01:32 GMT-0400 (Eastern Daylight Time),705023.7000000179,B,dollar,I,r,318,2,3267.5,701756.2000000179,9081,WL,C,1.0
6,3.815999984741211,distr,56184.00001525879,Thu Aug 27 2026 14:01:32 GMT-0400 (Eastern Daylight Time),705572.3000000119,B,dollarenter,I,enter,527,2,3816.0999999940395,701756.2000000179,9081,WL,C,1.0
6,4.200000047683716,distr,55799.999952316284,Thu Aug 27 2026 14:01:32 GMT-0400 (Eastern Daylight Time),705956.0,B,s,I,s,370,2,383.39999997615814,705572.6000000238,9081,WL,C,2.0
6,4.3500001430511475,distr,55649.99985694885,Thu Aug 27 2026 14:01:32 GMT-0400 (Eastern Daylight Time),706106.1000000238,B,sk,I,k,134,2,533.5,705572.6000000238,9081,WL,C,2.0
6,4.617000102996826,distr,55382.999897003174,Thu Aug 27 2026 14:01:32 GMT-0400 (Eastern Daylight Time),706372.7000000179,B,sky,I,y,248,2,800.0999999940395,705572.6000000238,9081,WL,C,2.0
6,5.0,distr,55000.0,Thu Aug 27 2026 14:01:32 GMT-0400 (Eastern Daylight Time),706755.6000000238,B,skyenter,I,enter,356,2,1183.0,705572.6000000238,9081,WL,C,2.0
6,5.700000047683716,distr,54299.999952316284,Thu Aug 27 2026 14:01:32 GMT-0400 (Eastern Daylight Time),707456.1000000238,B,m,I,m,683,2,700.1000000238419,706756.0,9081,WL,C,3.0
6,5.933000087738037,distr,54066.99991226196,Thu Aug 27 2026 14:01:32 GMT-0400 (Eastern Daylight Time),707689.400000006,B,me,I,e,211,2,933.4000000059605,706756.0,9081,WL,C,3.0
6,6.067000150680542,distr,53932.99984931946,Thu Aug 27 2026 14:01:32 GMT-0400 (Eastern Daylight Time),707822.7000000179,B,men,I,n,114,2,1066.7000000178814,706756.0,9081,WL,C,3.0
6,6.633000135421753,distr,53366.99986457825,Thu Aug 27 2026 14:01:32 GMT-0400 (Eastern Daylight Time),708389.3000000119,B,me,I,backspace,541,2,1633.300000011921,706756.0,9081,WL,C,3.0
6,6.7829999923706055,distr,53217.000007629395,Thu Aug 27 2026 14:01:32 GMT-0400 (Eastern Daylight Time),708539.3000000119,B,m,I,backspace,126,2,1783.300000011921,706756.0,9081,WL,C,3.0
6,7.1000001430511475,distr,52899.99985694885,Thu Aug 27 2026 14:01:32 GMT-0400 (Eastern Daylight Time),708856.2000000179,B,mo,I,o,295,2,2100.2000000178814,706756.0,9081,WL,C,3.0
6,7.300000190734863,distr,52699.99980926514,Thu Aug 27 2026 14:01:32 GMT-0400 (Eastern Daylight Time),709056.0,B,mon,I,n,187,2,2300.0,706756.0,9081,WL,C,3.0
6,7.483000040054321,distr,52516.99995994568,Thu Aug 27 2026 14:01:32 GMT-0400 (Eastern Daylight Time),709239.3000000119,B,mone,I,e,170,2,2483.300000011921,706756.0,9081,WL,C,3.0
6,7.650000095367432,distr,52349.99990463257,Thu Aug 27 2026 14:01:32 GMT-0400 (Eastern Daylight Time),709406.1000000238,B,money,I,y,141,2,2650.100000023842,706756.0,9081,WL,C,3.0
6,8.083000183105469,distr,51916.99981689453,Thu Aug 27 2026 14:01:32 GMT-0400 (Eastern Daylight Time),709839.0,B,moneyenter,I,enter,414,2,3083.0,706756.0,9081,WL,C,3.0
6,10.282999992370605,distr,49717.000007629395,Thu Aug 27 2026 14:01:32 GMT-0400 (Eastern Daylight Time),712039.3000000119,B,d,I,d,2191,2,2200.0,709839.3000000119,9081,WL,C,4.0
6,10.433000087738037,distr,49566.99991226196,Thu Aug 27 2026 14:01:32 GMT-0400 (Eastern Daylight Time),712189.2000000179,B,di,I,i,132,2,2349.9000000059605,709839.3000000119,9081,WL,C,4.0
6,10.567000150680542,distr,49432.99984931946,Thu Aug 27 2026 14:01:32 GMT-0400 (Eastern Daylight Time),712322.7000000179,B,dia,I,a,109,2,2483.4000000059605,709839.3000000119,9081,WL,C,4.0
6,10.933000087738037,distr,49066.99991226196,Thu Aug 27 2026 14:01:32 GMT-0400 (Eastern Daylight Time),712689.400000006,B,diam,I,m,342,2,2850.0999999940395,709839.3000000119,9081,WL,C,4.0
6,11.150000095367432,distr,48849.99990463257,Thu Aug 27 2026 14:01:32 GMT-0400 (Eastern Daylight Time),712906.0,B,diamo,I,o,194,2,3066.699999988079,709839.3000000119,9081,WL,C,4.0
6,11.171000003814697,distr,48828.9999961853,Thu Aug 27 2026 14:01:32 GMT-0400 (Eastern Daylight Time),712927.1000000238,B,diamon,I,n,1,2,3087.800000011921,709839.3000000119,9081,WL,C,4.0
6,11.333000183105469,distr,48666.99981689453,Thu Aug 27 2026 14:01:32 GMT-0400 (Eastern Daylight Time),713089.400000006,B,diamond,I,d,138,2,3250.0999999940395,709839.3000000119,9081,WL,C,4.0
6,12.065999984741211,distr,47934.00001525879,Thu Aug 27 2026 14:01:32 GMT-0400 (Eastern Daylight Time),713822.3000000119,B,diamondenter,I,enter,712,2,3983.0,709839.3000000119,9081,WL,C,4.0
6,12.550000190734863,distr,47449.99980926514,Thu Aug 27 2026 14:01:32 GMT-0400 (Eastern Daylight Time),714306.0,B,w,I,w,472,2,483.39999997615814,713822.6000000238,9081,WL,C,5.0
6,12.700000047683716,distr,47299.999952316284,Thu Aug 27 2026 14:01:32 GMT-0400 (Eastern Daylight Time),714456.1000000238,B,wi,I,i,129,2,633.5,713822.6000000238,9081,WL,C,5.0
6,12.766000032424927,distr,47233.99996757507,Thu Aug 27 2026 14:01:32 GMT-0400 (Eastern Daylight Time),714522.3000000119,B,win,I,n,34,2,699.6999999880791,713822.6000000238,9081,WL,C,5.0
6,12.900000095367432,distr,47099.99990463257,Thu Aug 27 2026 14:01:32 GMT-0400 (Eastern Daylight Time),714656.0,B,wint,I,t,123,2,833.3999999761581,713822.6000000238,9081,WL,C,5.0
6,13.117000102996826,distr,46882.999897003174,Thu Aug 27 2026 14:01:32 GMT-0400 (Eastern Daylight Time),714872.8000000119,B,winte,I,e,193,2,1050.199999988079,713822.6000000238,9081,WL,C,5.0
6,13.166000127792358,distr,46833.99987220764,Thu Aug 27 2026 14:01:32 GMT-0400 (Eastern Daylight Time),714922.3000000119,B,winter,I,r,25,2,1099.699999988079,713822.6000000238,9081,WL,C,5.0
6,13.532999992370605,distr,46467.000007629395,Thu Aug 27 2026 14:01:32 GMT-0400 (Eastern Daylight Time),715289.0,B,winterenter,I,enter,348,2,1466.3999999761581,713822.6000000238,9081,WL,C,5.0
6,14.133000135421753,distr,45866.99986457825,Thu Aug 27 2026 14:01:32 GMT-0400 (Eastern Daylight Time),715889.5,B,c,I,c,589,2,600.0999999940395,715289.400000006,9081,WL,C,6.0
6,14.532999992370605,distr,45467.000007629395,Thu Aug 27 2026 14:01:32 GMT-0400 (Eastern Daylight Time),716289.3000000119,B,ch,I,h,387,2,999.9000000059605,715289.400000006,9081,WL,C,6.0
6,15.017000198364258,distr,44982.99980163574,Thu Aug 27 2026 14:01:32 GMT-0400 (Eastern Daylight Time),716772.8000000119,B,chr,I,r,465,2,1483.4000000059605,715289.400000006,9081,WL,C,6.0
6,15.217000007629395,distr,44782.999992370605,Thu Aug 27 2026 14:01:32 GMT-0400 (Eastern Daylight Time),716972.7000000179,B,chri,I,i,173,2,1683.300000011921,715289.400000006,9081,WL,C,6.0
6,15.383000135421753,distr,44616.99986457825,Thu Aug 27 2026 14:01:32 GMT-0400 (Eastern Daylight Time),717139.400000006,B,chris,I,s,143,2,1850.0,715289.400000006,9081,WL,C,6.0
6,15.550000190734863,distr,44449.99980926514,Thu Aug 27 2026 14:01:32 GMT-0400 (Eastern Daylight Time),717306.1000000238,B,christ,I,t,143,2,2016.7000000178814,715289.400000006,9081,WL,C,6.0
6,15.967000007629395,distr,44032.999992370605,Thu Aug 27 2026 14:01:32 GMT-0400 (Eastern Daylight Time),717722.8000000119,B,christm,I,m,394,2,2433.4000000059605,715289.400000006,9081,WL,C,6.0
6,16.133000135421753,distr,43866.99986457825,Thu Aug 27 2026 14:01:32 GMT-0400 (Eastern Daylight Time),717889.400000006,B,christma,I,a,143,2,2600.0,715289.400000006,9081,WL,C,6.0
6,16.383000135421753,distr,43616.99986457825,Thu Aug 27 2026 14:01:32 GMT-0400 (Eastern Daylight Time),718139.5,B,christmas,I,s,217,2,2850.0999999940395,715289.400000006,9081,WL,C,6.0
6,16.633000135421753,distr,43366.99986457825,Thu Aug 27 2026 14:01:32 GMT-0400 (Eastern Daylight Time),718388.900000006,B,christmasenter,I,enter,223,2,3099.5,715289.400000006,9081,WL,C,6.0
6,17.850000143051147,distr,42149.99985694885,Thu Aug 27 2026 14:01:32 GMT-0400 (Eastern Daylight Time),719605.900000006,B,p,I,p,1210,2,1216.5,718389.400000006,9081,WL,C,7.0
6,18.100000143051147,distr,41899.99985694885,Thu Aug 27 2026 14:01:32 GMT-0400 (Eastern Daylight Time),719856.0,B,pl,I,l,229,2,1466.5999999940395,718389.400000006,9081,WL,C,7.0
6,18.282999992370605,distr,41717.000007629395,Thu Aug 27 2026 14:01:32 GMT-0400 (Eastern Daylight Time),720039.3000000119,B,pla,I,a,163,2,1649.9000000059605,718389.400000006,9081,WL,C,7.0
6,18.48300004005432,distr,41516.99995994568,Thu Aug 27 2026 14:01:32 GMT-0400 (Eastern Daylight Time),720239.5,B,plan,I,n,180,2,1850.0999999940395,718389.400000006,9081,WL,C,7.0
6,18.700000047683716,distr,41299.999952316284,Thu Aug 27 2026 14:01:32 GMT-0400 (Eastern Daylight Time),720456.1000000238,B,plant,I,t,188,2,2066.7000000178814,718389.400000006,9081,WL,C,7.0
6,19.06599998474121,distr,40934.00001525879,Thu Aug 27 2026 14:01:32 GMT-0400 (Eastern Daylight Time),720822.3000000119,B,plantenter,I,enter,346,2,2432.9000000059605,718389.400000006,9081,WL,C,7.0
6,19.600000143051147,distr,40399.99985694885,Thu Aug 27 2026 14:01:32 GMT-0400 (Eastern Daylight Time),721356.0,B,m,I,m,520,2,533.3999999761581,720822.6000000238,9081,WL,C,8.0
6,19.800000190734863,distr,40199.99980926514,Thu Aug 27 2026 14:01:32 GMT-0400 (Eastern Daylight Time),721556.1000000238,B,mo,I,o,183,2,733.5,720822.6000000238,9081,WL,C,8.0
6,19.950000047683716,distr,40049.999952316284,Thu Aug 27 2026 14:01:32 GMT-0400 (Eastern Daylight Time),721706.1000000238,B,mot,I,t,128,2,883.5,720822.6000000238,9081,WL,C,8.0
6,20.050000190734863,distr,39949.99980926514,Thu Aug 27 2026 14:01:32 GMT-0400 (Eastern Daylight Time),721805.8000000119,B,moth,I,h,83,2,983.1999999880791,720822.6000000238,9081,WL,C,8.0
6,20.23300004005432,distr,39766.99995994568,Thu Aug 27 2026 14:01:32 GMT-0400 (Eastern Daylight Time),721989.3000000119,B,mothe,I,e,149,2,1166.699999988079,720822.6000000238,9081,WL,C,8.0
6,20.266000032424927,distr,39733.99996757507,Thu Aug 27 2026 14:01:32 GMT-0400 (Eastern Daylight Time),722022.400000006,B,mother,I,r,13,2,1199.7999999821186,720822.6000000238,9081,WL,C,8.0
6,20.600000143051147,distr,39399.99985694885,Thu Aug 27 2026 14:01:32 GMT-0400 (Eastern Daylight Time),722355.6000000238,B,motherenter,I,enter,311,2,1533.0,720822.6000000238,9081,WL,C,8.0
6,26.91700005531311,distr,33082.99994468689,Thu Aug 27 2026 14:01:32 GMT-0400 (Eastern Daylight Time),728672.8000000119,B,f,I,f,6307,2,6316.800000011921,722356.0,9081,WL,C,9.0
6,27.050000190734863,distr,32949.99980926514,Thu Aug 27 2026 14:01:32 GMT-0400 (Eastern Daylight Time),728806.1000000238,B,fo,I,o,122,2,6450.100000023842,722356.0,9081,WL,C,9.0
6,27.200000047683716,distr,32799.999952316284,Thu Aug 27 2026 14:01:32 GMT-0400 (Eastern Daylight Time),728956.1000000238,B,for,I,r,133,2,6600.100000023842,722356.0,9081,WL,C,9.0
6,27.383000135421753,distr,32616.999864578247,Thu Aug 27 2026 14:01:32 GMT-0400 (Eastern Daylight Time),729139.400000006,B,fore,I,e,159,2,6783.4000000059605,722356.0,9081,WL,C,9.0
6,27.66700005531311,distr,32332.99994468689,Thu Aug 27 2026 14:01:32 GMT-0400 (Eastern Daylight Time),729422.900000006,B,fores,I,s,262,2,7066.9000000059605,722356.0,9081,WL,C,9.0
6,27.90000009536743,distr,32099.99990463257,Thu Aug 27 2026 14:01:32 GMT-0400 (Eastern Daylight Time),729656.1000000238,B,forest,I,t,211,2,7300.100000023842,722356.0,9081,WL,C,9.0
6,28.350000143051147,distr,31649.999856948853,Thu Aug 27 2026 14:01:32 GMT-0400 (Eastern Daylight Time),730105.8000000119,B,forestenter,I,enter,427,2,7749.800000011921,722356.0,9081,WL,C,9.0
6,32.51600003242493,distr,27483.999967575073,Thu Aug 27 2026 14:01:32 GMT-0400 (Eastern Daylight Time),734272.6000000238,B,m,I,m,4149,2,4166.5,730106.1000000238,9081,WL,C,10.0
6,32.65000009536743,distr,27349.99990463257,Thu Aug 27 2026 14:01:32 GMT-0400 (Eastern Daylight Time),734405.900000006,B,me,I,e,121,2,4299.799999982119,730106.1000000238,9081,WL,C,10.0
6,32.83300018310547,distr,27166.99981689453,Thu Aug 27 2026 14:01:32 GMT-0400 (Eastern Daylight Time),734589.6000000238,B,mea,I,a,173,2,4483.5,730106.1000000238,9081,WL,C,10.0
6,33.0,distr,27000.0,Thu Aug 27 2026 14:01:32 GMT-0400 (Eastern Daylight Time),734756.0,B,meat,I,t,133,2,4649.899999976158,730106.1000000238,9081,WL,C,10.0
6,33.699000120162964,distr,26300.999879837036,Thu Aug 27 2026 14:01:32 GMT-0400 (Eastern Daylight Time),735455.6000000238,B,meatenter,I,enter,685,2,5349.5,730106.1000000238,9081,WL,C,10.0
6,60.01700019836426,distr,-17.000198364257812,Thu Aug 27 2026 14:01:32 GMT-0400 (Eastern Daylight Time),761773.0,B,None,I,None,26311,2,26317.09999999404,735455.900000006,9081,WL,C,11.0
7,2.6499998569488525,immed,57350.00014305115,Thu Aug 27 2026 14:01:32 GMT-0400 (Eastern Daylight Time),771256.2000000179,A,t,I,t,2631,2,2649.7000000178814,768606.5,9081,WL,C,1.0
7,2.75,immed,57250.0,Thu Aug 27 2026 14:01:32 GMT-0400 (Eastern Daylight Time),771356.2000000179,A,to,I,o,83,2,2749.7000000178814,768606.5,9081,WL,C,1.0
7,2.882999897003174,immed,57117.000102996826,Thu Aug 27 2026 14:01:32 GMT-0400 (Eastern Daylight Time),771489.5,A,tow,I,w,101,2,2883.0,768606.5,9081,WL,C,1.0
7,3.049999952316284,immed,56950.000047683716,Thu Aug 27 2026 14:01:32 GMT-0400 (Eastern Daylight Time),771656.2000000179,A,towe,I,e,146,2,3049.7000000178814,768606.5,9081,WL,C,1.0
7,3.182999849319458,immed,56817.00015068054,Thu Aug 27 2026 14:01:32 GMT-0400 (Eastern Daylight Time),771789.6000000238,A,tower,I,r,99,2,3183.100000023842,768606.5,9081,WL,C,1.0
7,3.7829999923706055,immed,56217.000007629395,Thu Aug 27 2026 14:01:32 GMT-0400 (Eastern Daylight Time),772389.0,A,towerenter,I,enter,573,2,3782.5,768606.5,9081,WL,C,1.0
7,4.25,immed,55750.0,Thu Aug 27 2026 14:01:32 GMT-0400 (Eastern Daylight Time),772856.1000000238,A,q,I,q,457,2,466.7000000178814,772389.400000006,9081,WL,C,2.0
7,4.450000047683716,immed,55549.999952316284,Thu Aug 27 2026 14:01:32 GMT-0400 (Eastern Daylight Time),773056.0,A,qu,I,u,187,2,666.5999999940395,772389.400000006,9081,WL,C,2.0
7,4.6499998569488525,immed,55350.00014305115,Thu Aug 27 2026 14:01:32 GMT-0400 (Eastern Daylight Time),773256.2000000179,A,que,I,e,170,2,866.8000000119209,772389.400000006,9081,WL,C,2.0
7,5.0329999923706055,immed,54967.000007629395,Thu Aug 27 2026 14:01:32 GMT-0400 (Eastern Daylight Time),773639.5,A,quee,I,e,354,2,1250.0999999940395,772389.400000006,9081,WL,C,2.0
7,5.450000047683716,immed,54549.999952316284,Thu Aug 27 2026 14:01:32 GMT-0400 (Eastern Daylight Time),774056.2000000179,A,queen,I,n,396,2,1666.800000011921,772389.400000006,9081,WL,C,2.0
7,6.000999927520752,immed,53999.00007247925,Thu Aug 27 2026 14:01:32 GMT-0400 (Eastern Daylight Time),774606.8000000119,A,queenenter,I,enter,540,2,2217.4000000059605,772389.400000006,9081,WL,C,2.0
7,6.66700005531311,immed,53332.99994468689,Thu Aug 27 2026 14:01:32 GMT-0400 (Eastern Daylight Time),775272.8000000119,A,b,I,b,655,2,665.6999999880791,774607.1000000238,9081,WL,C,3.0
7,6.8999998569488525,immed,53100.00014305115,Thu Aug 27 2026 14:01:32 GMT-0400 (Eastern Daylight Time),775506.1000000238,A,bo,I,o,210,2,899.0,774607.1000000238,9081,WL,C,3.0
7,7.1499998569488525,immed,52850.00014305115,Thu Aug 27 2026 14:01:32 GMT-0400 (Eastern Daylight Time),775756.2000000179,A,boy,I,y,217,2,1149.0999999940395,774607.1000000238,9081,WL,C,3.0
7,7.549999952316284,immed,52450.000047683716,Thu Aug 27 2026 14:01:32 GMT-0400 (Eastern Daylight Time),776155.7000000179,A,boyenter,I,enter,374,2,1548.5999999940395,774607.1000000238,9081,WL,C,3.0
7,8.483000040054321,immed,51516.99995994568,Thu Aug 27 2026 14:01:32 GMT-0400 (Eastern Daylight Time),777089.5,A,b,I,b,915,2,933.5999999940395,776155.900000006,9081,WL,C,4.0
7,8.632999897003174,immed,51367.000102996826,Thu Aug 27 2026 14:01:32 GMT-0400 (Eastern Daylight Time),777239.400000006,A,bo,I,o,139,2,1083.5,776155.900000006,9081,WL,C,4.0
7,8.782999992370605,immed,51217.000007629395,Thu Aug 27 2026 14:01:32 GMT-0400 (Eastern Daylight Time),777389.5,A,bod,I,d,124,2,1233.5999999940395,776155.900000006,9081,WL,C,4.0
7,9.0,immed,51000.0,Thu Aug 27 2026 14:01:32 GMT-0400 (Eastern Daylight Time),777606.1000000238,A,body,I,y,188,2,1450.2000000178814,776155.900000006,9081,WL,C,4.0
7,9.432999849319458,immed,50567.00015068054,Thu Aug 27 2026 14:01:32 GMT-0400 (Eastern Daylight Time),778039.0,A,bodyenter,I,enter,413,2,1883.0999999940395,776155.900000006,9081,WL,C,4.0
7,9.782999992370605,immed,50217.000007629395,Thu Aug 27 2026 14:01:32 GMT-0400 (Eastern Daylight Time),778389.5,A,h,I,h,336,2,350.19999998807907,778039.3000000119,9081,WL,C,5.0
7,10.032999992370605,immed,49967.000007629395,Thu Aug 27 2026 14:01:32 GMT-0400 (Eastern Daylight Time),778639.6000000238,A,ho,I,o,230,2,600.3000000119209,778039.3000000119,9081,WL,C,5.0
7,10.049000024795532,immed,49950.99997520447,Thu Aug 27 2026 14:01:32 GMT-0400 (Eastern Daylight Time),778655.6000000238,A,hom,I,m,0,2,616.3000000119209,778039.3000000119,9081,WL,C,5.0
7,10.299999952316284,immed,49700.000047683716,Thu Aug 27 2026 14:01:32 GMT-0400 (Eastern Daylight Time),778906.2000000179,A,home,I,e,239,2,866.9000000059605,778039.3000000119,9081,WL,C,5.0
7,10.58299994468689,immed,49417.00005531311,Thu Aug 27 2026 14:01:32 GMT-0400 (Eastern Daylight Time),779188.900000006,A,homeenter,I,enter,255,2,1149.5999999940395,778039.3000000119,9081,WL,C,5.0
7,11.000999927520752,immed,48999.00007247925,Thu Aug 27 2026 14:01:32 GMT-0400 (Eastern Daylight Time),779606.6000000238,A,l,I,l,409,2,417.30000001192093,779189.3000000119,9081,WL,C,6.0
7,11.149999856948853,immed,48850.00014305115,Thu Aug 27 2026 14:01:32 GMT-0400 (Eastern Daylight Time),779756.1000000238,A,le,I,e,134,2,566.8000000119209,779189.3000000119,9081,WL,C,6.0
7,11.41700005531311,immed,48582.99994468689,Thu Aug 27 2026 14:01:32 GMT-0400 (Eastern Daylight Time),780022.6000000238,A,let,I,t,247,2,833.3000000119209,779189.3000000119,9081,WL,C,6.0
7,11.599999904632568,immed,48400.00009536743,Thu Aug 27 2026 14:01:32 GMT-0400 (Eastern Daylight Time),780206.1000000238,A,lett,I,t,156,2,1016.8000000119209,779189.3000000119,9081,WL,C,6.0
7,11.783999919891357,immed,48216.00008010864,Thu Aug 27 2026 14:01:32 GMT-0400 (Eastern Daylight Time),780389.7000000179,A,lette,I,e,172,2,1200.4000000059605,779189.3000000119,9081,WL,C,6.0
7,11.849999904632568,immed,48150.00009536743,Thu Aug 27 2026 14:01:32 GMT-0400 (Eastern Daylight Time),780456.1000000238,A,letter,I,r,54,2,1266.800000011921,779189.3000000119,9081,WL,C,6.0
7,12.33299994468689,immed,47667.00005531311,Thu Aug 27 2026 14:01:32 GMT-0400 (Eastern Daylight Time),780939.0,A,letterenter,I,enter,459,2,1749.699999988079,779189.3000000119,9081,WL,C,6.0
7,13.399999856948853,immed,46600.00014305115,Thu Aug 27 2026 14:01:32 GMT-0400 (Eastern Daylight Time),782006.0,A,w,I,w,1060,2,1066.699999988079,780939.3000000119,9081,WL,C,7.0
7,13.649999856948853,immed,46350.00014305115,Thu Aug 27 2026 14:01:32 GMT-0400 (Eastern Daylight Time),782256.2000000179,A,we,I,e,229,2,1316.9000000059605,780939.3000000119,9081,WL,C,7.0
7,13.866999864578247,immed,46133.00013542175,Thu Aug 27 2026 14:01:32 GMT-0400 (Eastern Daylight Time),782472.900000006,A,weh,I,h,195,2,1533.5999999940395,780939.3000000119,9081,WL,C,7.0
7,14.032999992370605,immed,45967.000007629395,Thu Aug 27 2026 14:01:32 GMT-0400 (Eastern Daylight Time),782639.5,A,weha,I,a,147,2,1700.199999988079,780939.3000000119,9081,WL,C,7.0
7,14.132999897003174,immed,45867.000102996826,Thu Aug 27 2026 14:01:32 GMT-0400 (Eastern Daylight Time),782739.400000006,A,wehat,I,t,84,2,1800.0999999940395,780939.3000000119,9081,WL,C,7.0
7,14.532999992370605,immed,45467.000007629395,Thu Aug 27 2026 14:01:32 GMT-0400 (Eastern Daylight Time),783139.5,A,weha,I,backspace,374,2,2200.199999988079,780939.3000000119,9081,WL,C,7.0
7,14.682999849319458,immed,45317.00015068054,Thu Aug 27 2026 14:01:32 GMT-0400 (Eastern Daylight Time),783288.900000006,A,weh,I,backspace,135,2,2349.5999999940395,780939.3000000119,9081,WL,C,7.0
7,14.83299994468689,immed,45167.00005531311,Thu Aug 27 2026 14:01:32 GMT-0400 (Eastern Daylight Time),783439.400000006,A,we,I,backspace,133,2,2500.0999999940395,780939.3000000119,9081,WL,C,7.0
7,15.632999897003174,immed,44367.000102996826,Thu Aug 27 2026 14:01:32 GMT-0400 (Eastern Daylight Time),784239.400000006,A,w,I,backspace,779,2,3300.0999999940395,780939.3000000119,9081,WL,C,7.0
7,16.049999952316284,immed,43950.000047683716,Thu Aug 27 2026 14:01:32 GMT-0400 (Eastern Daylight Time),784656.0,A,wh,I,h,404,2,3716.699999988079,780939.3000000119,9081,WL,C,7.0
7,16.299999952316284,immed,43700.000047683716,Thu Aug 27 2026 14:01:32 GMT-0400 (Eastern Daylight Time),784906.2000000179,A,whe,I,e,234,2,3966.9000000059605,780939.3000000119,9081,WL,C,7.0
7,16.51699995994568,immed,43483.00004005432,Thu Aug 27 2026 14:01:32 GMT-0400 (Eastern Daylight Time),785122.8000000119,A,whea,I,a,184,2,4183.5,780939.3000000119,9081,WL,C,7.0
7,16.616999864578247,immed,43383.00013542175,Thu Aug 27 2026 14:01:32 GMT-0400 (Eastern Daylight Time),785222.900000006,A,wheat,I,t,79,2,4283.5999999940395,780939.3000000119,9081,WL,C,7.0
7,16.882999897003174,immed,43117.000102996826,Thu Aug 27 2026 14:01:32 GMT-0400 (Eastern Daylight Time),785489.1000000238,A,wheatenter,I,enter,236,2,4549.800000011921,780939.3000000119,9081,WL,C,7.0
7,17.26699995994568,immed,42733.00004005432,Thu Aug 27 2026 14:01:32 GMT-0400 (Eastern Daylight Time),785872.7000000179,A,s,I,s,373,2,383.30000001192093,785489.400000006,9081,WL,C,8.0
7,17.467000007629395,immed,42532.999992370605,Thu Aug 27 2026 14:01:32 GMT-0400 (Eastern Daylight Time),786072.7000000179,A,su,I,u,179,2,583.3000000119209,785489.400000006,9081,WL,C,8.0
7,17.632999897003174,immed,42367.000102996826,Thu Aug 27 2026 14:01:32 GMT-0400 (Eastern Daylight Time),786239.5,A,sug,I,g,144,2,750.0999999940395,785489.400000006,9081,WL,C,8.0
7,18.066999912261963,immed,41933.00008773804,Thu Aug 27 2026 14:01:32 GMT-0400 (Eastern Daylight Time),786672.900000006,A,suga,I,a,413,2,1183.5,785489.400000006,9081,WL,C,8.0
7,18.33299994468689,immed,41667.00005531311,Thu Aug 27 2026 14:01:32 GMT-0400 (Eastern Daylight Time),786939.5,A,sugar,I,r,250,2,1450.0999999940395,785489.400000006,9081,WL,C,8.0
7,18.950000047683716,immed,41049.999952316284,Thu Aug 27 2026 14:01:32 GMT-0400 (Eastern Daylight Time),787555.7000000179,A,sugarenter,I,enter,601,2,2066.300000011921,785489.400000006,9081,WL,C,8.0
7,19.41700005531311,immed,40582.99994468689,Thu Aug 27 2026 14:01:32 GMT-0400 (Eastern Daylight Time),788022.7000000179,A,c,I,c,451,2,466.59999999403954,787556.1000000238,9081,WL,C,9.0
7,19.532999992370605,immed,40467.000007629395,Thu Aug 27 2026 14:01:32 GMT-0400 (Eastern Daylight Time),788139.5,A,co,I,o,101,2,583.3999999761581,787556.1000000238,9081,WL,C,9.0
7,19.649999856948853,immed,40350.00014305115,Thu Aug 27 2026 14:01:32 GMT-0400 (Eastern Daylight Time),788256.1000000238,A,cor,I,r,95,2,700.0,787556.1000000238,9081,WL,C,9.0
7,19.98300004005432,immed,40016.99995994568,Thu Aug 27 2026 14:01:32 GMT-0400 (Eastern Daylight Time),788589.5,A,corn,I,n,308,2,1033.3999999761581,787556.1000000238,9081,WL,C,9.0
7,20.649999856948853,immed,39350.00014305115,Thu Aug 27 2026 14:01:32 GMT-0400 (Eastern Daylight Time),789255.8000000119,A,cornenter,I,enter,646,2,1699.699999988079,787556.1000000238,9081,WL,C,9.0
7,21.23300004005432,immed,38766.99995994568,Thu Aug 27 2026 14:01:32 GMT-0400 (Eastern Daylight Time),789839.5,A,c,I,c,567,2,583.3999999761581,789256.1000000238,9081,WL,C,10.0
7,21.41700005531311,immed,38582.99994468689,Thu Aug 27 2026 14:01:32 GMT-0400 (Eastern Daylight Time),790022.900000006,A,ca,I,a,164,2,766.7999999821186,789256.1000000238,9081,WL,C,10.0
7,21.782999992370605,immed,38217.000007629395,Thu Aug 27 2026 14:01:32 GMT-0400 (Eastern Daylight Time),790388.6000000238,A,cat,I,t,356,2,1132.5,789256.1000000238,9081,WL,C,10.0
7,21.950000047683716,immed,38049.999952316284,Thu Aug 27 2026 14:01:32 GMT-0400 (Eastern Daylight Time),790556.2000000179,A,catt,I,t,145,2,1300.0999999940395,789256.1000000238,9081,WL,C,10.0
7,22.16700005531311,immed,37832.99994468689,Thu Aug 27 2026 14:01:32 GMT-0400 (Eastern Daylight Time),790772.8000000119,A,cattl,I,l,191,2,1516.699999988079,789256.1000000238,9081,WL,C,10.0
7,22.33299994468689,immed,37667.00005531311,Thu Aug 27 2026 14:01:32 GMT-0400 (Eastern Daylight Time),790939.5,A,cattle,I,e,142,2,1683.3999999761581,789256.1000000238,9081,WL,C,10.0
7,22.632999897003174,immed,37367.000102996826,Thu Aug 27 2026 14:01:32 GMT-0400 (Eastern Daylight Time),791238.900000006,A,cattleenter,I,enter,276,2,1982.7999999821186,789256.1000000238,9081,WL,C,10.0
7,23.132999897003174,immed,36867.000102996826,Thu Aug 27 2026 14:01:32 GMT-0400 (Eastern Daylight Time),791739.6000000238,A,s,I,s,480,2,500.40000000596046,791239.2000000179,9081,WL,C,11.0
7,23.299999952316284,immed,36700.000047683716,Thu Aug 27 2026 14:01:32 GMT-0400 (Eastern Daylight Time),791906.400000006,A,sh,I,h,144,2,667.1999999880791,791239.2000000179,9081,WL,C,11.0
7,23.450000047683716,immed,36549.999952316284,Thu Aug 27 2026 14:01:32 GMT-0400 (Eastern Daylight Time),792056.2000000179,A,sho,I,o,120,2,817.0,791239.2000000179,9081,WL,C,11.0
7,23.59999990463257,immed,36400.00009536743,Thu Aug 27 2026 14:01:32 GMT-0400 (Eastern Daylight Time),792206.2000000179,A,shor,I,r,131,2,967.0,791239.2000000179,9081,WL,C,11.0
7,23.799999952316284,immed,36200.000047683716,Thu Aug 27 2026 14:01:32 GMT-0400 (Eastern Daylight Time),792406.0,A,shore,I,e,182,2,1166.7999999821186,791239.2000000179,9081,WL,C,11.0
7,24.465999841690063,immed,35534.00015830994,Thu Aug 27 2026 14:01:32 GMT-0400 (Eastern Daylight Time),793072.400000006,A,shoreenter,I,enter,635,2,1833.199999988079,791239.2000000179,9081,WL,C,11.0
7,26.717000007629395,immed,33282.999992370605,Thu Aug 27 2026 14:01:32 GMT-0400 (Eastern Daylight Time),795322.8000000119,A,f,I,f,2238,2,2250.0999999940395,793072.7000000179,9081,WL,C,12.0
7,27.049999952316284,immed,32950.000047683716,Thu Aug 27 2026 14:01:32 GMT-0400 (Eastern Daylight Time),795656.0,A,fl,I,l,320,2,2583.2999999821186,793072.7000000179,9081,WL,C,12.0
7,27.299999952316284,immed,32700.000047683716,Thu Aug 27 2026 14:01:32 GMT-0400 (Eastern Daylight Time),795906.2000000179,A,fla,I,a,235,2,2833.5,793072.7000000179,9081,WL,C,12.0
7,27.59999990463257,immed,32400.00009536743,Thu Aug 27 2026 14:01:32 GMT-0400 (Eastern Daylight Time),796206.1000000238,A,flag,I,g,275,2,3133.4000000059605,793072.7000000179,9081,WL,C,12.0
7,28.16599988937378,immed,31834.00011062622,Thu Aug 27 2026 14:01:32 GMT-0400 (Eastern Daylight Time),796772.400000006,A,flagenter,I,enter,548,2,3699.699999988079,793072.7000000179,9081,WL,C,12.0
7,28.615999937057495,immed,31384.000062942505,Thu Aug 27 2026 14:01:32 GMT-0400 (Eastern Daylight Time),797222.5,A,l,I,l,443,2,449.7999999821186,796772.7000000179,9081,WL,C,13.0
7,28.76699995994568,immed,31233.00004005432,Thu Aug 27 2026 14:01:32 GMT-0400 (Eastern Daylight Time),797372.900000006,A,le,I,e,131,2,600.1999999880791,796772.7000000179,9081,WL,C,13.0
7,29.01699995994568,immed,30983.00004005432,Thu Aug 27 2026 14:01:32 GMT-0400 (Eastern Daylight Time),797622.6000000238,A,let,I,t,229,2,849.9000000059605,796772.7000000179,9081,WL,C,13.0
7,29.18400001525879,immed,30815.99998474121,Thu Aug 27 2026 14:01:32 GMT-0400 (Eastern Daylight Time),797789.8000000119,A,lett,I,t,157,2,1017.0999999940395,796772.7000000179,9081,WL,C,13.0
7,29.450000047683716,immed,30549.999952316284,Thu Aug 27 2026 14:01:32 GMT-0400 (Eastern Daylight Time),798056.2000000179,A,lette,I,e,238,2,1283.5,796772.7000000179,9081,WL,C,13.0
7,29.532999992370605,immed,30467.000007629395,Thu Aug 27 2026 14:01:32 GMT-0400 (Eastern Daylight Time),798139.5,A,letter,I,r,68,2,1366.7999999821186,796772.7000000179,9081,WL,C,13.0
7,30.23300004005432,immed,29766.99995994568,Thu Aug 27 2026 14:01:32 GMT-0400 (Eastern Daylight Time),798839.1000000238,A,letterenter,I,enter,680,2,2066.4000000059605,796772.7000000179,9081,WL,C,13.0
7,30.700000047683716,immed,29299.999952316284,Thu Aug 27 2026 14:01:32 GMT-0400 (Eastern Daylight Time),799306.2000000179,A,d,I,d,448,2,466.80000001192093,798839.400000006,9081,WL,C,14.0
7,30.81599998474121,immed,29184.00001525879,Thu Aug 27 2026 14:01:32 GMT-0400 (Eastern Daylight Time),799422.5,A,do,I,o,105,2,583.0999999940395,798839.400000006,9081,WL,C,14.0
7,30.98300004005432,immed,29016.99995994568,Thu Aug 27 2026 14:01:32 GMT-0400 (Eastern Daylight Time),799589.5,A,doc,I,c,148,2,750.0999999940395,798839.400000006,9081,WL,C,14.0
7,31.41700005531311,immed,28582.99994468689,Thu Aug 27 2026 14:01:32 GMT-0400 (Eastern Daylight Time),800022.8000000119,A,doct,I,t,406,2,1183.4000000059605,798839.400000006,9081,WL,C,14.0
7,31.566999912261963,immed,28433.000087738037,Thu Aug 27 2026 14:01:32 GMT-0400 (Eastern Daylight Time),800173.0,A,docto,I,o,124,2,1333.5999999940395,798839.400000006,9081,WL,C,14.0
7,31.632999897003174,immed,28367.000102996826,Thu Aug 27 2026 14:01:32 GMT-0400 (Eastern Daylight Time),800239.2000000179,A,doctor,I,r,46,2,1399.800000011921,798839.400000006,9081,WL,C,14.0
7,32.34999990463257,immed,27650.00009536743,Thu Aug 27 2026 14:01:32 GMT-0400 (Eastern Daylight Time),800955.7000000179,A,doctorenter,I,enter,697,2,2116.300000011921,798839.400000006,9081,WL,C,14.0
7,33.58399987220764,immed,26416.00012779236,Thu Aug 27 2026 14:01:32 GMT-0400 (Eastern Daylight Time),802189.7000000179,A,c,I,c,1227,2,1233.5999999940395,800956.1000000238,9081,WL,C,15.0
7,33.84999990463257,immed,26150.00009536743,Thu Aug 27 2026 14:01:32 GMT-0400 (Eastern Daylight Time),802456.2000000179,A,ca,I,a,244,2,1500.0999999940395,800956.1000000238,9081,WL,C,15.0
7,34.09999990463257,immed,25900.00009536743,Thu Aug 27 2026 14:01:32 GMT-0400 (Eastern Daylight Time),802706.2000000179,A,cam,I,m,236,2,1750.0999999940395,800956.1000000238,9081,WL,C,15.0
7,34.382999897003174,immed,25617.000102996826,Thu Aug 27 2026 14:01:32 GMT-0400 (Eastern Daylight Time),802989.5,A,camp,I,p,250,2,2033.3999999761581,800956.1000000238,9081,WL,C,15.0
7,35.615999937057495,immed,24384.000062942505,Thu Aug 27 2026 14:01:32 GMT-0400 (Eastern Daylight Time),804222.400000006,A,campenter,I,enter,1210,2,3266.2999999821186,800956.1000000238,9081,WL,C,15.0
