block_c,block_dur,condition,countdown,datetime,endtime,list,multichar_response,project,response,response_time,session_number,start_end,starttime,subject_id,task,task_vers,trial
,,,,Fri Aug 21 2026 14:10:42 GMT-0500 (Central Daylight Time),,,,I,space,2142,1,,,8139,WL,B,
prac,,0,,Fri Aug 21 2026 14:10:42 GMT-0500 (Central Daylight Time),,NA,b,I,b,1412,1,,,8139,WL,B,1.0
prac,,0,,Fri Aug 21 2026 14:10:42 GMT-0500 (Central Daylight Time),,NA,bo,I,o,176,1,,,8139,WL,B,1.0
prac,,0,,Fri Aug 21 2026 14:10:42 GMT-0500 (Central Daylight Time),,NA,boo,I,o,163,1,,,8139,WL,B,1.0
prac,,0,,Fri Aug 21 2026 14:10:42 GMT-0500 (Central Daylight Time),,NA,boos,I,s,251,1,,,8139,WL,B,1.0
prac,,0,,Fri Aug 21 2026 14:10:42 GMT-0500 (Central Daylight Time),,NA,boost,I,t,208,1,,,8139,WL,B,1.0
prac,,0,,Fri Aug 21 2026 14:10:42 GMT-0500 (Central Daylight Time),,NA,boostenter,I,enter,208,1,,,8139,WL,B,1.0
1,1.183000087738037,learn,58816.99991226196,Fri Aug 21 2026 14:10:42 GMT-0500 (Central Daylight Time),102901.2000002861,A,s,I,s,1163,1,1183.0,101718.2000002861,8139,WL,B,1.0
1,1.3330001831054688,learn,58666.99981689453,Fri Aug 21 2026 14:10:42 GMT-0500 (Central Daylight Time),103051.0,A,st,I,t,131,1,1332.7999997138977,101718.2000002861,8139,WL,B,1.0
1,1.5499999523162842,learn,58450.000047683716,Fri Aug 21 2026 14:10:42 GMT-0500 (Central Daylight Time),103267.90000009537,A,sta,I,a,198,1,1549.6999998092651,101718.2000002861,8139,WL,B,1.0
1,1.6340000629425049,learn,58365.999937057495,Fri Aug 21 2026 14:10:42 GMT-0500 (Central Daylight Time),103351.5,A,star,I,r,76,1,1633.2999997138977,101718.2000002861,8139,WL,B,1.0
1,4.2820000648498535,learn,55717.99993515015,Fri Aug 21 2026 14:10:42 GMT-0500 (Central Daylight Time),106000.10000038147,A,starenter,I,enter,2626,1,4281.900000095367,101718.2000002861,8139,WL,B,1.0
1,5.615000009536743,learn,54384.99999046326,Fri Aug 21 2026 14:10:42 GMT-0500 (Central Daylight Time),107333.2000002861,A,c,I,c,1320,1,1332.5999999046326,106000.60000038147,8139,WL,B,2.0
1,5.715000152587891,learn,54284.99984741211,Fri Aug 21 2026 14:10:42 GMT-0500 (Central Daylight Time),107432.80000019073,A,ci,I,i,84,1,1432.1999998092651,106000.60000038147,8139,WL,B,2.0
1,5.898000001907349,learn,54101.99999809265,Fri Aug 21 2026 14:10:42 GMT-0500 (Central Daylight Time),107616.0,A,cit,I,t,176,1,1615.3999996185303,106000.60000038147,8139,WL,B,2.0
1,6.0320000648498535,learn,53967.99993515015,Fri Aug 21 2026 14:10:42 GMT-0500 (Central Daylight Time),107749.30000019073,A,city,I,y,112,1,1748.6999998092651,106000.60000038147,8139,WL,B,2.0
1,6.2820000648498535,learn,53717.99993515015,Fri Aug 21 2026 14:10:42 GMT-0500 (Central Daylight Time),107999.5,A,cityenter,I,enter,236,1,1998.8999996185303,106000.60000038147,8139,WL,B,2.0
1,6.615000009536743,learn,53384.99999046326,Fri Aug 21 2026 14:10:42 GMT-0500 (Central Daylight Time),108332.60000038147,A,s,I,s,313,1,332.5,108000.10000038147,8139,WL,B,3.0
1,6.731000185012817,learn,53268.99981498718,Fri Aug 21 2026 14:10:42 GMT-0500 (Central Daylight Time),108449.10000038147,A,st,I,t,108,1,449.0,108000.10000038147,8139,WL,B,3.0
1,6.930999994277954,learn,53069.000005722046,Fri Aug 21 2026 14:10:42 GMT-0500 (Central Daylight Time),108649.2000002861,A,str,I,r,192,1,649.0999999046326,108000.10000038147,8139,WL,B,3.0
1,6.998000144958496,learn,53001.999855041504,Fri Aug 21 2026 14:10:42 GMT-0500 (Central Daylight Time),108715.80000019073,A,stre,I,e,48,1,715.6999998092651,108000.10000038147,8139,WL,B,3.0
1,7.215000152587891,learn,52784.99984741211,Fri Aug 21 2026 14:10:42 GMT-0500 (Central Daylight Time),108932.60000038147,A,stree,I,e,198,1,932.5,108000.10000038147,8139,WL,B,3.0
1,7.38100004196167,learn,52618.99995803833,Fri Aug 21 2026 14:10:42 GMT-0500 (Central Daylight Time),109099.10000038147,A,street,I,t,148,1,1099.0,108000.10000038147,8139,WL,B,3.0
1,7.531000137329102,learn,52468.9998626709,Fri Aug 21 2026 14:10:42 GMT-0500 (Central Daylight Time),109249.0,A,streetenter,I,enter,135,1,1248.8999996185303,108000.10000038147,8139,WL,B,3.0
1,7.898000001907349,learn,52101.99999809265,Fri Aug 21 2026 14:10:42 GMT-0500 (Central Daylight Time),109615.40000009537,A,f,I,f,360,1,365.90000009536743,109249.5,8139,WL,B,4.0
1,8.081000089645386,learn,51918.999910354614,Fri Aug 21 2026 14:10:42 GMT-0500 (Central Daylight Time),109798.80000019073,A,fi,I,i,170,1,549.3000001907349,109249.5,8139,WL,B,4.0
1,8.164000034332275,learn,51835.999965667725,Fri Aug 21 2026 14:10:42 GMT-0500 (Central Daylight Time),109882.10000038147,A,fir,I,r,74,1,632.6000003814697,109249.5,8139,WL,B,4.0
1,8.29800009727478,learn,51701.99990272522,Fri Aug 21 2026 14:10:42 GMT-0500 (Central Daylight Time),110015.40000009537,A,fire,I,e,120,1,765.9000000953674,109249.5,8139,WL,B,4.0
1,8.481000185012817,learn,51518.99981498718,Fri Aug 21 2026 14:10:42 GMT-0500 (Central Daylight Time),110198.7000002861,A,fireenter,I,enter,162,1,949.2000002861023,109249.5,8139,WL,B,4.0
1,8.765000104904175,learn,51234.999895095825,Fri Aug 21 2026 14:10:42 GMT-0500 (Central Daylight Time),110482.5,A,a,I,a,275,1,283.19999980926514,110199.30000019073,8139,WL,B,5.0
1,8.88100004196167,learn,51118.99995803833,Fri Aug 21 2026 14:10:42 GMT-0500 (Central Daylight Time),110598.40000009537,A,ar,I,r,102,1,399.09999990463257,110199.30000019073,8139,WL,B,5.0
1,9.098000049591064,learn,50901.999950408936,Fri Aug 21 2026 14:10:42 GMT-0500 (Central Daylight Time),110815.30000019073,A,arm,I,m,203,1,616.0,110199.30000019073,8139,WL,B,5.0
1,9.314000129699707,learn,50685.99987030029,Fri Aug 21 2026 14:10:42 GMT-0500 (Central Daylight Time),111031.90000009537,A,armenter,I,enter,202,1,832.5999999046326,110199.30000019073,8139,WL,B,5.0
1,10.848000049591064,learn,49151.999950408936,Fri Aug 21 2026 14:10:42 GMT-0500 (Central Daylight Time),112565.30000019073,A,p,I,p,1521,1,1532.9000000953674,111032.40000009537,8139,WL,B,6.0
1,11.097000122070312,learn,48902.99987792969,Fri Aug 21 2026 14:10:42 GMT-0500 (Central Daylight Time),112814.60000038147,A,pi,I,i,228,1,1782.2000002861023,111032.40000009537,8139,WL,B,6.0
1,11.27999997138977,learn,48720.00002861023,Fri Aug 21 2026 14:10:42 GMT-0500 (Central Daylight Time),112997.80000019073,A,pip,I,p,171,1,1965.4000000953674,111032.40000009537,8139,WL,B,6.0
1,11.69700002670288,learn,48302.99997329712,Fri Aug 21 2026 14:10:42 GMT-0500 (Central Daylight Time),113414.60000038147,A,pipe,I,e,404,1,2382.2000002861023,111032.40000009537,8139,WL,B,6.0
1,11.914000034332275,learn,48085.999965667725,Fri Aug 21 2026 14:10:42 GMT-0500 (Central Daylight Time),113632.0,A,pipeenter,I,enter,195,1,2599.5999999046326,111032.40000009537,8139,WL,B,6.0
1,12.163000106811523,learn,47836.99989318848,Fri Aug 21 2026 14:10:42 GMT-0500 (Central Daylight Time),113880.90000009537,A,l,I,l,241,1,248.40000009536743,113632.5,8139,WL,B,7.0
1,12.314000129699707,learn,47685.99987030029,Fri Aug 21 2026 14:10:42 GMT-0500 (Central Daylight Time),114032.0,A,la,I,a,128,1,399.5,113632.5,8139,WL,B,7.0
1,12.496000051498413,learn,47503.99994850159,Fri Aug 21 2026 14:10:42 GMT-0500 (Central Daylight Time),114214.0,A,lak,I,k,168,1,581.5,113632.5,8139,WL,B,7.0
1,12.597000122070312,learn,47402.99987792969,Fri Aug 21 2026 14:10:42 GMT-0500 (Central Daylight Time),114314.80000019073,A,lake,I,e,83,1,682.3000001907349,113632.5,8139,WL,B,7.0
1,12.880000114440918,learn,47119.99988555908,Fri Aug 21 2026 14:10:42 GMT-0500 (Central Daylight Time),114597.90000009537,A,lakeenter,I,enter,263,1,965.4000000953674,113632.5,8139,WL,B,7.0
1,13.213000059127808,learn,46786.99994087219,Fri Aug 21 2026 14:10:42 GMT-0500 (Central Daylight Time),114930.60000038147,A,p,I,p,315,1,332.5,114598.10000038147,8139,WL,B,8.0
1,13.562000036239624,learn,46437.999963760376,Fri Aug 21 2026 14:10:42 GMT-0500 (Central Daylight Time),115279.90000009537,A,pu,I,u,335,1,681.7999997138977,114598.10000038147,8139,WL,B,8.0
1,13.845999956130981,learn,46154.00004386902,Fri Aug 21 2026 14:10:42 GMT-0500 (Central Daylight Time),115563.40000009537,A,pup,I,p,268,1,965.2999997138977,114598.10000038147,8139,WL,B,8.0
1,14.080000162124634,learn,45919.999837875366,Fri Aug 21 2026 14:10:42 GMT-0500 (Central Daylight Time),115797.40000009537,A,pupi,I,i,220,1,1199.2999997138977,114598.10000038147,8139,WL,B,8.0
1,14.296000003814697,learn,45703.9999961853,Fri Aug 21 2026 14:10:42 GMT-0500 (Central Daylight Time),116013.80000019073,A,pupil,I,l,204,1,1415.6999998092651,114598.10000038147,8139,WL,B,8.0
1,14.628999948501587,learn,45371.00005149841,Fri Aug 21 2026 14:10:42 GMT-0500 (Central Daylight Time),116346.7000002861,A,pupilenter,I,enter,316,1,1748.5999999046326,114598.10000038147,8139,WL,B,8.0
1,16.02900004386902,learn,43970.99995613098,Fri Aug 21 2026 14:10:42 GMT-0500 (Central Daylight Time),117746.90000009537,A,g,I,g,1391,1,1399.7999997138977,116347.10000038147,8139,WL,B,9.0
1,16.27900004386902,learn,43720.99995613098,Fri Aug 21 2026 14:10:42 GMT-0500 (Central Daylight Time),117996.30000019073,A,gr,I,r,239,1,1649.1999998092651,116347.10000038147,8139,WL,B,9.0
1,16.430000066757202,learn,43569.9999332428,Fri Aug 21 2026 14:10:42 GMT-0500 (Central Daylight Time),118147.80000019073,A,gra,I,a,141,1,1800.6999998092651,116347.10000038147,8139,WL,B,9.0
1,16.628000020980835,learn,43371.999979019165,Fri Aug 21 2026 14:10:42 GMT-0500 (Central Daylight Time),118346.10000038147,A,gras,I,s,190,1,1999.0,116347.10000038147,8139,WL,B,9.0
1,16.812000036239624,learn,43187.999963760376,Fri Aug 21 2026 14:10:42 GMT-0500 (Central Daylight Time),118529.40000009537,A,grass,I,s,176,1,2182.2999997138977,116347.10000038147,8139,WL,B,9.0
1,17.07800006866455,learn,42921.99993133545,Fri Aug 21 2026 14:10:42 GMT-0500 (Central Daylight Time),118795.80000019073,A,grassenter,I,enter,257,1,2448.699999809265,116347.10000038147,8139,WL,B,9.0
1,20.16100001335144,learn,39838.99998664856,Fri Aug 21 2026 14:10:42 GMT-0500 (Central Daylight Time),121878.40000009537,A,w,I,w,3061,1,3082.199999809265,118796.2000002861,8139,WL,B,10.0
1,20.278000116348267,learn,39721.99988365173,Fri Aug 21 2026 14:10:42 GMT-0500 (Central Daylight Time),121995.40000009537,A,wi,I,i,107,1,3199.199999809265,118796.2000002861,8139,WL,B,10.0
1,20.42900013923645,learn,39570.99986076355,Fri Aug 21 2026 14:10:42 GMT-0500 (Central Daylight Time),122146.40000009537,A,wif,I,f,134,1,3350.199999809265,118796.2000002861,8139,WL,B,10.0
1,20.561000108718872,learn,39438.99989128113,Fri Aug 21 2026 14:10:42 GMT-0500 (Central Daylight Time),122278.30000019073,A,wife,I,e,111,1,3482.0999999046326,118796.2000002861,8139,WL,B,10.0
1,20.74399995803833,learn,39256.00004196167,Fri Aug 21 2026 14:10:42 GMT-0500 (Central Daylight Time),122461.40000009537,A,wifeenter,I,enter,172,1,3665.199999809265,118796.2000002861,8139,WL,B,10.0
1,21.194000005722046,learn,38805.999994277954,Fri Aug 21 2026 14:10:42 GMT-0500 (Central Daylight Time),122911.5,A,w,I,w,430,1,449.59999990463257,122461.90000009537,8139,WL,B,11.0
1,21.294000148773193,learn,38705.99985122681,Fri Aug 21 2026 14:10:42 GMT-0500 (Central Daylight Time),123011.30000019073,A,wi,I,i,90,1,549.4000000953674,122461.90000009537,8139,WL,B,11.0
1,21.49399995803833,learn,38506.00004196167,Fri Aug 21 2026 14:10:42 GMT-0500 (Central Daylight Time),123211.30000019073,A,win,I,n,189,1,749.4000000953674,122461.90000009537,8139,WL,B,11.0
1,21.56000018119812,learn,38439.99981880188,Fri Aug 21 2026 14:10:42 GMT-0500 (Central Daylight Time),123277.90000009537,A,wind,I,d,46,1,816.0,122461.90000009537,8139,WL,B,11.0
1,21.877000093460083,learn,38122.99990653992,Fri Aug 21 2026 14:10:42 GMT-0500 (Central Daylight Time),123594.5,A,windo,I,o,300,1,1132.5999999046326,122461.90000009537,8139,WL,B,11.0
1,22.009999990463257,learn,37990.00000953674,Fri Aug 21 2026 14:10:42 GMT-0500 (Central Daylight Time),123727.7000002861,A,window,I,w,127,1,1265.8000001907349,122461.90000009537,8139,WL,B,11.0
1,22.759999990463257,learn,37240.00000953674,Fri Aug 21 2026 14:10:42 GMT-0500 (Central Daylight Time),124477.7000002861,A,windowenter,I,enter,731,1,2015.8000001907349,122461.90000009537,8139,WL,B,11.0
1,42.63700008392334,learn,17362.99991607666,Fri Aug 21 2026 14:10:42 GMT-0500 (Central Daylight Time),144354.7000002861,A,enter,I,enter,19868,1,19876.700000286102,124478.0,8139,WL,B,12.0
1,43.30299997329712,learn,16697.00002670288,Fri Aug 21 2026 14:10:42 GMT-0500 (Central Daylight Time),145021.10000038147,A,enter,I,enter,646,1,666.0,144355.10000038147,8139,WL,B,13.0
1,43.65300011634827,learn,16346.999883651733,Fri Aug 21 2026 14:10:42 GMT-0500 (Central Daylight Time),145370.80000019073,A,enter,I,enter,340,1,349.19999980926514,145021.60000038147,8139,WL,B,14.0
1,44.07000017166138,learn,15929.999828338623,Fri Aug 21 2026 14:10:42 GMT-0500 (Central Daylight Time),145787.80000019073,A,enter,I,enter,398,1,416.59999990463257,145371.2000002861,8139,WL,B,15.0
2,0.5169999599456787,learn,59483.00004005432,Fri Aug 21 2026 14:10:42 GMT-0500 (Central Daylight Time),217248.40000009537,A,c,I,c,511,1,516.4000000953674,216732.0,8139,WL,B,1.0
2,0.7170000076293945,learn,59282.999992370605,Fri Aug 21 2026 14:10:42 GMT-0500 (Central Daylight Time),217448.30000019073,A,ca,I,a,184,1,716.3000001907349,216732.0,8139,WL,B,1.0
2,0.9010000228881836,learn,59098.99997711182,Fri Aug 21 2026 14:10:42 GMT-0500 (Central Daylight Time),217632.60000038147,A,cab,I,b,177,1,900.6000003814697,216732.0,8139,WL,B,1.0
2,1.0340001583099365,learn,58965.99984169006,Fri Aug 21 2026 14:10:42 GMT-0500 (Central Daylight Time),217766.2000002861,A,cabi,I,i,113,1,1034.2000002861023,216732.0,8139,WL,B,1.0
2,1.2009999752044678,learn,58799.00002479553,Fri Aug 21 2026 14:10:42 GMT-0500 (Central Daylight Time),217933.2000002861,A,cabin,I,n,147,1,1201.2000002861023,216732.0,8139,WL,B,1.0
2,1.4160001277923584,learn,58583.99987220764,Fri Aug 21 2026 14:10:42 GMT-0500 (Central Daylight Time),218148.2000002861,A,cabinenter,I,enter,205,1,1416.2000002861023,216732.0,8139,WL,B,1.0
2,1.883000135421753,learn,58116.99986457825,Fri Aug 21 2026 14:10:42 GMT-0500 (Central Daylight Time),218615.40000009537,A,c,I,c,446,1,466.7999997138977,218148.60000038147,8139,WL,B,2.0
2,2.0169999599456787,learn,57983.00004005432,Fri Aug 21 2026 14:10:42 GMT-0500 (Central Daylight Time),218748.90000009537,A,cl,I,l,114,1,600.2999997138977,218148.60000038147,8139,WL,B,2.0
2,2.25,learn,57750.0,Fri Aug 21 2026 14:10:42 GMT-0500 (Central Daylight Time),218981.5,A,clo,I,o,211,1,832.8999996185303,218148.60000038147,8139,WL,B,2.0
2,2.3510000705718994,learn,57648.9999294281,Fri Aug 21 2026 14:10:42 GMT-0500 (Central Daylight Time),219082.40000009537,A,cloc,I,c,84,1,933.7999997138977,218148.60000038147,8139,WL,B,2.0
2,2.4830000400543213,learn,57516.99995994568,Fri Aug 21 2026 14:10:42 GMT-0500 (Central Daylight Time),219214.90000009537,A,clock,I,k,120,1,1066.2999997138977,218148.60000038147,8139,WL,B,2.0
2,2.699000120162964,learn,57300.999879837036,Fri Aug 21 2026 14:10:42 GMT-0500 (Central Daylight Time),219431.30000019073,A,clockenter,I,enter,203,1,1282.6999998092651,218148.60000038147,8139,WL,B,2.0
2,2.9010000228881836,learn,57098.99997711182,Fri Aug 21 2026 14:10:42 GMT-0500 (Central Daylight Time),219632.7000002861,A,s,I,s,187,1,201.2000002861023,219431.5,8139,WL,B,3.0
2,3.0989999771118164,learn,56901.00002288818,Fri Aug 21 2026 14:10:42 GMT-0500 (Central Daylight Time),219831.0,A,st,I,t,185,1,399.5,219431.5,8139,WL,B,3.0
2,3.2829999923706055,learn,56717.000007629395,Fri Aug 21 2026 14:10:42 GMT-0500 (Central Daylight Time),220014.40000009537,A,sta,I,a,162,1,582.9000000953674,219431.5,8139,WL,B,3.0
2,3.3990001678466797,learn,56600.99983215332,Fri Aug 21 2026 14:10:42 GMT-0500 (Central Daylight Time),220130.80000019073,A,star,I,r,107,1,699.3000001907349,219431.5,8139,WL,B,3.0
2,3.631999969482422,learn,56368.00003051758,Fri Aug 21 2026 14:10:42 GMT-0500 (Central Daylight Time),220364.30000019073,A,starenter,I,enter,215,1,932.8000001907349,219431.5,8139,WL,B,3.0
2,3.932000160217285,learn,56067.999839782715,Fri Aug 21 2026 14:10:42 GMT-0500 (Central Daylight Time),220663.90000009537,A,a,I,a,285,1,299.2999997138977,220364.60000038147,8139,WL,B,4.0
2,4.049000024795532,learn,55950.99997520447,Fri Aug 21 2026 14:10:42 GMT-0500 (Central Daylight Time),220780.80000019073,A,ar,I,r,106,1,416.19999980926514,220364.60000038147,8139,WL,B,4.0
2,4.29800009727478,learn,55701.99990272522,Fri Aug 21 2026 14:10:42 GMT-0500 (Central Daylight Time),221030.2000002861,A,arm,I,m,236,1,665.5999999046326,220364.60000038147,8139,WL,B,4.0
2,4.5320000648498535,learn,55467.99993515015,Fri Aug 21 2026 14:10:42 GMT-0500 (Central Daylight Time),221263.80000019073,A,armenter,I,enter,219,1,899.1999998092651,220364.60000038147,8139,WL,B,4.0
2,4.832000017166138,learn,55167.99998283386,Fri Aug 21 2026 14:10:42 GMT-0500 (Central Daylight Time),221563.60000038147,A,f,I,f,280,1,299.5,221264.10000038147,8139,WL,B,5.0
2,4.965000152587891,learn,55034.99984741211,Fri Aug 21 2026 14:10:42 GMT-0500 (Central Daylight Time),221696.7000002861,A,fi,I,i,116,1,432.59999990463257,221264.10000038147,8139,WL,B,5.0
2,5.115000009536743,learn,54884.99999046326,Fri Aug 21 2026 14:10:42 GMT-0500 (Central Daylight Time),221846.80000019073,A,fir,I,r,126,1,582.6999998092651,221264.10000038147,8139,WL,B,5.0
2,5.182000160217285,learn,54817.999839782715,Fri Aug 21 2026 14:10:42 GMT-0500 (Central Daylight Time),221913.5,A,fire,I,e,58,1,649.3999996185303,221264.10000038147,8139,WL,B,5.0
2,5.365000009536743,learn,54634.99999046326,Fri Aug 21 2026 14:10:42 GMT-0500 (Central Daylight Time),222096.60000038147,A,fireenter,I,enter,175,1,832.5,221264.10000038147,8139,WL,B,5.0
2,5.549000024795532,learn,54450.99997520447,Fri Aug 21 2026 14:10:42 GMT-0500 (Central Daylight Time),222281.0,A,c,I,c,177,1,184.09999990463257,222096.90000009537,8139,WL,B,6.0
2,5.732000112533569,learn,54267.99988746643,Fri Aug 21 2026 14:10:42 GMT-0500 (Central Daylight Time),222463.40000009537,A,ci,I,i,177,1,366.5,222096.90000009537,8139,WL,B,6.0
2,5.89900016784668,learn,54100.99983215332,Fri Aug 21 2026 14:10:42 GMT-0500 (Central Daylight Time),222630.5,A,cit,I,t,154,1,533.5999999046326,222096.90000009537,8139,WL,B,6.0
2,6.54800009727478,learn,53451.99990272522,Fri Aug 21 2026 14:10:42 GMT-0500 (Central Daylight Time),223280.0,A,city,I,y,627,1,1183.0999999046326,222096.90000009537,8139,WL,B,6.0
2,6.765000104904175,learn,53234.999895095825,Fri Aug 21 2026 14:10:42 GMT-0500 (Central Daylight Time),223496.7000002861,A,cityenter,I,enter,202,1,1399.8000001907349,222096.90000009537,8139,WL,B,6.0
2,7.04800009727478,learn,52951.99990272522,Fri Aug 21 2026 14:10:42 GMT-0500 (Central Daylight Time),223779.80000019073,A,s,I,s,265,1,282.80000019073486,223497.0,8139,WL,B,7.0
2,7.180999994277954,learn,52819.000005722046,Fri Aug 21 2026 14:10:42 GMT-0500 (Central Daylight Time),223912.80000019073,A,st,I,t,126,1,415.80000019073486,223497.0,8139,WL,B,7.0
2,7.414000034332275,learn,52585.999965667725,Fri Aug 21 2026 14:10:42 GMT-0500 (Central Daylight Time),224146.30000019073,A,str,I,r,217,1,649.3000001907349,223497.0,8139,WL,B,7.0
2,7.447999954223633,learn,52552.00004577637,Fri Aug 21 2026 14:10:42 GMT-0500 (Central Daylight Time),224179.60000038147,A,stre,I,e,16,1,682.6000003814697,223497.0,8139,WL,B,7.0
2,7.680999994277954,learn,52319.000005722046,Fri Aug 21 2026 14:10:42 GMT-0500 (Central Daylight Time),224412.90000009537,A,stree,I,e,214,1,915.9000000953674,223497.0,8139,WL,B,7.0
2,7.914000034332275,learn,52085.999965667725,Fri Aug 21 2026 14:10:42 GMT-0500 (Central Daylight Time),224646.30000019073,A,street,I,t,212,1,1149.3000001907349,223497.0,8139,WL,B,7.0
2,8.065000057220459,learn,51934.99994277954,Fri Aug 21 2026 14:10:42 GMT-0500 (Central Daylight Time),224796.60000038147,A,streetenter,I,enter,132,1,1299.6000003814697,223497.0,8139,WL,B,7.0
2,8.54800009727478,learn,51451.99990272522,Fri Aug 21 2026 14:10:42 GMT-0500 (Central Daylight Time),225279.30000019073,A,p,I,p,461,1,482.40000009536743,224796.90000009537,8139,WL,B,8.0
2,8.746999979019165,learn,51253.000020980835,Fri Aug 21 2026 14:10:42 GMT-0500 (Central Daylight Time),225479.30000019073,A,pi,I,i,179,1,682.4000000953674,224796.90000009537,8139,WL,B,8.0
2,8.914000034332275,learn,51085.999965667725,Fri Aug 21 2026 14:10:42 GMT-0500 (Central Daylight Time),225645.80000019073,A,pip,I,p,155,1,848.9000000953674,224796.90000009537,8139,WL,B,8.0
2,9.097000122070312,learn,50902.99987792969,Fri Aug 21 2026 14:10:42 GMT-0500 (Central Daylight Time),225829.10000038147,A,pipe,I,e,171,1,1032.2000002861023,224796.90000009537,8139,WL,B,8.0
2,9.263999938964844,learn,50736.000061035156,Fri Aug 21 2026 14:10:42 GMT-0500 (Central Daylight Time),225995.5,A,pipeenter,I,enter,148,1,1198.5999999046326,224796.90000009537,8139,WL,B,8.0
2,9.513999938964844,learn,50486.000061035156,Fri Aug 21 2026 14:10:42 GMT-0500 (Central Daylight Time),226245.7000002861,A,c,I,c,239,1,249.80000019073486,225995.90000009537,8139,WL,B,9.0
2,9.630000114440918,learn,50369.99988555908,Fri Aug 21 2026 14:10:42 GMT-0500 (Central Daylight Time),226362.30000019073,A,cl,I,l,100,1,366.40000009536743,225995.90000009537,8139,WL,B,9.0
2,9.897000074386597,learn,50102.9999256134,Fri Aug 21 2026 14:10:42 GMT-0500 (Central Daylight Time),226628.80000019073,A,clo,I,o,248,1,632.9000000953674,225995.90000009537,8139,WL,B,9.0
2,9.996999979019165,learn,50003.000020980835,Fri Aug 21 2026 14:10:42 GMT-0500 (Central Daylight Time),226728.80000019073,A,cloc,I,c,92,1,732.9000000953674,225995.90000009537,8139,WL,B,9.0
2,10.164000034332275,learn,49835.999965667725,Fri Aug 21 2026 14:10:42 GMT-0500 (Central Daylight Time),226895.60000038147,A,clock,I,k,153,1,899.7000002861023,225995.90000009537,8139,WL,B,9.0
2,10.380000114440918,learn,49619.99988555908,Fri Aug 21 2026 14:10:42 GMT-0500 (Central Daylight Time),227112.0,A,clockenter,I,enter,210,1,1116.0999999046326,225995.90000009537,8139,WL,B,9.0
2,10.648000001907349,learn,49351.99999809265,Fri Aug 21 2026 14:10:42 GMT-0500 (Central Daylight Time),227379.60000038147,A,l,I,l,258,1,267.30000019073486,227112.30000019073,8139,WL,B,10.0
2,10.812999963760376,learn,49187.000036239624,Fri Aug 21 2026 14:10:42 GMT-0500 (Central Daylight Time),227545.30000019073,A,la,I,a,150,1,433.0,227112.30000019073,8139,WL,B,10.0
2,10.963000059127808,learn,49036.99994087219,Fri Aug 21 2026 14:10:42 GMT-0500 (Central Daylight Time),227695.2000002861,A,lak,I,k,129,1,582.9000000953674,227112.30000019073,8139,WL,B,10.0
2,11.097000122070312,learn,48902.99987792969,Fri Aug 21 2026 14:10:42 GMT-0500 (Central Daylight Time),227828.60000038147,A,lake,I,e,115,1,716.3000001907349,227112.30000019073,8139,WL,B,10.0
2,11.312999963760376,learn,48687.000036239624,Fri Aug 21 2026 14:10:42 GMT-0500 (Central Daylight Time),228045.0,A,lakeenter,I,enter,205,1,932.6999998092651,227112.30000019073,8139,WL,B,10.0
2,14.046000003814697,learn,45953.9999961853,Fri Aug 21 2026 14:10:42 GMT-0500 (Central Daylight Time),230777.90000009537,A,a,I,a,2724,1,2732.5,228045.40000009537,8139,WL,B,11.0
2,14.180000066757202,learn,45819.9999332428,Fri Aug 21 2026 14:10:42 GMT-0500 (Central Daylight Time),230911.5,A,ar,I,r,128,1,2866.0999999046326,228045.40000009537,8139,WL,B,11.0
2,14.479000091552734,learn,45520.999908447266,Fri Aug 21 2026 14:10:42 GMT-0500 (Central Daylight Time),231211.2000002861,A,arm,I,m,282,1,3165.800000190735,228045.40000009537,8139,WL,B,11.0
2,14.779000043869019,learn,45220.99995613098,Fri Aug 21 2026 14:10:42 GMT-0500 (Central Daylight Time),231510.80000019073,A,armenter,I,enter,287,1,3465.4000000953674,228045.40000009537,8139,WL,B,11.0
2,15.013000011444092,learn,44986.99998855591,Fri Aug 21 2026 14:10:42 GMT-0500 (Central Daylight Time),231744.60000038147,A,w,I,w,227,1,233.5,231511.10000038147,8139,WL,B,12.0
2,15.17900013923645,learn,44820.99986076355,Fri Aug 21 2026 14:10:42 GMT-0500 (Central Daylight Time),231910.5,A,wi,I,i,154,1,399.3999996185303,231511.10000038147,8139,WL,B,12.0
2,15.328999996185303,learn,44671.0000038147,Fri Aug 21 2026 14:10:42 GMT-0500 (Central Daylight Time),232060.5,A,wif,I,f,139,1,549.3999996185303,231511.10000038147,8139,WL,B,12.0
2,15.414000034332275,learn,44585.999965667725,Fri Aug 21 2026 14:10:42 GMT-0500 (Central Daylight Time),232145.5,A,wife,I,e,77,1,634.3999996185303,231511.10000038147,8139,WL,B,12.0
2,15.611999988555908,learn,44388.00001144409,Fri Aug 21 2026 14:10:42 GMT-0500 (Central Daylight Time),232343.60000038147,A,wifeenter,I,enter,176,1,832.5,231511.10000038147,8139,WL,B,12.0
2,15.82800006866455,learn,44171.99993133545,Fri Aug 21 2026 14:10:42 GMT-0500 (Central Daylight Time),232560.0,A,w,I,w,202,1,216.0,232344.0,8139,WL,B,13.0
2,15.960999965667725,learn,44039.000034332275,Fri Aug 21 2026 14:10:42 GMT-0500 (Central Daylight Time),232693.30000019073,A,wi,I,i,121,1,349.30000019073486,232344.0,8139,WL,B,13.0
2,16.161999940872192,learn,43838.00005912781,Fri Aug 21 2026 14:10:42 GMT-0500 (Central Daylight Time),232893.60000038147,A,win,I,n,189,1,549.6000003814697,232344.0,8139,WL,B,13.0
2,16.27900004386902,learn,43720.99995613098,Fri Aug 21 2026 14:10:42 GMT-0500 (Central Daylight Time),233011.10000038147,A,wind,I,d,109,1,667.1000003814697,232344.0,8139,WL,B,13.0
2,16.411999940872192,learn,43588.00005912781,Fri Aug 21 2026 14:10:42 GMT-0500 (Central Daylight Time),233143.40000009537,A,windo,I,o,119,1,799.4000000953674,232344.0,8139,WL,B,13.0
2,16.545000076293945,learn,43454.999923706055,Fri Aug 21 2026 14:10:42 GMT-0500 (Central Daylight Time),233276.80000019073,A,window,I,w,114,1,932.8000001907349,232344.0,8139,WL,B,13.0
2,16.761000156402588,learn,43238.99984359741,Fri Aug 21 2026 14:10:42 GMT-0500 (Central Daylight Time),233493.10000038147,A,windowenter,I,enter,204,1,1149.1000003814697,232344.0,8139,WL,B,13.0
2,17.911999940872192,learn,42088.00005912781,Fri Aug 21 2026 14:10:42 GMT-0500 (Central Daylight Time),234643.60000038147,A,l,I,l,1141,1,1150.2000002861023,233493.40000009537,8139,WL,B,14.0
2,18.044000148773193,learn,41955.99985122681,Fri Aug 21 2026 14:10:42 GMT-0500 (Central Daylight Time),234776.30000019073,A,la,I,a,117,1,1282.9000000953674,233493.40000009537,8139,WL,B,14.0
2,18.194000005722046,learn,41805.999994277954,Fri Aug 21 2026 14:10:42 GMT-0500 (Central Daylight Time),234926.10000038147,A,lak,I,k,138,1,1432.7000002861023,233493.40000009537,8139,WL,B,14.0
2,18.276999950408936,learn,41723.000049591064,Fri Aug 21 2026 14:10:42 GMT-0500 (Central Daylight Time),235009.30000019073,A,lake,I,e,67,1,1515.9000000953674,233493.40000009537,8139,WL,B,14.0
2,18.478000164031982,learn,41521.99983596802,Fri Aug 21 2026 14:10:42 GMT-0500 (Central Daylight Time),235209.5,A,lakeenter,I,enter,193,1,1716.0999999046326,233493.40000009537,8139,WL,B,14.0
2,21.877000093460083,learn,38122.99990653992,Fri Aug 21 2026 14:10:42 GMT-0500 (Central Daylight Time),238608.30000019073,A,g,I,g,3385,1,3398.4000000953674,235209.90000009537,8139,WL,B,15.0
2,22.0770001411438,learn,37922.9998588562,Fri Aug 21 2026 14:10:42 GMT-0500 (Central Daylight Time),238808.40000009537,A,gr,I,r,193,1,3598.5,235209.90000009537,8139,WL,B,15.0
2,22.2260000705719,learn,37773.9999294281,Fri Aug 21 2026 14:10:42 GMT-0500 (Central Daylight Time),238958.30000019073,A,gra,I,a,137,1,3748.4000000953674,235209.90000009537,8139,WL,B,15.0
2,22.41000008583069,learn,37589.99991416931,Fri Aug 21 2026 14:10:42 GMT-0500 (Central Daylight Time),239141.5,A,gras,I,s,163,1,3931.5999999046326,235209.90000009537,8139,WL,B,15.0
2,22.593000173568726,learn,37406.999826431274,Fri Aug 21 2026 14:10:42 GMT-0500 (Central Daylight Time),239324.90000009537,A,grass,I,s,173,1,4115.0,235209.90000009537,8139,WL,B,15.0
2,22.792999982833862,learn,37207.00001716614,Fri Aug 21 2026 14:10:42 GMT-0500 (Central Daylight Time),239524.80000019073,A,grassenter,I,enter,181,1,4314.900000095367,235209.90000009537,8139,WL,B,15.0
3,0.4500000476837158,learn,59549.999952316284,Fri Aug 21 2026 14:10:42 GMT-0500 (Central Daylight Time),306654.0,A,s,I,s,439,1,450.0,306204.0,8139,WL,B,1.0
3,0.6330001354217529,learn,59366.99986457825,Fri Aug 21 2026 14:10:42 GMT-0500 (Central Daylight Time),306837.10000038147,A,sk,I,k,162,1,633.1000003814697,306204.0,8139,WL,B,1.0
3,0.7840001583099365,learn,59215.99984169006,Fri Aug 21 2026 14:10:42 GMT-0500 (Central Daylight Time),306988.30000019073,A,ski,I,i,133,1,784.3000001907349,306204.0,8139,WL,B,1.0
3,0.9680001735687256,learn,59031.999826431274,Fri Aug 21 2026 14:10:42 GMT-0500 (Central Daylight Time),307171.60000038147,A,skin,I,n,166,1,967.6000003814697,306204.0,8139,WL,B,1.0
3,1.183000087738037,learn,58816.99991226196,Fri Aug 21 2026 14:10:42 GMT-0500 (Central Daylight Time),307386.90000009537,A,skinenter,I,enter,198,1,1182.9000000953674,306204.0,8139,WL,B,1.0
3,1.6490001678466797,learn,58350.99983215332,Fri Aug 21 2026 14:10:42 GMT-0500 (Central Daylight Time),307853.5,A,f,I,f,454,1,466.19999980926514,307387.30000019073,8139,WL,B,2.0
3,1.7990000247955322,learn,58200.99997520447,Fri Aug 21 2026 14:10:42 GMT-0500 (Central Daylight Time),308003.30000019073,A,fi,I,i,133,1,616.0,307387.30000019073,8139,WL,B,2.0
3,1.9820001125335693,learn,58017.99988746643,Fri Aug 21 2026 14:10:42 GMT-0500 (Central Daylight Time),308186.60000038147,A,fir,I,r,175,1,799.3000001907349,307387.30000019073,8139,WL,B,2.0
3,2.065999984741211,learn,57934.00001525879,Fri Aug 21 2026 14:10:42 GMT-0500 (Central Daylight Time),308269.90000009537,A,fire,I,e,63,1,882.5999999046326,307387.30000019073,8139,WL,B,2.0
3,2.2330000400543213,learn,57766.99995994568,Fri Aug 21 2026 14:10:42 GMT-0500 (Central Daylight Time),308436.80000019073,A,fireenter,I,enter,156,1,1049.5,307387.30000019073,8139,WL,B,2.0
3,2.4830000400543213,learn,57516.99995994568,Fri Aug 21 2026 14:10:42 GMT-0500 (Central Daylight Time),308687.0,A,c,I,c,230,1,249.89999961853027,308437.10000038147,8139,WL,B,3.0
3,2.5990002155303955,learn,57400.999784469604,Fri Aug 21 2026 14:10:42 GMT-0500 (Central Daylight Time),308803.10000038147,A,cl,I,l,99,1,366.0,308437.10000038147,8139,WL,B,3.0
3,2.8320000171661377,learn,57167.99998283386,Fri Aug 21 2026 14:10:42 GMT-0500 (Central Daylight Time),309036.30000019073,A,clo,I,o,215,1,599.1999998092651,308437.10000038147,8139,WL,B,3.0
3,2.9660000801086426,learn,57033.99991989136,Fri Aug 21 2026 14:10:42 GMT-0500 (Central Daylight Time),309169.80000019073,A,cloc,I,c,118,1,732.6999998092651,308437.10000038147,8139,WL,B,3.0
3,3.0990002155303955,learn,56900.999784469604,Fri Aug 21 2026 14:10:42 GMT-0500 (Central Daylight Time),309303.0,A,clock,I,k,112,1,865.8999996185303,308437.10000038147,8139,WL,B,3.0
3,3.315000057220459,learn,56684.99994277954,Fri Aug 21 2026 14:10:42 GMT-0500 (Central Daylight Time),309519.60000038147,A,clockenter,I,enter,202,1,1082.5,308437.10000038147,8139,WL,B,3.0
3,4.04800009727478,learn,55951.99990272522,Fri Aug 21 2026 14:10:42 GMT-0500 (Central Daylight Time),310252.5,A,c,I,c,713,1,732.5,309520.0,8139,WL,B,4.0
3,4.14900016784668,learn,55850.99983215332,Fri Aug 21 2026 14:10:42 GMT-0500 (Central Daylight Time),310352.7000002861,A,ci,I,i,93,1,832.7000002861023,309520.0,8139,WL,B,4.0
3,4.366000175476074,learn,55633.999824523926,Fri Aug 21 2026 14:10:42 GMT-0500 (Central Daylight Time),310569.80000019073,A,cit,I,t,202,1,1049.8000001907349,309520.0,8139,WL,B,4.0
3,4.465000152587891,learn,55534.99984741211,Fri Aug 21 2026 14:10:42 GMT-0500 (Central Daylight Time),310669.30000019073,A,city,I,y,80,1,1149.3000001907349,309520.0,8139,WL,B,4.0
3,4.682000160217285,learn,55317.999839782715,Fri Aug 21 2026 14:10:42 GMT-0500 (Central Daylight Time),310886.60000038147,A,cityenter,I,enter,212,1,1366.6000003814697,309520.0,8139,WL,B,4.0
3,4.898000001907349,learn,55101.99999809265,Fri Aug 21 2026 14:10:42 GMT-0500 (Central Daylight Time),311102.10000038147,A,s,I,s,203,1,215.2000002861023,310886.90000009537,8139,WL,B,5.0
3,5.031000137329102,learn,54968.9998626709,Fri Aug 21 2026 14:10:42 GMT-0500 (Central Daylight Time),311235.30000019073,A,st,I,t,115,1,348.40000009536743,310886.90000009537,8139,WL,B,5.0
3,5.315000057220459,learn,54684.99994277954,Fri Aug 21 2026 14:10:42 GMT-0500 (Central Daylight Time),311518.60000038147,A,str,I,r,270,1,631.7000002861023,310886.90000009537,8139,WL,B,5.0
3,5.38100004196167,learn,54618.99995803833,Fri Aug 21 2026 14:10:42 GMT-0500 (Central Daylight Time),311585.40000009537,A,stre,I,e,51,1,698.5,310886.90000009537,8139,WL,B,5.0
3,5.614000082015991,learn,54385.99991798401,Fri Aug 21 2026 14:10:42 GMT-0500 (Central Daylight Time),311818.5,A,stree,I,e,223,1,931.5999999046326,310886.90000009537,8139,WL,B,5.0
3,5.765000104904175,learn,54234.999895095825,Fri Aug 21 2026 14:10:42 GMT-0500 (Central Daylight Time),311968.60000038147,A,street,I,t,135,1,1081.7000002861023,310886.90000009537,8139,WL,B,5.0
3,5.948000192642212,learn,54051.99980735779,Fri Aug 21 2026 14:10:42 GMT-0500 (Central Daylight Time),312151.7000002861,A,streetenter,I,enter,175,1,1264.8000001907349,310886.90000009537,8139,WL,B,5.0
3,6.114000082015991,learn,53885.99991798401,Fri Aug 21 2026 14:10:42 GMT-0500 (Central Daylight Time),312318.40000009537,A,c,I,c,161,1,166.40000009536743,312152.0,8139,WL,B,6.0
3,6.697000026702881,learn,53302.99997329712,Fri Aug 21 2026 14:10:42 GMT-0500 (Central Daylight Time),312901.5,A,cg,I,g,563,1,749.5,312152.0,8139,WL,B,6.0
3,7.13100004196167,learn,52868.99995803833,Fri Aug 21 2026 14:10:42 GMT-0500 (Central Daylight Time),313334.90000009537,A,c,I,backspace,412,1,1182.9000000953674,312152.0,8139,WL,B,6.0
3,7.297000169754028,learn,52702.99983024597,Fri Aug 21 2026 14:10:42 GMT-0500 (Central Daylight Time),313501.30000019073,A,,I,backspace,144,1,1349.3000001907349,312152.0,8139,WL,B,6.0
3,7.46399998664856,learn,52536.00001335144,Fri Aug 21 2026 14:10:42 GMT-0500 (Central Daylight Time),313668.0,A,g,I,g,148,1,1516.0,312152.0,8139,WL,B,6.0
3,7.697000026702881,learn,52302.99997329712,Fri Aug 21 2026 14:10:42 GMT-0500 (Central Daylight Time),313901.2000002861,A,gr,I,r,213,1,1749.2000002861023,312152.0,8139,WL,B,6.0
3,7.880000114440918,learn,52119.99988555908,Fri Aug 21 2026 14:10:42 GMT-0500 (Central Daylight Time),314084.5,A,gra,I,a,172,1,1932.5,312152.0,8139,WL,B,6.0
3,8.080000162124634,learn,51919.999837875366,Fri Aug 21 2026 14:10:42 GMT-0500 (Central Daylight Time),314284.30000019073,A,gras,I,s,188,1,2132.300000190735,312152.0,8139,WL,B,6.0
3,8.281000137329102,learn,51718.9998626709,Fri Aug 21 2026 14:10:42 GMT-0500 (Central Daylight Time),314485.10000038147,A,grass,I,s,189,1,2333.1000003814697,312152.0,8139,WL,B,6.0
3,8.497000217437744,learn,51502.999782562256,Fri Aug 21 2026 14:10:42 GMT-0500 (Central Daylight Time),314701.10000038147,A,grassenter,I,enter,196,1,2549.1000003814697,312152.0,8139,WL,B,6.0
3,9.481000185012817,learn,50518.99981498718,Fri Aug 21 2026 14:10:42 GMT-0500 (Central Daylight Time),315684.7000002861,A,w,I,w,965,1,983.3000001907349,314701.40000009537,8139,WL,B,7.0
3,9.597000122070312,learn,50402.99987792969,Fri Aug 21 2026 14:10:42 GMT-0500 (Central Daylight Time),315800.90000009537,A,wi,I,i,101,1,1099.5,314701.40000009537,8139,WL,B,7.0
3,9.730000019073486,learn,50269.999980926514,Fri Aug 21 2026 14:10:42 GMT-0500 (Central Daylight Time),315934.2000002861,A,wif,I,f,112,1,1232.8000001907349,314701.40000009537,8139,WL,B,7.0
3,9.847000122070312,learn,50152.99987792969,Fri Aug 21 2026 14:10:42 GMT-0500 (Central Daylight Time),316050.7000002861,A,wife,I,e,100,1,1349.3000001907349,314701.40000009537,8139,WL,B,7.0
3,10.013000011444092,learn,49986.99998855591,Fri Aug 21 2026 14:10:42 GMT-0500 (Central Daylight Time),316217.2000002861,A,wifeenter,I,enter,151,1,1515.8000001907349,314701.40000009537,8139,WL,B,7.0
3,10.19700002670288,learn,49802.99997329712,Fri Aug 21 2026 14:10:42 GMT-0500 (Central Daylight Time),316400.80000019073,A,w,I,w,169,1,183.30000019073486,316217.5,8139,WL,B,8.0
3,10.313000202178955,learn,49686.999797821045,Fri Aug 21 2026 14:10:42 GMT-0500 (Central Daylight Time),316517.2000002861,A,wi,I,i,105,1,299.7000002861023,316217.5,8139,WL,B,8.0
3,10.514000177383423,learn,49485.99982261658,Fri Aug 21 2026 14:10:42 GMT-0500 (Central Daylight Time),316717.80000019073,A,win,I,n,181,1,500.30000019073486,316217.5,8139,WL,B,8.0
3,10.580000162124634,learn,49419.999837875366,Fri Aug 21 2026 14:10:42 GMT-0500 (Central Daylight Time),316783.80000019073,A,wind,I,d,60,1,566.3000001907349,316217.5,8139,WL,B,8.0
3,10.764000177383423,learn,49235.99982261658,Fri Aug 21 2026 14:10:42 GMT-0500 (Central Daylight Time),316968.10000038147,A,windo,I,o,178,1,750.6000003814697,316217.5,8139,WL,B,8.0
3,10.896000146865845,learn,49103.999853134155,Fri Aug 21 2026 14:10:42 GMT-0500 (Central Daylight Time),317100.5,A,window,I,w,114,1,883.0,316217.5,8139,WL,B,8.0
3,11.146000146865845,learn,48853.999853134155,Fri Aug 21 2026 14:10:42 GMT-0500 (Central Daylight Time),317350.40000009537,A,windowenter,I,enter,237,1,1132.9000000953674,316217.5,8139,WL,B,8.0
3,11.396000146865845,learn,48603.999853134155,Fri Aug 21 2026 14:10:42 GMT-0500 (Central Daylight Time),317600.30000019073,A,l,I,l,244,1,249.5,317350.80000019073,8139,WL,B,9.0
3,11.546000003814697,learn,48453.9999961853,Fri Aug 21 2026 14:10:42 GMT-0500 (Central Daylight Time),317750.30000019073,A,la,I,a,138,1,399.5,317350.80000019073,8139,WL,B,9.0
3,11.67900013923645,learn,48320.99986076355,Fri Aug 21 2026 14:10:42 GMT-0500 (Central Daylight Time),317883.5,A,lak,I,k,116,1,532.6999998092651,317350.80000019073,8139,WL,B,9.0
3,11.779000043869019,learn,48220.99995613098,Fri Aug 21 2026 14:10:42 GMT-0500 (Central Daylight Time),317983.2000002861,A,lake,I,e,94,1,632.4000000953674,317350.80000019073,8139,WL,B,9.0
3,11.963000059127808,learn,48036.99994087219,Fri Aug 21 2026 14:10:42 GMT-0500 (Central Daylight Time),318166.80000019073,A,lakeenter,I,enter,179,1,816.0,317350.80000019073,8139,WL,B,9.0
3,12.17900013923645,learn,47820.99986076355,Fri Aug 21 2026 14:10:42 GMT-0500 (Central Daylight Time),318383.40000009537,A,c,I,c,203,1,216.19999980926514,318167.2000002861,8139,WL,B,10.0
3,12.347000122070312,learn,47652.99987792969,Fri Aug 21 2026 14:10:42 GMT-0500 (Central Daylight Time),318550.7000002861,A,ca,I,a,154,1,383.5,318167.2000002861,8139,WL,B,10.0
3,12.546000003814697,learn,47453.9999961853,Fri Aug 21 2026 14:10:42 GMT-0500 (Central Daylight Time),318750.0,A,cab,I,b,178,1,582.7999997138977,318167.2000002861,8139,WL,B,10.0
3,12.69700002670288,learn,47302.99997329712,Fri Aug 21 2026 14:10:42 GMT-0500 (Central Daylight Time),318900.7000002861,A,cabi,I,i,140,1,733.5,318167.2000002861,8139,WL,B,10.0
3,12.828999996185303,learn,47171.0000038147,Fri Aug 21 2026 14:10:42 GMT-0500 (Central Daylight Time),319033.30000019073,A,cabin,I,n,117,1,866.0999999046326,318167.2000002861,8139,WL,B,10.0
3,13.11300015449524,learn,46886.99984550476,Fri Aug 21 2026 14:10:42 GMT-0500 (Central Daylight Time),319316.80000019073,A,cabinenter,I,enter,265,1,1149.5999999046326,318167.2000002861,8139,WL,B,10.0
3,13.446000099182129,learn,46553.99990081787,Fri Aug 21 2026 14:10:42 GMT-0500 (Central Daylight Time),319649.60000038147,A,p,I,p,324,1,332.40000009536743,319317.2000002861,8139,WL,B,11.0
3,13.67900013923645,learn,46320.99986076355,Fri Aug 21 2026 14:10:42 GMT-0500 (Central Daylight Time),319883.10000038147,A,pu,I,u,215,1,565.9000000953674,319317.2000002861,8139,WL,B,11.0
3,13.879000186920166,learn,46120.999813079834,Fri Aug 21 2026 14:10:42 GMT-0500 (Central Daylight Time),320082.60000038147,A,pup,I,p,190,1,765.4000000953674,319317.2000002861,8139,WL,B,11.0
3,14.213000059127808,learn,45786.99994087219,Fri Aug 21 2026 14:10:42 GMT-0500 (Central Daylight Time),320416.7000002861,A,pupi,I,i,327,1,1099.5,319317.2000002861,8139,WL,B,11.0
3,14.479000091552734,learn,45520.999908447266,Fri Aug 21 2026 14:10:42 GMT-0500 (Central Daylight Time),320682.7000002861,A,pupil,I,l,248,1,1365.5,319317.2000002861,8139,WL,B,11.0
3,14.812000036239624,learn,45187.999963760376,Fri Aug 21 2026 14:10:42 GMT-0500 (Central Daylight Time),321016.10000038147,A,pupilenter,I,enter,319,1,1698.9000000953674,319317.2000002861,8139,WL,B,11.0
3,15.311000108718872,learn,44688.99989128113,Fri Aug 21 2026 14:10:42 GMT-0500 (Central Daylight Time),321515.60000038147,A,a,I,a,482,1,499.2000002861023,321016.40000009537,8139,WL,B,12.0
3,15.428000211715698,learn,44571.9997882843,Fri Aug 21 2026 14:10:42 GMT-0500 (Central Daylight Time),321632.40000009537,A,ar,I,r,111,1,616.0,321016.40000009537,8139,WL,B,12.0
3,15.61300015449524,learn,44386.99984550476,Fri Aug 21 2026 14:10:42 GMT-0500 (Central Daylight Time),321816.7000002861,A,arm,I,m,178,1,800.3000001907349,321016.40000009537,8139,WL,B,12.0
3,15.84500002861023,learn,44154.99997138977,Fri Aug 21 2026 14:10:42 GMT-0500 (Central Daylight Time),322049.10000038147,A,armenter,I,enter,225,1,1032.7000002861023,321016.40000009537,8139,WL,B,12.0
3,16.045000076293945,learn,43954.999923706055,Fri Aug 21 2026 14:10:42 GMT-0500 (Central Daylight Time),322248.90000009537,A,d,I,d,185,1,199.40000009536743,322049.5,8139,WL,B,13.0
3,16.1780002117157,learn,43821.9997882843,Fri Aug 21 2026 14:10:42 GMT-0500 (Central Daylight Time),322382.40000009537,A,do,I,o,112,1,332.90000009536743,322049.5,8139,WL,B,13.0
3,16.34500002861023,learn,43654.99997138977,Fri Aug 21 2026 14:10:42 GMT-0500 (Central Daylight Time),322548.80000019073,A,doo,I,o,154,1,499.30000019073486,322049.5,8139,WL,B,13.0
3,16.478000164031982,learn,43521.99983596802,Fri Aug 21 2026 14:10:42 GMT-0500 (Central Daylight Time),322682.2000002861,A,door,I,r,118,1,632.7000002861023,322049.5,8139,WL,B,13.0
3,16.761000156402588,learn,43238.99984359741,Fri Aug 21 2026 14:10:42 GMT-0500 (Central Daylight Time),322965.40000009537,A,doorenter,I,enter,264,1,915.9000000953674,322049.5,8139,WL,B,13.0
3,21.837000131607056,learn,38162.999868392944,Fri Aug 21 2026 14:10:42 GMT-0500 (Central Daylight Time),328040.90000009537,A,i,I,i,4924,1,5075.199999809265,322965.7000002861,8139,WL,B,14.0
3,21.843000173568726,learn,38156.999826431274,Fri Aug 21 2026 14:10:42 GMT-0500 (Central Daylight Time),328047.5,A,ir,I,r,1,1,5081.799999713898,322965.7000002861,8139,WL,B,14.0
3,21.926000118255615,learn,38073.999881744385,Fri Aug 21 2026 14:10:42 GMT-0500 (Central Daylight Time),328130.0,A,ire,I,e,70,1,5164.299999713898,322965.7000002861,8139,WL,B,14.0
3,22.06000018119812,learn,37939.99981880188,Fri Aug 21 2026 14:10:42 GMT-0500 (Central Daylight Time),328263.60000038147,A,ireenter,I,enter,125,1,5297.900000095367,322965.7000002861,8139,WL,B,14.0
3,26.09000015258789,learn,33909.99984741211,Fri Aug 21 2026 14:10:42 GMT-0500 (Central Daylight Time),332295.60000038147,A,p,I,p,4018,1,4031.7000002861023,328263.90000009537,8139,WL,B,15.0
3,26.27400016784668,learn,33725.99983215332,Fri Aug 21 2026 14:10:42 GMT-0500 (Central Daylight Time),332479.0,A,pi,I,i,177,1,4215.099999904633,328263.90000009537,8139,WL,B,15.0
3,26.44000005722046,learn,33559.99994277954,Fri Aug 21 2026 14:10:42 GMT-0500 (Central Daylight Time),332645.5,A,pip,I,p,146,1,4381.599999904633,328263.90000009537,8139,WL,B,15.0
3,26.59000015258789,learn,33409.99984741211,Fri Aug 21 2026 14:10:42 GMT-0500 (Central Daylight Time),332795.60000038147,A,pipe,I,e,133,1,4531.700000286102,328263.90000009537,8139,WL,B,15.0
3,26.740000009536743,learn,33259.99999046326,Fri Aug 21 2026 14:10:42 GMT-0500 (Central Daylight Time),332945.40000009537,A,pipeenter,I,enter,143,1,4681.5,328263.90000009537,8139,WL,B,15.0
4,0.5839998722076416,learn,59416.00012779236,Fri Aug 21 2026 14:10:42 GMT-0500 (Central Daylight Time),398159.90000009537,A,s,I,s,571,1,584.4000000953674,397575.5,8139,WL,B,1.0
4,0.7329998016357422,learn,59267.00019836426,Fri Aug 21 2026 14:10:42 GMT-0500 (Central Daylight Time),398308.40000009537,A,sk,I,k,129,1,732.9000000953674,397575.5,8139,WL,B,1.0
4,0.9169998168945312,learn,59083.00018310547,Fri Aug 21 2026 14:10:42 GMT-0500 (Central Daylight Time),398492.5,A,ski,I,i,166,1,917.0,397575.5,8139,WL,B,1.0
4,1.065999984741211,learn,58934.00001525879,Fri Aug 21 2026 14:10:42 GMT-0500 (Central Daylight Time),398641.10000038147,A,skin,I,n,141,1,1065.6000003814697,397575.5,8139,WL,B,1.0
4,2.2159998416900635,learn,57784.00015830994,Fri Aug 21 2026 14:10:42 GMT-0500 (Central Daylight Time),399791.30000019073,A,skinenter,I,enter,1130,1,2215.800000190735,397575.5,8139,WL,B,1.0
4,2.7159998416900635,learn,57284.00015830994,Fri Aug 21 2026 14:10:42 GMT-0500 (Central Daylight Time),400291.10000038147,A,f,I,f,491,1,499.40000009536743,399791.7000002861,8139,WL,B,2.0
4,2.8329999446868896,learn,57167.00005531311,Fri Aug 21 2026 14:10:42 GMT-0500 (Central Daylight Time),400408.2000002861,A,fi,I,i,103,1,616.5,399791.7000002861,8139,WL,B,2.0
4,2.9819998741149902,learn,57018.00012588501,Fri Aug 21 2026 14:10:42 GMT-0500 (Central Daylight Time),400557.60000038147,A,fir,I,r,129,1,765.9000000953674,399791.7000002861,8139,WL,B,2.0
4,3.06499981880188,learn,56935.00018119812,Fri Aug 21 2026 14:10:42 GMT-0500 (Central Daylight Time),400640.90000009537,A,fire,I,e,76,1,849.1999998092651,399791.7000002861,8139,WL,B,2.0
4,3.248999834060669,learn,56751.00016593933,Fri Aug 21 2026 14:10:42 GMT-0500 (Central Daylight Time),400824.10000038147,A,fireenter,I,enter,169,1,1032.4000000953674,399791.7000002861,8139,WL,B,2.0
4,3.431999921798706,learn,56568.000078201294,Fri Aug 21 2026 14:10:42 GMT-0500 (Central Daylight Time),401008.0,A,c,I,c,177,1,183.5,400824.5,8139,WL,B,3.0
4,3.615000009536743,learn,56384.99999046326,Fri Aug 21 2026 14:10:42 GMT-0500 (Central Daylight Time),401190.7000002861,A,cl,I,l,161,1,366.2000002861023,400824.5,8139,WL,B,3.0
4,3.8489999771118164,learn,56151.00002288818,Fri Aug 21 2026 14:10:42 GMT-0500 (Central Daylight Time),401424.90000009537,A,clo,I,o,219,1,600.4000000953674,400824.5,8139,WL,B,3.0
4,3.9819998741149902,learn,56018.00012588501,Fri Aug 21 2026 14:10:42 GMT-0500 (Central Daylight Time),401557.80000019073,A,cloc,I,c,121,1,733.3000001907349,400824.5,8139,WL,B,3.0
4,4.115000009536743,learn,55884.99999046326,Fri Aug 21 2026 14:10:42 GMT-0500 (Central Daylight Time),401690.7000002861,A,clock,I,k,124,1,866.2000002861023,400824.5,8139,WL,B,3.0
4,4.348999977111816,learn,55651.00002288818,Fri Aug 21 2026 14:10:42 GMT-0500 (Central Daylight Time),401924.10000038147,A,clockenter,I,enter,215,1,1099.6000003814697,400824.5,8139,WL,B,3.0
4,4.664999961853027,learn,55335.00003814697,Fri Aug 21 2026 14:10:42 GMT-0500 (Central Daylight Time),402240.40000009537,A,l,I,l,310,1,316.0,401924.40000009537,8139,WL,B,4.0
4,4.832000017166138,learn,55167.99998283386,Fri Aug 21 2026 14:10:42 GMT-0500 (Central Daylight Time),402407.90000009537,A,la,I,a,146,1,483.5,401924.40000009537,8139,WL,B,4.0
4,5.0309998989105225,learn,54969.00010108948,Fri Aug 21 2026 14:10:42 GMT-0500 (Central Daylight Time),402607.0,A,lak,I,k,186,1,682.5999999046326,401924.40000009537,8139,WL,B,4.0
4,5.164999961853027,learn,54835.00003814697,Fri Aug 21 2026 14:10:42 GMT-0500 (Central Daylight Time),402740.40000009537,A,lake,I,e,115,1,816.0,401924.40000009537,8139,WL,B,4.0
4,5.348999977111816,learn,54651.00002288818,Fri Aug 21 2026 14:10:42 GMT-0500 (Central Daylight Time),402925.10000038147,A,lakeenter,I,enter,166,1,1000.7000002861023,401924.40000009537,8139,WL,B,4.0
4,5.565999984741211,learn,54434.00001525879,Fri Aug 21 2026 14:10:42 GMT-0500 (Central Daylight Time),403141.5,A,c,I,c,205,1,216.09999990463257,402925.40000009537,8139,WL,B,5.0
4,5.813999891281128,learn,54186.00010871887,Fri Aug 21 2026 14:10:42 GMT-0500 (Central Daylight Time),403390.0,A,ca,I,a,237,1,464.59999990463257,402925.40000009537,8139,WL,B,5.0
4,6.014999866485596,learn,53985.000133514404,Fri Aug 21 2026 14:10:42 GMT-0500 (Central Daylight Time),403590.80000019073,A,cab,I,b,196,1,665.4000000953674,402925.40000009537,8139,WL,B,5.0
4,6.148000001907349,learn,53851.99999809265,Fri Aug 21 2026 14:10:42 GMT-0500 (Central Daylight Time),403723.40000009537,A,cabi,I,i,123,1,798.0,402925.40000009537,8139,WL,B,5.0
4,6.263999938964844,learn,53736.000061035156,Fri Aug 21 2026 14:10:42 GMT-0500 (Central Daylight Time),403839.7000002861,A,cabin,I,n,111,1,914.3000001907349,402925.40000009537,8139,WL,B,5.0
4,6.597999811172485,learn,53402.000188827515,Fri Aug 21 2026 14:10:42 GMT-0500 (Central Daylight Time),404173.10000038147,A,cabinenter,I,enter,322,1,1247.7000002861023,402925.40000009537,8139,WL,B,5.0
4,7.196999788284302,learn,52803.0002117157,Fri Aug 21 2026 14:10:42 GMT-0500 (Central Daylight Time),404772.90000009537,A,p,I,p,589,1,599.5,404173.40000009537,8139,WL,B,6.0
4,7.446999788284302,learn,52553.0002117157,Fri Aug 21 2026 14:10:42 GMT-0500 (Central Daylight Time),405023.0,A,pi,I,i,229,1,849.5999999046326,404173.40000009537,8139,WL,B,6.0
4,7.646999835968018,learn,52353.00016403198,Fri Aug 21 2026 14:10:42 GMT-0500 (Central Daylight Time),405222.80000019073,A,pip,I,p,187,1,1049.4000000953674,404173.40000009537,8139,WL,B,6.0
4,7.96399998664856,learn,52036.00001335144,Fri Aug 21 2026 14:10:42 GMT-0500 (Central Daylight Time),405539.60000038147,A,pipe,I,e,298,1,1366.2000002861023,404173.40000009537,8139,WL,B,6.0
4,8.246999979019165,learn,51753.000020980835,Fri Aug 21 2026 14:10:42 GMT-0500 (Central Daylight Time),405822.80000019073,A,pipeenter,I,enter,263,1,1649.4000000953674,404173.40000009537,8139,WL,B,6.0
4,8.579999923706055,learn,51420.000076293945,Fri Aug 21 2026 14:10:42 GMT-0500 (Central Daylight Time),406155.80000019073,A,p,I,p,323,1,332.59999990463257,405823.2000002861,8139,WL,B,7.0
4,8.763999938964844,learn,51236.000061035156,Fri Aug 21 2026 14:10:42 GMT-0500 (Central Daylight Time),406339.2000002861,A,pu,I,u,166,1,516.0,405823.2000002861,8139,WL,B,7.0
4,9.196999788284302,learn,50803.0002117157,Fri Aug 21 2026 14:10:42 GMT-0500 (Central Daylight Time),406772.5,A,pup,I,p,423,1,949.2999997138977,405823.2000002861,8139,WL,B,7.0
4,9.462999820709229,learn,50537.00017929077,Fri Aug 21 2026 14:10:42 GMT-0500 (Central Daylight Time),407039.0,A,pupi,I,i,254,1,1215.7999997138977,405823.2000002861,8139,WL,B,7.0
4,9.679999828338623,learn,50320.00017166138,Fri Aug 21 2026 14:10:42 GMT-0500 (Central Daylight Time),407255.7000002861,A,pupil,I,l,211,1,1432.5,405823.2000002861,8139,WL,B,7.0
4,9.947999954223633,learn,50052.00004577637,Fri Aug 21 2026 14:10:42 GMT-0500 (Central Daylight Time),407523.5,A,pupilenter,I,enter,251,1,1700.2999997138977,405823.2000002861,8139,WL,B,7.0
4,10.212999820709229,learn,49787.00017929077,Fri Aug 21 2026 14:10:42 GMT-0500 (Central Daylight Time),407788.80000019073,A,w,I,w,255,1,264.90000009536743,407523.90000009537,8139,WL,B,8.0
4,10.330999851226807,learn,49669.00014877319,Fri Aug 21 2026 14:10:42 GMT-0500 (Central Daylight Time),407906.60000038147,A,wi,I,i,110,1,382.7000002861023,407523.90000009537,8139,WL,B,8.0
4,10.513000011444092,learn,49486.99998855591,Fri Aug 21 2026 14:10:42 GMT-0500 (Central Daylight Time),408088.60000038147,A,wif,I,f,174,1,564.7000002861023,407523.90000009537,8139,WL,B,8.0
4,10.61299991607666,learn,49387.00008392334,Fri Aug 21 2026 14:10:42 GMT-0500 (Central Daylight Time),408188.40000009537,A,wife,I,e,81,1,664.5,407523.90000009537,8139,WL,B,8.0
4,10.813999891281128,learn,49186.00010871887,Fri Aug 21 2026 14:10:42 GMT-0500 (Central Daylight Time),408390.0,A,wifeenter,I,enter,181,1,866.0999999046326,407523.90000009537,8139,WL,B,8.0
4,10.980000019073486,learn,49019.999980926514,Fri Aug 21 2026 14:10:42 GMT-0500 (Central Daylight Time),408555.2000002861,A,w,I,w,148,1,164.90000009536743,408390.30000019073,8139,WL,B,9.0
4,11.162999868392944,learn,48837.000131607056,Fri Aug 21 2026 14:10:42 GMT-0500 (Central Daylight Time),408738.40000009537,A,wi,I,i,175,1,348.09999990463257,408390.30000019073,8139,WL,B,9.0
4,11.395999908447266,learn,48604.000091552734,Fri Aug 21 2026 14:10:42 GMT-0500 (Central Daylight Time),408971.5,A,win,I,n,222,1,581.1999998092651,408390.30000019073,8139,WL,B,9.0
4,11.546000003814697,learn,48453.9999961853,Fri Aug 21 2026 14:10:42 GMT-0500 (Central Daylight Time),409121.7000002861,A,wind,I,d,135,1,731.4000000953674,408390.30000019073,8139,WL,B,9.0
4,11.662999868392944,learn,48337.000131607056,Fri Aug 21 2026 14:10:42 GMT-0500 (Central Daylight Time),409238.30000019073,A,windo,I,o,95,1,848.0,408390.30000019073,8139,WL,B,9.0
4,11.77899980545044,learn,48221.00019454956,Fri Aug 21 2026 14:10:42 GMT-0500 (Central Daylight Time),409354.90000009537,A,window,I,w,108,1,964.5999999046326,408390.30000019073,8139,WL,B,9.0
4,12.046000003814697,learn,47953.9999961853,Fri Aug 21 2026 14:10:42 GMT-0500 (Central Daylight Time),409621.5,A,windowenter,I,enter,255,1,1231.1999998092651,408390.30000019073,8139,WL,B,9.0
4,12.328999996185303,learn,47671.0000038147,Fri Aug 21 2026 14:10:42 GMT-0500 (Central Daylight Time),409904.80000019073,A,c,I,c,277,1,283.09999990463257,409621.7000002861,8139,WL,B,10.0
4,12.446999788284302,learn,47553.0002117157,Fri Aug 21 2026 14:10:42 GMT-0500 (Central Daylight Time),410022.7000002861,A,ci,I,i,106,1,401.0,409621.7000002861,8139,WL,B,10.0
4,12.661999940872192,learn,47338.00005912781,Fri Aug 21 2026 14:10:42 GMT-0500 (Central Daylight Time),410238.0,A,cit,I,t,203,1,616.2999997138977,409621.7000002861,8139,WL,B,10.0
4,12.77999997138977,learn,47220.00002861023,Fri Aug 21 2026 14:10:42 GMT-0500 (Central Daylight Time),410356.10000038147,A,city,I,y,100,1,734.4000000953674,409621.7000002861,8139,WL,B,10.0
4,13.061999797821045,learn,46938.000202178955,Fri Aug 21 2026 14:10:42 GMT-0500 (Central Daylight Time),410637.80000019073,A,cityenter,I,enter,270,1,1016.0999999046326,409621.7000002861,8139,WL,B,10.0
4,13.411999940872192,learn,46588.00005912781,Fri Aug 21 2026 14:10:42 GMT-0500 (Central Daylight Time),410987.40000009537,A,s,I,s,340,1,349.09999990463257,410638.30000019073,8139,WL,B,11.0
4,13.613999843597412,learn,46386.00015640259,Fri Aug 21 2026 14:10:42 GMT-0500 (Central Daylight Time),411189.2000002861,A,st,I,t,191,1,550.9000000953674,410638.30000019073,8139,WL,B,11.0
4,13.811999797821045,learn,46188.000202178955,Fri Aug 21 2026 14:10:42 GMT-0500 (Central Daylight Time),411387.7000002861,A,str,I,r,188,1,749.4000000953674,410638.30000019073,8139,WL,B,11.0
4,13.894999980926514,learn,46105.000019073486,Fri Aug 21 2026 14:10:42 GMT-0500 (Central Daylight Time),411471.0,A,stre,I,e,71,1,832.6999998092651,410638.30000019073,8139,WL,B,11.0
4,14.111999988555908,learn,45888.00001144409,Fri Aug 21 2026 14:10:42 GMT-0500 (Central Daylight Time),411687.60000038147,A,stree,I,e,196,1,1049.3000001907349,410638.30000019073,8139,WL,B,11.0
4,14.244999885559082,learn,45755.00011444092,Fri Aug 21 2026 14:10:42 GMT-0500 (Central Daylight Time),411820.60000038147,A,street,I,t,121,1,1182.3000001907349,410638.30000019073,8139,WL,B,11.0
4,14.478999853134155,learn,45521.000146865845,Fri Aug 21 2026 14:10:42 GMT-0500 (Central Daylight Time),412054.10000038147,A,streetenter,I,enter,213,1,1415.8000001907349,410638.30000019073,8139,WL,B,11.0
4,15.077999830245972,learn,44922.00016975403,Fri Aug 21 2026 14:10:42 GMT-0500 (Central Daylight Time),412654.0,A,g,I,g,579,1,599.5999999046326,412054.40000009537,8139,WL,B,12.0
4,15.294999837875366,learn,44705.000162124634,Fri Aug 21 2026 14:10:42 GMT-0500 (Central Daylight Time),412870.40000009537,A,gr,I,r,204,1,816.0,412054.40000009537,8139,WL,B,12.0
4,15.460999965667725,learn,44539.000034332275,Fri Aug 21 2026 14:10:42 GMT-0500 (Central Daylight Time),413037.10000038147,A,gra,I,a,156,1,982.7000002861023,412054.40000009537,8139,WL,B,12.0
4,15.644999980926514,learn,44355.000019073486,Fri Aug 21 2026 14:10:42 GMT-0500 (Central Daylight Time),413220.5,A,gras,I,s,164,1,1166.0999999046326,412054.40000009537,8139,WL,B,12.0
4,15.827999830245972,learn,44172.00016975403,Fri Aug 21 2026 14:10:42 GMT-0500 (Central Daylight Time),413403.80000019073,A,grass,I,s,173,1,1349.4000000953674,412054.40000009537,8139,WL,B,12.0
4,16.194999933242798,learn,43805.0000667572,Fri Aug 21 2026 14:10:42 GMT-0500 (Central Daylight Time),413770.80000019073,A,grassenter,I,enter,358,1,1716.4000000953674,412054.40000009537,8139,WL,B,12.0
4,16.444999933242798,learn,43555.0000667572,Fri Aug 21 2026 14:10:42 GMT-0500 (Central Daylight Time),414020.2000002861,A,a,I,a,230,1,249.09999990463257,413771.10000038147,8139,WL,B,13.0
4,16.561999797821045,learn,43438.000202178955,Fri Aug 21 2026 14:10:42 GMT-0500 (Central Daylight Time),414137.5,A,ar,I,r,101,1,366.3999996185303,413771.10000038147,8139,WL,B,13.0
4,16.811999797821045,learn,43188.000202178955,Fri Aug 21 2026 14:10:42 GMT-0500 (Central Daylight Time),414388.0,A,arm,I,m,241,1,616.8999996185303,413771.10000038147,8139,WL,B,13.0
4,17.22699999809265,learn,42773.00000190735,Fri Aug 21 2026 14:10:42 GMT-0500 (Central Daylight Time),414803.0,A,armd,I,d,398,1,1031.8999996185303,413771.10000038147,8139,WL,B,13.0
4,17.360999822616577,learn,42639.00017738342,Fri Aug 21 2026 14:10:42 GMT-0500 (Central Daylight Time),414936.5,A,armdo,I,o,118,1,1165.3999996185303,413771.10000038147,8139,WL,B,13.0
4,17.527999877929688,learn,42472.00012207031,Fri Aug 21 2026 14:10:42 GMT-0500 (Central Daylight Time),415103.5,A,armdoo,I,o,162,1,1332.3999996185303,413771.10000038147,8139,WL,B,13.0
4,18.32699990272522,learn,41673.00009727478,Fri Aug 21 2026 14:10:42 GMT-0500 (Central Daylight Time),415902.90000009537,A,armdo,I,backspace,779,1,2131.7999997138977,413771.10000038147,8139,WL,B,13.0
4,18.526999950408936,learn,41473.000049591064,Fri Aug 21 2026 14:10:42 GMT-0500 (Central Daylight Time),416103.0,A,armd,I,backspace,179,1,2331.8999996185303,413771.10000038147,8139,WL,B,13.0
4,18.694000005722046,learn,41305.999994277954,Fri Aug 21 2026 14:10:42 GMT-0500 (Central Daylight Time),416269.40000009537,A,arm,I,backspace,147,1,2498.2999997138977,413771.10000038147,8139,WL,B,13.0
4,18.893999814987183,learn,41106.00018501282,Fri Aug 21 2026 14:10:42 GMT-0500 (Central Daylight Time),416469.30000019073,A,ar,I,backspace,189,1,2698.199999809265,413771.10000038147,8139,WL,B,13.0
4,19.709999799728394,learn,40290.00020027161,Fri Aug 21 2026 14:10:42 GMT-0500 (Central Daylight Time),417285.80000019073,A,arm,I,m,796,1,3514.699999809265,413771.10000038147,8139,WL,B,13.0
4,19.944000005722046,learn,40055.999994277954,Fri Aug 21 2026 14:10:42 GMT-0500 (Central Daylight Time),417519.2000002861,A,armenter,I,enter,220,1,3748.0999999046326,413771.10000038147,8139,WL,B,13.0
4,20.242999792099,learn,39757.000207901,Fri Aug 21 2026 14:10:42 GMT-0500 (Central Daylight Time),417819.0,A,d,I,d,283,1,299.5,417519.5,8139,WL,B,14.0
4,20.3439998626709,learn,39656.0001373291,Fri Aug 21 2026 14:10:42 GMT-0500 (Central Daylight Time),417919.60000038147,A,do,I,o,87,1,400.1000003814697,417519.5,8139,WL,B,14.0
4,20.527999877929688,learn,39472.00012207031,Fri Aug 21 2026 14:10:42 GMT-0500 (Central Daylight Time),418103.10000038147,A,doo,I,o,170,1,583.6000003814697,417519.5,8139,WL,B,14.0
4,20.675999879837036,learn,39324.000120162964,Fri Aug 21 2026 14:10:42 GMT-0500 (Central Daylight Time),418252.0,A,door,I,r,130,1,732.5,417519.5,8139,WL,B,14.0
4,20.960999965667725,learn,39039.000034332275,Fri Aug 21 2026 14:10:42 GMT-0500 (Central Daylight Time),418536.5,A,doorenter,I,enter,263,1,1017.0,417519.5,8139,WL,B,14.0
4,28.107999801635742,learn,31892.000198364258,Fri Aug 21 2026 14:10:42 GMT-0500 (Central Daylight Time),425683.60000038147,A,p,I,p,7129,1,7146.900000095367,418536.7000002861,8139,WL,B,15.0
4,28.2739999294281,learn,31726.0000705719,Fri Aug 21 2026 14:10:42 GMT-0500 (Central Daylight Time),425849.80000019073,A,pu,I,u,157,1,7313.099999904633,418536.7000002861,8139,WL,B,15.0
4,28.473999977111816,learn,31526.000022888184,Fri Aug 21 2026 14:10:42 GMT-0500 (Central Daylight Time),426049.60000038147,A,pup,I,p,185,1,7512.900000095367,418536.7000002861,8139,WL,B,15.0
4,28.69099998474121,learn,31309.00001525879,Fri Aug 21 2026 14:10:42 GMT-0500 (Central Daylight Time),426266.2000002861,A,pupi,I,i,207,1,7729.5,418536.7000002861,8139,WL,B,15.0
4,29.656999826431274,learn,30343.000173568726,Fri Aug 21 2026 14:10:42 GMT-0500 (Central Daylight Time),427232.7000002861,A,pupil,I,l,960,1,8696.0,418536.7000002861,8139,WL,B,15.0
4,29.756999969482422,learn,30243.000030517578,Fri Aug 21 2026 14:10:42 GMT-0500 (Central Daylight Time),427332.80000019073,A,pupill,I,l,90,1,8796.099999904633,418536.7000002861,8139,WL,B,15.0
4,30.306999921798706,learn,29693.000078201294,Fri Aug 21 2026 14:10:42 GMT-0500 (Central Daylight Time),427882.60000038147,A,pupil,I,backspace,533,1,9345.900000095367,418536.7000002861,8139,WL,B,15.0
4,30.639999866485596,learn,29360.000133514404,Fri Aug 21 2026 14:10:42 GMT-0500 (Central Daylight Time),428215.80000019073,A,pupilenter,I,enter,328,1,9679.099999904633,418536.7000002861,8139,WL,B,15.0
5,0.8329999446868896,learn,60000.0,Fri Aug 21 2026 14:10:42 GMT-0500 (Central Daylight Time),493644.90000009537,A,s,I,s,823,1,832.5999999046326,492812.30000019073,8139,WL,B,1.0
5,0.9830000400543213,learn,60000.0,Fri Aug 21 2026 14:10:42 GMT-0500 (Central Daylight Time),493795.2000002861,A,sk,I,k,141,1,982.9000000953674,492812.30000019073,8139,WL,B,1.0
5,1.2000000476837158,learn,60000.0,Fri Aug 21 2026 14:10:42 GMT-0500 (Central Daylight Time),494011.80000019073,A,ski,I,i,199,1,1199.5,492812.30000019073,8139,WL,B,1.0
5,1.4170000553131104,learn,60000.0,Fri Aug 21 2026 14:10:42 GMT-0500 (Central Daylight Time),494228.40000009537,A,skin,I,n,198,1,1416.0999999046326,492812.30000019073,8139,WL,B,1.0
5,1.7999999523162842,learn,60000.0,Fri Aug 21 2026 14:10:42 GMT-0500 (Central Daylight Time),494612.2000002861,A,skinenter,I,enter,366,1,1799.9000000953674,492812.30000019073,8139,WL,B,1.0
5,2.3329999446868896,learn,60000.0,Fri Aug 21 2026 14:10:42 GMT-0500 (Central Daylight Time),495145.0,A,f,I,f,518,1,532.3999996185303,494612.60000038147,8139,WL,B,2.0
5,2.450000047683716,learn,60000.0,Fri Aug 21 2026 14:10:42 GMT-0500 (Central Daylight Time),495261.40000009537,A,fi,I,i,105,1,648.7999997138977,494612.60000038147,8139,WL,B,2.0
5,2.5829999446868896,learn,60000.0,Fri Aug 21 2026 14:10:42 GMT-0500 (Central Daylight Time),495394.60000038147,A,fir,I,r,125,1,782.0,494612.60000038147,8139,WL,B,2.0
5,2.699000120162964,learn,60000.0,Fri Aug 21 2026 14:10:42 GMT-0500 (Central Daylight Time),495511.2000002861,A,fire,I,e,104,1,898.5999999046326,494612.60000038147,8139,WL,B,2.0
5,2.865999937057495,learn,60000.0,Fri Aug 21 2026 14:10:42 GMT-0500 (Central Daylight Time),495677.7000002861,A,fireenter,I,enter,147,1,1065.0999999046326,494612.60000038147,8139,WL,B,2.0
5,3.065999984741211,learn,60000.0,Fri Aug 21 2026 14:10:42 GMT-0500 (Central Daylight Time),495877.80000019073,A,c,I,c,180,1,199.69999980926514,495678.10000038147,8139,WL,B,3.0
5,3.199000120162964,learn,60000.0,Fri Aug 21 2026 14:10:42 GMT-0500 (Central Daylight Time),496011.2000002861,A,cl,I,l,124,1,333.09999990463257,495678.10000038147,8139,WL,B,3.0
5,3.433000087738037,learn,60000.0,Fri Aug 21 2026 14:10:42 GMT-0500 (Central Daylight Time),496244.40000009537,A,clo,I,o,222,1,566.2999997138977,495678.10000038147,8139,WL,B,3.0
5,3.5160000324249268,learn,60000.0,Fri Aug 21 2026 14:10:42 GMT-0500 (Central Daylight Time),496328.2000002861,A,cloc,I,c,78,1,650.0999999046326,495678.10000038147,8139,WL,B,3.0
5,3.6659998893737793,learn,60000.0,Fri Aug 21 2026 14:10:42 GMT-0500 (Central Daylight Time),496477.60000038147,A,clock,I,k,138,1,799.5,495678.10000038147,8139,WL,B,3.0
5,3.9159998893737793,learn,60000.0,Fri Aug 21 2026 14:10:42 GMT-0500 (Central Daylight Time),496727.40000009537,A,clockenter,I,enter,237,1,1049.2999997138977,495678.10000038147,8139,WL,B,3.0
5,4.131999969482422,learn,60000.0,Fri Aug 21 2026 14:10:42 GMT-0500 (Central Daylight Time),496944.10000038147,A,s,I,s,203,1,216.40000009536743,496727.7000002861,8139,WL,B,4.0
5,4.299000024795532,learn,60000.0,Fri Aug 21 2026 14:10:42 GMT-0500 (Central Daylight Time),497110.90000009537,A,st,I,t,146,1,383.19999980926514,496727.7000002861,8139,WL,B,4.0
5,4.516000032424927,learn,60000.0,Fri Aug 21 2026 14:10:42 GMT-0500 (Central Daylight Time),497327.40000009537,A,str,I,r,203,1,599.6999998092651,496727.7000002861,8139,WL,B,4.0
5,4.582000017166138,learn,60000.0,Fri Aug 21 2026 14:10:42 GMT-0500 (Central Daylight Time),497394.0,A,stre,I,e,58,1,666.2999997138977,496727.7000002861,8139,WL,B,4.0
5,4.799000024795532,learn,60000.0,Fri Aug 21 2026 14:10:42 GMT-0500 (Central Daylight Time),497610.5,A,stree,I,e,200,1,882.7999997138977,496727.7000002861,8139,WL,B,4.0
5,5.265000104904175,learn,60000.0,Fri Aug 21 2026 14:10:42 GMT-0500 (Central Daylight Time),498077.0,A,street,I,t,456,1,1349.2999997138977,496727.7000002861,8139,WL,B,4.0
5,5.499000072479248,learn,60000.0,Fri Aug 21 2026 14:10:42 GMT-0500 (Central Daylight Time),498310.90000009537,A,streetenter,I,enter,221,1,1583.1999998092651,496727.7000002861,8139,WL,B,4.0
5,5.7149999141693115,learn,60000.0,Fri Aug 21 2026 14:10:42 GMT-0500 (Central Daylight Time),498527.0,A,g,I,g,202,1,215.7999997138977,498311.2000002861,8139,WL,B,5.0
5,5.931999921798706,learn,60000.0,Fri Aug 21 2026 14:10:42 GMT-0500 (Central Daylight Time),498743.60000038147,A,gr,I,r,211,1,432.40000009536743,498311.2000002861,8139,WL,B,5.0
5,6.099999904632568,learn,60000.0,Fri Aug 21 2026 14:10:42 GMT-0500 (Central Daylight Time),498911.7000002861,A,gra,I,a,146,1,600.5,498311.2000002861,8139,WL,B,5.0
5,6.29800009727478,learn,60000.0,Fri Aug 21 2026 14:10:42 GMT-0500 (Central Daylight Time),499110.2000002861,A,gras,I,s,186,1,799.0,498311.2000002861,8139,WL,B,5.0
5,6.4649999141693115,learn,60000.0,Fri Aug 21 2026 14:10:42 GMT-0500 (Central Daylight Time),499276.7000002861,A,grass,I,s,147,1,965.5,498311.2000002861,8139,WL,B,5.0
5,6.697999954223633,learn,60000.0,Fri Aug 21 2026 14:10:42 GMT-0500 (Central Daylight Time),499510.10000038147,A,grassenter,I,enter,212,1,1198.9000000953674,498311.2000002861,8139,WL,B,5.0
5,6.914999961853027,learn,60000.0,Fri Aug 21 2026 14:10:42 GMT-0500 (Central Daylight Time),499726.90000009537,A,a,I,a,196,1,216.5,499510.40000009537,8139,WL,B,6.0
5,7.098999977111816,learn,60000.0,Fri Aug 21 2026 14:10:42 GMT-0500 (Central Daylight Time),499911.30000019073,A,ar,I,r,172,1,400.90000009536743,499510.40000009537,8139,WL,B,6.0
5,7.29800009727478,learn,60000.0,Fri Aug 21 2026 14:10:42 GMT-0500 (Central Daylight Time),500109.7000002861,A,arm,I,m,177,1,599.3000001907349,499510.40000009537,8139,WL,B,6.0
5,7.930999994277954,learn,60000.0,Fri Aug 21 2026 14:10:42 GMT-0500 (Central Daylight Time),500742.90000009537,A,armenter,I,enter,612,1,1232.5,499510.40000009537,8139,WL,B,6.0
5,8.398000001907349,learn,60000.0,Fri Aug 21 2026 14:10:42 GMT-0500 (Central Daylight Time),501209.40000009537,A,f,I,f,451,1,466.09999990463257,500743.30000019073,8139,WL,B,7.0
5,8.513999938964844,learn,60000.0,Fri Aug 21 2026 14:10:42 GMT-0500 (Central Daylight Time),501325.90000009537,A,fi,I,i,96,1,582.5999999046326,500743.30000019073,8139,WL,B,7.0
5,8.63100004196167,learn,60000.0,Fri Aug 21 2026 14:10:42 GMT-0500 (Central Daylight Time),501442.60000038147,A,fir,I,r,108,1,699.3000001907349,500743.30000019073,8139,WL,B,7.0
5,8.714999914169312,learn,60000.0,Fri Aug 21 2026 14:10:42 GMT-0500 (Central Daylight Time),501526.5,A,fire,I,e,78,1,783.1999998092651,500743.30000019073,8139,WL,B,7.0
5,8.997999906539917,learn,60000.0,Fri Aug 21 2026 14:10:42 GMT-0500 (Central Daylight Time),501809.40000009537,A,fired,I,d,268,1,1066.0999999046326,500743.30000019073,8139,WL,B,7.0
5,9.114000082015991,learn,60000.0,Fri Aug 21 2026 14:10:42 GMT-0500 (Central Daylight Time),501925.80000019073,A,firedo,I,o,96,1,1182.5,500743.30000019073,8139,WL,B,7.0
5,9.29699993133545,learn,60000.0,Fri Aug 21 2026 14:10:42 GMT-0500 (Central Daylight Time),502109.10000038147,A,firedoo,I,o,164,1,1365.8000001907349,500743.30000019073,8139,WL,B,7.0
5,9.597000122070312,learn,60000.0,Fri Aug 21 2026 14:10:42 GMT-0500 (Central Daylight Time),502409.2000002861,A,firedo,I,backspace,292,1,1665.9000000953674,500743.30000019073,8139,WL,B,7.0
5,9.949000120162964,learn,60000.0,Fri Aug 21 2026 14:10:42 GMT-0500 (Central Daylight Time),502760.60000038147,A,fired,I,backspace,337,1,2017.3000001907349,500743.30000019073,8139,WL,B,7.0
5,10.13100004196167,learn,60000.0,Fri Aug 21 2026 14:10:42 GMT-0500 (Central Daylight Time),502942.5,A,fire,I,backspace,170,1,2199.199999809265,500743.30000019073,8139,WL,B,7.0
5,10.54699993133545,learn,60000.0,Fri Aug 21 2026 14:10:42 GMT-0500 (Central Daylight Time),503358.7000002861,A,fireenter,I,enter,403,1,2615.4000000953674,500743.30000019073,8139,WL,B,7.0
5,10.848000049591064,learn,60000.0,Fri Aug 21 2026 14:10:42 GMT-0500 (Central Daylight Time),503659.5,A,d,I,d,291,1,300.5,503359.0,8139,WL,B,8.0
5,10.996999979019165,learn,60000.0,Fri Aug 21 2026 14:10:42 GMT-0500 (Central Daylight Time),503808.7000002861,A,do,I,o,142,1,449.7000002861023,503359.0,8139,WL,B,8.0
5,11.180000066757202,learn,60000.0,Fri Aug 21 2026 14:10:42 GMT-0500 (Central Daylight Time),503991.90000009537,A,doo,I,o,169,1,632.9000000953674,503359.0,8139,WL,B,8.0
5,11.329999923706055,learn,60000.0,Fri Aug 21 2026 14:10:42 GMT-0500 (Central Daylight Time),504141.80000019073,A,door,I,r,129,1,782.8000001907349,503359.0,8139,WL,B,8.0
5,11.597000122070312,learn,60000.0,Fri Aug 21 2026 14:10:42 GMT-0500 (Central Daylight Time),504409.10000038147,A,doorenter,I,enter,260,1,1050.1000003814697,503359.0,8139,WL,B,8.0
5,11.829999923706055,learn,60000.0,Fri Aug 21 2026 14:10:42 GMT-0500 (Central Daylight Time),504641.7000002861,A,w,I,w,218,1,232.5,504409.2000002861,8139,WL,B,9.0
5,11.963000059127808,learn,60000.0,Fri Aug 21 2026 14:10:42 GMT-0500 (Central Daylight Time),504775.10000038147,A,wi,I,i,113,1,365.90000009536743,504409.2000002861,8139,WL,B,9.0
5,12.130000114440918,learn,60000.0,Fri Aug 21 2026 14:10:42 GMT-0500 (Central Daylight Time),504941.7000002861,A,win,I,n,155,1,532.5,504409.2000002861,8139,WL,B,9.0
5,12.263000011444092,learn,60000.0,Fri Aug 21 2026 14:10:42 GMT-0500 (Central Daylight Time),505074.90000009537,A,wind,I,d,117,1,665.6999998092651,504409.2000002861,8139,WL,B,9.0
5,12.395999908447266,learn,60000.0,Fri Aug 21 2026 14:10:42 GMT-0500 (Central Daylight Time),505208.0,A,windo,I,o,126,1,798.7999997138977,504409.2000002861,8139,WL,B,9.0
5,12.54699993133545,learn,60000.0,Fri Aug 21 2026 14:10:42 GMT-0500 (Central Daylight Time),505358.30000019073,A,window,I,w,137,1,949.0999999046326,504409.2000002861,8139,WL,B,9.0
5,12.746000051498413,learn,60000.0,Fri Aug 21 2026 14:10:42 GMT-0500 (Central Daylight Time),505558.10000038147,A,windowenter,I,enter,179,1,1148.9000000953674,504409.2000002861,8139,WL,B,9.0
5,13.046000003814697,learn,60000.0,Fri Aug 21 2026 14:10:42 GMT-0500 (Central Daylight Time),505858.0,A,p,I,p,292,1,299.59999990463257,505558.40000009537,8139,WL,B,10.0
5,13.246000051498413,learn,60000.0,Fri Aug 21 2026 14:10:42 GMT-0500 (Central Daylight Time),506057.90000009537,A,pu,I,u,184,1,499.5,505558.40000009537,8139,WL,B,10.0
5,13.428999900817871,learn,60000.0,Fri Aug 21 2026 14:10:42 GMT-0500 (Central Daylight Time),506241.2000002861,A,pup,I,p,168,1,682.8000001907349,505558.40000009537,8139,WL,B,10.0
5,13.828999996185303,learn,60000.0,Fri Aug 21 2026 14:10:42 GMT-0500 (Central Daylight Time),506641.2000002861,A,pupi,I,i,384,1,1082.8000001907349,505558.40000009537,8139,WL,B,10.0
5,14.029000043869019,learn,60000.0,Fri Aug 21 2026 14:10:42 GMT-0500 (Central Daylight Time),506841.0,A,pupil,I,l,185,1,1282.5999999046326,505558.40000009537,8139,WL,B,10.0
5,14.312000036239624,learn,60000.0,Fri Aug 21 2026 14:10:42 GMT-0500 (Central Daylight Time),507124.2000002861,A,pupilenter,I,enter,265,1,1565.8000001907349,505558.40000009537,8139,WL,B,10.0
5,14.628999948501587,learn,60000.0,Fri Aug 21 2026 14:10:42 GMT-0500 (Central Daylight Time),507440.90000009537,A,i,I,i,310,1,316.40000009536743,507124.5,8139,WL,B,11.0
5,14.979000091552734,learn,60000.0,Fri Aug 21 2026 14:10:42 GMT-0500 (Central Daylight Time),507790.60000038147,A,,I,backspace,337,1,666.1000003814697,507124.5,8139,WL,B,11.0
5,15.328999996185303,learn,60000.0,Fri Aug 21 2026 14:10:42 GMT-0500 (Central Daylight Time),508140.60000038147,A,p,I,p,339,1,1016.1000003814697,507124.5,8139,WL,B,11.0
5,16.045000076293945,learn,60000.0,Fri Aug 21 2026 14:10:42 GMT-0500 (Central Daylight Time),508857.10000038147,A,pi,I,i,709,1,1732.6000003814697,507124.5,8139,WL,B,11.0
5,16.27900004386902,learn,60000.0,Fri Aug 21 2026 14:10:42 GMT-0500 (Central Daylight Time),509090.40000009537,A,pip,I,p,225,1,1965.9000000953674,507124.5,8139,WL,B,11.0
5,16.49500012397766,learn,60000.0,Fri Aug 21 2026 14:10:42 GMT-0500 (Central Daylight Time),509306.90000009537,A,pipe,I,e,199,1,2182.4000000953674,507124.5,8139,WL,B,11.0
5,16.727999925613403,learn,60000.0,Fri Aug 21 2026 14:10:42 GMT-0500 (Central Daylight Time),509540.2000002861,A,pipeenter,I,enter,215,1,2415.7000002861023,507124.5,8139,WL,B,11.0
5,16.99500012397766,learn,60000.0,Fri Aug 21 2026 14:10:42 GMT-0500 (Central Daylight Time),509806.80000019073,A,c,I,c,246,1,266.19999980926514,509540.60000038147,8139,WL,B,12.0
5,17.17799997329712,learn,60000.0,Fri Aug 21 2026 14:10:42 GMT-0500 (Central Daylight Time),509990.0,A,ca,I,a,163,1,449.3999996185303,509540.60000038147,8139,WL,B,12.0
5,17.32800006866455,learn,60000.0,Fri Aug 21 2026 14:10:42 GMT-0500 (Central Daylight Time),510140.0,A,cab,I,b,140,1,599.3999996185303,509540.60000038147,8139,WL,B,12.0
5,17.49500012397766,learn,60000.0,Fri Aug 21 2026 14:10:42 GMT-0500 (Central Daylight Time),510307.0,A,cabi,I,i,149,1,766.3999996185303,509540.60000038147,8139,WL,B,12.0
5,17.66100001335144,learn,60000.0,Fri Aug 21 2026 14:10:42 GMT-0500 (Central Daylight Time),510473.30000019073,A,cabin,I,n,158,1,932.6999998092651,509540.60000038147,8139,WL,B,12.0
5,17.72699999809265,learn,60000.0,Fri Aug 21 2026 14:10:42 GMT-0500 (Central Daylight Time),510539.90000009537,A,cabine,I,e,49,1,999.2999997138977,509540.60000038147,8139,WL,B,12.0
5,18.259999990463257,learn,60000.0,Fri Aug 21 2026 14:10:42 GMT-0500 (Central Daylight Time),511072.90000009537,A,cabin,I,backspace,526,1,1532.2999997138977,509540.60000038147,8139,WL,B,12.0
5,18.57699990272522,learn,60000.0,Fri Aug 21 2026 14:10:42 GMT-0500 (Central Daylight Time),511389.60000038147,A,cabinenter,I,enter,296,1,1849.0,509540.60000038147,8139,WL,B,12.0
5,18.927000045776367,learn,60000.0,Fri Aug 21 2026 14:10:42 GMT-0500 (Central Daylight Time),511739.40000009537,A,l,I,l,341,1,349.5,511389.90000009537,8139,WL,B,13.0
5,19.042999982833862,learn,60000.0,Fri Aug 21 2026 14:10:42 GMT-0500 (Central Daylight Time),511855.7000002861,A,la,I,a,110,1,465.80000019073486,511389.90000009537,8139,WL,B,13.0
5,19.526999950408936,learn,60000.0,Fri Aug 21 2026 14:10:42 GMT-0500 (Central Daylight Time),512339.30000019073,A,lak,I,k,465,1,949.4000000953674,511389.90000009537,8139,WL,B,13.0
5,19.64400005340576,learn,60000.0,Fri Aug 21 2026 14:10:42 GMT-0500 (Central Daylight Time),512457.0,A,lake,I,e,111,1,1067.0999999046326,511389.90000009537,8139,WL,B,13.0
5,20.05999994277954,learn,60000.0,Fri Aug 21 2026 14:10:42 GMT-0500 (Central Daylight Time),512872.60000038147,A,lakeenter,I,enter,401,1,1482.7000002861023,511389.90000009537,8139,WL,B,13.0
5,24.558000087738037,learn,60000.0,Fri Aug 21 2026 14:10:42 GMT-0500 (Central Daylight Time),517371.10000038147,A,s,I,s,4490,1,4498.10000038147,512873.0,8139,WL,B,14.0
5,24.742000102996826,learn,60000.0,Fri Aug 21 2026 14:10:42 GMT-0500 (Central Daylight Time),517554.5,A,st,I,t,167,1,4681.5,512873.0,8139,WL,B,14.0
5,24.924999952316284,learn,60000.0,Fri Aug 21 2026 14:10:42 GMT-0500 (Central Daylight Time),517737.60000038147,A,sta,I,a,167,1,4864.60000038147,512873.0,8139,WL,B,14.0
5,25.02500009536743,learn,60000.0,Fri Aug 21 2026 14:10:42 GMT-0500 (Central Daylight Time),517837.90000009537,A,star,I,r,80,1,4964.900000095367,512873.0,8139,WL,B,14.0
5,25.375,learn,60000.0,Fri Aug 21 2026 14:10:42 GMT-0500 (Central Daylight Time),518187.5,A,starenter,I,enter,340,1,5314.5,512873.0,8139,WL,B,14.0
5,40.65300011634827,learn,60000.0,Fri Aug 21 2026 14:10:42 GMT-0500 (Central Daylight Time),533466.0,A,c,I,c,15271,1,15278.099999904633,518187.90000009537,8139,WL,B,15.0
5,40.8529999256134,learn,60000.0,Fri Aug 21 2026 14:10:42 GMT-0500 (Central Daylight Time),533665.9000000954,A,ca,I,a,192,1,15478.0,518187.90000009537,8139,WL,B,15.0
5,41.00399994850159,learn,60000.0,Fri Aug 21 2026 14:10:42 GMT-0500 (Central Daylight Time),533816.7000002861,A,cab,I,b,135,1,15628.800000190735,518187.90000009537,8139,WL,B,15.0
5,41.15300011634827,learn,60000.0,Fri Aug 21 2026 14:10:42 GMT-0500 (Central Daylight Time),533965.8000001907,A,cabi,I,i,128,1,15777.900000095367,518187.90000009537,8139,WL,B,15.0
5,41.30299997329712,learn,60000.0,Fri Aug 21 2026 14:10:42 GMT-0500 (Central Daylight Time),534115.8000001907,A,cabin,I,n,131,1,15927.900000095367,518187.90000009537,8139,WL,B,15.0
5,41.835999965667725,learn,60000.0,Fri Aug 21 2026 14:10:42 GMT-0500 (Central Daylight Time),534649.0,A,cabinenter,I,enter,518,1,16461.099999904633,518187.90000009537,8139,WL,B,15.0
6,0.4500000476837158,distr,59549.999952316284,Fri Aug 21 2026 14:10:42 GMT-0500 (Central Daylight Time),599861.9000000954,B,b,I,b,430,1,449.7999997138977,599412.1000003815,8139,WL,B,1.0
6,0.7160000801086426,distr,59283.99991989136,Fri Aug 21 2026 14:10:42 GMT-0500 (Central Daylight Time),600128.5,B,ba,I,a,260,1,716.3999996185303,599412.1000003815,8139,WL,B,1.0
6,0.818000078201294,distr,59181.999921798706,Fri Aug 21 2026 14:10:42 GMT-0500 (Central Daylight Time),600230.0,B,bab,I,b,90,1,817.8999996185303,599412.1000003815,8139,WL,B,1.0
6,1.1010000705718994,distr,58898.9999294281,Fri Aug 21 2026 14:10:42 GMT-0500 (Central Daylight Time),600513.1000003815,B,baby,I,y,268,1,1101.0,599412.1000003815,8139,WL,B,1.0
6,1.3340001106262207,distr,58665.99988937378,Fri Aug 21 2026 14:10:42 GMT-0500 (Central Daylight Time),600745.7000002861,B,babyenter,I,enter,216,1,1333.5999999046326,599412.1000003815,8139,WL,B,1.0
6,1.6489999294281006,distr,58351.0000705719,Fri Aug 21 2026 14:10:42 GMT-0500 (Central Daylight Time),601061.6000003815,B,o,I,o,297,1,315.5,600746.1000003815,8139,WL,B,2.0
6,1.7990000247955322,distr,58200.99997520447,Fri Aug 21 2026 14:10:42 GMT-0500 (Central Daylight Time),601211.5,B,oc,I,c,133,1,465.3999996185303,600746.1000003815,8139,WL,B,2.0
6,2.065999984741211,distr,57934.00001525879,Fri Aug 21 2026 14:10:42 GMT-0500 (Central Daylight Time),601478.1000003815,B,oce,I,e,254,1,732.0,600746.1000003815,8139,WL,B,2.0
6,2.3010001182556152,distr,57698.999881744385,Fri Aug 21 2026 14:10:42 GMT-0500 (Central Daylight Time),601713.1000003815,B,ocea,I,a,213,1,967.0,600746.1000003815,8139,WL,B,2.0
6,2.3989999294281006,distr,57601.0000705719,Fri Aug 21 2026 14:10:42 GMT-0500 (Central Daylight Time),601811.0,B,ocean,I,n,81,1,1064.8999996185303,600746.1000003815,8139,WL,B,2.0
6,2.5989999771118164,distr,57401.00002288818,Fri Aug 21 2026 14:10:42 GMT-0500 (Central Daylight Time),602011.1000003815,B,oceanenter,I,enter,191,1,1265.0,600746.1000003815,8139,WL,B,2.0
6,2.9820001125335693,distr,57017.99988746643,Fri Aug 21 2026 14:10:42 GMT-0500 (Central Daylight Time),602394.5,B,p,I,p,367,1,383.09999990463257,602011.4000000954,8139,WL,B,3.0
6,3.115999937057495,distr,56884.000062942505,Fri Aug 21 2026 14:10:42 GMT-0500 (Central Daylight Time),602527.7000002861,B,pa,I,a,119,1,516.3000001907349,602011.4000000954,8139,WL,B,3.0
6,3.3489999771118164,distr,56651.00002288818,Fri Aug 21 2026 14:10:42 GMT-0500 (Central Daylight Time),602760.9000000954,B,pal,I,l,218,1,749.5,602011.4000000954,8139,WL,B,3.0
6,3.499000072479248,distr,56500.99992752075,Fri Aug 21 2026 14:10:42 GMT-0500 (Central Daylight Time),602910.9000000954,B,pala,I,a,129,1,899.5,602011.4000000954,8139,WL,B,3.0
6,3.6649999618530273,distr,56335.00003814697,Fri Aug 21 2026 14:10:42 GMT-0500 (Central Daylight Time),603077.4000000954,B,palac,I,c,155,1,1066.0,602011.4000000954,8139,WL,B,3.0
6,3.749000072479248,distr,56250.99992752075,Fri Aug 21 2026 14:10:42 GMT-0500 (Central Daylight Time),603160.7000002861,B,palace,I,e,69,1,1149.3000001907349,602011.4000000954,8139,WL,B,3.0
6,3.949000120162964,distr,56050.999879837036,Fri Aug 21 2026 14:10:42 GMT-0500 (Central Daylight Time),603360.7000002861,B,palaceenter,I,enter,194,1,1349.3000001907349,602011.4000000954,8139,WL,B,3.0
6,4.232000112533569,distr,55767.99988746643,Fri Aug 21 2026 14:10:42 GMT-0500 (Central Daylight Time),603644.0,B,l,I,l,266,1,283.0,603361.0,8139,WL,B,4.0
6,4.449000120162964,distr,55550.999879837036,Fri Aug 21 2026 14:10:42 GMT-0500 (Central Daylight Time),603860.7000002861,B,li,I,i,198,1,499.7000002861023,603361.0,8139,WL,B,4.0
6,4.615000009536743,distr,55384.99999046326,Fri Aug 21 2026 14:10:42 GMT-0500 (Central Daylight Time),604027.2000002861,B,lip,I,p,149,1,666.2000002861023,603361.0,8139,WL,B,4.0
6,4.898000001907349,distr,55101.99999809265,Fri Aug 21 2026 14:10:42 GMT-0500 (Central Daylight Time),604310.5,B,lipenter,I,enter,271,1,949.5,603361.0,8139,WL,B,4.0
6,5.082000017166138,distr,54917.99998283386,Fri Aug 21 2026 14:10:42 GMT-0500 (Central Daylight Time),604493.8000001907,B,s,I,s,172,1,183.0,604310.8000001907,8139,WL,B,5.0
6,5.248000144958496,distr,54751.999855041504,Fri Aug 21 2026 14:10:42 GMT-0500 (Central Daylight Time),604660.5,B,st,I,t,148,1,349.69999980926514,604310.8000001907,8139,WL,B,5.0
6,5.365000009536743,distr,54634.99999046326,Fri Aug 21 2026 14:10:42 GMT-0500 (Central Daylight Time),604777.0,B,ste,I,e,102,1,466.19999980926514,604310.8000001907,8139,WL,B,5.0
6,5.531000137329102,distr,54468.9998626709,Fri Aug 21 2026 14:10:42 GMT-0500 (Central Daylight Time),604943.5,B,stea,I,a,161,1,632.6999998092651,604310.8000001907,8139,WL,B,5.0
6,5.680999994277954,distr,54319.000005722046,Fri Aug 21 2026 14:10:42 GMT-0500 (Central Daylight Time),605093.4000000954,B,steam,I,m,139,1,782.5999999046326,604310.8000001907,8139,WL,B,5.0
6,5.947999954223633,distr,54052.00004577637,Fri Aug 21 2026 14:10:42 GMT-0500 (Central Daylight Time),605360.1000003815,B,steamenter,I,enter,246,1,1049.3000001907349,604310.8000001907,8139,WL,B,5.0
6,6.54800009727478,distr,53451.99990272522,Fri Aug 21 2026 14:10:42 GMT-0500 (Central Daylight Time),605960.0,B,a,I,a,586,1,599.5,605360.5,8139,WL,B,6.0
6,6.648000001907349,distr,53351.99999809265,Fri Aug 21 2026 14:10:42 GMT-0500 (Central Daylight Time),606059.9000000954,B,ar,I,r,81,1,699.4000000953674,605360.5,8139,WL,B,6.0
6,6.8480000495910645,distr,53151.999950408936,Fri Aug 21 2026 14:10:42 GMT-0500 (Central Daylight Time),606259.9000000954,B,arm,I,m,190,1,899.4000000953674,605360.5,8139,WL,B,6.0
6,7.114000082015991,distr,52885.99991798401,Fri Aug 21 2026 14:10:42 GMT-0500 (Central Daylight Time),606526.4000000954,B,army,I,y,253,1,1165.9000000953674,605360.5,8139,WL,B,6.0
6,7.414000034332275,distr,52585.999965667725,Fri Aug 21 2026 14:10:42 GMT-0500 (Central Daylight Time),606826.3000001907,B,armyenter,I,enter,292,1,1465.8000001907349,605360.5,8139,WL,B,6.0
6,11.146000146865845,distr,48853.999853134155,Fri Aug 21 2026 14:10:42 GMT-0500 (Central Daylight Time),610558.4000000954,B,c,I,c,3720,1,3731.7999997138977,606826.6000003815,8139,WL,B,7.0
6,11.312999963760376,distr,48687.000036239624,Fri Aug 21 2026 14:10:42 GMT-0500 (Central Daylight Time),610725.3000001907,B,ce,I,e,146,1,3898.699999809265,606826.6000003815,8139,WL,B,7.0
6,11.446000099182129,distr,48553.99990081787,Fri Aug 21 2026 14:10:42 GMT-0500 (Central Daylight Time),610858.4000000954,B,cel,I,l,117,1,4031.7999997138977,606826.6000003815,8139,WL,B,7.0
6,11.595999956130981,distr,48404.00004386902,Fri Aug 21 2026 14:10:42 GMT-0500 (Central Daylight Time),611008.4000000954,B,cell,I,l,143,1,4181.799999713898,606826.6000003815,8139,WL,B,7.0
6,11.828999996185303,distr,48171.0000038147,Fri Aug 21 2026 14:10:42 GMT-0500 (Central Daylight Time),611241.1000003815,B,cellenter,I,enter,225,1,4414.5,606826.6000003815,8139,WL,B,7.0
6,14.578999996185303,distr,45421.0000038147,Fri Aug 21 2026 14:10:42 GMT-0500 (Central Daylight Time),613990.7000002861,B,r,I,r,2737,1,2749.4000000953674,611241.3000001907,8139,WL,B,8.0
6,14.664000034332275,distr,45335.999965667725,Fri Aug 21 2026 14:10:42 GMT-0500 (Central Daylight Time),614075.9000000954,B,ro,I,o,75,1,2834.5999999046326,611241.3000001907,8139,WL,B,8.0
6,14.878999948501587,distr,45121.00005149841,Fri Aug 21 2026 14:10:42 GMT-0500 (Central Daylight Time),614290.7000002861,B,roc,I,c,198,1,3049.4000000953674,611241.3000001907,8139,WL,B,8.0
6,14.995000123977661,distr,45004.99987602234,Fri Aug 21 2026 14:10:42 GMT-0500 (Central Daylight Time),614407.3000001907,B,rock,I,k,112,1,3166.0,611241.3000001907,8139,WL,B,8.0
6,15.26200008392334,distr,44737.99991607666,Fri Aug 21 2026 14:10:42 GMT-0500 (Central Daylight Time),614673.9000000954,B,rockenter,I,enter,251,1,3432.5999999046326,611241.3000001907,8139,WL,B,8.0
6,27.407999992370605,distr,32592.000007629395,Fri Aug 21 2026 14:10:42 GMT-0500 (Central Daylight Time),626820.1000003815,B,enter,I,enter,12129,1,12145.900000095367,614674.2000002861,8139,WL,B,9.0
6,27.591000080108643,distr,32408.999919891357,Fri Aug 21 2026 14:10:42 GMT-0500 (Central Daylight Time),627003.4000000954,B,enter,I,enter,166,1,182.90000009536743,626820.5,8139,WL,B,10.0
6,27.79100012779236,distr,32208.99987220764,Fri Aug 21 2026 14:10:42 GMT-0500 (Central Daylight Time),627203.3000001907,B,enter,I,enter,184,1,199.40000009536743,627003.9000000954,8139,WL,B,11.0
6,27.95799994468689,distr,32042.00005531311,Fri Aug 21 2026 14:10:42 GMT-0500 (Central Daylight Time),627370.0,B,enter,I,enter,151,1,166.2999997138977,627203.7000002861,8139,WL,B,12.0
6,28.10800004005432,distr,31891.99995994568,Fri Aug 21 2026 14:10:42 GMT-0500 (Central Daylight Time),627520.5,B,enter,I,enter,144,1,150.09999990463257,627370.4000000954,8139,WL,B,13.0
6,28.490999937057495,distr,31509.000062942505,Fri Aug 21 2026 14:10:42 GMT-0500 (Central Daylight Time),627903.2000002861,B,enter,I,enter,369,1,382.2000002861023,627521.0,8139,WL,B,14.0
6,28.85800004005432,distr,31141.99995994568,Fri Aug 21 2026 14:10:42 GMT-0500 (Central Daylight Time),628270.5,B,enter,I,enter,346,1,366.8999996185303,627903.6000003815,8139,WL,B,15.0
7,1.1489999294281006,immed,58851.0000705719,Fri Aug 21 2026 14:10:42 GMT-0500 (Central Daylight Time),635400.7000002861,A,g,I,g,1144,1,1149.4000000953674,634251.3000001907,8139,WL,B,1.0
7,1.999000072479248,immed,58000.99992752075,Fri Aug 21 2026 14:10:42 GMT-0500 (Central Daylight Time),636250.5,A,gr,I,r,833,1,1999.1999998092651,634251.3000001907,8139,WL,B,1.0
7,2.199000120162964,immed,57800.999879837036,Fri Aug 21 2026 14:10:42 GMT-0500 (Central Daylight Time),636450.4000000954,A,gra,I,a,184,1,2199.0999999046326,634251.3000001907,8139,WL,B,1.0
7,2.3989999294281006,immed,57601.0000705719,Fri Aug 21 2026 14:10:42 GMT-0500 (Central Daylight Time),636650.5,A,gras,I,s,183,1,2399.199999809265,634251.3000001907,8139,WL,B,1.0
7,2.565000057220459,immed,57434.99994277954,Fri Aug 21 2026 14:10:42 GMT-0500 (Central Daylight Time),636816.9000000954,A,grass,I,s,159,1,2565.5999999046326,634251.3000001907,8139,WL,B,1.0
7,3.9149999618530273,immed,56085.00003814697,Fri Aug 21 2026 14:10:42 GMT-0500 (Central Daylight Time),638166.7000002861,A,grassenter,I,enter,1329,1,3915.4000000953674,634251.3000001907,8139,WL,B,1.0
7,4.365000009536743,immed,55634.99999046326,Fri Aug 21 2026 14:10:42 GMT-0500 (Central Daylight Time),638616.3000001907,A,s,I,s,435,1,449.30000019073486,638167.0,8139,WL,B,2.0
7,4.998000144958496,immed,55001.999855041504,Fri Aug 21 2026 14:10:42 GMT-0500 (Central Daylight Time),639249.4000000954,A,st,I,t,626,1,1082.4000000953674,638167.0,8139,WL,B,2.0
7,5.281000137329102,immed,54718.9998626709,Fri Aug 21 2026 14:10:42 GMT-0500 (Central Daylight Time),639532.8000001907,A,str,I,r,265,1,1365.8000001907349,638167.0,8139,WL,B,2.0
7,5.365000009536743,immed,54634.99999046326,Fri Aug 21 2026 14:10:42 GMT-0500 (Central Daylight Time),639616.1000003815,A,stre,I,e,69,1,1449.1000003814697,638167.0,8139,WL,B,2.0
7,5.54800009727478,immed,54451.99990272522,Fri Aug 21 2026 14:10:42 GMT-0500 (Central Daylight Time),639799.2000002861,A,stree,I,e,170,1,1632.2000002861023,638167.0,8139,WL,B,2.0
7,5.781000137329102,immed,54218.9998626709,Fri Aug 21 2026 14:10:42 GMT-0500 (Central Daylight Time),640032.7000002861,A,street,I,t,218,1,1865.7000002861023,638167.0,8139,WL,B,2.0
7,5.898999929428101,immed,54101.0000705719,Fri Aug 21 2026 14:10:42 GMT-0500 (Central Daylight Time),640150.2000002861,A,streetenter,I,enter,105,1,1983.2000002861023,638167.0,8139,WL,B,2.0
7,6.164000034332275,immed,53835.999965667725,Fri Aug 21 2026 14:10:42 GMT-0500 (Central Daylight Time),640415.8000001907,A,c,I,c,260,1,265.19999980926514,640150.6000003815,8139,WL,B,3.0
7,6.3470001220703125,immed,53652.99987792969,Fri Aug 21 2026 14:10:42 GMT-0500 (Central Daylight Time),640599.1000003815,A,ci,I,i,163,1,448.5,640150.6000003815,8139,WL,B,3.0
7,6.513999938964844,immed,53486.000061035156,Fri Aug 21 2026 14:10:42 GMT-0500 (Central Daylight Time),640765.9000000954,A,cit,I,t,147,1,615.2999997138977,640150.6000003815,8139,WL,B,3.0
7,6.664000034332275,immed,53335.999965667725,Fri Aug 21 2026 14:10:42 GMT-0500 (Central Daylight Time),640915.5,A,city,I,y,140,1,764.8999996185303,640150.6000003815,8139,WL,B,3.0
7,6.897000074386597,immed,53102.9999256134,Fri Aug 21 2026 14:10:42 GMT-0500 (Central Daylight Time),641149.0,A,cityenter,I,enter,222,1,998.3999996185303,640150.6000003815,8139,WL,B,3.0
7,7.0970001220703125,immed,52902.99987792969,Fri Aug 21 2026 14:10:42 GMT-0500 (Central Daylight Time),641349.1000003815,A,a,I,a,189,1,199.80000019073486,641149.3000001907,8139,WL,B,4.0
7,7.263999938964844,immed,52736.000061035156,Fri Aug 21 2026 14:10:42 GMT-0500 (Central Daylight Time),641515.4000000954,A,ar,I,r,149,1,366.09999990463257,641149.3000001907,8139,WL,B,4.0
7,7.447000026702881,immed,52552.99997329712,Fri Aug 21 2026 14:10:42 GMT-0500 (Central Daylight Time),641698.9000000954,A,arm,I,m,167,1,549.5999999046326,641149.3000001907,8139,WL,B,4.0
7,7.730000019073486,immed,52269.999980926514,Fri Aug 21 2026 14:10:42 GMT-0500 (Central Daylight Time),641982.0,A,armenter,I,enter,262,1,832.6999998092651,641149.3000001907,8139,WL,B,4.0
7,7.947000026702881,immed,52052.99997329712,Fri Aug 21 2026 14:10:42 GMT-0500 (Central Daylight Time),642198.6000003815,A,s,I,s,204,1,216.2000002861023,641982.4000000954,8139,WL,B,5.0
7,8.080000162124634,immed,51919.999837875366,Fri Aug 21 2026 14:10:42 GMT-0500 (Central Daylight Time),642332.0,A,st,I,t,122,1,349.59999990463257,641982.4000000954,8139,WL,B,5.0
7,8.314000129699707,immed,51685.99987030029,Fri Aug 21 2026 14:10:42 GMT-0500 (Central Daylight Time),642565.3000001907,A,sta,I,a,214,1,582.9000000953674,641982.4000000954,8139,WL,B,5.0
7,8.414000034332275,immed,51585.999965667725,Fri Aug 21 2026 14:10:42 GMT-0500 (Central Daylight Time),642665.1000003815,A,star,I,r,93,1,682.7000002861023,641982.4000000954,8139,WL,B,5.0
7,8.746999979019165,immed,51253.000020980835,Fri Aug 21 2026 14:10:42 GMT-0500 (Central Daylight Time),642998.4000000954,A,starenter,I,enter,321,1,1016.0,641982.4000000954,8139,WL,B,5.0
7,8.963000059127808,immed,51036.99994087219,Fri Aug 21 2026 14:10:42 GMT-0500 (Central Daylight Time),643214.9000000954,A,d,I,d,203,1,216.19999980926514,642998.7000002861,8139,WL,B,6.0
7,9.098000049591064,immed,50901.999950408936,Fri Aug 21 2026 14:10:42 GMT-0500 (Central Daylight Time),643349.4000000954,A,do,I,o,123,1,350.69999980926514,642998.7000002861,8139,WL,B,6.0
7,9.263999938964844,immed,50736.000061035156,Fri Aug 21 2026 14:10:42 GMT-0500 (Central Daylight Time),643515.9000000954,A,doo,I,o,157,1,517.1999998092651,642998.7000002861,8139,WL,B,6.0
7,9.397000074386597,immed,50602.9999256134,Fri Aug 21 2026 14:10:42 GMT-0500 (Central Daylight Time),643648.1000003815,A,door,I,r,126,1,649.4000000953674,642998.7000002861,8139,WL,B,6.0
7,9.562999963760376,immed,50437.000036239624,Fri Aug 21 2026 14:10:42 GMT-0500 (Central Daylight Time),643814.8000001907,A,doorenter,I,enter,146,1,816.0999999046326,642998.7000002861,8139,WL,B,6.0
7,9.946000099182129,immed,50053.99990081787,Fri Aug 21 2026 14:10:42 GMT-0500 (Central Daylight Time),644197.9000000954,A,p,I,p,373,1,382.7999997138977,643815.1000003815,8139,WL,B,7.0
7,10.213000059127808,immed,49786.99994087219,Fri Aug 21 2026 14:10:42 GMT-0500 (Central Daylight Time),644464.5,A,pi,I,i,252,1,649.3999996185303,643815.1000003815,8139,WL,B,7.0
7,10.364000082015991,immed,49635.99991798401,Fri Aug 21 2026 14:10:42 GMT-0500 (Central Daylight Time),644616.0,A,pip,I,p,129,1,800.8999996185303,643815.1000003815,8139,WL,B,7.0
7,10.580000162124634,immed,49419.999837875366,Fri Aug 21 2026 14:10:42 GMT-0500 (Central Daylight Time),644831.2000002861,A,pipe,I,e,194,1,1016.0999999046326,643815.1000003815,8139,WL,B,7.0
7,10.77999997138977,immed,49220.00002861023,Fri Aug 21 2026 14:10:42 GMT-0500 (Central Daylight Time),645031.4000000954,A,pipeenter,I,enter,195,1,1216.2999997138977,643815.1000003815,8139,WL,B,7.0
7,11.095999956130981,immed,48904.00004386902,Fri Aug 21 2026 14:10:42 GMT-0500 (Central Daylight Time),645347.5,A,c,I,c,307,1,315.7999997138977,645031.7000002861,8139,WL,B,8.0
7,11.296000003814697,immed,48703.9999961853,Fri Aug 21 2026 14:10:42 GMT-0500 (Central Daylight Time),645547.7000002861,A,ca,I,a,191,1,516.0,645031.7000002861,8139,WL,B,8.0
7,11.496000051498413,immed,48503.99994850159,Fri Aug 21 2026 14:10:42 GMT-0500 (Central Daylight Time),645747.6000003815,A,cab,I,b,181,1,715.9000000953674,645031.7000002861,8139,WL,B,8.0
7,11.67900013923645,immed,48320.99986076355,Fri Aug 21 2026 14:10:42 GMT-0500 (Central Daylight Time),645930.8000001907,A,cabi,I,i,167,1,899.0999999046326,645031.7000002861,8139,WL,B,8.0
7,11.812999963760376,immed,48187.000036239624,Fri Aug 21 2026 14:10:42 GMT-0500 (Central Daylight Time),646064.7000002861,A,cabin,I,n,127,1,1033.0,645031.7000002861,8139,WL,B,8.0
7,11.911999940872192,immed,48088.00005912781,Fri Aug 21 2026 14:10:42 GMT-0500 (Central Daylight Time),646164.0,A,cabine,I,e,80,1,1132.2999997138977,645031.7000002861,8139,WL,B,8.0
7,12.84500002861023,immed,47154.99997138977,Fri Aug 21 2026 14:10:42 GMT-0500 (Central Daylight Time),647097.0,A,cabin,I,backspace,918,1,2065.2999997138977,645031.7000002861,8139,WL,B,8.0
7,13.545000076293945,immed,46454.999923706055,Fri Aug 21 2026 14:10:42 GMT-0500 (Central Daylight Time),647796.8000001907,A,cabinenter,I,enter,681,1,2765.0999999046326,645031.7000002861,8139,WL,B,8.0
7,14.261000156402588,immed,45738.99984359741,Fri Aug 21 2026 14:10:42 GMT-0500 (Central Daylight Time),648513.1000003815,A,l,I,l,702,1,716.0,647797.1000003815,8139,WL,B,9.0
7,14.42900013923645,immed,45570.99986076355,Fri Aug 21 2026 14:10:42 GMT-0500 (Central Daylight Time),648680.4000000954,A,la,I,a,161,1,883.2999997138977,647797.1000003815,8139,WL,B,9.0
7,14.528000116348267,immed,45471.99988365173,Fri Aug 21 2026 14:10:42 GMT-0500 (Central Daylight Time),648779.9000000954,A,lak,I,k,90,1,982.7999997138977,647797.1000003815,8139,WL,B,9.0
7,14.644999980926514,immed,45355.000019073486,Fri Aug 21 2026 14:10:42 GMT-0500 (Central Daylight Time),648896.4000000954,A,lake,I,e,102,1,1099.2999997138977,647797.1000003815,8139,WL,B,9.0
7,14.894999980926514,immed,45105.000019073486,Fri Aug 21 2026 14:10:42 GMT-0500 (Central Daylight Time),649146.2000002861,A,lakeenter,I,enter,242,1,1349.0999999046326,647797.1000003815,8139,WL,B,9.0
7,15.210999965667725,immed,44789.000034332275,Fri Aug 21 2026 14:10:42 GMT-0500 (Central Daylight Time),649462.9000000954,A,p,I,p,296,1,316.40000009536743,649146.5,8139,WL,B,10.0
7,15.378999948501587,immed,44621.00005149841,Fri Aug 21 2026 14:10:42 GMT-0500 (Central Daylight Time),649630.7000002861,A,pu,I,u,147,1,484.2000002861023,649146.5,8139,WL,B,10.0
7,15.59500002861023,immed,44404.99997138977,Fri Aug 21 2026 14:10:42 GMT-0500 (Central Daylight Time),649846.9000000954,A,pup,I,p,204,1,700.4000000953674,649146.5,8139,WL,B,10.0
7,15.861000061035156,immed,44138.999938964844,Fri Aug 21 2026 14:10:42 GMT-0500 (Central Daylight Time),650112.8000001907,A,pupi,I,i,251,1,966.3000001907349,649146.5,8139,WL,B,10.0
7,16.061000108718872,immed,43938.99989128113,Fri Aug 21 2026 14:10:42 GMT-0500 (Central Daylight Time),650312.7000002861,A,pupil,I,l,186,1,1166.2000002861023,649146.5,8139,WL,B,10.0
7,16.278000116348267,immed,43721.99988365173,Fri Aug 21 2026 14:10:42 GMT-0500 (Central Daylight Time),650529.2000002861,A,pupilenter,I,enter,209,1,1382.7000002861023,649146.5,8139,WL,B,10.0
7,16.59500002861023,immed,43404.99997138977,Fri Aug 21 2026 14:10:42 GMT-0500 (Central Daylight Time),650847.0,A,c,I,c,305,1,317.5,650529.5,8139,WL,B,11.0
7,16.67799997329712,immed,43322.00002670288,Fri Aug 21 2026 14:10:42 GMT-0500 (Central Daylight Time),650929.2000002861,A,cl,I,l,74,1,399.7000002861023,650529.5,8139,WL,B,11.0
7,16.97699999809265,immed,43023.00000190735,Fri Aug 21 2026 14:10:42 GMT-0500 (Central Daylight Time),651228.9000000954,A,clo,I,o,290,1,699.4000000953674,650529.5,8139,WL,B,11.0
7,17.294000148773193,immed,42705.99985122681,Fri Aug 21 2026 14:10:42 GMT-0500 (Central Daylight Time),651545.5,A,cloc,I,c,301,1,1016.0,650529.5,8139,WL,B,11.0
7,17.444000005722046,immed,42555.999994277954,Fri Aug 21 2026 14:10:42 GMT-0500 (Central Daylight Time),651695.6000003815,A,clock,I,k,137,1,1166.1000003814697,650529.5,8139,WL,B,11.0
7,17.694000005722046,immed,42305.999994277954,Fri Aug 21 2026 14:10:42 GMT-0500 (Central Daylight Time),651945.5,A,clockenter,I,enter,235,1,1416.0,650529.5,8139,WL,B,11.0
7,17.877000093460083,immed,42122.99990653992,Fri Aug 21 2026 14:10:42 GMT-0500 (Central Daylight Time),652128.9000000954,A,f,I,f,169,1,182.90000009536743,651946.0,8139,WL,B,12.0
7,17.99399995803833,immed,42006.00004196167,Fri Aug 21 2026 14:10:42 GMT-0500 (Central Daylight Time),652245.4000000954,A,fi,I,i,105,1,299.40000009536743,651946.0,8139,WL,B,12.0
7,18.127000093460083,immed,41872.99990653992,Fri Aug 21 2026 14:10:42 GMT-0500 (Central Daylight Time),652378.8000001907,A,fir,I,r,117,1,432.80000019073486,651946.0,8139,WL,B,12.0
7,18.210999965667725,immed,41789.000034332275,Fri Aug 21 2026 14:10:42 GMT-0500 (Central Daylight Time),652462.2000002861,A,fire,I,e,62,1,516.2000002861023,651946.0,8139,WL,B,12.0
7,18.776999950408936,immed,41223.000049591064,Fri Aug 21 2026 14:10:42 GMT-0500 (Central Daylight Time),653028.6000003815,A,fireenter,I,enter,556,1,1082.6000003814697,651946.0,8139,WL,B,12.0
7,19.044000148773193,immed,40955.99985122681,Fri Aug 21 2026 14:10:42 GMT-0500 (Central Daylight Time),653295.2000002861,A,s,I,s,253,1,266.2000002861023,653029.0,8139,WL,B,13.0
7,19.16000008583069,immed,40839.99991416931,Fri Aug 21 2026 14:10:42 GMT-0500 (Central Daylight Time),653411.8000001907,A,sk,I,k,106,1,382.80000019073486,653029.0,8139,WL,B,13.0
7,19.39300012588501,immed,40606.99987411499,Fri Aug 21 2026 14:10:42 GMT-0500 (Central Daylight Time),653644.9000000954,A,ski,I,i,223,1,615.9000000953674,653029.0,8139,WL,B,13.0
7,19.561000108718872,immed,40438.99989128113,Fri Aug 21 2026 14:10:42 GMT-0500 (Central Daylight Time),653812.7000002861,A,skin,I,n,149,1,783.7000002861023,653029.0,8139,WL,B,13.0
7,19.860000133514404,immed,40139.999866485596,Fri Aug 21 2026 14:10:42 GMT-0500 (Central Daylight Time),654111.6000003815,A,skinenter,I,enter,293,1,1082.6000003814697,653029.0,8139,WL,B,13.0
7,23.4760000705719,immed,36523.9999294281,Fri Aug 21 2026 14:10:42 GMT-0500 (Central Daylight Time),657727.1000003815,A,d,I,d,3611,1,3615.2000002861023,654111.9000000954,8139,WL,B,14.0
7,23.759000062942505,immed,36240.999937057495,Fri Aug 21 2026 14:10:42 GMT-0500 (Central Daylight Time),658010.5,A,do,I,o,267,1,3898.5999999046326,654111.9000000954,8139,WL,B,14.0
7,23.924999952316284,immed,36075.000047683716,Fri Aug 21 2026 14:10:42 GMT-0500 (Central Daylight Time),658176.8000001907,A,doo,I,o,160,1,4064.9000000953674,654111.9000000954,8139,WL,B,14.0
7,24.225000143051147,immed,35774.99985694885,Fri Aug 21 2026 14:10:42 GMT-0500 (Central Daylight Time),658476.3000001907,A,door,I,r,280,1,4364.400000095367,654111.9000000954,8139,WL,B,14.0
7,24.391000032424927,immed,35608.99996757507,Fri Aug 21 2026 14:10:42 GMT-0500 (Central Daylight Time),658642.9000000954,A,doorenter,I,enter,149,1,4531.0,654111.9000000954,8139,WL,B,14.0
7,27.874000072479248,immed,32125.999927520752,Fri Aug 21 2026 14:10:42 GMT-0500 (Central Daylight Time),662125.6000003815,A,c,I,c,3472,1,3482.4000000953674,658643.2000002861,8139,WL,B,15.0
7,28.006999969482422,immed,31993.000030517578,Fri Aug 21 2026 14:10:42 GMT-0500 (Central Daylight Time),662259.0,A,ci,I,i,116,1,3615.7999997138977,658643.2000002861,8139,WL,B,15.0
7,28.141000032424927,immed,31858.999967575073,Fri Aug 21 2026 14:10:42 GMT-0500 (Central Daylight Time),662392.2000002861,A,cit,I,t,119,1,3749.0,658643.2000002861,8139,WL,B,15.0
7,28.2739999294281,immed,31726.0000705719,Fri Aug 21 2026 14:10:42 GMT-0500 (Central Daylight Time),662525.5,A,city,I,y,122,1,3882.2999997138977,658643.2000002861,8139,WL,B,15.0
7,28.473999977111816,immed,31526.000022888184,Fri Aug 21 2026 14:10:42 GMT-0500 (Central Daylight Time),662725.6000003815,A,cityenter,I,enter,180,1,4082.4000000953674,658643.2000002861,8139,WL,B,15.0
