block_c,block_dur,condition,countdown,datetime,endtime,list,multichar_response,project,response,response_time,session_number,start_end,starttime,subject_id,task,task_vers,trial
,,,,Tue Aug 04 2026 14:43:55 GMT-0500 (Central Daylight Time),,,,I,space,399,2,,,8121,WL,B,
prac,,0,,Tue Aug 04 2026 14:43:55 GMT-0500 (Central Daylight Time),,NA,b,I,b,1119,2,,,8121,WL,B,1.0
prac,,0,,Tue Aug 04 2026 14:43:55 GMT-0500 (Central Daylight Time),,NA,bo,I,o,135,2,,,8121,WL,B,1.0
prac,,0,,Tue Aug 04 2026 14:43:55 GMT-0500 (Central Daylight Time),,NA,boo,I,o,187,2,,,8121,WL,B,1.0
prac,,0,,Tue Aug 04 2026 14:43:55 GMT-0500 (Central Daylight Time),,NA,boos,I,s,82,2,,,8121,WL,B,1.0
prac,,0,,Tue Aug 04 2026 14:43:55 GMT-0500 (Central Daylight Time),,NA,boost,I,t,254,2,,,8121,WL,B,1.0
prac,,0,,Tue Aug 04 2026 14:43:55 GMT-0500 (Central Daylight Time),,NA,boostenter,I,enter,362,2,,,8121,WL,B,1.0
1,0.6670000553131104,learn,59332.99994468689,Tue Aug 04 2026 14:43:55 GMT-0500 (Central Daylight Time),99929.70000004768,A,s,I,s,654,2,666.4000000953674,99263.29999995232,8121,WL,B,1.0
1,0.8340001106262207,learn,59165.99988937378,Tue Aug 04 2026 14:43:55 GMT-0500 (Central Daylight Time),100096.89999997616,A,st,I,t,143,2,833.6000000238419,99263.29999995232,8121,WL,B,1.0
1,1.4170000553131104,learn,58582.99994468689,Tue Aug 04 2026 14:43:55 GMT-0500 (Central Daylight Time),100679.20000004768,A,str,I,r,562,2,1415.9000000953674,99263.29999995232,8121,WL,B,1.0
1,1.5,learn,58500.0,Tue Aug 04 2026 14:43:55 GMT-0500 (Central Daylight Time),100762.5,A,stre,I,e,67,2,1499.2000000476837,99263.29999995232,8121,WL,B,1.0
1,1.7330000400543213,learn,58266.99995994568,Tue Aug 04 2026 14:43:55 GMT-0500 (Central Daylight Time),100995.89999997616,A,stree,I,e,225,2,1732.6000000238419,99263.29999995232,8121,WL,B,1.0
1,1.9830000400543213,learn,58016.99995994568,Tue Aug 04 2026 14:43:55 GMT-0500 (Central Daylight Time),101245.60000002384,A,street,I,t,231,2,1982.3000000715256,99263.29999995232,8121,WL,B,1.0
1,4.131999969482422,learn,55868.00003051758,Tue Aug 04 2026 14:43:55 GMT-0500 (Central Daylight Time),103395.10000002384,A,streetenter,I,enter,2141,2,4131.800000071526,99263.29999995232,8121,WL,B,1.0
1,5.049000024795532,learn,54950.99997520447,Tue Aug 04 2026 14:43:55 GMT-0500 (Central Daylight Time),104311.60000002384,A,d,I,d,904,2,915.8999999761581,103395.70000004768,8121,WL,B,2.0
1,5.199000120162964,learn,54800.999879837036,Tue Aug 04 2026 14:43:55 GMT-0500 (Central Daylight Time),104461.79999995232,A,do,I,o,132,2,1066.0999999046326,103395.70000004768,8121,WL,B,2.0
1,5.398999929428101,learn,54601.0000705719,Tue Aug 04 2026 14:43:55 GMT-0500 (Central Daylight Time),104661.5,A,doo,I,o,182,2,1265.7999999523163,103395.70000004768,8121,WL,B,2.0
1,5.582000017166138,learn,54417.99998283386,Tue Aug 04 2026 14:43:55 GMT-0500 (Central Daylight Time),104844.70000004768,A,door,I,r,173,2,1449.0,103395.70000004768,8121,WL,B,2.0
1,6.365000009536743,learn,53634.99999046326,Tue Aug 04 2026 14:43:55 GMT-0500 (Central Daylight Time),105627.60000002384,A,doorenter,I,enter,765,2,2231.899999976158,103395.70000004768,8121,WL,B,2.0
1,7.3480000495910645,learn,52651.999950408936,Tue Aug 04 2026 14:43:55 GMT-0500 (Central Daylight Time),106610.89999997616,A,g,I,g,968,2,982.6999999284744,105628.20000004768,8121,WL,B,3.0
1,7.5980000495910645,learn,52401.999950408936,Tue Aug 04 2026 14:43:55 GMT-0500 (Central Daylight Time),106860.70000004768,A,gr,I,r,233,2,1232.5,105628.20000004768,8121,WL,B,3.0
1,7.982000112533569,learn,52017.99988746643,Tue Aug 04 2026 14:43:55 GMT-0500 (Central Daylight Time),107244.89999997616,A,gra,I,a,367,2,1616.6999999284744,105628.20000004768,8121,WL,B,3.0
1,8.180999994277954,learn,51819.000005722046,Tue Aug 04 2026 14:43:55 GMT-0500 (Central Daylight Time),107443.89999997616,A,gras,I,s,182,2,1815.6999999284744,105628.20000004768,8121,WL,B,3.0
1,8.38100004196167,learn,51618.99995803833,Tue Aug 04 2026 14:43:55 GMT-0500 (Central Daylight Time),107643.79999995232,A,grass,I,s,192,2,2015.5999999046326,105628.20000004768,8121,WL,B,3.0
1,8.88100004196167,learn,51118.99995803833,Tue Aug 04 2026 14:43:55 GMT-0500 (Central Daylight Time),108143.60000002384,A,grassenter,I,enter,480,2,2515.399999976158,105628.20000004768,8121,WL,B,3.0
1,9.29800009727478,learn,50701.99990272522,Tue Aug 04 2026 14:43:55 GMT-0500 (Central Daylight Time),108560.20000004768,A,a,I,a,404,2,416.2000000476837,108144.0,8121,WL,B,4.0
1,9.513999938964844,learn,50486.000061035156,Tue Aug 04 2026 14:43:55 GMT-0500 (Central Daylight Time),108776.89999997616,A,ar,I,r,195,2,632.8999999761581,108144.0,8121,WL,B,4.0
1,9.814000129699707,learn,50185.99987030029,Tue Aug 04 2026 14:43:55 GMT-0500 (Central Daylight Time),109076.60000002384,A,arm,I,m,291,2,932.6000000238419,108144.0,8121,WL,B,4.0
1,10.46399998664856,learn,49536.00001335144,Tue Aug 04 2026 14:43:55 GMT-0500 (Central Daylight Time),109726.29999995232,A,armenter,I,enter,639,2,1582.2999999523163,108144.0,8121,WL,B,4.0
1,12.180000066757202,learn,47819.9999332428,Tue Aug 04 2026 14:43:55 GMT-0500 (Central Daylight Time),111442.60000002384,A,f,I,f,1701,2,1715.8000000715256,109726.79999995232,8121,WL,B,5.0
1,12.312999963760376,learn,47687.000036239624,Tue Aug 04 2026 14:43:55 GMT-0500 (Central Daylight Time),111575.89999997616,A,fi,I,i,113,2,1849.1000000238419,109726.79999995232,8121,WL,B,5.0
1,12.44700002670288,learn,47552.99997329712,Tue Aug 04 2026 14:43:55 GMT-0500 (Central Daylight Time),111709.20000004768,A,fir,I,r,116,2,1982.4000000953674,109726.79999995232,8121,WL,B,5.0
1,12.564000129699707,learn,47435.99987030029,Tue Aug 04 2026 14:43:55 GMT-0500 (Central Daylight Time),111826.79999995232,A,fire,I,e,111,2,2100.0,109726.79999995232,8121,WL,B,5.0
1,12.895999908447266,learn,47104.000091552734,Tue Aug 04 2026 14:43:55 GMT-0500 (Central Daylight Time),112159.0,A,fireenter,I,enter,313,2,2432.2000000476837,109726.79999995232,8121,WL,B,5.0
1,13.163000106811523,learn,46836.99989318848,Tue Aug 04 2026 14:43:55 GMT-0500 (Central Daylight Time),112425.5,A,s,I,s,261,2,266.2000000476837,112159.29999995232,8121,WL,B,6.0
1,13.27999997138977,learn,46720.00002861023,Tue Aug 04 2026 14:43:55 GMT-0500 (Central Daylight Time),112542.20000004768,A,sk,I,k,106,2,382.90000009536743,112159.29999995232,8121,WL,B,6.0
1,13.564000129699707,learn,46435.99987030029,Tue Aug 04 2026 14:43:55 GMT-0500 (Central Daylight Time),112826.5,A,ski,I,i,276,2,667.2000000476837,112159.29999995232,8121,WL,B,6.0
1,13.680000066757202,learn,46319.9999332428,Tue Aug 04 2026 14:43:55 GMT-0500 (Central Daylight Time),112943.10000002384,A,skin,I,n,97,2,783.8000000715256,112159.29999995232,8121,WL,B,6.0
1,14.461999893188477,learn,45538.00010681152,Tue Aug 04 2026 14:43:55 GMT-0500 (Central Daylight Time),113724.89999997616,A,skinenter,I,enter,764,2,1565.6000000238419,112159.29999995232,8121,WL,B,6.0
1,18.061000108718872,learn,41938.99989128113,Tue Aug 04 2026 14:43:55 GMT-0500 (Central Daylight Time),117324.0,A,p,I,p,3590,2,3598.7999999523163,113725.20000004768,8121,WL,B,7.0
1,19.41100001335144,learn,40588.99998664856,Tue Aug 04 2026 14:43:55 GMT-0500 (Central Daylight Time),118673.60000002384,A,pi,I,i,1328,2,4948.399999976158,113725.20000004768,8121,WL,B,7.0
1,19.627000093460083,learn,40372.99990653992,Tue Aug 04 2026 14:43:55 GMT-0500 (Central Daylight Time),118889.89999997616,A,pil,I,l,209,2,5164.699999928474,113725.20000004768,8121,WL,B,7.0
1,19.861000061035156,learn,40138.999938964844,Tue Aug 04 2026 14:43:55 GMT-0500 (Central Daylight Time),119123.29999995232,A,pilo,I,o,218,2,5398.099999904633,113725.20000004768,8121,WL,B,7.0
1,20.17799997329712,learn,39822.00002670288,Tue Aug 04 2026 14:43:55 GMT-0500 (Central Daylight Time),119441.10000002384,A,pilot,I,t,305,2,5715.899999976158,113725.20000004768,8121,WL,B,7.0
1,21.30999994277954,learn,38690.00005722046,Tue Aug 04 2026 14:43:55 GMT-0500 (Central Daylight Time),120573.0,A,pilotenter,I,enter,1122,2,6847.799999952316,113725.20000004768,8121,WL,B,7.0
1,49.484999895095825,learn,10515.000104904175,Tue Aug 04 2026 14:43:55 GMT-0500 (Central Daylight Time),148747.60000002384,A,enter,I,enter,28159,2,28174.100000023842,120573.5,8121,WL,B,8.0
1,50.8510000705719,learn,9148.9999294281,Tue Aug 04 2026 14:43:55 GMT-0500 (Central Daylight Time),150113.79999995232,A,enter,I,enter,1352,2,1365.7999999523163,148748.0,8121,WL,B,9.0
1,51.26800012588501,learn,8731.99987411499,Tue Aug 04 2026 14:43:55 GMT-0500 (Central Daylight Time),150530.5,A,enter,I,enter,402,2,416.2999999523163,150114.20000004768,8121,WL,B,10.0
1,51.75099992752075,learn,8249.000072479248,Tue Aug 04 2026 14:43:55 GMT-0500 (Central Daylight Time),151013.60000002384,A,enter,I,enter,473,2,482.7000000476837,150530.89999997616,8121,WL,B,11.0
1,52.26699995994568,learn,7733.000040054321,Tue Aug 04 2026 14:43:55 GMT-0500 (Central Daylight Time),151529.79999995232,A,enter,I,enter,502,2,515.6999999284744,151014.10000002384,8121,WL,B,12.0
1,59.6489999294281,learn,351.0000705718994,Tue Aug 04 2026 14:43:55 GMT-0500 (Central Daylight Time),158912.20000004768,A,enter,I,enter,7371,2,7382.100000023842,151530.10000002384,8121,WL,B,13.0
1,60.01600003242493,learn,-16.000032424926758,Tue Aug 04 2026 14:43:55 GMT-0500 (Central Daylight Time),159278.39999997616,A,None,I,None,360,2,365.7999999523163,158912.60000002384,8121,WL,B,14.0
2,1.7340002059936523,learn,58265.99979400635,Tue Aug 04 2026 14:43:55 GMT-0500 (Central Daylight Time),227290.60000002384,A,s,I,s,1728,2,1733.7000000476837,225556.89999997616,8121,WL,B,1.0
2,1.9160001277923584,learn,58083.99987220764,Tue Aug 04 2026 14:43:55 GMT-0500 (Central Daylight Time),227472.89999997616,A,st,I,t,169,2,1916.0,225556.89999997616,8121,WL,B,1.0
2,2.1660001277923584,learn,57833.99987220764,Tue Aug 04 2026 14:43:55 GMT-0500 (Central Daylight Time),227722.89999997616,A,str,I,r,236,2,2166.0,225556.89999997616,8121,WL,B,1.0
2,2.249000072479248,learn,57750.99992752075,Tue Aug 04 2026 14:43:55 GMT-0500 (Central Daylight Time),227805.89999997616,A,stre,I,e,66,2,2249.0,225556.89999997616,8121,WL,B,1.0
2,2.882000207901001,learn,57117.999792099,Tue Aug 04 2026 14:43:55 GMT-0500 (Central Daylight Time),228439.20000004768,A,stree,I,e,614,2,2882.3000000715256,225556.89999997616,8121,WL,B,1.0
2,3.182000160217285,learn,56817.999839782715,Tue Aug 04 2026 14:43:55 GMT-0500 (Central Daylight Time),228739.10000002384,A,street,I,t,293,2,3182.2000000476837,225556.89999997616,8121,WL,B,1.0
2,4.0320000648498535,learn,55967.99993515015,Tue Aug 04 2026 14:43:55 GMT-0500 (Central Daylight Time),229588.70000004768,A,streetenter,I,enter,833,2,4031.8000000715256,225556.89999997616,8121,WL,B,1.0
2,4.432000160217285,learn,55567.999839782715,Tue Aug 04 2026 14:43:55 GMT-0500 (Central Daylight Time),229988.70000004768,A,g,I,g,391,2,399.7000000476837,229589.0,8121,WL,B,2.0
2,4.632000207901001,learn,55367.999792099,Tue Aug 04 2026 14:43:55 GMT-0500 (Central Daylight Time),230188.60000002384,A,gr,I,r,191,2,599.6000000238419,229589.0,8121,WL,B,2.0
2,4.765000104904175,learn,55234.999895095825,Tue Aug 04 2026 14:43:55 GMT-0500 (Central Daylight Time),230322.10000002384,A,gre,I,e,113,2,733.1000000238419,229589.0,8121,WL,B,2.0
2,5.265000104904175,learn,54734.999895095825,Tue Aug 04 2026 14:43:55 GMT-0500 (Central Daylight Time),230822.0,A,gr,I,backspace,482,2,1233.0,229589.0,8121,WL,B,2.0
2,5.448000192642212,learn,54551.99980735779,Tue Aug 04 2026 14:43:55 GMT-0500 (Central Daylight Time),231005.10000002384,A,gra,I,a,174,2,1416.1000000238419,229589.0,8121,WL,B,2.0
2,5.581000089645386,learn,54418.999910354614,Tue Aug 04 2026 14:43:55 GMT-0500 (Central Daylight Time),231138.0,A,gras,I,s,127,2,1549.0,229589.0,8121,WL,B,2.0
2,5.79800009727478,learn,54201.99990272522,Tue Aug 04 2026 14:43:55 GMT-0500 (Central Daylight Time),231354.89999997616,A,grass,I,s,202,2,1765.8999999761581,229589.0,8121,WL,B,2.0
2,6.031000137329102,learn,53968.9998626709,Tue Aug 04 2026 14:43:55 GMT-0500 (Central Daylight Time),231588.29999995232,A,grassenter,I,enter,225,2,1999.2999999523163,229589.0,8121,WL,B,2.0
2,6.365000009536743,learn,53634.99999046326,Tue Aug 04 2026 14:43:55 GMT-0500 (Central Daylight Time),231922.5,A,d,I,d,312,2,333.7000000476837,231588.79999995232,8121,WL,B,3.0
2,6.481000185012817,learn,53518.99981498718,Tue Aug 04 2026 14:43:55 GMT-0500 (Central Daylight Time),232037.89999997616,A,do,I,o,105,2,449.10000002384186,231588.79999995232,8121,WL,B,3.0
2,6.680999994277954,learn,53319.000005722046,Tue Aug 04 2026 14:43:55 GMT-0500 (Central Daylight Time),232238.10000002384,A,dor,I,r,182,2,649.3000000715256,231588.79999995232,8121,WL,B,3.0
2,7.180999994277954,learn,52819.000005722046,Tue Aug 04 2026 14:43:55 GMT-0500 (Central Daylight Time),232737.89999997616,A,do,I,backspace,494,2,1149.1000000238419,231588.79999995232,8121,WL,B,3.0
2,7.364000082015991,learn,52635.99991798401,Tue Aug 04 2026 14:43:55 GMT-0500 (Central Daylight Time),232921.29999995232,A,doo,I,o,170,2,1332.5,231588.79999995232,8121,WL,B,3.0
2,7.498000144958496,learn,52501.999855041504,Tue Aug 04 2026 14:43:55 GMT-0500 (Central Daylight Time),233054.70000004768,A,door,I,r,115,2,1465.9000000953674,231588.79999995232,8121,WL,B,3.0
2,8.081000089645386,learn,51918.999910354614,Tue Aug 04 2026 14:43:55 GMT-0500 (Central Daylight Time),233637.70000004768,A,doorenter,I,enter,574,2,2048.9000000953674,231588.79999995232,8121,WL,B,3.0
2,8.514000177383423,learn,51485.99982261658,Tue Aug 04 2026 14:43:55 GMT-0500 (Central Daylight Time),234070.70000004768,A,a,I,a,413,2,432.60000002384186,233638.10000002384,8121,WL,B,4.0
2,8.647000074386597,learn,51352.9999256134,Tue Aug 04 2026 14:43:55 GMT-0500 (Central Daylight Time),234204.20000004768,A,ar,I,r,125,2,566.1000000238419,233638.10000002384,8121,WL,B,4.0
2,8.897000074386597,learn,51102.9999256134,Tue Aug 04 2026 14:43:55 GMT-0500 (Central Daylight Time),234453.89999997616,A,arm,I,m,240,2,815.7999999523163,233638.10000002384,8121,WL,B,4.0
2,9.330000162124634,learn,50669.999837875366,Tue Aug 04 2026 14:43:55 GMT-0500 (Central Daylight Time),234887.20000004768,A,armenter,I,enter,422,2,1249.1000000238419,233638.10000002384,8121,WL,B,4.0
2,9.747000217437744,learn,50252.999782562256,Tue Aug 04 2026 14:43:55 GMT-0500 (Central Daylight Time),235303.79999995232,A,s,I,s,397,2,416.1999999284744,234887.60000002384,8121,WL,B,5.0
2,9.930000066757202,learn,50069.9999332428,Tue Aug 04 2026 14:43:55 GMT-0500 (Central Daylight Time),235486.89999997616,A,st,I,t,173,2,599.2999999523163,234887.60000002384,8121,WL,B,5.0
2,10.130000114440918,learn,49869.99988555908,Tue Aug 04 2026 14:43:55 GMT-0500 (Central Daylight Time),235687.10000002384,A,sta,I,a,190,2,799.5,234887.60000002384,8121,WL,B,5.0
2,10.313000202178955,learn,49686.999797821045,Tue Aug 04 2026 14:43:55 GMT-0500 (Central Daylight Time),235870.29999995232,A,star,I,r,173,2,982.6999999284744,234887.60000002384,8121,WL,B,5.0
2,10.61300015449524,learn,49386.99984550476,Tue Aug 04 2026 14:43:55 GMT-0500 (Central Daylight Time),236170.29999995232,A,starenter,I,enter,286,2,1282.6999999284744,234887.60000002384,8121,WL,B,5.0
2,11.396000146865845,learn,48603.999853134155,Tue Aug 04 2026 14:43:55 GMT-0500 (Central Daylight Time),236953.39999997616,A,w,I,w,762,2,782.7999999523163,236170.60000002384,8121,WL,B,6.0
2,11.53000020980835,learn,48469.99979019165,Tue Aug 04 2026 14:43:55 GMT-0500 (Central Daylight Time),237086.60000002384,A,wi,I,i,123,2,916.0,236170.60000002384,8121,WL,B,6.0
2,11.713000059127808,learn,48286.99994087219,Tue Aug 04 2026 14:43:55 GMT-0500 (Central Daylight Time),237269.70000004768,A,wif,I,f,174,2,1099.1000000238419,236170.60000002384,8121,WL,B,6.0
2,11.963000059127808,learn,48036.99994087219,Tue Aug 04 2026 14:43:55 GMT-0500 (Central Daylight Time),237519.60000002384,A,wife,I,e,231,2,1349.0,236170.60000002384,8121,WL,B,6.0
2,12.146000146865845,learn,47853.999853134155,Tue Aug 04 2026 14:43:55 GMT-0500 (Central Daylight Time),237703.10000002384,A,wifeenter,I,enter,165,2,1532.5,236170.60000002384,8121,WL,B,6.0
2,12.379000186920166,learn,47620.999813079834,Tue Aug 04 2026 14:43:55 GMT-0500 (Central Daylight Time),237936.10000002384,A,s,I,s,221,2,232.70000004768372,237703.39999997616,8121,WL,B,7.0
2,12.562000036239624,learn,47437.999963760376,Tue Aug 04 2026 14:43:55 GMT-0500 (Central Daylight Time),238119.60000002384,A,si,I,i,172,2,416.2000000476837,237703.39999997616,8121,WL,B,7.0
2,12.696000099182129,learn,47303.99990081787,Tue Aug 04 2026 14:43:55 GMT-0500 (Central Daylight Time),238252.79999995232,A,sin,I,n,125,2,549.3999999761581,237703.39999997616,8121,WL,B,7.0
2,12.92900013923645,learn,47070.99986076355,Tue Aug 04 2026 14:43:55 GMT-0500 (Central Daylight Time),238486.10000002384,A,sind,I,d,224,2,782.7000000476837,237703.39999997616,8121,WL,B,7.0
2,13.162000179290771,learn,46837.99982070923,Tue Aug 04 2026 14:43:55 GMT-0500 (Central Daylight Time),238719.29999995232,A,sindo,I,o,214,2,1015.8999999761581,237703.39999997616,8121,WL,B,7.0
2,13.76200008392334,learn,46237.99991607666,Tue Aug 04 2026 14:43:55 GMT-0500 (Central Daylight Time),239319.39999997616,A,sind,I,backspace,581,2,1616.0,237703.39999997616,8121,WL,B,7.0
2,14.111999988555908,learn,45888.00001144409,Tue Aug 04 2026 14:43:55 GMT-0500 (Central Daylight Time),239669.10000002384,A,sin,I,backspace,341,2,1965.7000000476837,237703.39999997616,8121,WL,B,7.0
2,14.328999996185303,learn,45671.0000038147,Tue Aug 04 2026 14:43:55 GMT-0500 (Central Daylight Time),239886.0,A,si,I,backspace,199,2,2182.600000023842,237703.39999997616,8121,WL,B,7.0
2,14.528000116348267,learn,45471.99988365173,Tue Aug 04 2026 14:43:55 GMT-0500 (Central Daylight Time),240085.29999995232,A,s,I,backspace,182,2,2381.899999976158,237703.39999997616,8121,WL,B,7.0
2,14.729000091552734,learn,45270.999908447266,Tue Aug 04 2026 14:43:55 GMT-0500 (Central Daylight Time),240285.89999997616,A,,I,backspace,191,2,2582.5,237703.39999997616,8121,WL,B,7.0
2,14.928000211715698,learn,45071.9997882843,Tue Aug 04 2026 14:43:55 GMT-0500 (Central Daylight Time),240485.29999995232,A,w,I,w,191,2,2781.899999976158,237703.39999997616,8121,WL,B,7.0
2,15.07800006866455,learn,44921.99993133545,Tue Aug 04 2026 14:43:55 GMT-0500 (Central Daylight Time),240635.39999997616,A,wo,I,o,143,2,2932.0,237703.39999997616,8121,WL,B,7.0
2,15.545000076293945,learn,44454.999923706055,Tue Aug 04 2026 14:43:55 GMT-0500 (Central Daylight Time),241102.0,A,w,I,backspace,449,2,3398.600000023842,237703.39999997616,8121,WL,B,7.0
2,15.728000164031982,learn,44271.99983596802,Tue Aug 04 2026 14:43:55 GMT-0500 (Central Daylight Time),241285.39999997616,A,wi,I,i,166,2,3582.0,237703.39999997616,8121,WL,B,7.0
2,16.311000108718872,learn,43688.99989128113,Tue Aug 04 2026 14:43:55 GMT-0500 (Central Daylight Time),241868.39999997616,A,wio,I,o,575,2,4165.0,237703.39999997616,8121,WL,B,7.0
2,16.444000005722046,learn,43555.999994277954,Tue Aug 04 2026 14:43:55 GMT-0500 (Central Daylight Time),242001.70000004768,A,wion,I,n,120,2,4298.300000071526,237703.39999997616,8121,WL,B,7.0
2,16.6780002117157,learn,43321.9997882843,Tue Aug 04 2026 14:43:55 GMT-0500 (Central Daylight Time),242235.0,A,wiond,I,d,226,2,4531.600000023842,237703.39999997616,8121,WL,B,7.0
2,17.41100001335144,learn,42588.99998664856,Tue Aug 04 2026 14:43:55 GMT-0500 (Central Daylight Time),242968.10000002384,A,wion,I,backspace,712,2,5264.700000047684,237703.39999997616,8121,WL,B,7.0
2,17.627000093460083,learn,42372.99990653992,Tue Aug 04 2026 14:43:55 GMT-0500 (Central Daylight Time),243184.60000002384,A,wio,I,backspace,204,2,5481.200000047684,237703.39999997616,8121,WL,B,7.0
2,17.925000190734863,learn,42074.99980926514,Tue Aug 04 2026 14:43:55 GMT-0500 (Central Daylight Time),243482.5,A,wi,I,backspace,293,2,5779.100000023842,237703.39999997616,8121,WL,B,7.0
2,18.14300012588501,learn,41856.99987411499,Tue Aug 04 2026 14:43:55 GMT-0500 (Central Daylight Time),243700.70000004768,A,win,I,n,208,2,5997.300000071526,237703.39999997616,8121,WL,B,7.0
2,18.594000101089478,learn,41405.99989891052,Tue Aug 04 2026 14:43:55 GMT-0500 (Central Daylight Time),244150.89999997616,A,wind,I,d,430,2,6447.5,237703.39999997616,8121,WL,B,7.0
2,18.694000005722046,learn,41305.999994277954,Tue Aug 04 2026 14:43:55 GMT-0500 (Central Daylight Time),244251.0,A,windo,I,o,85,2,6547.600000023842,237703.39999997616,8121,WL,B,7.0
2,18.97699999809265,learn,41023.00000190735,Tue Aug 04 2026 14:43:55 GMT-0500 (Central Daylight Time),244534.29999995232,A,window,I,w,273,2,6830.899999976158,237703.39999997616,8121,WL,B,7.0
2,19.292999982833862,learn,40707.00001716614,Tue Aug 04 2026 14:43:55 GMT-0500 (Central Daylight Time),244850.5,A,windowenter,I,enter,309,2,7147.100000023842,237703.39999997616,8121,WL,B,7.0
2,19.743000030517578,learn,40256.99996948242,Tue Aug 04 2026 14:43:55 GMT-0500 (Central Daylight Time),245300.5,A,p,I,p,434,2,449.7999999523163,244850.70000004768,8121,WL,B,8.0
2,19.877000093460083,learn,40122.99990653992,Tue Aug 04 2026 14:43:55 GMT-0500 (Central Daylight Time),245433.79999995232,A,pu,I,u,119,2,583.0999999046326,244850.70000004768,8121,WL,B,8.0
2,20.343000173568726,learn,39656.999826431274,Tue Aug 04 2026 14:43:55 GMT-0500 (Central Daylight Time),245900.5,A,pup,I,p,450,2,1049.7999999523163,244850.70000004768,8121,WL,B,8.0
2,20.542999982833862,learn,39457.00001716614,Tue Aug 04 2026 14:43:55 GMT-0500 (Central Daylight Time),246100.5,A,pupi,I,i,184,2,1249.7999999523163,244850.70000004768,8121,WL,B,8.0
2,20.81000018119812,learn,39189.99981880188,Tue Aug 04 2026 14:43:55 GMT-0500 (Central Daylight Time),246366.89999997616,A,pupil,I,l,248,2,1516.1999999284744,244850.70000004768,8121,WL,B,8.0
2,21.14300012588501,learn,38856.99987411499,Tue Aug 04 2026 14:43:55 GMT-0500 (Central Daylight Time),246700.0,A,pupilenter,I,enter,325,2,1849.2999999523163,244850.70000004768,8121,WL,B,8.0
2,21.4760000705719,learn,38523.9999294281,Tue Aug 04 2026 14:43:55 GMT-0500 (Central Daylight Time),247033.5,A,c,I,c,321,2,333.2000000476837,246700.29999995232,8121,WL,B,9.0
2,21.659000158309937,learn,38340.99984169006,Tue Aug 04 2026 14:43:55 GMT-0500 (Central Daylight Time),247216.70000004768,A,ca,I,a,163,2,516.4000000953674,246700.29999995232,8121,WL,B,9.0
2,21.861000061035156,learn,38138.999938964844,Tue Aug 04 2026 14:43:55 GMT-0500 (Central Daylight Time),247417.89999997616,A,cab,I,b,188,2,717.6000000238419,246700.29999995232,8121,WL,B,9.0
2,22.076000213623047,learn,37923.99978637695,Tue Aug 04 2026 14:43:55 GMT-0500 (Central Daylight Time),247633.60000002384,A,cabi,I,i,202,2,933.3000000715256,246700.29999995232,8121,WL,B,9.0
2,22.276000022888184,learn,37723.99997711182,Tue Aug 04 2026 14:43:55 GMT-0500 (Central Daylight Time),247833.10000002384,A,cabin,I,n,179,2,1132.8000000715256,246700.29999995232,8121,WL,B,9.0
2,23.05900001525879,learn,36940.99998474121,Tue Aug 04 2026 14:43:55 GMT-0500 (Central Daylight Time),248616.20000004768,A,cabinenter,I,enter,771,2,1915.9000000953674,246700.29999995232,8121,WL,B,9.0
2,24.77500009536743,learn,35224.99990463257,Tue Aug 04 2026 14:43:55 GMT-0500 (Central Daylight Time),250332.20000004768,A,f,I,f,1700,2,1715.7000000476837,248616.5,8121,WL,B,10.0
2,24.925000190734863,learn,35074.99980926514,Tue Aug 04 2026 14:43:55 GMT-0500 (Central Daylight Time),250482.29999995232,A,fi,I,i,144,2,1865.7999999523163,248616.5,8121,WL,B,10.0
2,25.125,learn,34875.0,Tue Aug 04 2026 14:43:55 GMT-0500 (Central Daylight Time),250682.10000002384,A,fir,I,r,194,2,2065.600000023842,248616.5,8121,WL,B,10.0
2,25.375,learn,34625.0,Tue Aug 04 2026 14:43:55 GMT-0500 (Central Daylight Time),250932.0,A,fire,I,e,242,2,2315.5,248616.5,8121,WL,B,10.0
2,25.558000087738037,learn,34441.99991226196,Tue Aug 04 2026 14:43:55 GMT-0500 (Central Daylight Time),251115.5,A,fireenter,I,enter,177,2,2499.0,248616.5,8121,WL,B,10.0
2,25.77500009536743,learn,34224.99990463257,Tue Aug 04 2026 14:43:55 GMT-0500 (Central Daylight Time),251332.10000002384,A,s,I,s,209,2,216.30000007152557,251115.79999995232,8121,WL,B,11.0
2,25.925000190734863,learn,34074.99980926514,Tue Aug 04 2026 14:43:55 GMT-0500 (Central Daylight Time),251481.79999995232,A,sk,I,k,128,2,366.0,251115.79999995232,8121,WL,B,11.0
2,26.157999992370605,learn,33842.000007629395,Tue Aug 04 2026 14:43:55 GMT-0500 (Central Daylight Time),251714.89999997616,A,ski,I,i,226,2,599.1000000238419,251115.79999995232,8121,WL,B,11.0
2,26.308000087738037,learn,33691.99991226196,Tue Aug 04 2026 14:43:55 GMT-0500 (Central Daylight Time),251865.60000002384,A,skin,I,n,129,2,749.8000000715256,251115.79999995232,8121,WL,B,11.0
2,26.925000190734863,learn,33074.99980926514,Tue Aug 04 2026 14:43:55 GMT-0500 (Central Daylight Time),252481.70000004768,A,skinenter,I,enter,596,2,1365.9000000953674,251115.79999995232,8121,WL,B,11.0
2,28.424000024795532,learn,31575.999975204468,Tue Aug 04 2026 14:43:55 GMT-0500 (Central Daylight Time),253981.20000004768,A,p,I,p,1483,2,1499.2000000476837,252482.0,8121,WL,B,12.0
2,28.574000120162964,learn,31425.999879837036,Tue Aug 04 2026 14:43:55 GMT-0500 (Central Daylight Time),254131.10000002384,A,pi,I,i,134,2,1649.1000000238419,252482.0,8121,WL,B,12.0
2,28.957000017166138,learn,31042.999982833862,Tue Aug 04 2026 14:43:55 GMT-0500 (Central Daylight Time),254514.5,A,pip,I,p,369,2,2032.5,252482.0,8121,WL,B,12.0
2,29.457000017166138,learn,30542.999982833862,Tue Aug 04 2026 14:43:55 GMT-0500 (Central Daylight Time),255014.0,A,pipe,I,e,482,2,2532.0,252482.0,8121,WL,B,12.0
2,30.02400016784668,learn,29975.99983215332,Tue Aug 04 2026 14:43:55 GMT-0500 (Central Daylight Time),255580.70000004768,A,pipeenter,I,enter,550,2,3098.7000000476837,252482.0,8121,WL,B,12.0
2,30.27300000190735,learn,29726.99999809265,Tue Aug 04 2026 14:43:55 GMT-0500 (Central Daylight Time),255830.60000002384,A,c,I,c,232,2,249.60000002384186,255581.0,8121,WL,B,13.0
2,30.390000104904175,learn,29609.999895095825,Tue Aug 04 2026 14:43:55 GMT-0500 (Central Daylight Time),255947.20000004768,A,ci,I,i,110,2,366.2000000476837,255581.0,8121,WL,B,13.0
2,30.59000015258789,learn,29409.99984741211,Tue Aug 04 2026 14:43:55 GMT-0500 (Central Daylight Time),256147.20000004768,A,cit,I,t,193,2,566.2000000476837,255581.0,8121,WL,B,13.0
2,30.740000009536743,learn,29259.999990463257,Tue Aug 04 2026 14:43:55 GMT-0500 (Central Daylight Time),256297.29999995232,A,city,I,y,137,2,716.2999999523163,255581.0,8121,WL,B,13.0
2,31.27300000190735,learn,28726.99999809265,Tue Aug 04 2026 14:43:55 GMT-0500 (Central Daylight Time),256830.10000002384,A,cityenter,I,enter,523,2,1249.1000000238419,255581.0,8121,WL,B,13.0
2,52.700000047683716,learn,7299.999952316284,Tue Aug 04 2026 14:43:55 GMT-0500 (Central Daylight Time),278257.0,A,enter,I,enter,21415,2,21426.600000023842,256830.39999997616,8121,WL,B,14.0
2,54.632000207901,learn,5367.999792098999,Tue Aug 04 2026 14:43:55 GMT-0500 (Central Daylight Time),280189.60000002384,A,enter,I,enter,1923,2,1932.2000000476837,278257.39999997616,8121,WL,B,15.0
3,1.7829999923706055,learn,58217.000007629395,Tue Aug 04 2026 14:43:55 GMT-0500 (Central Daylight Time),346635.2000000477,A,s,I,s,1774,2,1782.4000000953674,344852.7999999523,8121,WL,B,1.0
3,1.9500000476837158,learn,58049.999952316284,Tue Aug 04 2026 14:43:55 GMT-0500 (Central Daylight Time),346802.10000002384,A,st,I,t,152,2,1949.3000000715256,344852.7999999523,8121,WL,B,1.0
3,2.183000087738037,learn,57816.99991226196,Tue Aug 04 2026 14:43:55 GMT-0500 (Central Daylight Time),347035.60000002384,A,str,I,r,218,2,2182.8000000715256,344852.7999999523,8121,WL,B,1.0
3,2.2669999599456787,learn,57733.00004005432,Tue Aug 04 2026 14:43:55 GMT-0500 (Central Daylight Time),347119.0,A,stre,I,e,73,2,2266.2000000476837,344852.7999999523,8121,WL,B,1.0
3,2.4830000400543213,learn,57516.99995994568,Tue Aug 04 2026 14:43:55 GMT-0500 (Central Daylight Time),347335.39999997616,A,stree,I,e,197,2,2482.600000023842,344852.7999999523,8121,WL,B,1.0
3,2.6489999294281006,learn,57351.0000705719,Tue Aug 04 2026 14:43:55 GMT-0500 (Central Daylight Time),347501.7999999523,A,street,I,t,157,2,2649.0,344852.7999999523,8121,WL,B,1.0
3,3.365999937057495,learn,56634.000062942505,Tue Aug 04 2026 14:43:55 GMT-0500 (Central Daylight Time),348218.2999999523,A,streetenter,I,enter,703,2,3365.5,344852.7999999523,8121,WL,B,1.0
3,3.7990000247955322,learn,56200.99997520447,Tue Aug 04 2026 14:43:55 GMT-0500 (Central Daylight Time),348651.39999997616,A,g,I,g,418,2,432.7999999523163,348218.60000002384,8121,WL,B,2.0
3,3.999000072479248,learn,56000.99992752075,Tue Aug 04 2026 14:43:55 GMT-0500 (Central Daylight Time),348851.39999997616,A,gr,I,r,193,2,632.7999999523163,348218.60000002384,8121,WL,B,2.0
3,4.199000120162964,learn,55800.999879837036,Tue Aug 04 2026 14:43:55 GMT-0500 (Central Daylight Time),349051.5,A,gra,I,a,185,2,832.8999999761581,348218.60000002384,8121,WL,B,2.0
3,4.348999977111816,learn,55651.00002288818,Tue Aug 04 2026 14:43:55 GMT-0500 (Central Daylight Time),349201.39999997616,A,gras,I,s,136,2,982.7999999523163,348218.60000002384,8121,WL,B,2.0
3,4.5329999923706055,learn,55467.000007629395,Tue Aug 04 2026 14:43:55 GMT-0500 (Central Daylight Time),349385.0,A,grass,I,s,171,2,1166.3999999761581,348218.60000002384,8121,WL,B,2.0
3,4.916000127792358,learn,55083.99987220764,Tue Aug 04 2026 14:43:55 GMT-0500 (Central Daylight Time),349768.0,A,grassenter,I,enter,362,2,1549.3999999761581,348218.60000002384,8121,WL,B,2.0
3,5.365999937057495,learn,54634.000062942505,Tue Aug 04 2026 14:43:55 GMT-0500 (Central Daylight Time),350217.89999997616,A,d,I,d,429,2,449.6999999284744,349768.2000000477,8121,WL,B,3.0
3,5.499000072479248,learn,54500.99992752075,Tue Aug 04 2026 14:43:55 GMT-0500 (Central Daylight Time),350350.89999997616,A,do,I,o,115,2,582.6999999284744,349768.2000000477,8121,WL,B,3.0
3,5.664999961853027,learn,54335.00003814697,Tue Aug 04 2026 14:43:55 GMT-0500 (Central Daylight Time),350517.7999999523,A,doo,I,o,149,2,749.5999999046326,349768.2000000477,8121,WL,B,3.0
3,5.7829999923706055,learn,54217.000007629395,Tue Aug 04 2026 14:43:55 GMT-0500 (Central Daylight Time),350635.2000000477,A,door,I,r,110,2,867.0,349768.2000000477,8121,WL,B,3.0
3,6.0320000648498535,learn,53967.99993515015,Tue Aug 04 2026 14:43:55 GMT-0500 (Central Daylight Time),350884.0,A,doorenter,I,enter,241,2,1115.7999999523163,349768.2000000477,8121,WL,B,3.0
3,6.315999984741211,learn,53684.00001525879,Tue Aug 04 2026 14:43:55 GMT-0500 (Central Daylight Time),351168.0,A,a,I,a,272,2,283.60000002384186,350884.39999997616,8121,WL,B,4.0
3,6.447999954223633,learn,53552.00004577637,Tue Aug 04 2026 14:43:55 GMT-0500 (Central Daylight Time),351300.7000000477,A,ar,I,r,124,2,416.3000000715256,350884.39999997616,8121,WL,B,4.0
3,6.681999921798706,learn,53318.000078201294,Tue Aug 04 2026 14:43:55 GMT-0500 (Central Daylight Time),351534.0,A,arm,I,m,215,2,649.6000000238419,350884.39999997616,8121,WL,B,4.0
3,7.38100004196167,learn,52618.99995803833,Tue Aug 04 2026 14:43:55 GMT-0500 (Central Daylight Time),352233.7999999523,A,armenter,I,enter,686,2,1349.3999999761581,350884.39999997616,8121,WL,B,4.0
3,7.980999946594238,learn,52019.00005340576,Tue Aug 04 2026 14:43:55 GMT-0500 (Central Daylight Time),352833.5,A,s,I,s,594,2,599.3999999761581,352234.10000002384,8121,WL,B,5.0
3,8.164999961853027,learn,51835.00003814697,Tue Aug 04 2026 14:43:55 GMT-0500 (Central Daylight Time),353017.0,A,st,I,t,171,2,782.8999999761581,352234.10000002384,8121,WL,B,5.0
3,8.38100004196167,learn,51618.99995803833,Tue Aug 04 2026 14:43:55 GMT-0500 (Central Daylight Time),353233.7000000477,A,sta,I,a,202,2,999.6000000238419,352234.10000002384,8121,WL,B,5.0
3,8.497999906539917,learn,51502.00009346008,Tue Aug 04 2026 14:43:55 GMT-0500 (Central Daylight Time),353350.0,A,star,I,r,99,2,1115.8999999761581,352234.10000002384,8121,WL,B,5.0
3,8.930999994277954,learn,51069.000005722046,Tue Aug 04 2026 14:43:55 GMT-0500 (Central Daylight Time),353783.2999999523,A,starenter,I,enter,422,2,1549.1999999284744,352234.10000002384,8121,WL,B,5.0
3,9.46399998664856,learn,50536.00001335144,Tue Aug 04 2026 14:43:55 GMT-0500 (Central Daylight Time),354316.60000002384,A,w,I,w,525,2,533.0,353783.60000002384,8121,WL,B,6.0
3,9.746999979019165,learn,50253.000020980835,Tue Aug 04 2026 14:43:55 GMT-0500 (Central Daylight Time),354599.7999999523,A,wi,I,i,272,2,816.1999999284744,353783.60000002384,8121,WL,B,6.0
3,9.930999994277954,learn,50069.000005722046,Tue Aug 04 2026 14:43:55 GMT-0500 (Central Daylight Time),354782.89999997616,A,wif,I,f,164,2,999.2999999523163,353783.60000002384,8121,WL,B,6.0
3,10.114000082015991,learn,49885.99991798401,Tue Aug 04 2026 14:43:55 GMT-0500 (Central Daylight Time),354966.2000000477,A,wife,I,e,165,2,1182.6000000238419,353783.60000002384,8121,WL,B,6.0
3,10.281000137329102,learn,49718.9998626709,Tue Aug 04 2026 14:43:55 GMT-0500 (Central Daylight Time),355133.0,A,wifeenter,I,enter,158,2,1349.3999999761581,353783.60000002384,8121,WL,B,6.0
3,10.46399998664856,learn,49536.00001335144,Tue Aug 04 2026 14:43:55 GMT-0500 (Central Daylight Time),355316.10000002384,A,w,I,w,176,2,182.80000007152557,355133.2999999523,8121,WL,B,7.0
3,10.630000114440918,learn,49369.99988555908,Tue Aug 04 2026 14:43:55 GMT-0500 (Central Daylight Time),355482.7000000477,A,wi,I,i,152,2,349.40000009536743,355133.2999999523,8121,WL,B,7.0
3,10.746999979019165,learn,49253.000020980835,Tue Aug 04 2026 14:43:55 GMT-0500 (Central Daylight Time),355599.5,A,win,I,n,105,2,466.2000000476837,355133.2999999523,8121,WL,B,7.0
3,10.94700002670288,learn,49052.99997329712,Tue Aug 04 2026 14:43:55 GMT-0500 (Central Daylight Time),355799.2999999523,A,wind,I,d,181,2,666.0,355133.2999999523,8121,WL,B,7.0
3,11.130000114440918,learn,48869.99988555908,Tue Aug 04 2026 14:43:55 GMT-0500 (Central Daylight Time),355982.7000000477,A,windo,I,o,165,2,849.4000000953674,355133.2999999523,8121,WL,B,7.0
3,11.312999963760376,learn,48687.000036239624,Tue Aug 04 2026 14:43:55 GMT-0500 (Central Daylight Time),356165.89999997616,A,window,I,w,166,2,1032.6000000238419,355133.2999999523,8121,WL,B,7.0
3,11.730000019073486,learn,48269.999980926514,Tue Aug 04 2026 14:43:55 GMT-0500 (Central Daylight Time),356582.39999997616,A,windowenter,I,enter,399,2,1449.1000000238419,355133.2999999523,8121,WL,B,7.0
3,12.04699993133545,learn,47953.00006866455,Tue Aug 04 2026 14:43:55 GMT-0500 (Central Daylight Time),356898.89999997616,A,c,I,c,302,2,316.10000002384186,356582.7999999523,8121,WL,B,8.0
3,12.163000106811523,learn,47836.99989318848,Tue Aug 04 2026 14:43:55 GMT-0500 (Central Daylight Time),357015.60000002384,A,ci,I,i,97,2,432.8000000715256,356582.7999999523,8121,WL,B,8.0
3,12.36299991607666,learn,47637.00008392334,Tue Aug 04 2026 14:43:55 GMT-0500 (Central Daylight Time),357215.60000002384,A,cit,I,t,188,2,632.8000000715256,356582.7999999523,8121,WL,B,8.0
3,12.513000011444092,learn,47486.99998855591,Tue Aug 04 2026 14:43:55 GMT-0500 (Central Daylight Time),357365.60000002384,A,city,I,y,141,2,782.8000000715256,356582.7999999523,8121,WL,B,8.0
3,13.663000106811523,learn,46336.99989318848,Tue Aug 04 2026 14:43:55 GMT-0500 (Central Daylight Time),358515.5,A,cityenter,I,enter,1135,2,1932.7000000476837,356582.7999999523,8121,WL,B,8.0
3,14.046000003814697,learn,45953.9999961853,Tue Aug 04 2026 14:43:55 GMT-0500 (Central Daylight Time),358898.39999997616,A,p,I,p,369,2,382.6999999284744,358515.7000000477,8121,WL,B,9.0
3,14.196000099182129,learn,45803.99990081787,Tue Aug 04 2026 14:43:55 GMT-0500 (Central Daylight Time),359048.2999999523,A,pu,I,u,138,2,532.5999999046326,358515.7000000477,8121,WL,B,9.0
3,14.479000091552734,learn,45520.999908447266,Tue Aug 04 2026 14:43:55 GMT-0500 (Central Daylight Time),359331.60000002384,A,pup,I,p,276,2,815.8999999761581,358515.7000000477,8121,WL,B,9.0
3,15.062999963760376,learn,44937.000036239624,Tue Aug 04 2026 14:43:55 GMT-0500 (Central Daylight Time),359915.7000000477,A,pupi,I,i,577,2,1400.0,358515.7000000477,8121,WL,B,9.0
3,15.295000076293945,learn,44704.999923706055,Tue Aug 04 2026 14:43:55 GMT-0500 (Central Daylight Time),360148.0,A,pupil,I,l,224,2,1632.2999999523163,358515.7000000477,8121,WL,B,9.0
3,15.92900013923645,learn,44070.99986076355,Tue Aug 04 2026 14:43:55 GMT-0500 (Central Daylight Time),360781.10000002384,A,pupilenter,I,enter,624,2,2265.399999976158,358515.7000000477,8121,WL,B,9.0
3,17.462000131607056,learn,42537.999868392944,Tue Aug 04 2026 14:43:55 GMT-0500 (Central Daylight Time),362314.10000002384,A,c,I,c,1519,2,1532.8000000715256,360781.2999999523,8121,WL,B,10.0
3,17.628000020980835,learn,42371.999979019165,Tue Aug 04 2026 14:43:55 GMT-0500 (Central Daylight Time),362480.60000002384,A,cl,I,l,146,2,1699.3000000715256,360781.2999999523,8121,WL,B,10.0
3,17.811000108718872,learn,42188.99989128113,Tue Aug 04 2026 14:43:55 GMT-0500 (Central Daylight Time),362663.7000000477,A,clo,I,o,172,2,1882.4000000953674,360781.2999999523,8121,WL,B,10.0
3,18.07800006866455,learn,41921.99993133545,Tue Aug 04 2026 14:43:55 GMT-0500 (Central Daylight Time),362930.2999999523,A,cloc,I,c,261,2,2149.0,360781.2999999523,8121,WL,B,10.0
3,18.227999925613403,learn,41772.0000743866,Tue Aug 04 2026 14:43:55 GMT-0500 (Central Daylight Time),363080.2999999523,A,clock,I,k,129,2,2299.0,360781.2999999523,8121,WL,B,10.0
3,18.793999910354614,learn,41206.000089645386,Tue Aug 04 2026 14:43:55 GMT-0500 (Central Daylight Time),363646.7000000477,A,clockenter,I,enter,547,2,2865.4000000953674,360781.2999999523,8121,WL,B,10.0
3,20.3270001411438,learn,39672.9998588562,Tue Aug 04 2026 14:43:55 GMT-0500 (Central Daylight Time),365179.7999999523,A,f,I,f,1526,2,1532.8999999761581,363646.89999997616,8121,WL,B,11.0
3,20.51099991798401,learn,39489.00008201599,Tue Aug 04 2026 14:43:55 GMT-0500 (Central Daylight Time),365363.0,A,fi,I,i,176,2,1716.1000000238419,363646.89999997616,8121,WL,B,11.0
3,20.64400005340576,learn,39355.99994659424,Tue Aug 04 2026 14:43:55 GMT-0500 (Central Daylight Time),365496.2999999523,A,fir,I,r,112,2,1849.3999999761581,363646.89999997616,8121,WL,B,11.0
3,20.776999950408936,learn,39223.000049591064,Tue Aug 04 2026 14:43:55 GMT-0500 (Central Daylight Time),365629.39999997616,A,fire,I,e,123,2,1982.5,363646.89999997616,8121,WL,B,11.0
3,21.043999910354614,learn,38956.000089645386,Tue Aug 04 2026 14:43:55 GMT-0500 (Central Daylight Time),365896.10000002384,A,fireenter,I,enter,255,2,2249.2000000476837,363646.89999997616,8121,WL,B,11.0
3,21.259999990463257,learn,38740.00000953674,Tue Aug 04 2026 14:43:55 GMT-0500 (Central Daylight Time),366112.7999999523,A,s,I,s,204,2,216.39999997615814,365896.39999997616,8121,WL,B,12.0
3,21.378000020980835,learn,38621.999979019165,Tue Aug 04 2026 14:43:55 GMT-0500 (Central Daylight Time),366230.2999999523,A,sk,I,k,99,2,333.89999997615814,365896.39999997616,8121,WL,B,12.0
3,21.627000093460083,learn,38372.99990653992,Tue Aug 04 2026 14:43:55 GMT-0500 (Central Daylight Time),366479.2999999523,A,ski,I,i,229,2,582.8999999761581,365896.39999997616,8121,WL,B,12.0
3,21.7260000705719,learn,38273.9999294281,Tue Aug 04 2026 14:43:55 GMT-0500 (Central Daylight Time),366578.89999997616,A,skin,I,n,93,2,682.5,365896.39999997616,8121,WL,B,12.0
3,22.2260000705719,learn,37773.9999294281,Tue Aug 04 2026 14:43:55 GMT-0500 (Central Daylight Time),367079.0,A,skinenter,I,enter,481,2,1182.6000000238419,365896.39999997616,8121,WL,B,12.0
3,22.926000118255615,learn,37073.999881744385,Tue Aug 04 2026 14:43:55 GMT-0500 (Central Daylight Time),367778.60000002384,A,b,I,b,685,2,699.3000000715256,367079.2999999523,8121,WL,B,13.0
3,23.092999935150146,learn,36907.00006484985,Tue Aug 04 2026 14:43:55 GMT-0500 (Central Daylight Time),367945.89999997616,A,ba,I,a,154,2,866.6000000238419,367079.2999999523,8121,WL,B,13.0
3,23.80900001525879,learn,36190.99998474121,Tue Aug 04 2026 14:43:55 GMT-0500 (Central Daylight Time),368661.7000000477,A,b,I,backspace,706,2,1582.4000000953674,367079.2999999523,8121,WL,B,13.0
3,24.191999912261963,learn,35808.00008773804,Tue Aug 04 2026 14:43:55 GMT-0500 (Central Daylight Time),369044.7999999523,A,,I,backspace,373,2,1965.5,367079.2999999523,8121,WL,B,13.0
3,24.375999927520752,learn,35624.00007247925,Tue Aug 04 2026 14:43:55 GMT-0500 (Central Daylight Time),369228.2999999523,A,c,I,c,168,2,2149.0,367079.2999999523,8121,WL,B,13.0
3,24.526000022888184,learn,35473.99997711182,Tue Aug 04 2026 14:43:55 GMT-0500 (Central Daylight Time),369378.39999997616,A,ca,I,a,136,2,2299.100000023842,367079.2999999523,8121,WL,B,13.0
3,24.77500009536743,learn,35224.99990463257,Tue Aug 04 2026 14:43:55 GMT-0500 (Central Daylight Time),369628.0,A,cab,I,b,242,2,2548.7000000476837,367079.2999999523,8121,WL,B,13.0
3,24.91000008583069,learn,35089.99991416931,Tue Aug 04 2026 14:43:55 GMT-0500 (Central Daylight Time),369762.5,A,cabi,I,i,119,2,2683.2000000476837,367079.2999999523,8121,WL,B,13.0
3,25.05900001525879,learn,34940.99998474121,Tue Aug 04 2026 14:43:55 GMT-0500 (Central Daylight Time),369911.39999997616,A,cabin,I,n,137,2,2832.100000023842,367079.2999999523,8121,WL,B,13.0
3,25.325999975204468,learn,34674.00002479553,Tue Aug 04 2026 14:43:55 GMT-0500 (Central Daylight Time),370178.10000002384,A,cabinenter,I,enter,262,2,3098.8000000715256,367079.2999999523,8121,WL,B,13.0
3,25.691999912261963,learn,34308.00008773804,Tue Aug 04 2026 14:43:55 GMT-0500 (Central Daylight Time),370544.5,A,l,I,l,355,2,366.10000002384186,370178.39999997616,8121,WL,B,14.0
3,25.858999967575073,learn,34141.00003242493,Tue Aug 04 2026 14:43:55 GMT-0500 (Central Daylight Time),370711.2999999523,A,la,I,a,156,2,532.8999999761581,370178.39999997616,8121,WL,B,14.0
3,26.026000022888184,learn,33973.99997711182,Tue Aug 04 2026 14:43:55 GMT-0500 (Central Daylight Time),370878.10000002384,A,lak,I,k,157,2,699.7000000476837,370178.39999997616,8121,WL,B,14.0
3,26.225000143051147,learn,33774.99985694885,Tue Aug 04 2026 14:43:55 GMT-0500 (Central Daylight Time),371077.7999999523,A,lake,I,e,182,2,899.3999999761581,370178.39999997616,8121,WL,B,14.0
3,26.79200005531311,learn,33207.99994468689,Tue Aug 04 2026 14:43:55 GMT-0500 (Central Daylight Time),371644.2000000477,A,lakeenter,I,enter,551,2,1465.8000000715256,370178.39999997616,8121,WL,B,14.0
3,30.006999969482422,learn,29993.000030517578,Tue Aug 04 2026 14:43:55 GMT-0500 (Central Daylight Time),374859.5,A,p,I,p,3206,2,3214.899999976158,371644.60000002384,8121,WL,B,15.0
3,30.157000064849854,learn,29842.999935150146,Tue Aug 04 2026 14:43:55 GMT-0500 (Central Daylight Time),375009.89999997616,A,pi,I,i,130,2,3365.2999999523163,371644.60000002384,8121,WL,B,15.0
3,30.306999921798706,learn,29693.000078201294,Tue Aug 04 2026 14:43:55 GMT-0500 (Central Daylight Time),375159.89999997616,A,pip,I,p,138,2,3515.2999999523163,371644.60000002384,8121,WL,B,15.0
3,30.824000120162964,learn,29175.999879837036,Tue Aug 04 2026 14:43:55 GMT-0500 (Central Daylight Time),375676.5,A,pipe,I,e,508,2,4031.899999976158,371644.60000002384,8121,WL,B,15.0
3,31.157000064849854,learn,28842.999935150146,Tue Aug 04 2026 14:43:55 GMT-0500 (Central Daylight Time),376009.7999999523,A,pipeenter,I,enter,327,2,4365.199999928474,371644.60000002384,8121,WL,B,15.0
4,0.432999849319458,learn,59567.00015068054,Tue Aug 04 2026 14:43:55 GMT-0500 (Central Daylight Time),440872.7999999523,A,s,I,s,414,2,433.2999999523163,440439.5,8121,WL,B,1.0
4,0.8159999847412109,learn,59184.00001525879,Tue Aug 04 2026 14:43:55 GMT-0500 (Central Daylight Time),441256.10000002384,A,st,I,t,362,2,816.6000000238419,440439.5,8121,WL,B,1.0
4,1.0499999523162842,learn,58950.000047683716,Tue Aug 04 2026 14:43:55 GMT-0500 (Central Daylight Time),441489.2999999523,A,str,I,r,220,2,1049.7999999523163,440439.5,8121,WL,B,1.0
4,1.5489997863769531,learn,58451.00021362305,Tue Aug 04 2026 14:43:55 GMT-0500 (Central Daylight Time),441989.0,A,st,I,backspace,491,2,1549.5,440439.5,8121,WL,B,1.0
4,1.932999849319458,learn,58067.00015068054,Tue Aug 04 2026 14:43:55 GMT-0500 (Central Daylight Time),442372.2999999523,A,str,I,r,375,2,1932.7999999523163,440439.5,8121,WL,B,1.0
4,2.1989998817443848,learn,57801.000118255615,Tue Aug 04 2026 14:43:55 GMT-0500 (Central Daylight Time),442638.7000000477,A,stre,I,e,248,2,2199.2000000476837,440439.5,8121,WL,B,1.0
4,2.381999969482422,learn,57618.00003051758,Tue Aug 04 2026 14:43:55 GMT-0500 (Central Daylight Time),442822.0,A,stree,I,e,166,2,2382.5,440439.5,8121,WL,B,1.0
4,2.5159997940063477,learn,57484.00020599365,Tue Aug 04 2026 14:43:55 GMT-0500 (Central Daylight Time),442955.39999997616,A,street,I,t,118,2,2515.899999976158,440439.5,8121,WL,B,1.0
4,3.1649999618530273,learn,56835.00003814697,Tue Aug 04 2026 14:43:55 GMT-0500 (Central Daylight Time),443605.0,A,streetenter,I,enter,641,2,3165.5,440439.5,8121,WL,B,1.0
4,3.9659998416900635,learn,56034.00015830994,Tue Aug 04 2026 14:43:55 GMT-0500 (Central Daylight Time),444405.7999999523,A,g,I,g,791,2,800.5,443605.2999999523,8121,WL,B,2.0
4,4.181999921798706,learn,55818.000078201294,Tue Aug 04 2026 14:43:55 GMT-0500 (Central Daylight Time),444621.5,A,gr,I,r,198,2,1016.2000000476837,443605.2999999523,8121,WL,B,2.0
4,4.331999778747559,learn,55668.00022125244,Tue Aug 04 2026 14:43:55 GMT-0500 (Central Daylight Time),444771.5,A,gra,I,a,143,2,1166.2000000476837,443605.2999999523,8121,WL,B,2.0
4,4.48199987411499,learn,55518.00012588501,Tue Aug 04 2026 14:43:55 GMT-0500 (Central Daylight Time),444921.39999997616,A,gras,I,s,137,2,1316.1000000238419,443605.2999999523,8121,WL,B,2.0
4,4.681999921798706,learn,55318.000078201294,Tue Aug 04 2026 14:43:55 GMT-0500 (Central Daylight Time),445121.2000000477,A,grass,I,s,187,2,1515.9000000953674,443605.2999999523,8121,WL,B,2.0
4,4.865000009536743,learn,55134.99999046326,Tue Aug 04 2026 14:43:55 GMT-0500 (Central Daylight Time),445304.7999999523,A,grassenter,I,enter,171,2,1699.5,443605.2999999523,8121,WL,B,2.0
4,5.365000009536743,learn,54634.99999046326,Tue Aug 04 2026 14:43:55 GMT-0500 (Central Daylight Time),445804.60000002384,A,d,I,d,492,2,499.39999997615814,445305.2000000477,8121,WL,B,3.0
4,5.497999906539917,learn,54502.00009346008,Tue Aug 04 2026 14:43:55 GMT-0500 (Central Daylight Time),445937.7999999523,A,do,I,o,119,2,632.5999999046326,445305.2000000477,8121,WL,B,3.0
4,5.681999921798706,learn,54318.000078201294,Tue Aug 04 2026 14:43:55 GMT-0500 (Central Daylight Time),446122.10000002384,A,doo,I,o,162,2,816.8999999761581,445305.2000000477,8121,WL,B,3.0
4,5.765999794006348,learn,54234.00020599365,Tue Aug 04 2026 14:43:55 GMT-0500 (Central Daylight Time),446205.39999997616,A,door,I,r,74,2,900.1999999284744,445305.2000000477,8121,WL,B,3.0
4,6.015999794006348,learn,53984.00020599365,Tue Aug 04 2026 14:43:55 GMT-0500 (Central Daylight Time),446455.2999999523,A,doorenter,I,enter,231,2,1150.0999999046326,445305.2000000477,8121,WL,B,3.0
4,6.230999946594238,learn,53769.00005340576,Tue Aug 04 2026 14:43:55 GMT-0500 (Central Daylight Time),446670.7999999523,A,a,I,a,197,2,215.09999990463257,446455.7000000477,8121,WL,B,4.0
4,6.347999811172485,learn,53652.000188827515,Tue Aug 04 2026 14:43:55 GMT-0500 (Central Daylight Time),446787.60000002384,A,ar,I,r,109,2,331.89999997615814,446455.7000000477,8121,WL,B,4.0
4,6.563999891281128,learn,53436.00010871887,Tue Aug 04 2026 14:43:55 GMT-0500 (Central Daylight Time),447004.0,A,arm,I,m,209,2,548.2999999523163,446455.7000000477,8121,WL,B,4.0
4,7.180999994277954,learn,52819.000005722046,Tue Aug 04 2026 14:43:55 GMT-0500 (Central Daylight Time),447620.60000002384,A,armenter,I,enter,608,2,1164.8999999761581,446455.7000000477,8121,WL,B,4.0
4,8.312999963760376,learn,51687.000036239624,Tue Aug 04 2026 14:43:55 GMT-0500 (Central Daylight Time),448753.2000000477,A,s,I,s,1127,2,1132.3000000715256,447620.89999997616,8121,WL,B,5.0
4,8.513000011444092,learn,51486.99998855591,Tue Aug 04 2026 14:43:55 GMT-0500 (Central Daylight Time),448953.10000002384,A,st,I,t,186,2,1332.2000000476837,447620.89999997616,8121,WL,B,5.0
4,8.71399998664856,learn,51286.00001335144,Tue Aug 04 2026 14:43:55 GMT-0500 (Central Daylight Time),449153.5,A,sta,I,a,179,2,1532.6000000238419,447620.89999997616,8121,WL,B,5.0
4,8.813999891281128,learn,51186.00010871887,Tue Aug 04 2026 14:43:55 GMT-0500 (Central Daylight Time),449253.39999997616,A,star,I,r,91,2,1632.5,447620.89999997616,8121,WL,B,5.0
4,9.02999997138977,learn,50970.00002861023,Tue Aug 04 2026 14:43:55 GMT-0500 (Central Daylight Time),449470.0,A,starenter,I,enter,208,2,1849.1000000238419,447620.89999997616,8121,WL,B,5.0
4,9.229999780654907,learn,50770.00021934509,Tue Aug 04 2026 14:43:55 GMT-0500 (Central Daylight Time),449670.0,A,w,I,w,183,2,199.60000002384186,449470.39999997616,8121,WL,B,6.0
4,9.363999843597412,learn,50636.00015640259,Tue Aug 04 2026 14:43:55 GMT-0500 (Central Daylight Time),449804.0,A,wi,I,i,127,2,333.60000002384186,449470.39999997616,8121,WL,B,6.0
4,9.52999997138977,learn,50470.00002861023,Tue Aug 04 2026 14:43:55 GMT-0500 (Central Daylight Time),449969.7000000477,A,wif,I,f,152,2,499.3000000715256,449470.39999997616,8121,WL,B,6.0
4,9.646999835968018,learn,50353.00016403198,Tue Aug 04 2026 14:43:55 GMT-0500 (Central Daylight Time),450086.2999999523,A,wife,I,e,99,2,615.8999999761581,449470.39999997616,8121,WL,B,6.0
4,10.148000001907349,learn,49851.99999809265,Tue Aug 04 2026 14:43:55 GMT-0500 (Central Daylight Time),450587.39999997616,A,wifeenter,I,enter,495,2,1117.0,449470.39999997616,8121,WL,B,6.0
4,10.447999954223633,learn,49552.00004577637,Tue Aug 04 2026 14:43:55 GMT-0500 (Central Daylight Time),450887.5,A,w,I,w,281,2,299.7999999523163,450587.7000000477,8121,WL,B,7.0
4,10.562999963760376,learn,49437.000036239624,Tue Aug 04 2026 14:43:55 GMT-0500 (Central Daylight Time),451002.7999999523,A,wi,I,i,108,2,415.09999990463257,450587.7000000477,8121,WL,B,7.0
4,10.696999788284302,learn,49303.0002117157,Tue Aug 04 2026 14:43:55 GMT-0500 (Central Daylight Time),451136.2999999523,A,win,I,n,114,2,548.5999999046326,450587.7000000477,8121,WL,B,7.0
4,10.86299991607666,learn,49137.00008392334,Tue Aug 04 2026 14:43:55 GMT-0500 (Central Daylight Time),451302.39999997616,A,wind,I,d,147,2,714.6999999284744,450587.7000000477,8121,WL,B,7.0
4,11.013000011444092,learn,48986.99998855591,Tue Aug 04 2026 14:43:55 GMT-0500 (Central Daylight Time),451452.7000000477,A,windo,I,o,133,2,865.0,450587.7000000477,8121,WL,B,7.0
4,11.428999900817871,learn,48571.00009918213,Tue Aug 04 2026 14:43:55 GMT-0500 (Central Daylight Time),451869.0,A,window,I,w,399,2,1281.2999999523163,450587.7000000477,8121,WL,B,7.0
4,11.878999948501587,learn,48121.00005149841,Tue Aug 04 2026 14:43:55 GMT-0500 (Central Daylight Time),452319.0,A,windowenter,I,enter,431,2,1731.2999999523163,450587.7000000477,8121,WL,B,7.0
4,12.44599986076355,learn,47554.00013923645,Tue Aug 04 2026 14:43:55 GMT-0500 (Central Daylight Time),452885.39999997616,A,p,I,p,557,2,566.0,452319.39999997616,8121,WL,B,8.0
4,12.811999797821045,learn,47188.000202178955,Tue Aug 04 2026 14:43:55 GMT-0500 (Central Daylight Time),453252.10000002384,A,pu,I,u,351,2,932.7000000476837,452319.39999997616,8121,WL,B,8.0
4,13.061999797821045,learn,46938.000202178955,Tue Aug 04 2026 14:43:55 GMT-0500 (Central Daylight Time),453501.7000000477,A,pup,I,p,239,2,1182.3000000715256,452319.39999997616,8121,WL,B,8.0
4,13.411999940872192,learn,46588.00005912781,Tue Aug 04 2026 14:43:55 GMT-0500 (Central Daylight Time),453851.89999997616,A,pupi,I,i,334,2,1532.5,452319.39999997616,8121,WL,B,8.0
4,13.628999948501587,learn,46371.00005149841,Tue Aug 04 2026 14:43:55 GMT-0500 (Central Daylight Time),454068.5,A,pupil,I,l,201,2,1749.1000000238419,452319.39999997616,8121,WL,B,8.0
4,13.878999948501587,learn,46121.00005149841,Tue Aug 04 2026 14:43:55 GMT-0500 (Central Daylight Time),454318.39999997616,A,pupilenter,I,enter,232,2,1999.0,452319.39999997616,8121,WL,B,8.0
4,14.211999893188477,learn,45788.00010681152,Tue Aug 04 2026 14:43:55 GMT-0500 (Central Daylight Time),454651.7000000477,A,c,I,c,326,2,333.10000002384186,454318.60000002384,8121,WL,B,9.0
4,14.328999996185303,learn,45671.0000038147,Tue Aug 04 2026 14:43:55 GMT-0500 (Central Daylight Time),454768.2999999523,A,ci,I,i,105,2,449.6999999284744,454318.60000002384,8121,WL,B,9.0
4,14.52899980545044,learn,45471.00019454956,Tue Aug 04 2026 14:43:55 GMT-0500 (Central Daylight Time),454968.39999997616,A,cit,I,t,188,2,649.7999999523163,454318.60000002384,8121,WL,B,9.0
4,14.694999933242798,learn,45305.0000667572,Tue Aug 04 2026 14:43:55 GMT-0500 (Central Daylight Time),455134.7999999523,A,city,I,y,147,2,816.1999999284744,454318.60000002384,8121,WL,B,9.0
4,15.84499979019165,learn,44155.00020980835,Tue Aug 04 2026 14:43:55 GMT-0500 (Central Daylight Time),456284.5,A,cityenter,I,enter,1141,2,1965.8999999761581,454318.60000002384,8121,WL,B,9.0
4,17.5939998626709,learn,42406.0001373291,Tue Aug 04 2026 14:43:55 GMT-0500 (Central Daylight Time),458033.89999997616,A,c,I,c,1736,2,1749.0,456284.89999997616,8121,WL,B,10.0
4,17.76099991798401,learn,42239.00008201599,Tue Aug 04 2026 14:43:55 GMT-0500 (Central Daylight Time),458200.5,A,ca,I,a,146,2,1915.6000000238419,456284.89999997616,8121,WL,B,10.0
4,17.944000005722046,learn,42055.999994277954,Tue Aug 04 2026 14:43:55 GMT-0500 (Central Daylight Time),458384.0,A,cab,I,b,172,2,2099.100000023842,456284.89999997616,8121,WL,B,10.0
4,18.126999855041504,learn,41873.000144958496,Tue Aug 04 2026 14:43:55 GMT-0500 (Central Daylight Time),458567.0,A,cabi,I,i,164,2,2282.100000023842,456284.89999997616,8121,WL,B,10.0
4,18.210999965667725,learn,41789.000034332275,Tue Aug 04 2026 14:43:55 GMT-0500 (Central Daylight Time),458650.2999999523,A,cabin,I,n,78,2,2365.399999976158,456284.89999997616,8121,WL,B,10.0
4,18.460999965667725,learn,41539.000034332275,Tue Aug 04 2026 14:43:55 GMT-0500 (Central Daylight Time),458900.2999999523,A,cabinenter,I,enter,242,2,2615.399999976158,456284.89999997616,8121,WL,B,10.0
4,18.776999950408936,learn,41223.000049591064,Tue Aug 04 2026 14:43:55 GMT-0500 (Central Daylight Time),459216.7000000477,A,l,I,l,296,2,316.10000002384186,458900.60000002384,8121,WL,B,11.0
4,18.91099977493286,learn,41089.00022506714,Tue Aug 04 2026 14:43:55 GMT-0500 (Central Daylight Time),459350.2999999523,A,la,I,a,123,2,449.6999999284744,458900.60000002384,8121,WL,B,11.0
4,19.110999822616577,learn,40889.00017738342,Tue Aug 04 2026 14:43:55 GMT-0500 (Central Daylight Time),459550.2999999523,A,lak,I,k,182,2,649.6999999284744,458900.60000002384,8121,WL,B,11.0
4,19.276999950408936,learn,40723.000049591064,Tue Aug 04 2026 14:43:55 GMT-0500 (Central Daylight Time),459716.7999999523,A,lake,I,e,150,2,816.1999999284744,458900.60000002384,8121,WL,B,11.0
4,19.542999982833862,learn,40457.00001716614,Tue Aug 04 2026 14:43:55 GMT-0500 (Central Daylight Time),459983.10000002384,A,lakeenter,I,enter,255,2,1082.5,458900.60000002384,8121,WL,B,11.0
4,21.009999990463257,learn,38990.00000953674,Tue Aug 04 2026 14:43:55 GMT-0500 (Central Daylight Time),461449.39999997616,A,p,I,p,1461,2,1465.8999999761581,459983.5,8121,WL,B,12.0
4,21.192999839782715,learn,38807.000160217285,Tue Aug 04 2026 14:43:55 GMT-0500 (Central Daylight Time),461632.89999997616,A,pi,I,i,170,2,1649.3999999761581,459983.5,8121,WL,B,12.0
4,21.359999895095825,learn,38640.000104904175,Tue Aug 04 2026 14:43:55 GMT-0500 (Central Daylight Time),461799.2999999523,A,pip,I,p,156,2,1815.7999999523163,459983.5,8121,WL,B,12.0
4,21.89299988746643,learn,38107.00011253357,Tue Aug 04 2026 14:43:55 GMT-0500 (Central Daylight Time),462332.7000000477,A,pipe,I,e,525,2,2349.2000000476837,459983.5,8121,WL,B,12.0
4,22.29199981689453,learn,37708.00018310547,Tue Aug 04 2026 14:43:55 GMT-0500 (Central Daylight Time),462732.10000002384,A,pipeenter,I,enter,384,2,2748.600000023842,459983.5,8121,WL,B,12.0
4,22.80899977684021,learn,37191.00022315979,Tue Aug 04 2026 14:43:55 GMT-0500 (Central Daylight Time),463248.89999997616,A,s,I,s,497,2,516.5,462732.39999997616,8121,WL,B,13.0
4,22.90999984741211,learn,37090.00015258789,Tue Aug 04 2026 14:43:55 GMT-0500 (Central Daylight Time),463349.39999997616,A,sk,I,k,92,2,617.0,462732.39999997616,8121,WL,B,13.0
4,23.108999967575073,learn,36891.00003242493,Tue Aug 04 2026 14:43:55 GMT-0500 (Central Daylight Time),463548.7999999523,A,ski,I,i,182,2,816.3999999761581,462732.39999997616,8121,WL,B,13.0
4,23.22599983215332,learn,36774.00016784668,Tue Aug 04 2026 14:43:55 GMT-0500 (Central Daylight Time),463665.2999999523,A,skin,I,n,96,2,932.8999999761581,462732.39999997616,8121,WL,B,13.0
4,23.675999879837036,learn,36324.000120162964,Tue Aug 04 2026 14:43:55 GMT-0500 (Central Daylight Time),464115.2000000477,A,skinenter,I,enter,443,2,1382.8000000715256,462732.39999997616,8121,WL,B,13.0
4,24.008999824523926,learn,35991.000175476074,Tue Aug 04 2026 14:43:55 GMT-0500 (Central Daylight Time),464448.60000002384,A,f,I,f,313,2,332.60000002384186,464116.0,8121,WL,B,14.0
4,24.125,learn,35875.0,Tue Aug 04 2026 14:43:55 GMT-0500 (Central Daylight Time),464565.2000000477,A,fi,I,i,100,2,449.2000000476837,464116.0,8121,WL,B,14.0
4,24.241999864578247,learn,35758.00013542175,Tue Aug 04 2026 14:43:55 GMT-0500 (Central Daylight Time),464681.60000002384,A,fir,I,r,103,2,565.6000000238419,464116.0,8121,WL,B,14.0
4,24.358999967575073,learn,35641.00003242493,Tue Aug 04 2026 14:43:55 GMT-0500 (Central Daylight Time),464798.2999999523,A,fire,I,e,98,2,682.2999999523163,464116.0,8121,WL,B,14.0
4,24.691999912261963,learn,35308.00008773804,Tue Aug 04 2026 14:43:55 GMT-0500 (Central Daylight Time),465131.7000000477,A,fireenter,I,enter,325,2,1015.7000000476837,464116.0,8121,WL,B,14.0
4,25.092000007629395,learn,34907.999992370605,Tue Aug 04 2026 14:43:55 GMT-0500 (Central Daylight Time),465531.60000002384,A,c,I,c,393,2,399.60000002384186,465132.0,8121,WL,B,15.0
4,25.174999952316284,learn,34825.000047683716,Tue Aug 04 2026 14:43:55 GMT-0500 (Central Daylight Time),465614.7999999523,A,cl,I,l,65,2,482.7999999523163,465132.0,8121,WL,B,15.0
4,25.358999967575073,learn,34641.00003242493,Tue Aug 04 2026 14:43:55 GMT-0500 (Central Daylight Time),465798.2000000477,A,clo,I,o,174,2,666.2000000476837,465132.0,8121,WL,B,15.0
4,25.875,learn,34125.0,Tue Aug 04 2026 14:43:55 GMT-0500 (Central Daylight Time),466314.2999999523,A,cloc,I,c,510,2,1182.2999999523163,465132.0,8121,WL,B,15.0
4,26.04199981689453,learn,33958.00018310547,Tue Aug 04 2026 14:43:55 GMT-0500 (Central Daylight Time),466481.39999997616,A,clock,I,k,154,2,1349.3999999761581,465132.0,8121,WL,B,15.0
4,26.44099998474121,learn,33559.00001525879,Tue Aug 04 2026 14:43:55 GMT-0500 (Central Daylight Time),466881.2000000477,A,clockenter,I,enter,394,2,1749.2000000476837,465132.0,8121,WL,B,15.0
5,0.4679999351501465,learn,60000.0,Tue Aug 04 2026 14:43:55 GMT-0500 (Central Daylight Time),531678.7999999523,A,s,I,s,450,2,467.59999990463257,531211.2000000477,8121,WL,B,1.0
5,0.6830000877380371,learn,60000.0,Tue Aug 04 2026 14:43:55 GMT-0500 (Central Daylight Time),531894.0,A,st,I,t,197,2,682.7999999523163,531211.2000000477,8121,WL,B,1.0
5,0.9830000400543213,learn,60000.0,Tue Aug 04 2026 14:43:55 GMT-0500 (Central Daylight Time),532194.1000000238,A,str,I,r,286,2,982.8999999761581,531211.2000000477,8121,WL,B,1.0
5,1.3680000305175781,learn,60000.0,Tue Aug 04 2026 14:43:55 GMT-0500 (Central Daylight Time),532578.3999999762,A,stre,I,e,370,2,1367.1999999284744,531211.2000000477,8121,WL,B,1.0
5,1.5499999523162842,learn,60000.0,Tue Aug 04 2026 14:43:55 GMT-0500 (Central Daylight Time),532760.7000000477,A,stree,I,e,162,2,1549.5,531211.2000000477,8121,WL,B,1.0
5,1.7160000801086426,learn,60000.0,Tue Aug 04 2026 14:43:55 GMT-0500 (Central Daylight Time),532927.2999999523,A,street,I,t,147,2,1716.0999999046326,531211.2000000477,8121,WL,B,1.0
5,2.2990000247955322,learn,60000.0,Tue Aug 04 2026 14:43:55 GMT-0500 (Central Daylight Time),533510.2999999523,A,streetenter,I,enter,565,2,2299.0999999046326,531211.2000000477,8121,WL,B,1.0
5,2.7160000801086426,learn,60000.0,Tue Aug 04 2026 14:43:55 GMT-0500 (Central Daylight Time),533926.7999999523,A,g,I,g,406,2,416.09999990463257,533510.7000000477,8121,WL,B,2.0
5,2.9159998893737793,learn,60000.0,Tue Aug 04 2026 14:43:55 GMT-0500 (Central Daylight Time),534126.8999999762,A,gr,I,r,182,2,616.1999999284744,533510.7000000477,8121,WL,B,2.0
5,3.065999984741211,learn,60000.0,Tue Aug 04 2026 14:43:55 GMT-0500 (Central Daylight Time),534277.2999999523,A,gra,I,a,133,2,766.5999999046326,533510.7000000477,8121,WL,B,2.0
5,3.183000087738037,learn,60000.0,Tue Aug 04 2026 14:43:55 GMT-0500 (Central Daylight Time),534393.3999999762,A,gras,I,s,102,2,882.6999999284744,533510.7000000477,8121,WL,B,2.0
5,3.382999897003174,learn,60000.0,Tue Aug 04 2026 14:43:55 GMT-0500 (Central Daylight Time),534593.5,A,grass,I,s,187,2,1082.7999999523163,533510.7000000477,8121,WL,B,2.0
5,3.5820000171661377,learn,60000.0,Tue Aug 04 2026 14:43:55 GMT-0500 (Central Daylight Time),534793.2000000477,A,grassenter,I,enter,187,2,1282.5,533510.7000000477,8121,WL,B,2.0
5,3.8499999046325684,learn,60000.0,Tue Aug 04 2026 14:43:55 GMT-0500 (Central Daylight Time),535060.7999999523,A,d,I,d,259,2,267.1999999284744,534793.6000000238,8121,WL,B,3.0
5,3.9489998817443848,learn,60000.0,Tue Aug 04 2026 14:43:55 GMT-0500 (Central Daylight Time),535159.5,A,do,I,o,79,2,365.89999997615814,534793.6000000238,8121,WL,B,3.0
5,4.148999929428101,learn,60000.0,Tue Aug 04 2026 14:43:55 GMT-0500 (Central Daylight Time),535359.8999999762,A,doo,I,o,181,2,566.2999999523163,534793.6000000238,8121,WL,B,3.0
5,4.249000072479248,learn,60000.0,Tue Aug 04 2026 14:43:55 GMT-0500 (Central Daylight Time),535459.7000000477,A,door,I,r,84,2,666.1000000238419,534793.6000000238,8121,WL,B,3.0
5,4.499000072479248,learn,60000.0,Tue Aug 04 2026 14:43:55 GMT-0500 (Central Daylight Time),535709.6000000238,A,doorenter,I,enter,233,2,916.0,534793.6000000238,8121,WL,B,3.0
5,4.799000024795532,learn,60000.0,Tue Aug 04 2026 14:43:55 GMT-0500 (Central Daylight Time),536009.7000000477,A,a,I,a,279,2,299.7000000476837,535710.0,8121,WL,B,4.0
5,4.914999961853027,learn,60000.0,Tue Aug 04 2026 14:43:55 GMT-0500 (Central Daylight Time),536126.2000000477,A,ar,I,r,107,2,416.2000000476837,535710.0,8121,WL,B,4.0
5,5.115000009536743,learn,60000.0,Tue Aug 04 2026 14:43:55 GMT-0500 (Central Daylight Time),536326.1000000238,A,arm,I,m,190,2,616.1000000238419,535710.0,8121,WL,B,4.0
5,5.398999929428101,learn,60000.0,Tue Aug 04 2026 14:43:55 GMT-0500 (Central Daylight Time),536609.5,A,armenter,I,enter,270,2,899.5,535710.0,8121,WL,B,4.0
5,5.79800009727478,learn,60000.0,Tue Aug 04 2026 14:43:55 GMT-0500 (Central Daylight Time),537009.3999999762,A,s,I,s,379,2,399.60000002384186,536609.7999999523,8121,WL,B,5.0
5,5.931999921798706,learn,60000.0,Tue Aug 04 2026 14:43:55 GMT-0500 (Central Daylight Time),537143.0,A,st,I,t,113,2,533.2000000476837,536609.7999999523,8121,WL,B,5.0
5,6.131999969482422,learn,60000.0,Tue Aug 04 2026 14:43:55 GMT-0500 (Central Daylight Time),537342.6000000238,A,sta,I,a,190,2,732.8000000715256,536609.7999999523,8121,WL,B,5.0
5,6.247999906539917,learn,60000.0,Tue Aug 04 2026 14:43:55 GMT-0500 (Central Daylight Time),537458.7999999523,A,star,I,r,110,2,849.0,536609.7999999523,8121,WL,B,5.0
5,6.514999866485596,learn,60000.0,Tue Aug 04 2026 14:43:55 GMT-0500 (Central Daylight Time),537725.7999999523,A,starenter,I,enter,250,2,1116.0,536609.7999999523,8121,WL,B,5.0
5,8.164000034332275,learn,60000.0,Tue Aug 04 2026 14:43:55 GMT-0500 (Central Daylight Time),539375.0,A,w,I,w,1639,2,1648.8999999761581,537726.1000000238,8121,WL,B,6.0
5,8.29699993133545,learn,60000.0,Tue Aug 04 2026 14:43:55 GMT-0500 (Central Daylight Time),539508.5,A,wi,I,i,125,2,1782.3999999761581,537726.1000000238,8121,WL,B,6.0
5,8.447999954223633,learn,60000.0,Tue Aug 04 2026 14:43:55 GMT-0500 (Central Daylight Time),539659.3999999762,A,wif,I,f,144,2,1933.2999999523163,537726.1000000238,8121,WL,B,6.0
5,8.614000082015991,learn,60000.0,Tue Aug 04 2026 14:43:55 GMT-0500 (Central Daylight Time),539825.1000000238,A,wife,I,e,145,2,2099.0,537726.1000000238,8121,WL,B,6.0
5,8.780999898910522,learn,60000.0,Tue Aug 04 2026 14:43:55 GMT-0500 (Central Daylight Time),539991.6000000238,A,wifeenter,I,enter,155,2,2265.5,537726.1000000238,8121,WL,B,6.0
5,8.947999954223633,learn,60000.0,Tue Aug 04 2026 14:43:55 GMT-0500 (Central Daylight Time),540158.7999999523,A,w,I,w,157,2,166.89999997615814,539991.8999999762,8121,WL,B,7.0
5,9.082000017166138,learn,60000.0,Tue Aug 04 2026 14:43:55 GMT-0500 (Central Daylight Time),540292.7000000477,A,wi,I,i,125,2,300.8000000715256,539991.8999999762,8121,WL,B,7.0
5,9.180999994277954,learn,60000.0,Tue Aug 04 2026 14:43:55 GMT-0500 (Central Daylight Time),540391.6000000238,A,win,I,n,88,2,399.7000000476837,539991.8999999762,8121,WL,B,7.0
5,9.346999883651733,learn,60000.0,Tue Aug 04 2026 14:43:55 GMT-0500 (Central Daylight Time),540557.7999999523,A,wind,I,d,157,2,565.8999999761581,539991.8999999762,8121,WL,B,7.0
5,9.496999979019165,learn,60000.0,Tue Aug 04 2026 14:43:55 GMT-0500 (Central Daylight Time),540708.1000000238,A,windo,I,o,142,2,716.2000000476837,539991.8999999762,8121,WL,B,7.0
5,9.664000034332275,learn,60000.0,Tue Aug 04 2026 14:43:55 GMT-0500 (Central Daylight Time),540874.7999999523,A,window,I,w,152,2,882.8999999761581,539991.8999999762,8121,WL,B,7.0
5,9.996999979019165,learn,60000.0,Tue Aug 04 2026 14:43:55 GMT-0500 (Central Daylight Time),541208.2000000477,A,windowenter,I,enter,321,2,1216.3000000715256,539991.8999999762,8121,WL,B,7.0
5,10.263999938964844,learn,60000.0,Tue Aug 04 2026 14:43:55 GMT-0500 (Central Daylight Time),541474.5,A,c,I,c,251,2,265.7999999523163,541208.7000000477,8121,WL,B,8.0
5,10.364000082015991,learn,60000.0,Tue Aug 04 2026 14:43:55 GMT-0500 (Central Daylight Time),541574.5,A,ci,I,i,91,2,365.7999999523163,541208.7000000477,8121,WL,B,8.0
5,10.54699993133545,learn,60000.0,Tue Aug 04 2026 14:43:55 GMT-0500 (Central Daylight Time),541757.7999999523,A,cit,I,t,174,2,549.0999999046326,541208.7000000477,8121,WL,B,8.0
5,10.730000019073486,learn,60000.0,Tue Aug 04 2026 14:43:55 GMT-0500 (Central Daylight Time),541941.0,A,city,I,y,174,2,732.2999999523163,541208.7000000477,8121,WL,B,8.0
5,13.046000003814697,learn,60000.0,Tue Aug 04 2026 14:43:55 GMT-0500 (Central Daylight Time),544256.8999999762,A,cityenter,I,enter,2295,2,3048.1999999284744,541208.7000000477,8121,WL,B,8.0
5,13.796000003814697,learn,60000.0,Tue Aug 04 2026 14:43:55 GMT-0500 (Central Daylight Time),545006.7000000477,A,p,I,p,731,2,749.5,544257.2000000477,8121,WL,B,9.0
5,14.295000076293945,learn,60000.0,Tue Aug 04 2026 14:43:55 GMT-0500 (Central Daylight Time),545506.5,A,pu,I,u,494,2,1249.2999999523163,544257.2000000477,8121,WL,B,9.0
5,14.661999940872192,learn,60000.0,Tue Aug 04 2026 14:43:55 GMT-0500 (Central Daylight Time),545873.2000000477,A,pup,I,p,346,2,1616.0,544257.2000000477,8121,WL,B,9.0
5,14.894999980926514,learn,60000.0,Tue Aug 04 2026 14:43:55 GMT-0500 (Central Daylight Time),546106.1000000238,A,pupi,I,i,219,2,1848.8999999761581,544257.2000000477,8121,WL,B,9.0
5,15.145999908447266,learn,60000.0,Tue Aug 04 2026 14:43:55 GMT-0500 (Central Daylight Time),546357.2999999523,A,pupil,I,l,242,2,2100.0999999046326,544257.2000000477,8121,WL,B,9.0
5,15.477999925613403,learn,60000.0,Tue Aug 04 2026 14:43:55 GMT-0500 (Central Daylight Time),546689.3999999762,A,pupilenter,I,enter,311,2,2432.1999999284744,544257.2000000477,8121,WL,B,9.0
5,16.128000020980835,learn,60000.0,Tue Aug 04 2026 14:43:55 GMT-0500 (Central Daylight Time),547339.3999999762,A,l,I,l,643,2,649.6000000238419,546689.7999999523,8121,WL,B,10.0
5,16.312000036239624,learn,60000.0,Tue Aug 04 2026 14:43:55 GMT-0500 (Central Daylight Time),547522.6000000238,A,la,I,a,162,2,832.8000000715256,546689.7999999523,8121,WL,B,10.0
5,16.477999925613403,learn,60000.0,Tue Aug 04 2026 14:43:55 GMT-0500 (Central Daylight Time),547689.0,A,lak,I,k,146,2,999.2000000476837,546689.7999999523,8121,WL,B,10.0
5,16.59500002861023,learn,60000.0,Tue Aug 04 2026 14:43:55 GMT-0500 (Central Daylight Time),547805.7999999523,A,lake,I,e,99,2,1116.0,546689.7999999523,8121,WL,B,10.0
5,16.810999870300293,learn,60000.0,Tue Aug 04 2026 14:43:55 GMT-0500 (Central Daylight Time),548022.2999999523,A,lakeenter,I,enter,207,2,1332.5,546689.7999999523,8121,WL,B,10.0
5,17.07800006866455,learn,60000.0,Tue Aug 04 2026 14:43:55 GMT-0500 (Central Daylight Time),548289.1000000238,A,c,I,c,246,2,266.39999997615814,548022.7000000477,8121,WL,B,11.0
5,17.211999893188477,learn,60000.0,Tue Aug 04 2026 14:43:55 GMT-0500 (Central Daylight Time),548423.3999999762,A,ca,I,a,123,2,400.6999999284744,548022.7000000477,8121,WL,B,11.0
5,17.378000020980835,learn,60000.0,Tue Aug 04 2026 14:43:55 GMT-0500 (Central Daylight Time),548588.8999999762,A,cab,I,b,149,2,566.1999999284744,548022.7000000477,8121,WL,B,11.0
5,17.560999870300293,learn,60000.0,Tue Aug 04 2026 14:43:55 GMT-0500 (Central Daylight Time),548772.2000000477,A,cabi,I,i,175,2,749.5,548022.7000000477,8121,WL,B,11.0
5,17.694999933242798,learn,60000.0,Tue Aug 04 2026 14:43:55 GMT-0500 (Central Daylight Time),548905.7000000477,A,cabin,I,n,120,2,883.0,548022.7000000477,8121,WL,B,11.0
5,18.26099991798401,learn,60000.0,Tue Aug 04 2026 14:43:55 GMT-0500 (Central Daylight Time),549471.7999999523,A,cabinenter,I,enter,547,2,1449.0999999046326,548022.7000000477,8121,WL,B,11.0
5,18.66100001335144,learn,60000.0,Tue Aug 04 2026 14:43:55 GMT-0500 (Central Daylight Time),549871.7999999523,A,p,I,p,381,2,399.59999990463257,549472.2000000477,8121,WL,B,12.0
5,18.960999965667725,learn,60000.0,Tue Aug 04 2026 14:43:55 GMT-0500 (Central Daylight Time),550171.7000000477,A,pi,I,i,149,2,699.5,549472.2000000477,8121,WL,B,12.0
5,19.013000011444092,learn,60000.0,Tue Aug 04 2026 14:43:55 GMT-0500 (Central Daylight Time),550223.8999999762,A,pip,I,p,41,2,751.6999999284744,549472.2000000477,8121,WL,B,12.0
5,19.594000101089478,learn,60000.0,Tue Aug 04 2026 14:43:55 GMT-0500 (Central Daylight Time),550804.8999999762,A,pipe,I,e,569,2,1332.6999999284744,549472.2000000477,8121,WL,B,12.0
5,20.32699990272522,learn,60000.0,Tue Aug 04 2026 14:43:55 GMT-0500 (Central Daylight Time),551538.2000000477,A,pipeenter,I,enter,721,2,2066.0,549472.2000000477,8121,WL,B,12.0
5,21.16000008583069,learn,60000.0,Tue Aug 04 2026 14:43:55 GMT-0500 (Central Daylight Time),552371.2000000477,A,s,I,s,818,2,832.7000000476837,551538.5,8121,WL,B,13.0
5,21.276999950408936,learn,60000.0,Tue Aug 04 2026 14:43:55 GMT-0500 (Central Daylight Time),552487.7999999523,A,sk,I,k,105,2,949.2999999523163,551538.5,8121,WL,B,13.0
5,21.47699999809265,learn,60000.0,Tue Aug 04 2026 14:43:55 GMT-0500 (Central Daylight Time),552687.6000000238,A,ski,I,i,189,2,1149.1000000238419,551538.5,8121,WL,B,13.0
5,21.611000061035156,learn,60000.0,Tue Aug 04 2026 14:43:55 GMT-0500 (Central Daylight Time),552822.3999999762,A,skin,I,n,117,2,1283.8999999761581,551538.5,8121,WL,B,13.0
5,21.859999895095825,learn,60000.0,Tue Aug 04 2026 14:43:55 GMT-0500 (Central Daylight Time),553070.8999999762,A,skinenter,I,enter,239,2,1532.3999999761581,551538.5,8121,WL,B,13.0
5,22.042999982833862,learn,60000.0,Tue Aug 04 2026 14:43:55 GMT-0500 (Central Daylight Time),553254.1000000238,A,f,I,f,165,2,182.89999997615814,553071.2000000477,8121,WL,B,14.0
5,22.194000005722046,learn,60000.0,Tue Aug 04 2026 14:43:55 GMT-0500 (Central Daylight Time),553404.6000000238,A,fi,I,i,134,2,333.39999997615814,553071.2000000477,8121,WL,B,14.0
5,22.292999982833862,learn,60000.0,Tue Aug 04 2026 14:43:55 GMT-0500 (Central Daylight Time),553504.2000000477,A,fir,I,r,88,2,433.0,553071.2000000477,8121,WL,B,14.0
5,22.41000008583069,learn,60000.0,Tue Aug 04 2026 14:43:55 GMT-0500 (Central Daylight Time),553621.1000000238,A,fire,I,e,100,2,549.8999999761581,553071.2000000477,8121,WL,B,14.0
5,23.408999919891357,learn,60000.0,Tue Aug 04 2026 14:43:55 GMT-0500 (Central Daylight Time),554620.1000000238,A,fireenter,I,enter,991,2,1548.8999999761581,553071.2000000477,8121,WL,B,14.0
5,24.2260000705719,learn,60000.0,Tue Aug 04 2026 14:43:55 GMT-0500 (Central Daylight Time),555436.7999999523,A,c,I,c,800,2,816.2999999523163,554620.5,8121,WL,B,15.0
5,24.325999975204468,learn,60000.0,Tue Aug 04 2026 14:43:55 GMT-0500 (Central Daylight Time),555536.8999999762,A,cl,I,l,96,2,916.3999999761581,554620.5,8121,WL,B,15.0
5,24.54200005531311,learn,60000.0,Tue Aug 04 2026 14:43:55 GMT-0500 (Central Daylight Time),555753.3999999762,A,clo,I,o,195,2,1132.8999999761581,554620.5,8121,WL,B,15.0
5,24.759000062942505,learn,60000.0,Tue Aug 04 2026 14:43:55 GMT-0500 (Central Daylight Time),555970.0,A,cloc,I,c,203,2,1349.5,554620.5,8121,WL,B,15.0
5,24.908999919891357,learn,60000.0,Tue Aug 04 2026 14:43:55 GMT-0500 (Central Daylight Time),556119.7000000477,A,clock,I,k,138,2,1499.2000000476837,554620.5,8121,WL,B,15.0
5,25.22499990463257,learn,60000.0,Tue Aug 04 2026 14:43:55 GMT-0500 (Central Daylight Time),556436.5,A,clockenter,I,enter,308,2,1816.0,554620.5,8121,WL,B,15.0
6,0.5859999656677246,distr,59414.000034332275,Tue Aug 04 2026 14:43:55 GMT-0500 (Central Daylight Time),621366.2000000477,B,b,I,b,575,2,585.2000000476837,620781.0,8121,WL,B,1.0
6,0.7189998626708984,distr,59281.0001373291,Tue Aug 04 2026 14:43:55 GMT-0500 (Central Daylight Time),621499.6000000238,B,ba,I,a,117,2,718.6000000238419,620781.0,8121,WL,B,1.0
6,0.8859999179840088,distr,59114.00008201599,Tue Aug 04 2026 14:43:55 GMT-0500 (Central Daylight Time),621666.0,B,bab,I,b,153,2,885.0,620781.0,8121,WL,B,1.0
6,1.2019999027252197,distr,58798.00009727478,Tue Aug 04 2026 14:43:55 GMT-0500 (Central Daylight Time),621982.6000000238,B,baby,I,y,298,2,1201.6000000238419,620781.0,8121,WL,B,1.0
6,1.5520000457763672,distr,58447.99995422363,Tue Aug 04 2026 14:43:55 GMT-0500 (Central Daylight Time),622332.5,B,babyenter,I,enter,334,2,1551.5,620781.0,8121,WL,B,1.0
6,1.9519999027252197,distr,58048.00009727478,Tue Aug 04 2026 14:43:55 GMT-0500 (Central Daylight Time),622732.2999999523,B,o,I,o,384,2,399.39999997615814,622332.8999999762,8121,WL,B,2.0
6,2.0850000381469727,distr,57914.99996185303,Tue Aug 04 2026 14:43:55 GMT-0500 (Central Daylight Time),622865.6000000238,B,oc,I,c,120,2,532.7000000476837,622332.8999999762,8121,WL,B,2.0
6,2.503000020980835,distr,57496.999979019165,Tue Aug 04 2026 14:43:55 GMT-0500 (Central Daylight Time),623283.2999999523,B,oce,I,e,411,2,950.3999999761581,622332.8999999762,8121,WL,B,2.0
6,2.7189998626708984,distr,57281.0001373291,Tue Aug 04 2026 14:43:55 GMT-0500 (Central Daylight Time),623498.7000000477,B,ocea,I,a,209,2,1165.8000000715256,622332.8999999762,8121,WL,B,2.0
6,2.9179999828338623,distr,57082.00001716614,Tue Aug 04 2026 14:43:55 GMT-0500 (Central Daylight Time),623698.6000000238,B,ocean,I,n,194,2,1365.7000000476837,622332.8999999762,8121,WL,B,2.0
6,3.484999895095825,distr,56515.000104904175,Tue Aug 04 2026 14:43:55 GMT-0500 (Central Daylight Time),624265.3999999762,B,oceanenter,I,enter,546,2,1932.5,622332.8999999762,8121,WL,B,2.0
6,7.434000015258789,distr,52565.99998474121,Tue Aug 04 2026 14:43:55 GMT-0500 (Central Daylight Time),628214.0,B,l,I,l,3939,2,3948.2999999523163,624265.7000000477,8121,WL,B,3.0
6,7.634000062942505,distr,52365.999937057495,Tue Aug 04 2026 14:43:55 GMT-0500 (Central Daylight Time),628413.8999999762,B,li,I,i,190,2,4148.199999928474,624265.7000000477,8121,WL,B,3.0
6,7.833999872207642,distr,52166.00012779236,Tue Aug 04 2026 14:43:55 GMT-0500 (Central Daylight Time),628613.8999999762,B,lip,I,p,190,2,4348.199999928474,624265.7000000477,8121,WL,B,3.0
6,8.25,distr,51750.0,Tue Aug 04 2026 14:43:55 GMT-0500 (Central Daylight Time),629030.6000000238,B,lipenter,I,enter,406,2,4764.899999976158,624265.7000000477,8121,WL,B,3.0
6,8.717000007629395,distr,51282.999992370605,Tue Aug 04 2026 14:43:55 GMT-0500 (Central Daylight Time),629496.8999999762,B,b,I,b,454,2,466.0,629030.8999999762,8121,WL,B,4.0
6,8.882999897003174,distr,51117.000102996826,Tue Aug 04 2026 14:43:55 GMT-0500 (Central Daylight Time),629663.3999999762,B,ba,I,a,147,2,632.5,629030.8999999762,8121,WL,B,4.0
6,9.049999952316284,distr,50950.000047683716,Tue Aug 04 2026 14:43:55 GMT-0500 (Central Daylight Time),629830.0,B,bar,I,r,157,2,799.1000000238419,629030.8999999762,8121,WL,B,4.0
6,9.33299994468689,distr,50667.00005531311,Tue Aug 04 2026 14:43:55 GMT-0500 (Central Daylight Time),630113.2999999523,B,barenter,I,enter,270,2,1082.3999999761581,629030.8999999762,8121,WL,B,4.0
6,9.632999897003174,distr,50367.000102996826,Tue Aug 04 2026 14:43:55 GMT-0500 (Central Daylight Time),630413.2999999523,B,d,I,d,291,2,299.6999999284744,630113.6000000238,8121,WL,B,5.0
6,9.815999984741211,distr,50184.00001525879,Tue Aug 04 2026 14:43:55 GMT-0500 (Central Daylight Time),630596.5,B,dr,I,r,175,2,482.89999997615814,630113.6000000238,8121,WL,B,5.0
6,9.91599988937378,distr,50084.00011062622,Tue Aug 04 2026 14:43:55 GMT-0500 (Central Daylight Time),630696.6000000238,B,dre,I,e,87,2,583.0,630113.6000000238,8121,WL,B,5.0
6,10.450000047683716,distr,49549.999952316284,Tue Aug 04 2026 14:43:55 GMT-0500 (Central Daylight Time),631229.7999999523,B,dres,I,s,525,2,1116.1999999284744,630113.6000000238,8121,WL,B,5.0
6,10.6489999294281,distr,49351.0000705719,Tue Aug 04 2026 14:43:55 GMT-0500 (Central Daylight Time),631429.7000000477,B,dress,I,s,190,2,1316.1000000238419,630113.6000000238,8121,WL,B,5.0
6,10.91599988937378,distr,49084.00011062622,Tue Aug 04 2026 14:43:55 GMT-0500 (Central Daylight Time),631696.2999999523,B,dressenter,I,enter,246,2,1582.6999999284744,630113.6000000238,8121,WL,B,5.0
6,11.266000032424927,distr,48733.99996757507,Tue Aug 04 2026 14:43:55 GMT-0500 (Central Daylight Time),632046.1000000238,B,s,I,s,332,2,349.60000002384186,631696.5,8121,WL,B,6.0
6,11.41599988937378,distr,48584.00011062622,Tue Aug 04 2026 14:43:55 GMT-0500 (Central Daylight Time),632196.0,B,st,I,t,142,2,499.5,631696.5,8121,WL,B,6.0
6,11.582000017166138,distr,48417.99998283386,Tue Aug 04 2026 14:43:55 GMT-0500 (Central Daylight Time),632362.6000000238,B,ste,I,e,152,2,666.1000000238419,631696.5,8121,WL,B,6.0
6,11.782999992370605,distr,48217.000007629395,Tue Aug 04 2026 14:43:55 GMT-0500 (Central Daylight Time),632562.7999999523,B,stea,I,a,186,2,866.2999999523163,631696.5,8121,WL,B,6.0
6,12.032000064849854,distr,47967.99993515015,Tue Aug 04 2026 14:43:55 GMT-0500 (Central Daylight Time),632812.3999999762,B,steam,I,m,242,2,1115.8999999761581,631696.5,8121,WL,B,6.0
6,12.681999921798706,distr,47318.000078201294,Tue Aug 04 2026 14:43:55 GMT-0500 (Central Daylight Time),633462.3999999762,B,steamenter,I,enter,641,2,1765.8999999761581,631696.5,8121,WL,B,6.0
6,15.831000089645386,distr,44168.999910354614,Tue Aug 04 2026 14:43:55 GMT-0500 (Central Daylight Time),636611.2999999523,B,r,I,r,3134,2,3148.5999999046326,633462.7000000477,8121,WL,B,7.0
6,16.014999866485596,distr,43985.000133514404,Tue Aug 04 2026 14:43:55 GMT-0500 (Central Daylight Time),636795.6000000238,B,ro,I,o,177,2,3332.899999976158,633462.7000000477,8121,WL,B,7.0
6,16.247999906539917,distr,43752.00009346008,Tue Aug 04 2026 14:43:55 GMT-0500 (Central Daylight Time),637027.7999999523,B,roc,I,c,216,2,3565.0999999046326,633462.7000000477,8121,WL,B,7.0
6,16.414000034332275,distr,43585.999965667725,Tue Aug 04 2026 14:43:55 GMT-0500 (Central Daylight Time),637194.6000000238,B,rock,I,k,152,2,3731.899999976158,633462.7000000477,8121,WL,B,7.0
6,17.147000074386597,distr,42852.9999256134,Tue Aug 04 2026 14:43:55 GMT-0500 (Central Daylight Time),637927.5,B,rockenter,I,enter,722,2,4464.799999952316,633462.7000000477,8121,WL,B,7.0
6,17.780999898910522,distr,42219.00010108948,Tue Aug 04 2026 14:43:55 GMT-0500 (Central Daylight Time),638560.7000000477,B,b,I,b,612,2,632.9000000953674,637927.7999999523,8121,WL,B,8.0
6,17.88100004196167,distr,42118.99995803833,Tue Aug 04 2026 14:43:55 GMT-0500 (Central Daylight Time),638660.7000000477,B,bu,I,u,84,2,732.9000000953674,637927.7999999523,8121,WL,B,8.0
6,17.930999994277954,distr,42069.000005722046,Tue Aug 04 2026 14:43:55 GMT-0500 (Central Daylight Time),638710.8999999762,B,bui,I,i,32,2,783.1000000238419,637927.7999999523,8121,WL,B,8.0
6,18.096999883651733,distr,41903.00011634827,Tue Aug 04 2026 14:43:55 GMT-0500 (Central Daylight Time),638877.2999999523,B,buil,I,l,157,2,949.5,637927.7999999523,8121,WL,B,8.0
6,18.264999866485596,distr,41735.000133514404,Tue Aug 04 2026 14:43:55 GMT-0500 (Central Daylight Time),639045.2000000477,B,build,I,d,152,2,1117.4000000953674,637927.7999999523,8121,WL,B,8.0
6,18.37999987602234,distr,41620.00012397766,Tue Aug 04 2026 14:43:55 GMT-0500 (Central Daylight Time),639160.5,B,buildi,I,i,103,2,1232.7000000476837,637927.7999999523,8121,WL,B,8.0
6,18.513999938964844,distr,41486.000061035156,Tue Aug 04 2026 14:43:55 GMT-0500 (Central Daylight Time),639294.0,B,buildin,I,n,116,2,1366.2000000476837,637927.7999999523,8121,WL,B,8.0
6,18.647000074386597,distr,41352.9999256134,Tue Aug 04 2026 14:43:55 GMT-0500 (Central Daylight Time),639427.1000000238,B,building,I,g,118,2,1499.3000000715256,637927.7999999523,8121,WL,B,8.0
6,19.162999868392944,distr,40837.000131607056,Tue Aug 04 2026 14:43:55 GMT-0500 (Central Daylight Time),639943.6000000238,B,buildingenter,I,enter,497,2,2015.8000000715256,637927.7999999523,8121,WL,B,8.0
6,19.77999997138977,distr,40220.00002861023,Tue Aug 04 2026 14:43:55 GMT-0500 (Central Daylight Time),640560.2000000477,B,f,I,f,606,2,616.3000000715256,639943.8999999762,8121,WL,B,9.0
6,20.013999938964844,distr,39986.000061035156,Tue Aug 04 2026 14:43:55 GMT-0500 (Central Daylight Time),640794.3999999762,B,fr,I,r,212,2,850.5,639943.8999999762,8121,WL,B,9.0
6,20.12999987602234,distr,39870.00012397766,Tue Aug 04 2026 14:43:55 GMT-0500 (Central Daylight Time),640909.7000000477,B,fri,I,i,98,2,965.8000000715256,639943.8999999762,8121,WL,B,9.0
6,20.263000011444092,distr,39736.99998855591,Tue Aug 04 2026 14:43:55 GMT-0500 (Central Daylight Time),641043.2000000477,B,frie,I,e,128,2,1099.3000000715256,639943.8999999762,8121,WL,B,9.0
6,20.37999987602234,distr,39620.00012397766,Tue Aug 04 2026 14:43:55 GMT-0500 (Central Daylight Time),641159.8999999762,B,frien,I,n,105,2,1216.0,639943.8999999762,8121,WL,B,9.0
6,20.54699993133545,distr,39453.00006866455,Tue Aug 04 2026 14:43:55 GMT-0500 (Central Daylight Time),641326.7000000477,B,friend,I,d,156,2,1382.8000000715256,639943.8999999762,8121,WL,B,9.0
6,20.963000059127808,distr,39036.99994087219,Tue Aug 04 2026 14:43:55 GMT-0500 (Central Daylight Time),641743.2000000477,B,friendenter,I,enter,398,2,1799.3000000715256,639943.8999999762,8121,WL,B,9.0
6,60.01699995994568,distr,-16.99995994567871,Tue Aug 04 2026 14:43:55 GMT-0500 (Central Daylight Time),680797.3999999762,B,None,I,None,39049,2,39053.799999952316,641743.6000000238,8121,WL,B,10.0
7,3.9149999618530273,immed,56085.00003814697,Tue Aug 04 2026 14:43:55 GMT-0500 (Central Daylight Time),685962.2999999523,A,s,I,s,3910,2,3915.2999999523163,682047.0,8121,WL,B,1.0
7,4.164999961853027,immed,55835.00003814697,Tue Aug 04 2026 14:43:55 GMT-0500 (Central Daylight Time),686212.3999999762,A,st,I,t,242,2,4165.399999976158,682047.0,8121,WL,B,1.0
7,4.697999954223633,immed,55302.00004577637,Tue Aug 04 2026 14:43:55 GMT-0500 (Central Daylight Time),686745.2999999523,A,ste,I,e,527,2,4698.299999952316,682047.0,8121,WL,B,1.0
7,5.265000104904175,immed,54734.999895095825,Tue Aug 04 2026 14:43:55 GMT-0500 (Central Daylight Time),687312.3999999762,A,st,I,backspace,547,2,5265.399999976158,682047.0,8121,WL,B,1.0
7,5.398000001907349,immed,54601.99999809265,Tue Aug 04 2026 14:43:55 GMT-0500 (Central Daylight Time),687445.2000000477,A,str,I,r,115,2,5398.200000047684,682047.0,8121,WL,B,1.0
7,5.531000137329102,immed,54468.9998626709,Tue Aug 04 2026 14:43:55 GMT-0500 (Central Daylight Time),687578.7000000477,A,stre,I,e,119,2,5531.700000047684,682047.0,8121,WL,B,1.0
7,5.730999946594238,immed,54269.00005340576,Tue Aug 04 2026 14:43:55 GMT-0500 (Central Daylight Time),687778.7000000477,A,stree,I,e,186,2,5731.700000047684,682047.0,8121,WL,B,1.0
7,5.914999961853027,immed,54085.00003814697,Tue Aug 04 2026 14:43:55 GMT-0500 (Central Daylight Time),687961.8999999762,A,street,I,t,169,2,5914.899999976158,682047.0,8121,WL,B,1.0
7,6.615000009536743,immed,53384.99999046326,Tue Aug 04 2026 14:43:55 GMT-0500 (Central Daylight Time),688661.8999999762,A,streetenter,I,enter,683,2,6614.899999976158,682047.0,8121,WL,B,1.0
7,6.914000034332275,immed,53085.999965667725,Tue Aug 04 2026 14:43:55 GMT-0500 (Central Daylight Time),688961.7999999523,A,g,I,g,286,2,299.59999990463257,688662.2000000477,8121,WL,B,2.0
7,7.0970001220703125,immed,52902.99987792969,Tue Aug 04 2026 14:43:55 GMT-0500 (Central Daylight Time),689144.7999999523,A,gr,I,r,171,2,482.59999990463257,688662.2000000477,8121,WL,B,2.0
7,7.263999938964844,immed,52736.000061035156,Tue Aug 04 2026 14:43:55 GMT-0500 (Central Daylight Time),689311.5,A,gra,I,a,155,2,649.2999999523163,688662.2000000477,8121,WL,B,2.0
7,7.398000001907349,immed,52601.99999809265,Tue Aug 04 2026 14:43:55 GMT-0500 (Central Daylight Time),689444.7999999523,A,gras,I,s,125,2,782.5999999046326,688662.2000000477,8121,WL,B,2.0
7,7.614000082015991,immed,52385.99991798401,Tue Aug 04 2026 14:43:55 GMT-0500 (Central Daylight Time),689661.3999999762,A,grass,I,s,208,2,999.1999999284744,688662.2000000477,8121,WL,B,2.0
7,7.914000034332275,immed,52085.999965667725,Tue Aug 04 2026 14:43:55 GMT-0500 (Central Daylight Time),689961.5,A,grassenter,I,enter,280,2,1299.2999999523163,688662.2000000477,8121,WL,B,2.0
7,8.814000129699707,immed,51185.99987030029,Tue Aug 04 2026 14:43:55 GMT-0500 (Central Daylight Time),690861.1000000238,A,d,I,d,891,2,899.3000000715256,689961.7999999523,8121,WL,B,3.0
7,8.947999954223633,immed,51052.00004577637,Tue Aug 04 2026 14:43:55 GMT-0500 (Central Daylight Time),690995.3999999762,A,do,I,o,127,2,1033.6000000238419,689961.7999999523,8121,WL,B,3.0
7,9.130000114440918,immed,50869.99988555908,Tue Aug 04 2026 14:43:55 GMT-0500 (Central Daylight Time),691177.2999999523,A,doo,I,o,161,2,1215.5,689961.7999999523,8121,WL,B,3.0
7,9.263999938964844,immed,50736.000061035156,Tue Aug 04 2026 14:43:55 GMT-0500 (Central Daylight Time),691311.1000000238,A,door,I,r,115,2,1349.3000000715256,689961.7999999523,8121,WL,B,3.0
7,9.635999917984009,immed,50364.00008201599,Tue Aug 04 2026 14:43:55 GMT-0500 (Central Daylight Time),691682.8999999762,A,doorenter,I,enter,350,2,1721.1000000238419,689961.7999999523,8121,WL,B,3.0
7,9.763000011444092,immed,50236.99998855591,Tue Aug 04 2026 14:43:55 GMT-0500 (Central Daylight Time),691810.3999999762,A,a,I,a,118,2,127.29999995231628,691683.1000000238,8121,WL,B,4.0
7,9.913000106811523,immed,50086.99989318848,Tue Aug 04 2026 14:43:55 GMT-0500 (Central Daylight Time),691960.5,A,ar,I,r,138,2,277.39999997615814,691683.1000000238,8121,WL,B,4.0
7,10.19700002670288,immed,49802.99997329712,Tue Aug 04 2026 14:43:55 GMT-0500 (Central Daylight Time),692243.8999999762,A,arm,I,m,277,2,560.7999999523163,691683.1000000238,8121,WL,B,4.0
7,10.496000051498413,immed,49503.99994850159,Tue Aug 04 2026 14:43:55 GMT-0500 (Central Daylight Time),692543.7000000477,A,armenter,I,enter,280,2,860.6000000238419,691683.1000000238,8121,WL,B,4.0
7,11.079999923706055,immed,48920.000076293945,Tue Aug 04 2026 14:43:55 GMT-0500 (Central Daylight Time),693127.0,A,w,I,w,565,2,582.8999999761581,692544.1000000238,8121,WL,B,5.0
7,11.196000099182129,immed,48803.99990081787,Tue Aug 04 2026 14:43:55 GMT-0500 (Central Daylight Time),693243.3999999762,A,wi,I,i,101,2,699.2999999523163,692544.1000000238,8121,WL,B,5.0
7,11.413000106811523,immed,48586.99989318848,Tue Aug 04 2026 14:43:55 GMT-0500 (Central Daylight Time),693460.1000000238,A,wif,I,f,210,2,916.0,692544.1000000238,8121,WL,B,5.0
7,11.564000129699707,immed,48435.99987030029,Tue Aug 04 2026 14:43:55 GMT-0500 (Central Daylight Time),693611.2999999523,A,wife,I,e,136,2,1067.1999999284744,692544.1000000238,8121,WL,B,5.0
7,11.680000066757202,immed,48319.9999332428,Tue Aug 04 2026 14:43:55 GMT-0500 (Central Daylight Time),693726.8999999762,A,wifeenter,I,enter,105,2,1182.7999999523163,692544.1000000238,8121,WL,B,5.0
7,11.86299991607666,immed,48137.00008392334,Tue Aug 04 2026 14:43:55 GMT-0500 (Central Daylight Time),693910.0,A,w,I,w,175,2,182.79999995231628,693727.2000000477,8121,WL,B,6.0
7,12.01200008392334,immed,47987.99991607666,Tue Aug 04 2026 14:43:55 GMT-0500 (Central Daylight Time),694059.7999999523,A,wi,I,i,134,2,332.59999990463257,693727.2000000477,8121,WL,B,6.0
7,12.11299991607666,immed,47887.00008392334,Tue Aug 04 2026 14:43:55 GMT-0500 (Central Daylight Time),694159.8999999762,A,win,I,n,81,2,432.6999999284744,693727.2000000477,8121,WL,B,6.0
7,12.246000051498413,immed,47753.99994850159,Tue Aug 04 2026 14:43:55 GMT-0500 (Central Daylight Time),694293.3999999762,A,wind,I,d,116,2,566.1999999284744,693727.2000000477,8121,WL,B,6.0
7,12.428999900817871,immed,47571.00009918213,Tue Aug 04 2026 14:43:55 GMT-0500 (Central Daylight Time),694476.6000000238,A,windo,I,o,167,2,749.3999999761581,693727.2000000477,8121,WL,B,6.0
7,12.595999956130981,immed,47404.00004386902,Tue Aug 04 2026 14:43:55 GMT-0500 (Central Daylight Time),694643.1000000238,A,window,I,w,160,2,915.8999999761581,693727.2000000477,8121,WL,B,6.0
7,12.996999979019165,immed,47003.000020980835,Tue Aug 04 2026 14:43:55 GMT-0500 (Central Daylight Time),695044.1000000238,A,windowenter,I,enter,393,2,1316.8999999761581,693727.2000000477,8121,WL,B,6.0
7,13.496000051498413,immed,46503.99994850159,Tue Aug 04 2026 14:43:55 GMT-0500 (Central Daylight Time),695542.8999999762,A,d,I,d,480,2,498.5,695044.3999999762,8121,WL,B,7.0
7,13.628999948501587,immed,46371.00005149841,Tue Aug 04 2026 14:43:55 GMT-0500 (Central Daylight Time),695676.2000000477,A,di,I,i,125,2,631.8000000715256,695044.3999999762,8121,WL,B,7.0
7,13.962000131607056,immed,46037.999868392944,Tue Aug 04 2026 14:43:55 GMT-0500 (Central Daylight Time),696009.2999999523,A,d,I,backspace,312,2,964.8999999761581,695044.3999999762,8121,WL,B,7.0
7,14.128999948501587,immed,45871.00005149841,Tue Aug 04 2026 14:43:55 GMT-0500 (Central Daylight Time),696175.8999999762,A,,I,backspace,147,2,1131.5,695044.3999999762,8121,WL,B,7.0
7,14.245000123977661,immed,45754.99987602234,Tue Aug 04 2026 14:43:55 GMT-0500 (Central Daylight Time),696292.7000000477,A,c,I,c,108,2,1248.3000000715256,695044.3999999762,8121,WL,B,7.0
7,14.378999948501587,immed,45621.00005149841,Tue Aug 04 2026 14:43:55 GMT-0500 (Central Daylight Time),696425.8999999762,A,ci,I,i,112,2,1381.5,695044.3999999762,8121,WL,B,7.0
7,14.562000036239624,immed,45437.999963760376,Tue Aug 04 2026 14:43:55 GMT-0500 (Central Daylight Time),696609.2999999523,A,cit,I,t,170,2,1564.8999999761581,695044.3999999762,8121,WL,B,7.0
7,14.678999900817871,immed,45321.00009918213,Tue Aug 04 2026 14:43:55 GMT-0500 (Central Daylight Time),696725.7999999523,A,city,I,y,98,2,1681.3999999761581,695044.3999999762,8121,WL,B,7.0
7,15.212000131607056,immed,44787.999868392944,Tue Aug 04 2026 14:43:55 GMT-0500 (Central Daylight Time),697258.7999999523,A,cityenter,I,enter,528,2,2214.399999976158,695044.3999999762,8121,WL,B,7.0
7,16.144999980926514,immed,43855.000019073486,Tue Aug 04 2026 14:43:55 GMT-0500 (Central Daylight Time),698192.0,A,p,I,p,914,2,932.8999999761581,697259.1000000238,8121,WL,B,8.0
7,16.295000076293945,immed,43704.999923706055,Tue Aug 04 2026 14:43:55 GMT-0500 (Central Daylight Time),698342.0,A,pi,I,i,132,2,1082.8999999761581,697259.1000000238,8121,WL,B,8.0
7,16.594000101089478,immed,43405.99989891052,Tue Aug 04 2026 14:43:55 GMT-0500 (Central Daylight Time),698641.3999999762,A,p,I,backspace,294,2,1382.2999999523163,697259.1000000238,8121,WL,B,8.0
7,16.778000116348267,immed,43221.99988365173,Tue Aug 04 2026 14:43:55 GMT-0500 (Central Daylight Time),698825.0,A,pu,I,u,171,2,1565.8999999761581,697259.1000000238,8121,WL,B,8.0
7,17.194000005722046,immed,42805.999994277954,Tue Aug 04 2026 14:43:55 GMT-0500 (Central Daylight Time),699241.6000000238,A,pup,I,p,412,2,1982.5,697259.1000000238,8121,WL,B,8.0
7,17.561000108718872,immed,42438.99989128113,Tue Aug 04 2026 14:43:55 GMT-0500 (Central Daylight Time),699608.2999999523,A,pupi,I,i,355,2,2349.1999999284744,697259.1000000238,8121,WL,B,8.0
7,17.778000116348267,immed,42221.99988365173,Tue Aug 04 2026 14:43:55 GMT-0500 (Central Daylight Time),699825.1000000238,A,pupil,I,l,204,2,2566.0,697259.1000000238,8121,WL,B,8.0
7,18.17799997329712,immed,41822.00002670288,Tue Aug 04 2026 14:43:55 GMT-0500 (Central Daylight Time),700225.2000000477,A,pupilenter,I,enter,395,2,2966.100000023842,697259.1000000238,8121,WL,B,8.0
7,20.127000093460083,immed,39872.99990653992,Tue Aug 04 2026 14:43:55 GMT-0500 (Central Daylight Time),702174.1000000238,A,c,I,c,1932,2,1948.6000000238419,700225.5,8121,WL,B,9.0
7,20.292999982833862,immed,39707.00001716614,Tue Aug 04 2026 14:43:55 GMT-0500 (Central Daylight Time),702340.7999999523,A,ca,I,a,158,2,2115.2999999523163,700225.5,8121,WL,B,9.0
7,20.460000038146973,immed,39539.99996185303,Tue Aug 04 2026 14:43:55 GMT-0500 (Central Daylight Time),702507.1000000238,A,cab,I,b,152,2,2281.600000023842,700225.5,8121,WL,B,9.0
7,20.66000008583069,immed,39339.99991416931,Tue Aug 04 2026 14:43:55 GMT-0500 (Central Daylight Time),702707.2000000477,A,cabi,I,i,193,2,2481.7000000476837,700225.5,8121,WL,B,9.0
7,20.743000030517578,immed,39256.99996948242,Tue Aug 04 2026 14:43:55 GMT-0500 (Central Daylight Time),702790.7000000477,A,cabin,I,n,65,2,2565.2000000476837,700225.5,8121,WL,B,9.0
7,21.092999935150146,immed,38907.00006484985,Tue Aug 04 2026 14:43:55 GMT-0500 (Central Daylight Time),703140.6000000238,A,cabinenter,I,enter,335,2,2915.100000023842,700225.5,8121,WL,B,9.0
7,21.360000133514404,immed,38639.999866485596,Tue Aug 04 2026 14:43:55 GMT-0500 (Central Daylight Time),703407.0,A,l,I,l,248,2,265.89999997615814,703141.1000000238,8121,WL,B,10.0
7,21.460000038146973,immed,38539.99996185303,Tue Aug 04 2026 14:43:55 GMT-0500 (Central Daylight Time),703506.7999999523,A,la,I,a,92,2,365.6999999284744,703141.1000000238,8121,WL,B,10.0
7,21.875999927520752,immed,38124.00007247925,Tue Aug 04 2026 14:43:55 GMT-0500 (Central Daylight Time),703923.5,A,lak,I,k,410,2,782.3999999761581,703141.1000000238,8121,WL,B,10.0
7,22.042999982833862,immed,37957.00001716614,Tue Aug 04 2026 14:43:55 GMT-0500 (Central Daylight Time),704090.0,A,lake,I,e,161,2,948.8999999761581,703141.1000000238,8121,WL,B,10.0
7,22.575999975204468,immed,37424.00002479553,Tue Aug 04 2026 14:43:55 GMT-0500 (Central Daylight Time),704623.5,A,lakeenter,I,enter,514,2,1482.3999999761581,703141.1000000238,8121,WL,B,10.0
7,22.875999927520752,immed,37124.00007247925,Tue Aug 04 2026 14:43:55 GMT-0500 (Central Daylight Time),704923.2999999523,A,p,I,p,294,2,299.59999990463257,704623.7000000477,8121,WL,B,11.0
7,23.026999950408936,immed,36973.000049591064,Tue Aug 04 2026 14:43:55 GMT-0500 (Central Daylight Time),705074.2999999523,A,pi,I,i,129,2,450.59999990463257,704623.7000000477,8121,WL,B,11.0
7,23.191999912261963,immed,36808.00008773804,Tue Aug 04 2026 14:43:55 GMT-0500 (Central Daylight Time),705239.7999999523,A,pip,I,p,146,2,616.0999999046326,704623.7000000477,8121,WL,B,11.0
7,23.443000078201294,immed,36556.999921798706,Tue Aug 04 2026 14:43:55 GMT-0500 (Central Daylight Time),705489.8999999762,A,pipe,I,e,237,2,866.1999999284744,704623.7000000477,8121,WL,B,11.0
7,23.691999912261963,immed,36308.00008773804,Tue Aug 04 2026 14:43:55 GMT-0500 (Central Daylight Time),705739.7000000477,A,pipeenter,I,enter,243,2,1116.0,704623.7000000477,8121,WL,B,11.0
7,25.941999912261963,immed,34058.00008773804,Tue Aug 04 2026 14:43:55 GMT-0500 (Central Daylight Time),707988.8999999762,A,s,I,s,2233,2,2248.899999976158,705740.0,8121,WL,B,12.0
7,26.075000047683716,immed,33924.999952316284,Tue Aug 04 2026 14:43:55 GMT-0500 (Central Daylight Time),708122.2000000477,A,sk,I,k,119,2,2382.2000000476837,705740.0,8121,WL,B,12.0
7,26.27500009536743,immed,33724.99990463257,Tue Aug 04 2026 14:43:55 GMT-0500 (Central Daylight Time),708322.1000000238,A,ski,I,i,179,2,2582.100000023842,705740.0,8121,WL,B,12.0
7,26.375,immed,33625.0,Tue Aug 04 2026 14:43:55 GMT-0500 (Central Daylight Time),708422.2999999523,A,skin,I,n,90,2,2682.2999999523163,705740.0,8121,WL,B,12.0
7,26.657999992370605,immed,33342.000007629395,Tue Aug 04 2026 14:43:55 GMT-0500 (Central Daylight Time),708705.5,A,skinenter,I,enter,262,2,2965.5,705740.0,8121,WL,B,12.0
7,26.9760000705719,immed,33023.9999294281,Tue Aug 04 2026 14:43:55 GMT-0500 (Central Daylight Time),709023.1000000238,A,f,I,f,298,2,317.2000000476837,708705.8999999762,8121,WL,B,13.0
7,27.074000120162964,immed,32925.999879837036,Tue Aug 04 2026 14:43:55 GMT-0500 (Central Daylight Time),709121.6000000238,A,fi,I,i,93,2,415.7000000476837,708705.8999999762,8121,WL,B,13.0
7,27.19099998474121,immed,32809.00001525879,Tue Aug 04 2026 14:43:55 GMT-0500 (Central Daylight Time),709238.6000000238,A,fir,I,r,99,2,532.7000000476837,708705.8999999762,8121,WL,B,13.0
7,27.341000080108643,immed,32658.999919891357,Tue Aug 04 2026 14:43:55 GMT-0500 (Central Daylight Time),709388.6000000238,A,fire,I,e,134,2,682.7000000476837,708705.8999999762,8121,WL,B,13.0
7,27.77500009536743,immed,32224.99990463257,Tue Aug 04 2026 14:43:55 GMT-0500 (Central Daylight Time),709821.7999999523,A,fireenter,I,enter,424,2,1115.8999999761581,708705.8999999762,8121,WL,B,13.0
7,28.2739999294281,immed,31726.0000705719,Tue Aug 04 2026 14:43:55 GMT-0500 (Central Daylight Time),710321.6000000238,A,c,I,c,487,2,499.39999997615814,709822.2000000477,8121,WL,B,14.0
7,28.45799994468689,immed,31542.00005531311,Tue Aug 04 2026 14:43:55 GMT-0500 (Central Daylight Time),710505.1000000238,A,co,I,o,163,2,682.8999999761581,709822.2000000477,8121,WL,B,14.0
7,28.874000072479248,immed,31125.999927520752,Tue Aug 04 2026 14:43:55 GMT-0500 (Central Daylight Time),710921.3999999762,A,c,I,backspace,395,2,1099.1999999284744,709822.2000000477,8121,WL,B,14.0
7,29.056999921798706,immed,30943.000078201294,Tue Aug 04 2026 14:43:55 GMT-0500 (Central Daylight Time),711104.7000000477,A,cl,I,l,171,2,1282.5,709822.2000000477,8121,WL,B,14.0
7,29.240999937057495,immed,30759.000062942505,Tue Aug 04 2026 14:43:55 GMT-0500 (Central Daylight Time),711287.8999999762,A,clo,I,o,164,2,1465.6999999284744,709822.2000000477,8121,WL,B,14.0
7,29.407000064849854,immed,30592.999935150146,Tue Aug 04 2026 14:43:55 GMT-0500 (Central Daylight Time),711454.2999999523,A,cloc,I,c,148,2,1632.0999999046326,709822.2000000477,8121,WL,B,14.0
7,29.5239999294281,immed,30476.0000705719,Tue Aug 04 2026 14:43:55 GMT-0500 (Central Daylight Time),711570.8999999762,A,clock,I,k,101,2,1748.6999999284744,709822.2000000477,8121,WL,B,14.0
7,29.92300009727478,immed,30076.99990272522,Tue Aug 04 2026 14:43:55 GMT-0500 (Central Daylight Time),711970.6000000238,A,clockenter,I,enter,384,2,2148.399999976158,709822.2000000477,8121,WL,B,14.0
7,56.79299998283386,immed,3207.0000171661377,Tue Aug 04 2026 14:43:55 GMT-0500 (Central Daylight Time),738840.8999999762,A,a,I,a,26866,2,26870.100000023842,711970.7999999523,8121,WL,B,15.0
7,56.94799995422363,immed,3052.000045776367,Tue Aug 04 2026 14:43:55 GMT-0500 (Central Daylight Time),738995.8999999762,A,ak,I,k,138,2,27025.100000023842,711970.7999999523,8121,WL,B,15.0
7,57.06500005722046,immed,2934.999942779541,Tue Aug 04 2026 14:43:55 GMT-0500 (Central Daylight Time),739112.5,A,ake,I,e,105,2,27141.700000047684,711970.7999999523,8121,WL,B,15.0
7,57.66499996185303,immed,2335.0000381469727,Tue Aug 04 2026 14:43:55 GMT-0500 (Central Daylight Time),739712.3999999762,A,ak,I,backspace,580,2,27741.600000023842,711970.7999999523,8121,WL,B,15.0
7,57.86500000953674,immed,2134.999990463257,Tue Aug 04 2026 14:43:55 GMT-0500 (Central Daylight Time),739912.2999999523,A,a,I,backspace,188,2,27941.5,711970.7999999523,8121,WL,B,15.0
7,58.03200006484985,immed,1967.9999351501465,Tue Aug 04 2026 14:43:55 GMT-0500 (Central Daylight Time),740078.8999999762,A,,I,backspace,148,2,28108.100000023842,711970.7999999523,8121,WL,B,15.0
7,58.16499996185303,immed,1835.0000381469727,Tue Aug 04 2026 14:43:55 GMT-0500 (Central Daylight Time),740212.2000000477,A,,I,backspace,126,2,28241.400000095367,711970.7999999523,8121,WL,B,15.0
7,58.41499996185303,immed,1585.0000381469727,Tue Aug 04 2026 14:43:55 GMT-0500 (Central Daylight Time),740462.1000000238,A,l,I,l,240,2,28491.300000071526,711970.7999999523,8121,WL,B,15.0
7,58.581000089645386,immed,1418.9999103546143,Tue Aug 04 2026 14:43:55 GMT-0500 (Central Daylight Time),740628.7000000477,A,la,I,a,150,2,28657.900000095367,711970.7999999523,8121,WL,B,15.0
7,58.69799995422363,immed,1302.0000457763672,Tue Aug 04 2026 14:43:55 GMT-0500 (Central Daylight Time),740745.1000000238,A,lak,I,k,112,2,28774.300000071526,711970.7999999523,8121,WL,B,15.0
7,58.831000089645386,immed,1168.9999103546143,Tue Aug 04 2026 14:43:55 GMT-0500 (Central Daylight Time),740878.7000000477,A,lake,I,e,116,2,28907.900000095367,711970.7999999523,8121,WL,B,15.0
7,58.96499991416931,immed,1035.0000858306885,Tue Aug 04 2026 14:43:55 GMT-0500 (Central Daylight Time),741012.5,A,lakeenter,I,enter,125,2,29041.700000047684,711970.7999999523,8121,WL,B,15.0
