task,subject_id,session,condition,accuracy,mean_rt
AF,0,1,con,88.88888888888889,707.3472222222222
AF,0,1,inc,87.5,781.0138888888889
AF,0,33,con,90.27777777777779,750.75
AF,0,33,inc,94.44444444444444,734.75
AF,1,1,con,88.88888888888889,655.875
AF,1,1,inc,83.33333333333334,653.25
AF,1474,1,con,94.44444444444444,427.2916666666667
AF,1474,1,inc,91.66666666666666,539.1111111111111
AF,7000,1,con,95.83333333333334,536.2916666666666
AF,7000,1,inc,88.88888888888889,608.2777777777778
AF,7001,1,con,98.61111111111111,574.7916666666666
AF,7001,1,inc,97.22222222222221,630.9166666666666
AF,7002,1,con,98.61111111111111,727.6944444444445
AF,7002,1,inc,100.0,714.9305555555555
AF,7003,1,con,93.05555555555556,589.625
AF,7003,1,inc,95.83333333333334,663.6527777777778
AF,7004,1,con,100.0,574.7083333333334
AF,7004,1,inc,100.0,649.625
AF,7005,1,con,93.05555555555556,537.5138888888889
AF,7005,1,inc,84.72222222222221,575.3333333333334
AF,7006,1,con,91.66666666666666,420.0
AF,7006,1,inc,95.83333333333334,491.30555555555554
AF,7007,1,con,94.44444444444444,722.5
AF,7007,1,inc,95.83333333333334,724.6944444444445
AF,7008,1,con,95.83333333333334,684.2222222222222
AF,7008,1,inc,95.83333333333334,733.1388888888889
AF,7009,1,con,97.22222222222221,544.5277777777778
AF,7009,1,inc,100.0,565.5138888888889
AF,7010,1,con,98.61111111111111,539.4305555555555
AF,7010,1,inc,98.61111111111111,639.3611111111111
AF,7012,1,con,98.61111111111111,621.2222222222222
AF,7012,1,inc,100.0,636.1388888888889
AF,7013,1,con,95.83333333333334,684.2222222222222
AF,7013,1,inc,95.83333333333334,733.1388888888889
AF,7014,1,con,93.05555555555556,778.3333333333334
AF,7014,1,inc,94.44444444444444,758.8194444444445
AF,7015,1,con,95.83333333333334,543.5
AF,7015,1,inc,98.61111111111111,579.6666666666666
AF,7016,1,con,98.61111111111111,631.0694444444445
AF,7016,1,inc,98.61111111111111,645.9722222222222
AF,7017,1,con,93.05555555555556,723.4166666666666
AF,7017,1,inc,97.22222222222221,717.0694444444445
AF,7018,1,con,90.27777777777779,489.81944444444446
AF,7018,1,inc,86.11111111111111,552.6666666666666
AF,7019,1,con,88.88888888888889,558.5416666666666
AF,7019,1,inc,88.88888888888889,580.8888888888889
AF,7020,1,con,93.05555555555556,443.84722222222223
AF,7020,1,inc,98.61111111111111,456.15277777777777
AF,7021,1,con,100.0,609.1944444444445
AF,7021,1,inc,100.0,649.5277777777778
AF,7022,1,con,100.0,849.2083333333334
AF,7022,1,inc,100.0,856.3333333333334
AF,7023,1,con,100.0,709.3055555555555
AF,7023,1,inc,100.0,729.1527777777778
AF,7024,1,con,100.0,592.5833333333334
AF,7024,1,inc,100.0,689.0833333333334
AF,7025,1,con,93.05555555555556,406.30555555555554
AF,7025,1,inc,94.44444444444444,482.84722222222223
AF,7026,1,con,95.83333333333334,623.2638888888889
AF,7026,1,inc,97.22222222222221,625.4583333333334
AF,7027,1,con,90.27777777777779,674.5972222222222
AF,7027,1,inc,87.5,728.8611111111111
AF,7028,1,con,94.44444444444444,777.5416666666666
AF,7028,1,inc,97.22222222222221,742.9444444444445
AF,7029,1,con,94.44444444444444,588.1388888888889
AF,7029,1,inc,97.22222222222221,610.9027777777778
AF,7030,1,con,100.0,771.9583333333334
AF,7030,1,inc,100.0,789.9444444444445
AF,7031,1,con,97.22222222222221,633.9305555555555
AF,7031,1,inc,100.0,607.9027777777778
AF,7032,1,con,94.44444444444444,826.0
AF,7032,1,inc,97.22222222222221,896.1666666666666
AF,7033,1,con,90.27777777777779,622.6388888888889
AF,7033,1,inc,91.66666666666666,687.2777777777778
AF,7034,1,con,98.61111111111111,427.93055555555554
AF,7034,1,inc,95.83333333333334,445.3611111111111
AF,7035,1,con,97.22222222222221,552.3333333333334
AF,7035,1,inc,100.0,591.375
AF,7037,1,con,76.38888888888889,809.6111111111111
AF,7037,1,inc,61.111111111111114,874.2916666666666
AF,7039,1,con,95.83333333333334,696.7777777777778
AF,7039,1,inc,97.22222222222221,713.3194444444445
AF,7040,1,con,90.27777777777779,531.5138888888889
AF,7040,1,inc,94.44444444444444,599.5833333333334
AF,7041,1,con,95.83333333333334,609.4583333333334
AF,7041,1,inc,93.05555555555556,621.9027777777778
AF,7042,1,con,95.83333333333334,868.3333333333334
AF,7042,1,inc,95.83333333333334,820.25
AF,7043,1,con,94.44444444444444,753.1666666666666
AF,7043,1,inc,98.61111111111111,771.9861111111111
AF,7044,1,con,91.66666666666666,495.59722222222223
AF,7044,1,inc,97.22222222222221,610.3611111111111
AF,7045,1,con,95.83333333333334,680.5277777777778
AF,7045,1,inc,97.22222222222221,733.8888888888889
AF,7046,1,con,86.11111111111111,446.72222222222223
AF,7046,1,inc,80.55555555555556,486.9166666666667
AF,7047,1,con,91.25,677.9375
AF,7047,1,inc,93.75,600.5
AF,7048,1,con,97.22222222222221,597.8611111111111
AF,7048,1,inc,95.83333333333334,598.7083333333334
AF,7049,1,con,98.61111111111111,640.3611111111111
AF,7049,1,inc,100.0,636.5
AF,7050,1,con,98.61111111111111,555.7361111111111
AF,7050,1,inc,98.61111111111111,577.0277777777778
AF,7052,1,con,91.66666666666666,659.8055555555555
AF,7052,1,inc,93.05555555555556,660.3472222222222
AF,7053,1,con,98.61111111111111,511.80555555555554
AF,7053,1,inc,97.22222222222221,540.125
AF,7054,1,con,93.05555555555556,534.0972222222222
AF,7054,1,inc,98.61111111111111,589.5416666666666
AF,7055,1,con,95.83333333333334,730.9305555555555
AF,7055,1,inc,94.44444444444444,756.8194444444445
AF,7056,1,con,81.94444444444444,677.8888888888889
AF,7056,1,inc,72.22222222222221,685.8055555555555
AF,7057,1,con,86.11111111111111,611.0833333333334
AF,7057,1,inc,84.72222222222221,654.4305555555555
AF,7058,1,con,84.72222222222221,422.90277777777777
AF,7058,1,inc,88.88888888888889,506.0416666666667
AF,7059,1,con,97.22222222222221,569.4027777777778
AF,7059,1,inc,98.61111111111111,600.4027777777778
AF,7060,1,con,90.27777777777779,827.3611111111111
AF,7060,1,inc,91.66666666666666,823.2916666666666
AF,7061,1,con,94.44444444444444,621.7777777777778
AF,7061,1,inc,97.22222222222221,647.4583333333334
AF,7062,1,con,100.0,735.9166666666666
AF,7062,1,inc,97.22222222222221,782.0416666666666
AF,7063,1,con,91.66666666666666,556.9861111111111
AF,7063,1,inc,97.22222222222221,588.0694444444445
AF,7064,1,con,90.27777777777779,853.7916666666666
AF,7064,1,inc,91.66666666666666,814.375
AF,7065,1,con,100.0,773.2916666666666
AF,7065,1,inc,100.0,794.0277777777778
AF,7067,1,con,88.88888888888889,582.5555555555555
AF,7067,1,inc,81.94444444444444,617.0416666666666
AF,7068,1,con,98.61111111111111,539.4861111111111
AF,7068,1,inc,100.0,605.4583333333334
AF,7069,1,con,100.0,729.5416666666666
AF,7069,1,inc,95.83333333333334,827.1527777777778
AF,7070,1,con,95.83333333333334,725.6805555555555
AF,7070,1,inc,98.61111111111111,759.1111111111111
AF,7072,1,con,84.72222222222221,540.9305555555555
AF,7072,1,inc,86.11111111111111,565.0972222222222
AF,7073,1,con,98.61111111111111,818.2361111111111
AF,7073,1,inc,95.83333333333334,821.4583333333334
AF,7075,1,con,94.44444444444444,765.0555555555555
AF,7075,1,inc,93.05555555555556,731.2638888888889
AF,7076,1,con,98.61111111111111,616.4444444444445
AF,7076,1,inc,95.83333333333334,661.6111111111111
AF,7077,1,con,100.0,663.6944444444445
AF,7077,1,inc,100.0,678.7361111111111
AF,7078,1,con,91.25,690.8375
AF,7078,1,inc,90.0,779.375
AF,7079,1,con,86.11111111111111,577.75
AF,7079,1,inc,91.66666666666666,612.5
AF,7080,1,con,98.61111111111111,651.9583333333334
AF,7080,1,inc,97.22222222222221,654.0555555555555
AF,7082,1,con,98.61111111111111,592.2222222222222
AF,7082,1,inc,98.61111111111111,637.1666666666666
AF,7083,1,con,98.61111111111111,631.3472222222222
AF,7083,1,inc,100.0,612.6111111111111
AF,7084,1,con,100.0,556.3194444444445
AF,7084,1,inc,100.0,650.625
AF,7085,1,con,97.22222222222221,737.1666666666666
AF,7085,1,inc,91.66666666666666,696.8472222222222
AF,7086,1,con,88.75,550.9125
AF,7086,1,inc,91.25,582.225
AF,7087,1,con,95.83333333333334,570.9861111111111
AF,7087,1,inc,98.61111111111111,596.4722222222222
AF,7088,1,con,93.05555555555556,624.2361111111111
AF,7088,1,inc,98.61111111111111,644.7222222222222
AF,7089,1,con,95.83333333333334,512.3472222222222
AF,7089,1,inc,95.83333333333334,563.2361111111111
AF,7090,1,con,98.61111111111111,473.2638888888889
AF,7090,1,inc,100.0,523.2916666666666
AF,7091,1,con,91.66666666666666,505.25
AF,7091,1,inc,97.22222222222221,614.0277777777778
AF,7092,1,con,93.05555555555556,757.7083333333334
AF,7092,1,inc,91.66666666666666,799.75
AF,7093,1,con,97.22222222222221,646.6527777777778
AF,7093,1,inc,100.0,658.3611111111111
AF,7094,1,con,95.83333333333334,745.3888888888889
AF,7094,1,inc,100.0,778.8055555555555
AF,7096,1,con,95.83333333333334,513.7638888888889
AF,7096,1,inc,97.22222222222221,627.8611111111111
AF,7097,1,con,95.83333333333334,641.9722222222222
AF,7097,1,inc,97.22222222222221,695.125
AF,7098,1,con,95.83333333333334,699.0416666666666
AF,7098,1,inc,100.0,724.9722222222222
AF,7099,1,con,95.83333333333334,479.84722222222223
AF,7099,1,inc,100.0,560.2916666666666
AF,7102,1,con,95.83333333333334,820.9444444444445
AF,7102,1,inc,97.22222222222221,783.1944444444445
AF,7103,1,con,95.83333333333334,555.0972222222222
AF,7103,1,inc,98.61111111111111,604.1944444444445
AF,7104,1,con,95.83333333333334,597.9722222222222
AF,7104,1,inc,93.05555555555556,634.5555555555555
AF,7105,1,con,98.61111111111111,552.5138888888889
AF,7105,1,inc,98.61111111111111,641.6388888888889
AF,7106,1,con,97.22222222222221,619.8888888888889
AF,7106,1,inc,98.61111111111111,705.1111111111111
AF,7107,1,con,98.61111111111111,591.9027777777778
AF,7107,1,inc,100.0,674.1805555555555
AF,7108,1,con,98.61111111111111,457.06944444444446
AF,7108,1,inc,100.0,481.4861111111111
AF,7109,1,con,95.83333333333334,740.8472222222222
AF,7109,1,inc,98.61111111111111,753.4027777777778
AF,7110,1,con,87.5,537.875
AF,7110,1,inc,94.44444444444444,583.5694444444445
AF,7111,1,con,97.22222222222221,820.8333333333334
AF,7111,1,inc,100.0,734.0694444444445
AF,7112,1,con,91.25,857.075
AF,7112,1,inc,88.75,921.3375
AF,7113,1,con,93.05555555555556,614.6527777777778
AF,7113,1,inc,97.22222222222221,713.4305555555555
AF,7114,1,con,90.27777777777779,543.0694444444445
AF,7114,1,inc,97.22222222222221,595.625
AF,7115,1,con,97.22222222222221,526.9166666666666
AF,7115,1,inc,95.83333333333334,567.6944444444445
AF,7116,1,con,95.83333333333334,569.875
AF,7116,1,inc,84.72222222222221,583.5555555555555
AF,7117,1,con,90.27777777777779,737.6666666666666
AF,7117,1,inc,93.05555555555556,699.0972222222222
AF,7118,1,con,97.22222222222221,549.4861111111111
AF,7118,1,inc,95.83333333333334,609.375
AF,7120,1,con,94.44444444444444,579.6944444444445
AF,7120,1,inc,94.44444444444444,615.0416666666666
AF,7122,1,con,91.25,857.075
AF,7122,1,inc,88.75,921.3375
AF,7123,1,con,95.83333333333334,559.5416666666666
AF,7123,1,inc,97.22222222222221,676.5138888888889
AF,7124,1,con,63.541666666666664,606.28125
AF,7124,1,inc,63.541666666666664,585.6041666666666
AF,7125,1,con,54.166666666666664,1194.8472222222222
AF,7125,1,inc,54.166666666666664,1229.9027777777778
AF,7126,1,con,86.11111111111111,615.4722222222222
AF,7126,1,inc,90.27777777777779,646.9027777777778
AF,7128,1,con,83.33333333333334,778.7638888888889
AF,7128,1,inc,87.5,785.6111111111111
AF,7129,1,con,97.22222222222221,696.1111111111111
AF,7129,1,inc,100.0,706.2222222222222
AF,7130,1,con,93.05555555555556,810.375
AF,7130,1,inc,94.44444444444444,826.2916666666666
AF,7131,1,con,95.83333333333334,667.0972222222222
AF,7131,1,inc,95.83333333333334,691.3888888888889
AF,7132,1,con,93.05555555555556,474.97222222222223
AF,7132,1,inc,97.22222222222221,533.7361111111111
AF,7133,1,con,95.83333333333334,639.0277777777778
AF,7133,1,inc,98.61111111111111,719.2638888888889
AF,7134,1,con,94.44444444444444,553.375
AF,7134,1,inc,94.44444444444444,665.2777777777778
AF,7136,1,con,93.05555555555556,684.2083333333334
AF,7136,1,inc,94.44444444444444,728.375
AF,7137,1,con,93.05555555555556,466.65277777777777
AF,7137,1,inc,91.66666666666666,570.3472222222222
AF,7138,1,con,95.83333333333334,691.125
AF,7138,1,inc,94.44444444444444,689.4583333333334
AF,7139,1,con,100.0,829.5833333333334
AF,7139,1,inc,100.0,835.2638888888889
AF,7140,1,con,98.61111111111111,580.0
AF,7140,1,inc,93.05555555555556,628.1805555555555
AF,7141,1,con,93.05555555555556,537.125
AF,7141,1,inc,93.05555555555556,628.5138888888889
AF,7142,1,con,94.44444444444444,642.9861111111111
AF,7142,1,inc,98.61111111111111,658.625
AF,7143,1,con,97.22222222222221,723.8055555555555
AF,7143,1,inc,98.61111111111111,720.7916666666666
AF,7145,1,con,91.66666666666666,567.4444444444445
AF,7145,1,inc,97.22222222222221,594.2638888888889
AF,7146,1,con,91.66666666666666,747.8055555555555
AF,7146,1,inc,91.66666666666666,765.4583333333334
AF,7147,1,con,94.44444444444444,721.4722222222222
AF,7147,1,inc,97.22222222222221,715.5416666666666
AF,7150,1,con,95.83333333333334,623.5694444444445
AF,7150,1,inc,91.66666666666666,667.5972222222222
AF,7151,1,con,94.44444444444444,853.3888888888889
AF,7151,1,inc,98.61111111111111,876.2638888888889
AF,7152,1,con,93.05555555555556,488.5
AF,7152,1,inc,87.5,553.6805555555555
AF,7153,1,con,95.83333333333334,858.5
AF,7153,1,inc,97.22222222222221,944.3055555555555
AF,7155,1,con,90.27777777777779,767.375
AF,7155,1,inc,95.83333333333334,812.9583333333334
AF,7156,1,con,95.83333333333334,612.6944444444445
AF,7156,1,inc,100.0,587.5277777777778
AF,7157,1,con,100.0,560.9305555555555
AF,7157,1,inc,100.0,603.4166666666666
AF,7158,1,con,95.83333333333334,563.0138888888889
AF,7158,1,inc,97.22222222222221,602.2222222222222
AF,7159,1,con,97.22222222222221,648.75
AF,7159,1,inc,100.0,673.375
AF,7160,1,con,94.44444444444444,721.9166666666666
AF,7160,1,inc,95.83333333333334,723.9722222222222
AF,7161,1,con,94.44444444444444,731.1944444444445
AF,7161,1,inc,95.83333333333334,714.9861111111111
AF,7164,1,con,98.61111111111111,690.0972222222222
AF,7164,1,inc,98.61111111111111,634.3472222222222
AF,7165,1,con,97.22222222222221,564.5
AF,7165,1,inc,98.61111111111111,600.9166666666666
AF,7166,1,con,94.44444444444444,775.625
AF,7166,1,inc,94.44444444444444,820.8611111111111
AF,7167,1,con,88.75,460.125
AF,7167,1,inc,88.75,511.9375
AF,7168,1,con,90.27777777777779,659.4722222222222
AF,7168,1,inc,87.5,697.6944444444445
AF,7170,1,con,100.0,790.5972222222222
AF,7170,1,inc,98.61111111111111,767.8055555555555
AF,7171,1,con,98.61111111111111,568.9444444444445
AF,7171,1,inc,98.61111111111111,575.75
AF,7172,1,con,88.88888888888889,756.0416666666666
AF,7172,1,inc,97.22222222222221,763.1944444444445
AF,7173,1,con,94.44444444444444,666.5
AF,7173,1,inc,94.44444444444444,721.3055555555555
AF,7174,1,con,77.5,713.025
AF,7174,1,inc,78.75,805.9875
AF,7175,1,con,100.0,565.4861111111111
AF,7175,1,inc,95.83333333333334,599.3194444444445
AF,7176,1,con,95.83333333333334,766.5694444444445
AF,7176,1,inc,97.22222222222221,757.0972222222222
AF,7177,1,con,98.61111111111111,821.7638888888889
AF,7177,1,inc,94.44444444444444,800.9027777777778
AF,7178,1,con,97.22222222222221,521.3055555555555
AF,7178,1,inc,98.61111111111111,566.6805555555555
AF,7180,1,con,94.44444444444444,558.0694444444445
AF,7180,1,inc,97.22222222222221,643.0833333333334
AF,7181,1,con,98.61111111111111,676.6666666666666
AF,7181,1,inc,95.83333333333334,682.5277777777778
AF,7182,1,con,98.61111111111111,555.625
AF,7182,1,inc,94.44444444444444,598.2361111111111
AF,7183,1,con,94.44444444444444,524.4444444444445
AF,7183,1,inc,95.83333333333334,551.75
AF,7186,1,con,94.44444444444444,609.7361111111111
AF,7186,1,inc,97.22222222222221,617.9305555555555
AF,7187,1,con,97.22222222222221,571.0972222222222
AF,7187,1,inc,97.22222222222221,582.5
AF,7188,1,con,91.66666666666666,498.0
AF,7188,1,inc,91.66666666666666,574.2083333333334
AF,7189,1,con,90.27777777777779,495.3611111111111
AF,7189,1,inc,94.44444444444444,598.7083333333334
AF,7190,1,con,93.05555555555556,568.9027777777778
AF,7190,1,inc,90.27777777777779,640.625
AF,7191,1,con,100.0,452.0
AF,7191,1,inc,98.61111111111111,501.80555555555554
AF,7192,1,con,93.05555555555556,660.7222222222222
AF,7192,1,inc,98.61111111111111,655.5416666666666
AF,7194,1,con,98.61111111111111,619.2916666666666
AF,7194,1,inc,98.61111111111111,642.3333333333334
AF,7195,1,con,94.44444444444444,576.2361111111111
AF,7195,1,inc,91.66666666666666,661.0
AF,7196,1,con,94.44444444444444,793.8194444444445
AF,7196,1,inc,94.44444444444444,857.1666666666666
AF,7197,1,con,90.27777777777779,537.7361111111111
AF,7197,1,inc,88.88888888888889,644.5972222222222
AF,7199,1,con,87.5,645.0875
AF,7199,1,inc,83.75,654.8125
AF,7200,1,con,100.0,748.9444444444445
AF,7200,1,inc,98.61111111111111,743.5416666666666
AF,7201,1,con,98.61111111111111,649.5833333333334
AF,7201,1,inc,100.0,652.5972222222222
AF,7202,1,con,97.22222222222221,515.0972222222222
AF,7202,1,inc,95.83333333333334,549.0
AF,7203,1,con,94.44444444444444,700.9444444444445
AF,7203,1,inc,98.61111111111111,725.4722222222222
AF,7204,1,con,97.22222222222221,482.2361111111111
AF,7204,1,inc,98.61111111111111,519.25
AF,7205,1,con,95.83333333333334,696.75
AF,7205,1,inc,93.05555555555556,794.2222222222222
AF,7206,1,con,98.61111111111111,602.0
AF,7206,1,inc,98.61111111111111,703.4027777777778
AF,7207,1,con,93.05555555555556,556.4305555555555
AF,7207,1,inc,95.83333333333334,639.3611111111111
AF,7208,1,con,95.83333333333334,703.2222222222222
AF,7208,1,inc,98.61111111111111,705.3472222222222
AF,7209,1,con,97.22222222222221,599.4861111111111
AF,7209,1,inc,95.83333333333334,681.4027777777778
AF,7211,1,con,94.44444444444444,567.0694444444445
AF,7211,1,inc,95.83333333333334,635.2916666666666
AF,7212,1,con,97.22222222222221,766.0138888888889
AF,7212,1,inc,97.22222222222221,855.7361111111111
AF,7213,1,con,97.22222222222221,638.6388888888889
AF,7213,1,inc,100.0,658.4722222222222
AF,7214,1,con,97.22222222222221,470.77777777777777
AF,7214,1,inc,98.61111111111111,535.0833333333334
AF,7215,1,con,87.5,528.2361111111111
AF,7215,1,inc,88.88888888888889,593.125
AF,7216,1,con,93.75,581.7125
AF,7216,1,inc,91.25,643.175
AF,7218,1,con,61.25000000000001,517.7875
AF,7218,1,inc,52.5,504.9375
AF,7219,1,con,91.66666666666666,556.8333333333334
AF,7219,1,inc,93.05555555555556,593.4722222222222
AF,7220,1,con,91.66666666666666,703.1388888888889
AF,7220,1,inc,93.05555555555556,817.1388888888889
AF,7221,1,con,91.66666666666666,566.4305555555555
AF,7221,1,inc,95.83333333333334,657.0833333333334
AF,7222,1,con,100.0,736.6527777777778
AF,7222,1,inc,100.0,680.3611111111111
AF,7223,1,con,90.27777777777779,799.2638888888889
AF,7223,1,inc,95.83333333333334,825.9861111111111
AF,7225,1,con,97.22222222222221,605.625
AF,7225,1,inc,98.61111111111111,645.2222222222222
AF,7226,1,con,86.11111111111111,495.31944444444446
AF,7226,1,inc,88.88888888888889,482.375
AF,7227,1,con,95.83333333333334,502.55555555555554
AF,7227,1,inc,97.22222222222221,548.0972222222222
AF,7229,1,con,98.61111111111111,493.84722222222223
AF,7229,1,inc,100.0,524.4861111111111
AF,7230,1,con,90.0,828.4875
AF,7230,1,inc,87.5,807.9375
AF,7231,1,con,95.83333333333334,608.6388888888889
AF,7231,1,inc,95.83333333333334,676.3472222222222
AF,7232,1,con,98.61111111111111,666.8611111111111
AF,7232,1,inc,100.0,670.3055555555555
AF,7233,1,con,95.83333333333334,619.5138888888889
AF,7233,1,inc,97.22222222222221,640.0
AF,7234,1,con,98.61111111111111,602.5555555555555
AF,7234,1,inc,100.0,637.1944444444445
AF,7235,1,con,97.22222222222221,487.3611111111111
AF,7235,1,inc,97.22222222222221,568.7777777777778
AF,7237,1,con,92.5,582.4
AF,7237,1,inc,97.5,597.3875
AF,7238,1,con,98.61111111111111,748.8888888888889
AF,7238,1,inc,93.05555555555556,709.0416666666666
AF,7239,1,con,97.22222222222221,535.9861111111111
AF,7239,1,inc,100.0,575.5972222222222
AF,7240,nan,con,86.11111111111111,446.9861111111111
AF,7240,nan,inc,98.61111111111111,504.2916666666667
AF,7241,1,con,97.22222222222221,528.9444444444445
AF,7241,1,inc,98.61111111111111,575.6805555555555
AF,7242,1,con,87.5,622.4166666666666
AF,7242,1,inc,93.05555555555556,667.9166666666666
AF,7243,1,con,98.61111111111111,734.5833333333334
AF,7243,1,inc,95.83333333333334,740.9722222222222
AF,7246,nan,con,98.61111111111111,938.7916666666666
AF,7246,nan,inc,97.22222222222221,931.8333333333334
AF,7248,1,con,91.66666666666666,548.7916666666666
AF,7248,1,inc,95.83333333333334,597.5972222222222
AF,7249,1,con,94.44444444444444,508.2083333333333
AF,7249,1,inc,95.83333333333334,606.1527777777778
AF,7250,1,con,90.27777777777779,727.9166666666666
AF,7250,1,inc,93.05555555555556,755.3611111111111
AF,7251,1,con,91.66666666666666,445.6111111111111
AF,7251,1,inc,98.61111111111111,514.625
AF,7252,1,con,93.05555555555556,586.5555555555555
AF,7252,1,inc,98.61111111111111,564.1666666666666
AF,7254,1,con,100.0,620.3472222222222
AF,7254,1,inc,97.22222222222221,612.5972222222222
AF,7255,1,con,98.61111111111111,634.9444444444445
AF,7255,1,inc,95.83333333333334,691.2222222222222
AF,7700,1,con,98.61111111111111,976.1111111111111
AF,7700,1,inc,93.05555555555556,930.4722222222222
AF,7701,1,con,83.33333333333334,596.5138888888889
AF,7701,1,inc,90.27777777777779,613.5694444444445
AF,7702,1,con,97.22222222222221,667.0138888888889
AF,7702,1,inc,94.44444444444444,684.5555555555555
AF,7703,1,con,92.5,669.625
AF,7703,1,inc,85.0,660.0375
AF,7704,nan,con,95.83333333333334,680.0138888888889
AF,7704,nan,inc,98.61111111111111,708.5555555555555
AF,7705,1,con,94.44444444444444,574.5
AF,7705,1,inc,97.22222222222221,628.0
AF,7706,1,con,81.94444444444444,618.2916666666666
AF,7706,1,inc,90.27777777777779,640.1527777777778
AF,7707,1,con,83.75,518.675
AF,7707,1,inc,58.75,574.1
AF,7708,1,con,91.66666666666666,597.7777777777778
AF,7708,1,inc,90.27777777777779,618.0555555555555
AF,7709,1,con,96.25,688.2
AF,7709,1,inc,91.25,718.825
AF,7710,1,con,77.77777777777779,869.1527777777778
AF,7710,1,inc,90.27777777777779,897.9166666666666
AF,7712,1,con,97.22222222222221,760.5138888888889
AF,7712,1,inc,98.61111111111111,843.2083333333334
AF,7713,nan,con,95.83333333333334,611.7361111111111
AF,7713,nan,inc,95.83333333333334,680.6944444444445
AF,7714,1,con,88.88888888888889,540.1805555555555
AF,7714,1,inc,97.22222222222221,601.0972222222222
AF,7715,1,con,94.44444444444444,427.2916666666667
AF,7715,1,inc,91.66666666666666,539.1111111111111
AF,7716,1,con,87.5,538.625
AF,7716,1,inc,94.44444444444444,614.25
AF,7717,nan,con,95.83333333333334,584.25
AF,7717,nan,inc,100.0,608.8055555555555
AF,7718,1,con,91.66666666666666,757.0277777777778
AF,7718,1,inc,91.66666666666666,797.4305555555555
AF,7721,nan,con,91.66666666666666,533.6805555555555
AF,7721,nan,inc,94.44444444444444,608.5694444444445
AF,7722,1,con,87.5,874.6944444444445
AF,7722,1,inc,81.94444444444444,873.1527777777778
AF,7723,nan,con,94.44444444444444,723.9583333333334
AF,7723,nan,inc,93.05555555555556,784.6805555555555
AF,7724,1,con,95.83333333333334,732.0833333333334
AF,7724,1,inc,97.22222222222221,748.1944444444445
AF,7725,1,con,84.72222222222221,845.1805555555555
AF,7725,1,inc,88.88888888888889,831.5694444444445
AF,7726,1,con,91.66666666666666,569.5
AF,7726,1,inc,86.11111111111111,649.0
AF,7727,1,con,90.27777777777779,702.7361111111111
AF,7727,1,inc,91.66666666666666,738.0138888888889
AF,7728,1,con,95.83333333333334,756.2083333333334
AF,7728,1,inc,98.61111111111111,735.1805555555555
AF,7729,1,con,86.11111111111111,638.3055555555555
AF,7729,1,inc,72.22222222222221,696.3611111111111
AF,7730,1,con,97.22222222222221,774.0833333333334
AF,7730,1,inc,90.27777777777779,791.9861111111111
AF,7732,1,con,93.05555555555556,520.125
AF,7732,1,inc,91.66666666666666,545.5277777777778
AF,7733,1,con,90.27777777777779,636.2777777777778
AF,7733,1,inc,94.44444444444444,770.0277777777778
AF,7734,1,con,58.75,484.9125
AF,7734,1,inc,61.25000000000001,501.55
AF,7735,1,con,93.05555555555556,812.2777777777778
AF,7735,1,inc,91.66666666666666,847.6944444444445
AF,7736,1,con,94.44444444444444,570.5694444444445
AF,7736,1,inc,95.83333333333334,605.0416666666666
AF,7738,1,con,98.61111111111111,532.9027777777778
AF,7738,1,inc,87.5,639.125
AF,7739,1,con,94.44444444444444,915.2777777777778
AF,7739,1,inc,93.05555555555556,895.0138888888889
AF,7740,1,con,98.61111111111111,703.2777777777778
AF,7740,1,inc,97.22222222222221,762.8194444444445
AF,7741,1,con,95.83333333333334,785.6944444444445
AF,7741,1,inc,98.61111111111111,854.1666666666666
AF,7742,1,con,90.0,789.125
AF,7742,1,inc,93.75,761.175
AF,7743,1,con,91.25,675.6125
AF,7743,1,inc,87.5,704.95
AF,7744,1,con,98.61111111111111,565.7638888888889
AF,7744,1,inc,98.61111111111111,565.2777777777778
AF,7745,1,con,100.0,578.1527777777778
AF,7745,1,inc,100.0,639.6805555555555
AF,7746,1,con,94.44444444444444,598.3194444444445
AF,7746,1,inc,100.0,631.7777777777778
AF,7747,1,con,94.44444444444444,755.5972222222222
AF,7747,1,inc,93.05555555555556,775.9861111111111
AF,7748,1,con,100.0,628.5138888888889
AF,7748,1,inc,100.0,632.6944444444445
AF,7749,1,con,94.44444444444444,574.1527777777778
AF,7749,1,inc,97.22222222222221,599.0277777777778
AF,7750,1,con,94.44444444444444,477.22222222222223
AF,7750,1,inc,97.22222222222221,556.9722222222222
AF,7751,1,con,91.66666666666666,551.6666666666666
AF,7751,1,inc,90.27777777777779,556.125
AF,7752,1,con,98.61111111111111,619.875
AF,7752,1,inc,97.22222222222221,714.0277777777778
AF,7753,1,con,90.27777777777779,573.9027777777778
AF,7753,1,inc,100.0,615.3194444444445
AF,7754,1,con,95.83333333333334,586.3472222222222
AF,7754,1,inc,95.83333333333334,738.2638888888889
AF,7755,nan,con,93.05555555555556,718.3194444444445
AF,7755,nan,inc,94.44444444444444,754.7777777777778
AF,7756,1,con,97.22222222222221,603.6666666666666
AF,7756,1,inc,95.83333333333334,639.4027777777778
AF,7757,1,con,90.27777777777779,512.2777777777778
AF,7757,1,inc,80.55555555555556,550.0972222222222
AF,7758,1,con,91.66666666666666,656.1944444444445
AF,7758,1,inc,91.66666666666666,693.4027777777778
AF,7759,1,con,94.44444444444444,459.5138888888889
AF,7759,1,inc,91.66666666666666,538.6388888888889
AF,7760,nan,con,80.55555555555556,569.2222222222222
AF,7760,nan,inc,81.94444444444444,606.0138888888889
AF,7761,1,con,86.25,606.7
AF,7761,1,inc,71.25,671.5
AF,7762,1,con,91.66666666666666,821.2638888888889
AF,7762,1,inc,88.88888888888889,787.7083333333334
AF,7763,1,con,96.25,595.1125
AF,7763,1,inc,95.0,649.6125
AF,7764,1,con,97.22222222222221,870.7083333333334
AF,7764,1,inc,98.61111111111111,837.2222222222222
AF,7765,1,con,91.66666666666666,600.6944444444445
AF,7765,1,inc,100.0,656.4722222222222
AF,7766,nan,con,93.75,691.8625
AF,7766,nan,inc,91.25,805.2125
AF,7767,1,con,95.83333333333334,759.8611111111111
AF,7767,1,inc,95.83333333333334,800.6527777777778
AF,7768,1,con,97.22222222222221,545.5277777777778
AF,7768,1,inc,98.61111111111111,588.4166666666666
AF,7769,1,con,98.61111111111111,728.4722222222222
AF,7769,1,inc,100.0,732.3194444444445
AF,7770,1,con,95.83333333333334,477.52777777777777
AF,7770,1,inc,100.0,517.3055555555555
AF,7771,nan,con,94.44444444444444,575.8888888888889
AF,7771,nan,inc,97.22222222222221,580.5833333333334
AF,7772,1,con,96.25,783.1
AF,7772,1,inc,97.5,786.7125
AF,7773,1,con,91.66666666666666,551.3472222222222
AF,7773,1,inc,93.05555555555556,589.5555555555555
AF,7774,1,con,93.05555555555556,523.6111111111111
AF,7774,1,inc,87.5,530.6666666666666
AF,7775,1,con,98.61111111111111,760.7777777777778
AF,7775,1,inc,100.0,823.4166666666666
AF,7776,1,con,88.88888888888889,515.1944444444445
AF,7776,1,inc,91.66666666666666,574.5277777777778
AF,7777,1,con,95.83333333333334,713.8194444444445
AF,7777,1,inc,98.61111111111111,728.6944444444445
AF,7778,1,con,94.44444444444444,861.5833333333334
AF,7778,1,inc,93.05555555555556,827.9861111111111
AF,7779,1,con,97.22222222222221,733.1388888888889
AF,7779,1,inc,95.83333333333334,768.7083333333334
AF,7780,1,con,95.83333333333334,572.3055555555555
AF,7780,1,inc,98.61111111111111,586.7222222222222
AF,7781,1,con,94.44444444444444,805.8194444444445
AF,7781,1,inc,94.44444444444444,856.2638888888889
AF,7782,1,con,95.83333333333334,702.5416666666666
AF,7782,1,inc,97.22222222222221,673.7916666666666
AF,7783,1,con,95.83333333333334,635.3055555555555
AF,7783,1,inc,97.22222222222221,654.5
AF,7784,1,con,98.61111111111111,645.3888888888889
AF,7784,1,inc,100.0,636.3888888888889
AF,7785,1,con,91.66666666666666,525.2638888888889
AF,7785,1,inc,91.66666666666666,635.0138888888889
AF,7786,1,con,86.25,700.675
AF,7786,1,inc,87.5,754.0875
AF,7787,1,con,98.61111111111111,828.2083333333334
AF,7787,1,inc,94.44444444444444,818.6388888888889
AF,7788,1,con,97.22222222222221,704.7361111111111
AF,7788,1,inc,97.22222222222221,722.8472222222222
AF,7789,1,con,94.44444444444444,505.6111111111111
AF,7789,1,inc,93.05555555555556,572.7638888888889
AF,7790,1,con,97.22222222222221,639.0277777777778
AF,7790,1,inc,95.83333333333334,673.3611111111111
AF,7791,1,con,94.44444444444444,692.0138888888889
AF,7791,1,inc,94.44444444444444,712.0138888888889
AF,7792,1,con,97.22222222222221,633.5138888888889
AF,7792,1,inc,98.61111111111111,663.6527777777778
AF,7793,1,con,80.0,568.4875
AF,7793,1,inc,83.75,585.775
AF,7794,1,con,83.33333333333334,591.0416666666666
AF,7794,1,inc,73.61111111111111,568.6666666666666
AF,7795,1,con,95.83333333333334,578.8472222222222
AF,7795,1,inc,97.22222222222221,659.6388888888889
AF,7797,1,con,94.44444444444444,627.625
AF,7797,1,inc,93.05555555555556,696.2222222222222
AF,7798,1,con,83.33333333333334,544.8333333333334
AF,7798,1,inc,80.55555555555556,600.2083333333334
AF,7799,1,con,90.27777777777779,595.8194444444445
AF,7799,1,inc,87.5,611.0416666666666
AF,7800,1,con,82.5,677.5
AF,7800,1,inc,75.0,649.45
AF,7801,1,con,98.61111111111111,672.3888888888889
AF,7801,1,inc,93.05555555555556,694.2916666666666
AF,7802,1,con,98.61111111111111,738.0972222222222
AF,7802,1,inc,97.22222222222221,738.6666666666666
AF,7803,1,con,87.5,747.0694444444445
AF,7803,1,inc,97.22222222222221,787.8055555555555
AF,7805,1,con,98.61111111111111,663.4305555555555
AF,7805,1,inc,98.61111111111111,634.4305555555555
AF,7806,1,con,97.22222222222221,594.7638888888889
AF,7806,1,inc,100.0,645.0694444444445
AF,7807,1,con,95.83333333333334,516.4861111111111
AF,7807,1,inc,93.05555555555556,556.9305555555555
AF,7808,1,con,97.22222222222221,565.5277777777778
AF,7808,1,inc,93.05555555555556,642.0833333333334
AF,7810,1,con,66.66666666666666,505.06944444444446
AF,7810,1,inc,44.44444444444444,549.0555555555555
AF,8,nan,con,86.25,512.8125
AF,8,nan,inc,87.5,594.35
AF,8000,1,con,91.66666666666666,652.0138888888889
AF,8000,1,inc,91.66666666666666,665.875
AF,8000,2,con,97.22222222222221,644.0555555555555
AF,8000,2,inc,97.22222222222221,675.5
AF,8000,3,con,97.22222222222221,636.3472222222222
AF,8000,3,inc,95.83333333333334,664.4305555555555
AF,8001,1,con,95.83333333333334,653.9027777777778
AF,8001,1,inc,97.22222222222221,643.2222222222222
AF,8002,1,con,97.22222222222221,561.5416666666666
AF,8002,1,inc,97.22222222222221,595.0
AF,8002,2,con,97.22222222222221,656.1388888888889
AF,8002,2,inc,95.83333333333334,656.3888888888889
AF,8002,3,con,98.61111111111111,552.9166666666666
AF,8002,3,inc,100.0,622.9444444444445
AF,8003,1,con,98.61111111111111,590.8194444444445
AF,8003,1,inc,98.61111111111111,603.5555555555555
AF,8003,2,con,93.05555555555556,616.1388888888889
AF,8003,2,inc,97.22222222222221,645.5694444444445
AF,8003,3,con,95.83333333333334,610.2083333333334
AF,8003,3,inc,97.22222222222221,623.6527777777778
AF,8004,1,con,91.66666666666666,645.0833333333334
AF,8004,1,inc,94.44444444444444,648.0555555555555
AF,8004,2,con,93.05555555555556,584.2361111111111
AF,8004,2,inc,95.83333333333334,623.1666666666666
AF,8005,1,con,100.0,499.7361111111111
AF,8005,1,inc,98.61111111111111,559.4861111111111
AF,8005,2,con,94.44444444444444,436.5833333333333
AF,8005,2,inc,97.22222222222221,479.375
AF,8005,3,con,95.83333333333334,378.625
AF,8005,3,inc,94.44444444444444,477.05555555555554
AF,8006,1,con,93.05555555555556,417.34722222222223
AF,8006,1,inc,94.44444444444444,483.22222222222223
AF,8006,2,con,97.22222222222221,425.22222222222223
AF,8006,2,inc,97.22222222222221,458.0
AF,8006,3,con,95.83333333333334,413.56944444444446
AF,8006,3,inc,93.05555555555556,451.4861111111111
AF,8007,1,con,87.5,679.1111111111111
AF,8007,1,inc,90.27777777777779,694.0416666666666
AF,8008,1,con,100.0,813.2777777777778
AF,8008,1,inc,100.0,808.7222222222222
AF,8008,2,con,95.0,770.5
AF,8008,2,inc,97.5,733.4625
AF,8008,3,con,100.0,771.8472222222222
AF,8008,3,inc,97.22222222222221,786.25
AF,8009,1,con,93.05555555555556,700.0555555555555
AF,8009,1,inc,86.11111111111111,709.2361111111111
AF,8009,2,con,94.44444444444444,538.8055555555555
AF,8009,2,inc,95.83333333333334,569.8472222222222
AF,8009,3,con,91.66666666666666,589.5
AF,8009,3,inc,90.27777777777779,636.0833333333334
AF,8011,1,con,95.83333333333334,691.875
AF,8011,1,inc,98.61111111111111,697.0416666666666
AF,8011,2,con,95.83333333333334,610.9861111111111
AF,8011,2,inc,100.0,661.8333333333334
AF,8011,3,con,98.61111111111111,634.4027777777778
AF,8011,3,inc,97.22222222222221,685.4305555555555
AF,8012,1,con,95.83333333333334,746.1944444444445
AF,8012,1,inc,98.61111111111111,721.6666666666666
AF,8012,2,con,97.22222222222221,647.2083333333334
AF,8012,2,inc,95.83333333333334,696.0694444444445
AF,8012,3,con,98.61111111111111,581.3472222222222
AF,8012,3,inc,98.61111111111111,634.6111111111111
AF,8014,1,con,93.05555555555556,658.1666666666666
AF,8014,1,inc,100.0,675.5694444444445
AF,8014,2,con,98.61111111111111,600.0694444444445
AF,8014,2,inc,98.61111111111111,655.9166666666666
AF,8014,3,con,98.61111111111111,665.7083333333334
AF,8014,3,inc,97.22222222222221,684.7361111111111
AF,8015,1,con,82.5,508.0
AF,8015,1,inc,83.75,563.7625
AF,8016,1,con,98.61111111111111,691.3472222222222
AF,8016,1,inc,98.61111111111111,692.7638888888889
AF,8016,2,con,100.0,630.7638888888889
AF,8016,2,inc,100.0,658.1527777777778
AF,8016,3,con,95.83333333333334,682.6944444444445
AF,8016,3,inc,100.0,676.8333333333334
AF,8017,1,con,94.44444444444444,522.9722222222222
AF,8017,1,inc,95.83333333333334,578.5555555555555
AF,8017,2,con,91.66666666666666,550.1111111111111
AF,8017,2,inc,97.22222222222221,575.7916666666666
AF,8017,3,con,94.44444444444444,574.1527777777778
AF,8017,3,inc,98.61111111111111,596.1666666666666
AF,8018,1,con,94.44444444444444,587.1666666666666
AF,8018,1,inc,98.61111111111111,667.9305555555555
AF,8018,2,con,97.22222222222221,560.0
AF,8018,2,inc,95.83333333333334,647.0833333333334
AF,8018,3,con,98.61111111111111,603.7638888888889
AF,8018,3,inc,93.05555555555556,696.3888888888889
AF,8019,1,con,90.27777777777779,726.1666666666666
AF,8019,1,inc,87.5,797.8888888888889
AF,8019,2,con,91.66666666666666,868.2777777777778
AF,8019,2,inc,97.22222222222221,882.2916666666666
AF,8019,3,con,97.22222222222221,818.5
AF,8019,3,inc,95.83333333333334,813.8472222222222
AF,8020,2,con,93.05555555555556,720.5138888888889
AF,8020,2,inc,97.22222222222221,670.9305555555555
AF,8020,3,con,97.22222222222221,844.8055555555555
AF,8020,3,inc,95.83333333333334,785.5416666666666
AF,8021,1,con,97.22222222222221,685.2361111111111
AF,8021,1,inc,100.0,763.0694444444445
AF,8021,2,con,94.44444444444444,765.5555555555555
AF,8021,2,inc,94.44444444444444,749.4583333333334
AF,8022,1,con,95.83333333333334,709.9305555555555
AF,8022,1,inc,91.66666666666666,743.1527777777778
AF,8022,2,con,97.22222222222221,659.5833333333334
AF,8022,2,inc,95.83333333333334,656.7222222222222
AF,8022,3,con,97.22222222222221,653.875
AF,8022,3,inc,97.22222222222221,684.625
AF,8023,1,con,100.0,624.0972222222222
AF,8023,1,inc,100.0,684.2777777777778
AF,8023,2,con,100.0,628.3194444444445
AF,8023,2,inc,98.61111111111111,698.9166666666666
AF,8023,3,con,100.0,626.7916666666666
AF,8023,3,inc,95.83333333333334,678.8611111111111
AF,8024,1,con,91.25,638.025
AF,8024,1,inc,83.75,688.875
AF,8024,2,con,81.94444444444444,541.2222222222222
AF,8024,2,inc,81.94444444444444,569.0277777777778
AF,8026,1,con,98.61111111111111,558.9444444444445
AF,8026,1,inc,95.83333333333334,590.1527777777778
AF,8026,2,con,98.61111111111111,477.2361111111111
AF,8026,2,inc,98.61111111111111,525.75
AF,8026,3,con,95.83333333333334,469.31944444444446
AF,8026,3,inc,97.22222222222221,539.1944444444445
AF,8027,1,con,95.83333333333334,609.4583333333334
AF,8027,1,inc,93.05555555555556,621.9027777777778
AF,8027,2,con,97.22222222222221,607.2361111111111
AF,8027,2,inc,97.22222222222221,632.5
AF,8030,1,con,94.44444444444444,653.3888888888889
AF,8030,1,inc,98.61111111111111,745.4027777777778
AF,8030,2,con,94.44444444444444,670.1805555555555
AF,8030,2,inc,95.83333333333334,738.1944444444445
AF,8030,3,con,98.61111111111111,605.1944444444445
AF,8030,3,inc,100.0,696.0
AF,8031,1,con,88.88888888888889,559.9583333333334
AF,8031,1,inc,93.05555555555556,593.8333333333334
AF,8031,2,con,84.72222222222221,571.0555555555555
AF,8031,2,inc,81.94444444444444,620.0555555555555
AF,8031,3,con,91.66666666666666,559.0972222222222
AF,8031,3,inc,94.44444444444444,598.4861111111111
AF,8032,1,con,91.66666666666666,563.4444444444445
AF,8032,1,inc,100.0,632.9027777777778
AF,8032,2,con,94.44444444444444,556.8333333333334
AF,8032,2,inc,95.83333333333334,559.7222222222222
AF,8032,3,con,93.05555555555556,634.4861111111111
AF,8032,3,inc,98.61111111111111,641.7222222222222
AF,8034,1,con,90.27777777777779,573.6527777777778
AF,8034,1,inc,95.83333333333334,622.1805555555555
AF,8035,1,con,94.44444444444444,667.3055555555555
AF,8035,1,inc,93.05555555555556,739.875
AF,8035,2,con,93.05555555555556,599.9166666666666
AF,8035,2,inc,90.27777777777779,638.7916666666666
AF,8035,3,con,95.83333333333334,712.6805555555555
AF,8035,3,inc,94.44444444444444,704.4027777777778
AF,8036,1,con,93.05555555555556,779.6666666666666
AF,8036,1,inc,100.0,765.8888888888889
AF,8036,2,con,93.05555555555556,695.2638888888889
AF,8036,2,inc,94.44444444444444,771.6666666666666
AF,8036,3,con,98.61111111111111,793.1111111111111
AF,8036,3,inc,97.22222222222221,864.5
AF,8037,1,con,95.83333333333334,695.9305555555555
AF,8037,1,inc,93.05555555555556,709.3472222222222
AF,8037,2,con,98.61111111111111,827.5
AF,8037,2,inc,100.0,799.3472222222222
AF,8037,3,con,91.66666666666666,646.7777777777778
AF,8037,3,inc,86.11111111111111,678.5555555555555
AF,8038,1,con,86.11111111111111,534.6111111111111
AF,8038,1,inc,93.05555555555556,545.8472222222222
AF,8038,2,con,97.22222222222221,525.8333333333334
AF,8038,2,inc,98.61111111111111,592.5277777777778
AF,8038,3,con,97.22222222222221,513.6805555555555
AF,8038,3,inc,97.22222222222221,559.9305555555555
AF,8039,1,con,86.11111111111111,374.9166666666667
AF,8039,1,inc,86.11111111111111,472.02777777777777
AF,8039,2,con,90.27777777777779,435.02777777777777
AF,8039,2,inc,95.83333333333334,478.2361111111111
AF,8039,3,con,93.05555555555556,402.18055555555554
AF,8039,3,inc,93.05555555555556,484.65277777777777
AF,8040,1,con,100.0,731.6527777777778
AF,8040,1,inc,100.0,743.1527777777778
AF,8040,2,con,95.83333333333334,743.1805555555555
AF,8040,2,inc,97.22222222222221,781.6805555555555
AF,8040,3,con,97.22222222222221,806.7222222222222
AF,8040,3,inc,95.83333333333334,832.1388888888889
AF,8042,1,con,87.5,620.625
AF,8042,1,inc,83.33333333333334,602.0555555555555
AF,8046,1,con,93.05555555555556,572.0833333333334
AF,8046,1,inc,93.05555555555556,642.3611111111111
AF,8046,2,con,88.88888888888889,470.55555555555554
AF,8046,2,inc,91.66666666666666,601.6527777777778
AF,8046,3,con,93.05555555555556,536.4444444444445
AF,8046,3,inc,97.22222222222221,573.4444444444445
AF,8047,1,con,98.61111111111111,573.7916666666666
AF,8047,1,inc,100.0,571.1111111111111
AF,8047,2,con,100.0,575.5138888888889
AF,8047,2,inc,98.61111111111111,589.1805555555555
AF,8047,3,con,98.61111111111111,514.3333333333334
AF,8047,3,inc,98.61111111111111,568.9861111111111
AF,8048,1,con,90.27777777777779,498.9861111111111
AF,8048,1,inc,91.66666666666666,566.5972222222222
AF,8048,2,con,93.05555555555556,516.1527777777778
AF,8048,2,inc,98.61111111111111,570.8472222222222
AF,8048,3,con,91.66666666666666,453.27777777777777
AF,8048,3,inc,97.22222222222221,498.6111111111111
AF,8050,1,con,95.83333333333334,656.5
AF,8050,1,inc,95.83333333333334,660.0138888888889
AF,8050,2,con,98.61111111111111,602.5
AF,8050,2,inc,100.0,604.9444444444445
AF,8051,1,con,94.44444444444444,580.9444444444445
AF,8051,1,inc,94.44444444444444,583.7916666666666
AF,8051,2,con,80.55555555555556,605.0138888888889
AF,8051,2,inc,86.11111111111111,619.4166666666666
AF,8051,3,con,95.83333333333334,567.3194444444445
AF,8051,3,inc,90.27777777777779,619.875
AF,8052,1,con,95.83333333333334,518.0694444444445
AF,8052,1,inc,94.44444444444444,594.9027777777778
AF,8052,2,con,94.44444444444444,552.3194444444445
AF,8052,2,inc,93.05555555555556,647.0555555555555
AF,8052,3,con,97.22222222222221,533.1388888888889
AF,8052,3,inc,95.83333333333334,645.4305555555555
AF,8053,1,con,90.27777777777779,657.0694444444445
AF,8053,1,inc,93.05555555555556,739.1111111111111
AF,8053,2,con,97.22222222222221,647.7222222222222
AF,8053,2,inc,97.22222222222221,676.8472222222222
AF,8053,nan,con,98.61111111111111,642.25
AF,8053,nan,inc,100.0,675.5972222222222
AF,8054,1,con,90.27777777777779,599.3194444444445
AF,8054,1,inc,87.5,635.7777777777778
AF,8054,2,con,81.94444444444444,658.875
AF,8054,2,inc,70.83333333333334,672.5833333333334
AF,8056,1,con,91.66666666666666,687.7777777777778
AF,8056,1,inc,93.05555555555556,698.1805555555555
AF,8056,2,con,91.66666666666666,656.4861111111111
AF,8056,2,inc,90.27777777777779,660.4583333333334
AF,8056,3,con,80.55555555555556,771.9166666666666
AF,8056,3,inc,75.0,861.6527777777778
AF,8058,1,con,93.05555555555556,537.0972222222222
AF,8058,1,inc,97.22222222222221,543.4305555555555
AF,8058,2,con,93.05555555555556,544.3888888888889
AF,8058,2,inc,93.05555555555556,576.3333333333334
AF,8060,1,con,88.88888888888889,564.4444444444445
AF,8060,1,inc,91.66666666666666,662.2083333333334
AF,8060,2,con,98.61111111111111,470.2638888888889
AF,8060,2,inc,98.61111111111111,555.2638888888889
AF,8060,3,con,93.05555555555556,493.22222222222223
AF,8060,3,inc,95.83333333333334,550.2638888888889
AF,8061,1,con,94.44444444444444,650.6805555555555
AF,8061,1,inc,98.61111111111111,713.8333333333334
AF,8062,1,con,94.44444444444444,566.1111111111111
AF,8062,1,inc,100.0,596.2222222222222
AF,8062,2,con,98.61111111111111,696.6388888888889
AF,8062,2,inc,100.0,662.4861111111111
AF,8063,1,con,91.66666666666666,646.6527777777778
AF,8063,1,inc,93.05555555555556,720.0972222222222
AF,8063,2,con,97.22222222222221,576.3333333333334
AF,8063,2,inc,98.61111111111111,648.375
AF,8063,nan,con,94.44444444444444,639.3055555555555
AF,8063,nan,inc,98.61111111111111,677.8194444444445
AF,8064,1,con,93.05555555555556,797.1527777777778
AF,8064,1,inc,90.27777777777779,952.2083333333334
AF,8064,2,con,100.0,719.4861111111111
AF,8064,2,inc,98.61111111111111,784.25
AF,8065,1,con,90.27777777777779,609.9861111111111
AF,8065,1,inc,98.61111111111111,652.1388888888889
AF,8065,2,con,98.61111111111111,613.1666666666666
AF,8065,2,inc,97.22222222222221,646.8472222222222
AF,8065,nan,con,97.22222222222221,510.7916666666667
AF,8065,nan,inc,97.22222222222221,602.9166666666666
AF,8066,2,con,94.44444444444444,562.4444444444445
AF,8066,2,inc,100.0,618.3194444444445
AF,8066,3,con,98.61111111111111,504.2916666666667
AF,8066,3,inc,98.61111111111111,565.0694444444445
AF,8067,1,con,95.83333333333334,556.5833333333334
AF,8067,1,inc,93.05555555555556,591.5
AF,8068,1,con,90.27777777777779,742.4861111111111
AF,8068,1,inc,90.27777777777779,795.5833333333334
AF,8068,2,con,94.44444444444444,800.4166666666666
AF,8068,2,inc,97.22222222222221,777.0416666666666
AF,8068,nan,con,94.44444444444444,807.2916666666666
AF,8068,nan,inc,97.22222222222221,807.4861111111111
AF,8069,1,con,90.27777777777779,736.9166666666666
AF,8069,1,inc,87.5,697.7361111111111
AF,8069,nan,con,95.83333333333334,771.0555555555555
AF,8069,nan,inc,94.44444444444444,793.2916666666666
AF,8070,1,con,81.94444444444444,480.97222222222223
AF,8070,1,inc,88.88888888888889,511.8611111111111
AF,8070,2,con,91.66666666666666,517.6666666666666
AF,8070,2,inc,94.44444444444444,536.5972222222222
AF,8070,nan,con,90.27777777777779,552.8888888888889
AF,8070,nan,inc,93.05555555555556,534.7083333333334
AF,8072,1,con,83.33333333333334,455.72222222222223
AF,8072,1,inc,73.61111111111111,476.27777777777777
AF,8072,2,con,80.55555555555556,450.4861111111111
AF,8072,2,inc,72.22222222222221,450.02777777777777
AF,8073,1,con,93.05555555555556,524.625
AF,8073,1,inc,98.61111111111111,579.1388888888889
AF,8073,2,con,91.66666666666666,507.7916666666667
AF,8073,2,inc,97.22222222222221,560.3611111111111
AF,8073,3,con,95.83333333333334,469.02777777777777
AF,8073,3,inc,100.0,522.2638888888889
AF,8074,1,con,93.05555555555556,631.6805555555555
AF,8074,1,inc,93.05555555555556,613.3611111111111
AF,8074,2,con,93.05555555555556,636.7916666666666
AF,8074,2,inc,93.05555555555556,705.25
AF,8074,nan,con,87.5,569.2916666666666
AF,8074,nan,inc,88.88888888888889,577.8333333333334
AF,8075,1,con,97.22222222222221,645.7361111111111
AF,8075,1,inc,98.61111111111111,683.8194444444445
AF,8075,3,con,93.05555555555556,512.9861111111111
AF,8075,3,inc,100.0,560.3055555555555
AF,8075,nan,con,98.61111111111111,541.4166666666666
AF,8075,nan,inc,98.61111111111111,565.5277777777778
AF,8076,1,con,98.61111111111111,583.8472222222222
AF,8076,1,inc,97.22222222222221,616.3472222222222
AF,8076,2,con,94.44444444444444,563.9583333333334
AF,8076,2,inc,97.22222222222221,601.9583333333334
AF,8076,3,con,95.83333333333334,616.9861111111111
AF,8076,3,inc,100.0,602.1111111111111
AF,8078,1,con,95.83333333333334,696.75
AF,8078,1,inc,93.05555555555556,794.2222222222222
AF,8078,2,con,91.66666666666666,717.3333333333334
AF,8078,2,inc,97.22222222222221,775.2777777777778
AF,8078,3,con,95.83333333333334,744.5555555555555
AF,8078,3,inc,90.27777777777779,928.6944444444445
AF,8079,1,con,100.0,736.6527777777778
AF,8079,1,inc,100.0,680.3611111111111
AF,8079,2,con,97.22222222222221,584.2361111111111
AF,8079,2,inc,100.0,616.1666666666666
AF,8079,3,con,97.22222222222221,646.1805555555555
AF,8079,3,inc,98.61111111111111,638.5277777777778
AF,8080,1,con,83.75,507.4375
AF,8080,1,inc,81.25,542.35
AF,8080,2,con,91.66666666666666,505.40277777777777
AF,8080,2,inc,94.44444444444444,555.7638888888889
AF,8080,3,con,86.11111111111111,515.6805555555555
AF,8080,3,inc,79.16666666666666,557.625
AF,8081,1,con,98.61111111111111,427.93055555555554
AF,8081,1,inc,95.83333333333334,445.3611111111111
AF,8081,2,con,98.61111111111111,424.9166666666667
AF,8081,2,inc,98.61111111111111,439.6666666666667
AF,8083,1,con,93.05555555555556,493.4583333333333
AF,8083,1,inc,97.22222222222221,567.0277777777778
AF,8083,3,con,95.83333333333334,435.55555555555554
AF,8083,3,inc,95.83333333333334,492.34722222222223
AF,8083,nan,con,94.44444444444444,448.7916666666667
AF,8083,nan,inc,98.61111111111111,535.9722222222222
AF,8084,1,con,91.66666666666666,638.0833333333334
AF,8084,1,inc,94.44444444444444,683.2916666666666
AF,8084,2,con,94.44444444444444,599.4583333333334
AF,8084,2,inc,95.83333333333334,666.5
AF,8084,3,con,97.22222222222221,642.6666666666666
AF,8084,3,inc,95.83333333333334,678.5138888888889
AF,8085,1,con,98.61111111111111,632.8611111111111
AF,8085,1,inc,97.22222222222221,672.6944444444445
AF,8085,2,con,93.05555555555556,482.6111111111111
AF,8085,2,inc,88.88888888888889,568.0416666666666
AF,8087,1,con,93.05555555555556,586.5555555555555
AF,8087,1,inc,98.61111111111111,564.1666666666666
AF,8087,2,con,95.83333333333334,543.1944444444445
AF,8087,2,inc,94.44444444444444,538.75
AF,8087,3,con,94.44444444444444,527.9444444444445
AF,8087,3,inc,90.27777777777779,525.0833333333334
AF,8088,1,con,90.27777777777779,737.0694444444445
AF,8088,1,inc,93.05555555555556,710.6805555555555
AF,8088,2,con,97.22222222222221,743.6805555555555
AF,8088,2,inc,90.27777777777779,764.4444444444445
AF,8088,3,con,85.0,774.8625
AF,8088,3,inc,95.0,836.7125
AF,8090,1,con,97.22222222222221,640.4722222222222
AF,8090,1,inc,100.0,662.4027777777778
AF,8092,1,con,94.44444444444444,730.4583333333334
AF,8092,1,inc,98.61111111111111,714.6388888888889
AF,8092,3,con,94.44444444444444,800.6666666666666
AF,8092,3,inc,97.22222222222221,776.5833333333334
AF,8092,nan,con,97.22222222222221,838.2638888888889
AF,8092,nan,inc,95.83333333333334,870.9027777777778
AF,8093,1,con,93.05555555555556,668.6111111111111
AF,8093,1,inc,98.61111111111111,669.1388888888889
AF,8094,1,con,98.61111111111111,634.9444444444445
AF,8094,1,inc,95.83333333333334,691.2222222222222
AF,8094,2,con,95.83333333333334,776.7083333333334
AF,8094,2,inc,97.22222222222221,769.5833333333334
AF,8094,3,con,97.22222222222221,640.8472222222222
AF,8094,3,inc,100.0,675.625
AF,8095,1,con,97.22222222222221,528.9444444444445
AF,8095,1,inc,98.61111111111111,575.6805555555555
AF,8096,1,con,100.0,620.3472222222222
AF,8096,1,inc,97.22222222222221,612.5972222222222
AF,8096,2,con,97.22222222222221,622.7083333333334
AF,8096,2,inc,95.83333333333334,645.1388888888889
AF,8096,3,con,98.61111111111111,581.2777777777778
AF,8096,3,inc,97.22222222222221,592.0277777777778
AF,8098,1,con,98.61111111111111,714.0416666666666
AF,8098,1,inc,94.44444444444444,715.9722222222222
AF,8098,2,con,95.83333333333334,690.3194444444445
AF,8098,2,inc,98.61111111111111,671.3194444444445
AF,8099,1,con,94.44444444444444,599.5416666666666
AF,8099,1,inc,97.22222222222221,634.1944444444445
AF,8099,2,con,98.61111111111111,545.4444444444445
AF,8099,2,inc,97.22222222222221,588.6805555555555
AF,8100,1,con,93.05555555555556,479.90277777777777
AF,8100,1,inc,94.44444444444444,542.2083333333334
AF,8100,2,con,95.83333333333334,477.3611111111111
AF,8100,2,inc,97.22222222222221,533.875
AF,8101,1,con,97.22222222222221,734.8888888888889
AF,8101,1,inc,95.83333333333334,820.7083333333334
AF,8102,1,con,94.44444444444444,604.7083333333334
AF,8102,1,inc,95.83333333333334,643.2222222222222
AF,8102,2,con,91.66666666666666,518.8611111111111
AF,8102,2,inc,95.83333333333334,565.4027777777778
AF,8103,1,con,97.22222222222221,657.5694444444445
AF,8103,1,inc,100.0,746.6388888888889
AF,8103,2,con,94.44444444444444,567.7777777777778
AF,8103,2,inc,95.83333333333334,661.5416666666666
AF,8104,1,con,91.66666666666666,599.0416666666666
AF,8104,1,inc,94.44444444444444,701.9861111111111
AF,8104,2,con,93.05555555555556,560.0555555555555
AF,8104,2,inc,97.22222222222221,641.75
AF,8106,1,con,94.44444444444444,535.4861111111111
AF,8106,1,inc,91.66666666666666,572.5694444444445
AF,8106,2,con,95.83333333333334,451.27777777777777
AF,8106,2,inc,97.22222222222221,538.6944444444445
AF,8107,1,con,98.61111111111111,591.1805555555555
AF,8107,1,inc,98.61111111111111,628.8055555555555
AF,8107,3,con,94.44444444444444,730.6666666666666
AF,8107,3,inc,91.66666666666666,704.9027777777778
AF,8108,1,con,90.27777777777779,446.8333333333333
AF,8108,1,inc,88.88888888888889,512.5138888888889
AF,8108,2,con,95.83333333333334,499.9583333333333
AF,8108,2,inc,94.44444444444444,529.875
AF,8111,1,con,95.83333333333334,592.8888888888889
AF,8111,1,inc,94.44444444444444,632.8472222222222
AF,8112,1,con,97.22222222222221,644.6944444444445
AF,8112,1,inc,98.61111111111111,698.125
AF,8113,1,con,95.83333333333334,585.875
AF,8113,1,inc,94.44444444444444,634.2361111111111
AF,8114,1,con,93.05555555555556,484.8611111111111
AF,8114,1,inc,88.88888888888889,583.375
AF,8114,2,con,95.83333333333334,558.6527777777778
AF,8114,2,inc,95.83333333333334,599.7777777777778
AF,8115,nan,con,94.44444444444444,473.375
AF,8115,nan,inc,90.27777777777779,547.4861111111111
AF,8116,1,con,100.0,837.6527777777778
AF,8116,1,inc,100.0,837.0277777777778
AF,8116,2,con,98.61111111111111,767.0138888888889
AF,8116,2,inc,98.61111111111111,745.75
AF,8118,1,con,94.44444444444444,540.7638888888889
AF,8118,1,inc,83.33333333333334,628.5555555555555
AF,8119,1,con,95.83333333333334,835.1111111111111
AF,8119,1,inc,100.0,783.0416666666666
AF,8120,1,con,93.05555555555556,483.3611111111111
AF,8120,1,inc,81.94444444444444,622.4166666666666
AF,8120,2,con,86.11111111111111,496.75
AF,8120,2,inc,90.27777777777779,557.3055555555555
AF,8121,1,con,98.61111111111111,535.9027777777778
AF,8121,1,inc,98.61111111111111,588.0277777777778
AF,8121,2,con,90.27777777777779,521.1111111111111
AF,8121,2,inc,98.61111111111111,600.3055555555555
AF,8123,1,con,94.44444444444444,519.25
AF,8123,1,inc,93.05555555555556,556.2222222222222
AF,8124,1,con,98.61111111111111,532.2916666666666
AF,8124,1,inc,98.61111111111111,576.9861111111111
AF,8125,1,con,100.0,588.7638888888889
AF,8125,1,inc,91.66666666666666,630.8055555555555
AF,8126,1,con,100.0,615.7638888888889
AF,8126,1,inc,98.61111111111111,696.1388888888889
AF,8127,1,con,98.61111111111111,514.1527777777778
AF,8127,1,inc,98.61111111111111,584.2361111111111
AF,8128,1,con,100.0,614.6111111111111
AF,8128,1,inc,100.0,608.2777777777778
AF,8130,1,con,98.61111111111111,546.8333333333334
AF,8130,1,inc,100.0,592.8611111111111
AF,8131,1,con,97.22222222222221,708.9722222222222
AF,8131,1,inc,95.83333333333334,757.3888888888889
AF,8132,1,con,91.66666666666666,571.6944444444445
AF,8132,1,inc,97.22222222222221,623.75
AF,8136,1,con,98.61111111111111,496.3888888888889
AF,8136,1,inc,98.61111111111111,594.8472222222222
AF,8138,1,con,90.27777777777779,545.4722222222222
AF,8138,1,inc,86.11111111111111,606.8055555555555
AF,8139,nan,con,93.05555555555556,684.4027777777778
AF,8139,nan,inc,100.0,731.1666666666666
AF,8140,1,con,97.22222222222221,664.0972222222222
AF,8140,1,inc,98.61111111111111,707.1388888888889
AF,8145,1,con,91.66666666666666,703.8194444444445
AF,8145,1,inc,97.22222222222221,760.7916666666666
AF,8146,1,con,95.83333333333334,569.3333333333334
AF,8146,1,inc,91.66666666666666,592.1666666666666
AF,8149,1,con,95.83333333333334,513.8194444444445
AF,8149,1,inc,94.44444444444444,566.5972222222222
AF,83664,nan,con,87.5,544.3888888888889
AF,83664,nan,inc,84.72222222222221,596.375
AF,9002,1,con,94.44444444444444,717.7222222222222
AF,9002,1,inc,97.22222222222221,701.9166666666666
AF,9002,3,con,93.05555555555556,821.9722222222222
AF,9002,3,inc,98.61111111111111,799.3194444444445
AF,9003,1,con,91.66666666666666,591.2083333333334
AF,9003,1,inc,98.61111111111111,574.7361111111111
AF,9003,3,con,87.5,536.1805555555555
AF,9003,3,inc,90.27777777777779,529.5972222222222
AF,9004,1,con,100.0,696.7222222222222
AF,9004,1,inc,100.0,692.5833333333334
AF,9005,1,con,98.61111111111111,627.1805555555555
AF,9005,1,inc,97.22222222222221,684.9027777777778
AF,9005,2,con,95.83333333333334,625.1527777777778
AF,9005,2,inc,97.22222222222221,655.7222222222222
AF,9005,3,con,98.61111111111111,621.375
AF,9005,3,inc,95.83333333333334,696.8333333333334
AF,9007,1,con,94.44444444444444,678.0972222222222
AF,9007,1,inc,98.61111111111111,706.1666666666666
AF,9008,1,con,88.88888888888889,709.4027777777778
AF,9008,1,inc,93.05555555555556,714.2916666666666
AF,9009,1,con,98.61111111111111,645.3055555555555
AF,9009,1,inc,97.22222222222221,669.3888888888889
AF,9009,2,con,97.22222222222221,572.9722222222222
AF,9009,2,inc,100.0,669.6944444444445
AF,9009,3,con,98.61111111111111,582.7777777777778
AF,9009,3,inc,98.61111111111111,634.8333333333334
AF,9010,1,con,91.66666666666666,526.9166666666666
AF,9010,1,inc,94.44444444444444,622.3888888888889
AF,9010,2,con,93.05555555555556,530.125
AF,9010,2,inc,97.22222222222221,575.5555555555555
AF,9010,3,con,93.05555555555556,488.93055555555554
AF,9010,3,inc,94.44444444444444,573.4861111111111
AF,9011,1,con,94.44444444444444,510.34722222222223
AF,9011,1,inc,88.88888888888889,610.0972222222222
AF,9013,1,con,97.22222222222221,617.75
AF,9013,1,inc,100.0,652.5416666666666
AF,9013,2,con,98.61111111111111,646.7361111111111
AF,9013,2,inc,98.61111111111111,665.1527777777778
AF,9013,3,con,95.83333333333334,598.5833333333334
AF,9013,3,inc,98.61111111111111,641.5833333333334
AF,9014,1,con,86.11111111111111,525.4583333333334
AF,9014,1,inc,87.5,587.1111111111111
AF,9015,1,con,87.5,416.7125
AF,9015,1,inc,88.75,469.1125
AF,9015,2,con,97.22222222222221,484.0138888888889
AF,9015,2,inc,98.61111111111111,522.2361111111111
AF,9015,3,con,94.44444444444444,474.05555555555554
AF,9015,3,inc,95.83333333333334,487.875
AF,9017,1,con,95.83333333333334,719.0555555555555
AF,9017,1,inc,93.05555555555556,753.9722222222222
AF,9017,2,con,95.83333333333334,686.3888888888889
AF,9017,2,inc,93.05555555555556,742.9722222222222
AF,9017,3,con,94.44444444444444,770.5972222222222
AF,9017,3,inc,95.83333333333334,754.25
AF,9018,1,con,100.0,588.8472222222222
AF,9018,1,inc,97.22222222222221,581.4583333333334
AF,9019,1,con,100.0,590.0972222222222
AF,9019,1,inc,98.61111111111111,643.125
AF,9019,2,con,93.05555555555556,531.75
AF,9019,2,inc,97.22222222222221,551.1388888888889
AF,9019,3,con,98.61111111111111,503.9861111111111
AF,9019,3,inc,94.44444444444444,585.0138888888889
AF,9020,1,con,97.22222222222221,622.25
AF,9020,1,inc,93.05555555555556,608.6388888888889
AF,9021,1,con,94.44444444444444,560.1527777777778
AF,9021,1,inc,84.72222222222221,583.3194444444445
AF,9021,2,con,93.05555555555556,525.9861111111111
AF,9021,2,inc,95.83333333333334,601.9027777777778
AF,9021,3,con,94.44444444444444,579.3472222222222
AF,9021,3,inc,95.83333333333334,634.9444444444445
AF,9023,1,con,91.66666666666666,616.3055555555555
AF,9023,1,inc,94.44444444444444,623.6666666666666
AF,9023,2,con,94.44444444444444,717.1666666666666
AF,9023,2,inc,90.27777777777779,681.1666666666666
AF,9023,3,con,95.83333333333334,571.2222222222222
AF,9023,3,inc,90.27777777777779,566.7638888888889
AF,9024,1,con,77.5,802.775
AF,9024,1,inc,86.25,826.725
AF,9024,2,con,77.5,784.7125
AF,9024,2,inc,85.0,784.7875
AF,9024,3,con,84.72222222222221,890.6805555555555
AF,9024,3,inc,81.94444444444444,906.0138888888889
AF,9028,1,con,94.44444444444444,474.0833333333333
AF,9028,1,inc,94.44444444444444,519.1388888888889
AF,9028,2,con,97.22222222222221,533.9166666666666
AF,9028,2,inc,98.61111111111111,568.0972222222222
AF,9028,3,con,97.22222222222221,490.2361111111111
AF,9028,3,inc,95.83333333333334,518.6388888888889
AF,9029,1,con,93.05555555555556,589.6805555555555
AF,9029,1,inc,87.5,654.2361111111111
AF,9029,2,con,95.83333333333334,554.6805555555555
AF,9029,2,inc,98.61111111111111,614.9027777777778
AF,9029,3,con,94.44444444444444,571.8055555555555
AF,9029,3,inc,97.22222222222221,626.5694444444445
AF,9030,1,con,95.83333333333334,736.6805555555555
AF,9030,1,inc,97.22222222222221,743.9027777777778
AF,9031,1,con,98.61111111111111,578.3333333333334
AF,9031,1,inc,95.83333333333334,621.5277777777778
AF,9031,2,con,100.0,532.125
AF,9031,2,inc,94.44444444444444,594.2777777777778
AF,9031,3,con,95.83333333333334,542.6944444444445
AF,9031,3,inc,98.61111111111111,611.1388888888889
AF,9033,1,con,81.25,620.475
AF,9033,1,inc,87.5,676.425
AF,9033,2,con,87.5,714.6111111111111
AF,9033,2,inc,94.44444444444444,681.25
AF,9033,3,con,91.66666666666666,682.75
AF,9033,3,inc,100.0,696.8888888888889
AF,9034,1,con,95.83333333333334,611.8611111111111
AF,9034,1,inc,95.83333333333334,629.625
AF,9034,2,con,94.44444444444444,654.3333333333334
AF,9034,2,inc,91.66666666666666,742.5138888888889
AF,9034,3,con,91.66666666666666,544.8333333333334
AF,9034,3,inc,95.83333333333334,589.7361111111111
AF,9035,1,con,95.83333333333334,550.2083333333334
AF,9035,1,inc,95.83333333333334,630.6388888888889
AF,9035,2,con,95.83333333333334,500.34722222222223
AF,9035,2,inc,94.44444444444444,574.3611111111111
AF,9035,3,con,95.83333333333334,483.72222222222223
AF,9035,3,inc,91.66666666666666,522.0
AF,9038,1,con,90.27777777777779,540.5
AF,9038,1,inc,93.05555555555556,583.3194444444445
AF,9038,3,con,95.83333333333334,542.6666666666666
AF,9038,3,inc,98.61111111111111,579.3333333333334
AF,9045,1,con,93.05555555555556,671.6805555555555
AF,9045,1,inc,95.83333333333334,714.9444444444445
AF,9045,2,con,90.27777777777779,606.25
AF,9045,2,inc,88.88888888888889,627.5277777777778
AF,9045,3,con,86.11111111111111,596.7638888888889
AF,9045,3,inc,90.27777777777779,610.0972222222222
AF,9047,1,con,85.0,597.4875
AF,9047,1,inc,92.5,605.425
AF,9047,2,con,97.22222222222221,545.6666666666666
AF,9047,2,inc,94.44444444444444,615.625
AF,9048,1,con,83.75,706.8
AF,9048,1,inc,85.0,677.3875
AF,9049,1,con,93.05555555555556,481.7083333333333
AF,9049,1,inc,91.66666666666666,568.2361111111111
AF,9050,1,con,94.44444444444444,496.47222222222223
AF,9050,1,inc,86.11111111111111,570.0694444444445
AF,9051,1,con,97.22222222222221,691.9722222222222
AF,9051,1,inc,100.0,720.0277777777778
AF,9051,2,con,98.61111111111111,743.9166666666666
AF,9051,2,inc,97.22222222222221,792.1666666666666
AF,9053,1,con,58.75,449.875
AF,9053,1,inc,48.75,497.7875
AF,9054,1,con,87.5,634.625
AF,9054,1,inc,95.83333333333334,662.2083333333334
AF,9054,2,con,87.5,709.5277777777778
AF,9054,2,inc,98.61111111111111,709.875
AF,9054,3,con,98.61111111111111,814.0555555555555
AF,9054,3,inc,97.22222222222221,790.75
AF,9056,1,con,100.0,714.9444444444445
AF,9056,1,inc,100.0,712.5277777777778
AF,9057,1,con,91.66666666666666,544.3194444444445
AF,9057,1,inc,98.61111111111111,643.0416666666666
AF,9057,2,con,95.83333333333334,613.8333333333334
AF,9057,2,inc,98.61111111111111,709.75
AF,9059,1,con,82.5,384.0
AF,9059,1,inc,42.5,448.25
AF,9059,2,con,91.66666666666666,501.25
AF,9059,2,inc,86.11111111111111,613.7222222222222
AF,9060,1,con,97.22222222222221,646.5416666666666
AF,9060,1,inc,94.44444444444444,689.7638888888889
AF,9062,1,con,91.66666666666666,561.4444444444445
AF,9062,1,inc,97.22222222222221,581.3333333333334
AF,9062,2,con,94.44444444444444,499.7361111111111
AF,9062,2,inc,97.22222222222221,546.7222222222222
AF,9064,1,con,95.83333333333334,648.7638888888889
AF,9064,1,inc,98.61111111111111,676.4444444444445
AF,9067,1,con,95.83333333333334,586.3611111111111
AF,9067,1,inc,88.88888888888889,644.0
AF,9067,2,con,94.44444444444444,587.25
AF,9067,2,inc,95.83333333333334,661.0138888888889
AF,9068,1,con,98.61111111111111,532.9305555555555
AF,9068,1,inc,98.61111111111111,621.0694444444445
AF,9068,2,con,97.22222222222221,560.9305555555555
AF,9068,2,inc,98.61111111111111,620.3611111111111
AF,9070,1,con,85.0,429.8
AF,9070,1,inc,65.0,455.0875
AF,9070,2,con,72.5,537.6
AF,9070,2,inc,42.5,653.25
AF,9071,1,con,97.22222222222221,739.8333333333334
AF,9071,1,inc,98.61111111111111,674.7083333333334
AF,9073,1,con,95.83333333333334,641.9166666666666
AF,9073,1,inc,100.0,709.0277777777778
AF,9073,2,con,100.0,669.9305555555555
AF,9073,2,inc,98.61111111111111,711.8888888888889
AF,9074,1,con,93.05555555555556,561.0972222222222
AF,9074,1,inc,95.83333333333334,614.8194444444445
AF,9074,2,con,87.5,646.9722222222222
AF,9074,2,inc,95.83333333333334,660.9027777777778
AF,9076,1,con,95.83333333333334,594.7777777777778
AF,9076,1,inc,94.44444444444444,765.0416666666666
AF,9076,2,con,97.22222222222221,847.9722222222222
AF,9076,2,inc,93.05555555555556,962.1944444444445
AF,9077,1,con,93.05555555555556,682.5694444444445
AF,9077,1,inc,90.27777777777779,805.0277777777778
AF,9078,1,con,95.83333333333334,640.8611111111111
AF,9078,1,inc,100.0,621.9444444444445
AF,9080,1,con,95.83333333333334,680.6388888888889
AF,9080,1,inc,93.05555555555556,644.8333333333334
AF,9081,1,con,94.44444444444444,494.55555555555554
AF,9081,1,inc,95.83333333333334,608.5277777777778
AF,9081,2,con,91.66666666666666,599.5138888888889
AF,9081,2,inc,98.61111111111111,646.375
AF,9082,1,con,100.0,825.25
AF,9082,1,inc,97.22222222222221,863.1111111111111
AF,9083,1,con,98.61111111111111,638.5972222222222
AF,9083,1,inc,98.61111111111111,719.1666666666666
AF,9084,1,con,98.61111111111111,722.3472222222222
AF,9084,1,inc,100.0,704.4722222222222
AF,9086,1,con,97.22222222222221,615.9722222222222
AF,9086,1,inc,95.83333333333334,647.8194444444445
AF,9087,1,con,98.61111111111111,590.5138888888889
AF,9087,1,inc,100.0,652.3888888888889
AF,9088,1,con,98.61111111111111,563.7361111111111
AF,9088,1,inc,100.0,677.9166666666666
AF,9090,1,con,95.83333333333334,594.2638888888889
AF,9090,1,inc,95.83333333333334,727.0138888888889
AF,9092,1,con,97.22222222222221,606.1944444444445
AF,9092,1,inc,98.61111111111111,687.2916666666666
AF,9093,1,con,95.83333333333334,744.9722222222222
AF,9093,1,inc,100.0,750.625
AF,9094,1,con,95.83333333333334,734.5833333333334
AF,9094,1,inc,95.83333333333334,754.9027777777778
AF,9999,1,con,93.05555555555556,486.1111111111111
AF,9999,1,inc,95.83333333333334,545.6805555555555
AF,9999,nan,con,88.88888888888889,623.2361111111111
AF,9999,nan,inc,87.5,697.5972222222222
AF,AF,,con,90.27777777777779,550.7638888888889
AF,AF,,inc,100.0,617.8888888888889
ATS,0,33,A,77.77777777777779,869.9722222222222
ATS,0,33,B,94.44444444444444,708.1944444444445
ATS,0,33,C,14.814814814814813,1328.6944444444443
ATS,1,1,A,97.22222222222221,854.3611111111111
ATS,1,1,B,94.44444444444444,829.5
ATS,1,1,C,77.77777777777779,970.6666666666666
ATS,1474,1,A,94.44444444444444,832.4166666666666
ATS,1474,1,B,100.0,768.1666666666666
ATS,1474,1,C,90.74074074074075,1052.5648148148148
ATS,4,nan,A,86.11111111111111,996.9722222222222
ATS,4,nan,B,94.44444444444444,949.0833333333334
ATS,4,nan,C,62.5,1197.375
ATS,7000,1,A,97.22222222222221,811.8888888888889
ATS,7000,1,B,100.0,716.4444444444445
ATS,7000,1,C,75.0,1136.037037037037
ATS,7001,1,A,100.0,704.25
ATS,7001,1,B,91.66666666666666,757.7222222222222
ATS,7001,1,C,67.5925925925926,1133.7777777777778
ATS,7002,1,A,94.44444444444444,786.4166666666666
ATS,7002,1,B,97.22222222222221,783.75
ATS,7002,1,C,84.25925925925925,1060.851851851852
ATS,7003,1,A,100.0,749.6666666666666
ATS,7003,1,B,97.22222222222221,664.3888888888889
ATS,7003,1,C,81.48148148148148,968.3148148148148
ATS,7004,1,A,100.0,766.2777777777778
ATS,7004,1,B,97.22222222222221,733.0
ATS,7004,1,C,70.83333333333334,1226.325
ATS,7005,1,A,91.66666666666666,897.1111111111111
ATS,7005,1,B,100.0,790.6666666666666
ATS,7005,1,C,80.55555555555556,1137.287037037037
ATS,7006,1,A,100.0,818.9166666666666
ATS,7006,1,B,100.0,765.9444444444445
ATS,7006,1,C,76.85185185185185,1043.4166666666667
ATS,7007,1,A,94.44444444444444,832.2222222222222
ATS,7007,1,B,97.22222222222221,786.6111111111111
ATS,7007,1,C,62.96296296296296,1242.5185185185185
ATS,7008,1,A,100.0,789.5
ATS,7008,1,B,100.0,742.5555555555555
ATS,7008,1,C,85.0,1071.6583333333333
ATS,7009,1,A,94.44444444444444,828.1388888888889
ATS,7009,1,B,100.0,777.6388888888889
ATS,7009,1,C,83.33333333333334,1105.398148148148
ATS,7010,1,A,100.0,618.5555555555555
ATS,7010,1,B,100.0,582.4166666666666
ATS,7010,1,C,57.407407407407405,1027.9722222222222
ATS,7012,1,A,91.66666666666666,844.1111111111111
ATS,7012,1,B,97.22222222222221,735.4166666666666
ATS,7012,1,C,88.88888888888889,1000.0277777777778
ATS,7013,1,A,94.44444444444444,893.4722222222222
ATS,7013,1,B,100.0,792.3888888888889
ATS,7013,1,C,74.07407407407408,1041.9537037037037
ATS,7014,1,A,94.44444444444444,884.8888888888889
ATS,7014,1,B,97.22222222222221,785.8611111111111
ATS,7014,1,C,69.44444444444444,1239.0925925925926
ATS,7015,1,A,91.66666666666666,828.4444444444445
ATS,7015,1,B,94.44444444444444,715.5555555555555
ATS,7015,1,C,74.16666666666667,639.8333333333334
ATS,7016,1,A,100.0,792.0833333333334
ATS,7016,1,B,97.22222222222221,868.5555555555555
ATS,7016,1,C,77.77777777777779,1113.2407407407406
ATS,7017,1,A,91.66666666666666,822.9166666666666
ATS,7017,1,B,100.0,799.8888888888889
ATS,7017,1,C,63.33333333333333,1226.9333333333334
ATS,7018,1,A,91.66666666666666,834.4444444444445
ATS,7018,1,B,100.0,770.3333333333334
ATS,7018,1,C,80.55555555555556,978.5277777777778
ATS,7019,1,A,97.22222222222221,671.4444444444445
ATS,7019,1,B,100.0,622.3055555555555
ATS,7019,1,C,75.0,609.5833333333334
ATS,7020,1,A,94.44444444444444,643.0833333333334
ATS,7020,1,B,94.44444444444444,604.0277777777778
ATS,7020,1,C,75.0,982.1203703703703
ATS,7021,1,A,100.0,825.0
ATS,7021,1,B,100.0,810.3888888888889
ATS,7021,1,C,69.16666666666667,1179.6583333333333
ATS,7022,1,A,97.22222222222221,871.6111111111111
ATS,7022,1,B,100.0,781.6944444444445
ATS,7022,1,C,85.18518518518519,1172.2962962962963
ATS,7023,1,A,91.66666666666666,874.9722222222222
ATS,7023,1,B,94.44444444444444,849.8055555555555
ATS,7023,1,C,63.33333333333333,1212.85
ATS,7024,1,A,100.0,703.3055555555555
ATS,7024,1,B,97.22222222222221,710.1944444444445
ATS,7024,1,C,83.33333333333334,1006.8518518518518
ATS,7025,1,A,97.22222222222221,657.4722222222222
ATS,7025,1,B,97.22222222222221,533.9166666666666
ATS,7025,1,C,87.03703703703704,875.6481481481482
ATS,7026,1,A,97.22222222222221,830.7777777777778
ATS,7026,1,B,97.22222222222221,829.0555555555555
ATS,7026,1,C,95.37037037037037,1005.3055555555555
ATS,7027,1,A,97.22222222222221,920.25
ATS,7027,1,B,100.0,842.1666666666666
ATS,7027,1,C,75.92592592592592,1135.851851851852
ATS,7028,1,A,94.44444444444444,868.0833333333334
ATS,7028,1,B,91.66666666666666,837.2222222222222
ATS,7028,1,C,87.03703703703704,1043.3240740740741
ATS,7029,1,A,97.22222222222221,677.8055555555555
ATS,7029,1,B,89.58333333333334,989.1666666666666
ATS,7029,1,C,65.83333333333333,1170.7416666666666
ATS,7030,1,A,97.22222222222221,890.2777777777778
ATS,7030,1,B,88.88888888888889,992.0
ATS,7030,1,C,73.33333333333333,1133.2333333333333
ATS,7031,1,A,100.0,699.2777777777778
ATS,7031,1,B,94.44444444444444,750.1388888888889
ATS,7031,1,C,59.25925925925925,1109.4444444444443
ATS,7032,1,A,97.22222222222221,960.9444444444445
ATS,7032,1,B,91.66666666666666,966.6666666666666
ATS,7032,1,C,75.0,1171.8425925925926
ATS,7033,1,A,100.0,731.0277777777778
ATS,7033,1,B,100.0,711.0555555555555
ATS,7033,1,C,65.83333333333333,1083.0583333333334
ATS,7034,1,A,97.22222222222221,577.4166666666666
ATS,7034,1,B,100.0,607.9166666666666
ATS,7034,1,C,68.51851851851852,1059.0555555555557
ATS,7035,1,A,97.22222222222221,742.7222222222222
ATS,7035,1,B,97.22222222222221,688.1666666666666
ATS,7035,1,C,58.333333333333336,1162.4814814814815
ATS,7037,1,A,60.416666666666664,1083.2291666666667
ATS,7037,1,B,54.166666666666664,899.7916666666666
ATS,7037,1,C,52.5,744.425
ATS,7039,1,A,94.44444444444444,845.0
ATS,7039,1,B,100.0,846.1944444444445
ATS,7039,1,C,83.33333333333334,1108.101851851852
ATS,7040,1,A,94.44444444444444,926.6666666666666
ATS,7040,1,B,100.0,823.8888888888889
ATS,7040,1,C,75.75757575757575,1165.969696969697
ATS,7041,1,A,100.0,745.3888888888889
ATS,7041,1,B,86.11111111111111,857.0833333333334
ATS,7041,1,C,61.111111111111114,1228.2407407407406
ATS,7042,1,A,94.44444444444444,861.1388888888889
ATS,7042,1,B,86.11111111111111,921.5
ATS,7042,1,C,41.66666666666667,1188.2777777777778
ATS,7043,1,A,94.44444444444444,894.2777777777778
ATS,7043,1,B,97.22222222222221,761.6666666666666
ATS,7043,1,C,66.66666666666666,1212.85
ATS,7044,1,A,89.58333333333334,822.3958333333334
ATS,7044,1,B,97.22222222222221,707.4444444444445
ATS,7044,1,C,52.77777777777778,1234.398148148148
ATS,7045,1,A,88.88888888888889,913.4166666666666
ATS,7045,1,B,94.44444444444444,935.2222222222222
ATS,7045,1,C,77.77777777777779,1200.287037037037
ATS,7046,1,A,97.22222222222221,769.4722222222222
ATS,7046,1,B,91.66666666666666,710.1111111111111
ATS,7046,1,C,87.96296296296296,858.0833333333334
ATS,7047,1,A,94.44444444444444,926.6666666666666
ATS,7047,1,B,100.0,823.8888888888889
ATS,7047,1,C,75.75757575757575,1165.969696969697
ATS,7048,1,A,97.22222222222221,845.8333333333334
ATS,7048,1,B,94.44444444444444,808.0555555555555
ATS,7048,1,C,72.22222222222221,1190.462962962963
ATS,7049,1,A,97.22222222222221,786.6388888888889
ATS,7049,1,B,97.22222222222221,812.8611111111111
ATS,7049,1,C,73.14814814814815,1148.4074074074074
ATS,7050,1,A,91.66666666666666,753.9166666666666
ATS,7050,1,B,100.0,672.4722222222222
ATS,7050,1,C,63.33333333333333,1196.4416666666666
ATS,7052,1,A,100.0,787.2222222222222
ATS,7052,1,B,97.22222222222221,701.0555555555555
ATS,7052,1,C,62.96296296296296,1164.3333333333333
ATS,7053,1,A,100.0,646.0277777777778
ATS,7053,1,B,100.0,604.75
ATS,7053,1,C,86.11111111111111,974.9722222222222
ATS,7054,1,A,97.22222222222221,758.6388888888889
ATS,7054,1,B,100.0,781.6944444444445
ATS,7054,1,C,78.33333333333333,1094.725
ATS,7055,1,A,86.11111111111111,938.8055555555555
ATS,7055,1,B,91.66666666666666,952.6944444444445
ATS,7055,1,C,42.42424242424242,1146.378787878788
ATS,7056,1,A,91.66666666666666,919.3333333333334
ATS,7056,1,B,100.0,856.3611111111111
ATS,7056,1,C,52.77777777777778,1164.861111111111
ATS,7057,1,A,91.66666666666666,975.5277777777778
ATS,7057,1,B,91.66666666666666,923.0
ATS,7057,1,C,50.83333333333333,1161.325
ATS,7058,1,A,97.22222222222221,691.25
ATS,7058,1,B,97.22222222222221,736.5
ATS,7058,1,C,78.70370370370371,891.3703703703703
ATS,7059,1,A,100.0,753.6388888888889
ATS,7059,1,B,94.44444444444444,766.1388888888889
ATS,7059,1,C,87.96296296296296,1046.2407407407406
ATS,7060,1,A,83.33333333333334,984.2222222222222
ATS,7060,1,B,83.33333333333334,903.9722222222222
ATS,7060,1,C,65.74074074074075,1209.148148148148
ATS,7061,1,A,100.0,870.25
ATS,7061,1,B,97.22222222222221,748.6944444444445
ATS,7061,1,C,88.88888888888889,1068.0185185185185
ATS,7062,1,A,94.44444444444444,797.1388888888889
ATS,7062,1,B,100.0,757.9444444444445
ATS,7062,1,C,85.83333333333333,1074.7333333333333
ATS,7063,1,A,100.0,690.0277777777778
ATS,7063,1,B,85.41666666666666,876.8333333333334
ATS,7063,1,C,60.0,1142.2
ATS,7064,1,A,94.44444444444444,844.0833333333334
ATS,7064,1,B,91.66666666666666,812.9166666666666
ATS,7064,1,C,78.33333333333333,1134.5833333333333
ATS,7065,1,A,97.22222222222221,834.25
ATS,7065,1,B,94.44444444444444,864.5555555555555
ATS,7065,1,C,43.333333333333336,1186.9583333333333
ATS,7067,1,A,97.22222222222221,894.0
ATS,7067,1,B,97.22222222222221,793.7777777777778
ATS,7067,1,C,67.5,1193.9583333333333
ATS,7068,1,A,97.22222222222221,828.9722222222222
ATS,7068,1,B,86.11111111111111,865.1944444444445
ATS,7068,1,C,56.666666666666664,1224.425
ATS,7069,1,A,88.88888888888889,949.2222222222222
ATS,7069,1,B,94.44444444444444,843.9722222222222
ATS,7069,1,C,80.55555555555556,1116.0925925925926
ATS,7070,1,A,88.88888888888889,851.8888888888889
ATS,7070,1,B,97.22222222222221,763.4166666666666
ATS,7070,1,C,65.0,1126.975
ATS,7072,1,A,100.0,767.4444444444445
ATS,7072,1,B,97.22222222222221,705.4444444444445
ATS,7072,1,C,58.333333333333336,1047.5648148148148
ATS,7073,1,A,100.0,728.0555555555555
ATS,7073,1,B,97.22222222222221,615.8333333333334
ATS,7073,1,C,63.888888888888886,1131.7962962962963
ATS,7075,1,A,94.44444444444444,857.9722222222222
ATS,7075,1,B,100.0,885.3888888888889
ATS,7075,1,C,67.5925925925926,1147.611111111111
ATS,7076,1,A,100.0,743.3333333333334
ATS,7076,1,B,100.0,743.2222222222222
ATS,7076,1,C,82.5,1079.675
ATS,7077,1,A,97.22222222222221,805.8611111111111
ATS,7077,1,B,97.22222222222221,665.7222222222222
ATS,7077,1,C,50.83333333333333,1270.4083333333333
ATS,7078,1,A,94.44444444444444,693.8611111111111
ATS,7078,1,B,94.44444444444444,734.0
ATS,7078,1,C,72.5,1029.175
ATS,7079,1,A,100.0,812.6944444444445
ATS,7079,1,B,94.44444444444444,766.1944444444445
ATS,7079,1,C,72.22222222222221,1123.962962962963
ATS,7080,1,A,100.0,702.4166666666666
ATS,7080,1,B,100.0,700.4166666666666
ATS,7080,1,C,65.74074074074075,1218.2037037037037
ATS,7082,1,A,80.55555555555556,944.9444444444445
ATS,7082,1,B,88.88888888888889,924.8888888888889
ATS,7082,1,C,73.33333333333333,1150.8
ATS,7083,1,A,94.44444444444444,712.2777777777778
ATS,7083,1,B,100.0,655.3888888888889
ATS,7083,1,C,56.481481481481474,1124.2222222222222
ATS,7084,1,A,100.0,732.8611111111111
ATS,7084,1,B,100.0,709.0833333333334
ATS,7084,1,C,65.83333333333333,1254.7333333333333
ATS,7085,1,A,94.44444444444444,853.1944444444445
ATS,7085,1,B,100.0,734.5277777777778
ATS,7085,1,C,72.22222222222221,1063.9166666666667
ATS,7086,1,A,100.0,780.7777777777778
ATS,7086,1,B,88.88888888888889,911.2222222222222
ATS,7086,1,C,62.82051282051282,1201.2628205128206
ATS,7087,1,A,97.22222222222221,711.1111111111111
ATS,7087,1,B,100.0,719.1666666666666
ATS,7087,1,C,93.51851851851852,953.1203703703703
ATS,7088,1,A,97.22222222222221,789.6666666666666
ATS,7088,1,B,100.0,754.2222222222222
ATS,7088,1,C,73.33333333333333,1164.2583333333334
ATS,7089,1,A,64.58333333333334,960.75
ATS,7089,1,B,97.22222222222221,808.0833333333334
ATS,7089,1,C,85.18518518518519,1103.537037037037
ATS,7090,1,A,94.44444444444444,888.8055555555555
ATS,7090,1,B,97.22222222222221,817.9166666666666
ATS,7090,1,C,89.81481481481481,1052.0
ATS,7091,1,A,94.44444444444444,887.4166666666666
ATS,7091,1,B,91.66666666666666,823.75
ATS,7091,1,C,60.83333333333333,1238.65
ATS,7092,1,A,88.88888888888889,888.2777777777778
ATS,7092,1,B,100.0,889.0
ATS,7092,1,C,76.85185185185185,1145.8240740740741
ATS,7093,1,A,97.22222222222221,713.3055555555555
ATS,7093,1,B,100.0,642.6111111111111
ATS,7093,1,C,87.03703703703704,1041.7592592592594
ATS,7094,1,A,94.44444444444444,921.4166666666666
ATS,7094,1,B,97.22222222222221,941.5277777777778
ATS,7094,1,C,82.57575757575758,1124.3636363636363
ATS,7096,1,A,100.0,782.8055555555555
ATS,7096,1,B,97.22222222222221,735.6666666666666
ATS,7096,1,C,84.16666666666667,1072.4833333333333
ATS,7097,1,A,91.66666666666666,811.1111111111111
ATS,7097,1,B,94.44444444444444,812.0277777777778
ATS,7097,1,C,75.92592592592592,1123.6759259259259
ATS,7098,1,A,64.58333333333334,960.75
ATS,7098,1,B,97.22222222222221,808.0833333333334
ATS,7098,1,C,85.18518518518519,1103.537037037037
ATS,7099,1,A,97.22222222222221,596.0555555555555
ATS,7099,1,B,100.0,594.5833333333334
ATS,7099,1,C,91.66666666666666,915.5
ATS,7102,1,A,91.66666666666666,872.0555555555555
ATS,7102,1,B,97.22222222222221,787.0555555555555
ATS,7102,1,C,82.4074074074074,1017.0648148148148
ATS,7103,1,A,94.44444444444444,922.0
ATS,7103,1,B,86.11111111111111,941.1944444444445
ATS,7103,1,C,69.16666666666667,1177.9333333333334
ATS,7104,1,A,94.44444444444444,885.8888888888889
ATS,7104,1,B,97.22222222222221,868.6944444444445
ATS,7104,1,C,70.37037037037037,1229.148148148148
ATS,7105,1,A,97.22222222222221,715.3888888888889
ATS,7105,1,B,100.0,726.2777777777778
ATS,7105,1,C,89.81481481481481,964.6388888888889
ATS,7106,1,A,100.0,864.7777777777778
ATS,7106,1,B,100.0,829.9166666666666
ATS,7106,1,C,44.44444444444444,1333.9166666666667
ATS,7107,1,A,94.44444444444444,829.9722222222222
ATS,7107,1,B,88.88888888888889,835.6666666666666
ATS,7107,1,C,56.060606060606055,1016.9924242424242
ATS,7108,1,A,97.22222222222221,719.4444444444445
ATS,7108,1,B,100.0,716.2222222222222
ATS,7108,1,C,77.77777777777779,1193.4444444444443
ATS,7109,1,A,88.88888888888889,792.0833333333334
ATS,7109,1,B,100.0,769.1944444444445
ATS,7109,1,C,63.888888888888886,1211.898148148148
ATS,7110,1,A,88.88888888888889,788.6944444444445
ATS,7110,1,B,97.22222222222221,803.9166666666666
ATS,7110,1,C,79.62962962962963,1049.1203703703704
ATS,7111,1,A,94.44444444444444,888.0
ATS,7111,1,B,97.22222222222221,863.9722222222222
ATS,7111,1,C,82.4074074074074,1161.648148148148
ATS,7112,1,A,94.44444444444444,953.0
ATS,7112,1,B,83.33333333333334,940.8333333333334
ATS,7112,1,C,57.49999999999999,1017.5333333333333
ATS,7113,1,A,88.88888888888889,999.5277777777778
ATS,7113,1,B,97.22222222222221,990.1666666666666
ATS,7113,1,C,45.83333333333333,1341.5333333333333
ATS,7114,1,A,97.22222222222221,794.5277777777778
ATS,7114,1,B,100.0,749.1111111111111
ATS,7114,1,C,61.111111111111114,1240.9259259259259
ATS,7115,1,A,100.0,738.9722222222222
ATS,7115,1,B,100.0,672.5
ATS,7115,1,C,75.92592592592592,1151.1203703703704
ATS,7116,1,A,86.11111111111111,1059.3333333333333
ATS,7116,1,B,100.0,851.4722222222222
ATS,7116,1,C,54.166666666666664,1185.3333333333333
ATS,7117,1,A,88.88888888888889,1036.5277777777778
ATS,7117,1,B,91.66666666666666,873.8888888888889
ATS,7117,1,C,65.0,1142.75
ATS,7118,1,A,97.22222222222221,903.5555555555555
ATS,7118,1,B,91.66666666666666,860.2222222222222
ATS,7118,1,C,83.33333333333334,1065.7685185185185
ATS,7120,1,A,100.0,847.1944444444445
ATS,7120,1,B,97.22222222222221,777.8611111111111
ATS,7120,1,C,52.5,1206.8083333333334
ATS,7122,1,A,94.44444444444444,953.0
ATS,7122,1,B,83.33333333333334,940.8333333333334
ATS,7122,1,C,57.49999999999999,1017.5333333333333
ATS,7123,1,A,94.44444444444444,868.3333333333334
ATS,7123,1,B,94.44444444444444,816.9444444444445
ATS,7123,1,C,75.0,1073.4814814814815
ATS,7124,1,A,88.88888888888889,787.6666666666666
ATS,7124,1,B,91.66666666666666,743.6388888888889
ATS,7124,1,C,54.166666666666664,1062.65
ATS,7125,1,A,94.44444444444444,983.8333333333334
ATS,7125,1,B,94.44444444444444,844.5277777777778
ATS,7125,1,C,72.22222222222221,1164.9351851851852
ATS,7126,1,A,91.66666666666666,661.8055555555555
ATS,7126,1,B,91.66666666666666,737.75
ATS,7126,1,C,80.55555555555556,1105.7314814814815
ATS,7128,1,A,91.66666666666666,802.9166666666666
ATS,7128,1,B,100.0,698.0277777777778
ATS,7128,1,C,27.692307692307693,1216.446153846154
ATS,7129,1,A,100.0,748.3055555555555
ATS,7129,1,B,97.22222222222221,688.2222222222222
ATS,7129,1,C,74.07407407407408,1047.0092592592594
ATS,7130,1,A,88.88888888888889,1038.5277777777778
ATS,7130,1,B,80.55555555555556,1061.3333333333333
ATS,7130,1,C,66.66666666666666,1234.5666666666666
ATS,7131,1,A,94.44444444444444,896.9444444444445
ATS,7131,1,B,88.88888888888889,931.75
ATS,7131,1,C,59.84848484848485,1265.0
ATS,7132,1,A,100.0,720.2222222222222
ATS,7132,1,B,91.66666666666666,757.9444444444445
ATS,7132,1,C,87.96296296296296,864.0092592592592
ATS,7133,1,A,88.88888888888889,799.1111111111111
ATS,7133,1,B,100.0,746.6944444444445
ATS,7133,1,C,80.0,1031.7166666666667
ATS,7134,1,A,94.44444444444444,856.6388888888889
ATS,7134,1,B,97.22222222222221,764.4444444444445
ATS,7134,1,C,79.62962962962963,1042.7314814814815
ATS,7136,1,A,81.25,914.9583333333334
ATS,7136,1,B,94.44444444444444,803.7777777777778
ATS,7136,1,C,51.66666666666667,985.5666666666667
ATS,7137,1,A,94.44444444444444,712.0555555555555
ATS,7137,1,B,95.83333333333334,693.0416666666666
ATS,7137,1,C,73.33333333333333,1076.225
ATS,7138,1,A,94.44444444444444,857.6944444444445
ATS,7138,1,B,91.66666666666666,874.8888888888889
ATS,7138,1,C,69.44444444444444,1226.9166666666667
ATS,7139,1,A,91.66666666666666,1090.1944444444443
ATS,7139,1,B,100.0,1025.0
ATS,7139,1,C,85.18518518518519,1146.8148148148148
ATS,7140,1,A,100.0,632.3888888888889
ATS,7140,1,B,97.22222222222221,776.4166666666666
ATS,7140,1,C,86.11111111111111,872.6666666666666
ATS,7141,1,A,94.44444444444444,858.0
ATS,7141,1,B,91.66666666666666,903.75
ATS,7141,1,C,51.66666666666667,1141.825
ATS,7142,1,A,94.44444444444444,768.9444444444445
ATS,7142,1,B,94.44444444444444,914.4166666666666
ATS,7142,1,C,77.77777777777779,1083.148148148148
ATS,7143,1,A,97.22222222222221,971.6944444444445
ATS,7143,1,B,97.22222222222221,887.3611111111111
ATS,7143,1,C,54.166666666666664,886.3666666666667
ATS,7145,1,A,97.22222222222221,635.0555555555555
ATS,7145,1,B,100.0,609.0
ATS,7145,1,C,80.55555555555556,1035.3796296296296
ATS,7146,1,A,100.0,799.5833333333334
ATS,7146,1,B,94.44444444444444,782.2222222222222
ATS,7146,1,C,74.07407407407408,1075.0462962962963
ATS,7147,1,A,88.88888888888889,794.1388888888889
ATS,7147,1,B,100.0,786.4444444444445
ATS,7147,1,C,75.0,1030.2166666666667
ATS,7150,1,A,97.22222222222221,855.5555555555555
ATS,7150,1,B,91.66666666666666,850.75
ATS,7150,1,C,50.0,1316.7333333333333
ATS,7151,1,A,94.44444444444444,977.3055555555555
ATS,7151,1,B,91.66666666666666,925.1388888888889
ATS,7151,1,C,65.74074074074075,1101.1574074074074
ATS,7152,1,A,100.0,711.5277777777778
ATS,7152,1,B,97.22222222222221,662.9444444444445
ATS,7152,1,C,75.83333333333333,965.9416666666667
ATS,7153,1,A,91.66666666666666,989.3333333333334
ATS,7153,1,B,86.11111111111111,1014.3333333333334
ATS,7153,1,C,71.29629629629629,1000.1018518518518
ATS,7155,1,A,83.33333333333334,895.5555555555555
ATS,7155,1,B,81.25,893.8125
ATS,7155,1,C,67.5925925925926,984.9166666666666
ATS,7156,1,A,88.88888888888889,882.9166666666666
ATS,7156,1,B,100.0,707.1111111111111
ATS,7156,1,C,85.18518518518519,927.3425925925926
ATS,7157,1,A,94.44444444444444,773.4722222222222
ATS,7157,1,B,91.66666666666666,851.3333333333334
ATS,7157,1,C,68.51851851851852,1035.3333333333333
ATS,7158,1,A,94.44444444444444,738.0
ATS,7158,1,B,100.0,652.0555555555555
ATS,7158,1,C,87.5,972.6666666666666
ATS,7159,1,A,83.33333333333334,915.1944444444445
ATS,7159,1,B,91.66666666666666,944.5
ATS,7159,1,C,58.333333333333336,1219.6333333333334
ATS,7160,1,A,97.22222222222221,749.0555555555555
ATS,7160,1,B,97.22222222222221,736.3611111111111
ATS,7160,1,C,77.77777777777779,994.6388888888889
ATS,7161,1,A,94.44444444444444,898.4166666666666
ATS,7161,1,B,91.66666666666666,829.4722222222222
ATS,7161,1,C,53.03030303030303,1100.6742424242425
ATS,7164,1,A,100.0,784.0555555555555
ATS,7164,1,B,88.88888888888889,926.3888888888889
ATS,7164,1,C,79.62962962962963,1109.787037037037
ATS,7165,1,A,88.88888888888889,959.25
ATS,7165,1,B,94.44444444444444,889.9166666666666
ATS,7165,1,C,80.0,1077.6
ATS,7166,1,A,80.55555555555556,864.6666666666666
ATS,7166,1,B,94.44444444444444,830.4444444444445
ATS,7166,1,C,65.83333333333333,1144.3333333333333
ATS,7167,1,A,100.0,766.9166666666666
ATS,7167,1,B,94.44444444444444,773.0277777777778
ATS,7167,1,C,76.85185185185185,1012.4722222222222
ATS,7168,1,A,94.44444444444444,818.9722222222222
ATS,7168,1,B,91.66666666666666,865.4166666666666
ATS,7168,1,C,83.33333333333334,982.9074074074074
ATS,7170,1,A,91.66666666666666,905.1388888888889
ATS,7170,1,B,100.0,806.5555555555555
ATS,7170,1,C,50.0,1291.0
ATS,7171,1,A,100.0,750.6944444444445
ATS,7171,1,B,97.22222222222221,778.6944444444445
ATS,7171,1,C,87.03703703703704,1089.4166666666667
ATS,7172,1,A,100.0,919.6944444444445
ATS,7172,1,B,97.22222222222221,857.3333333333334
ATS,7172,1,C,61.111111111111114,988.8888888888889
ATS,7173,1,A,91.66666666666666,991.6111111111111
ATS,7173,1,B,100.0,818.7222222222222
ATS,7173,1,C,67.5,1191.2666666666667
ATS,7174,1,A,86.11111111111111,881.2777777777778
ATS,7174,1,B,88.88888888888889,800.3611111111111
ATS,7174,1,C,65.74074074074075,1095.3425925925926
ATS,7175,1,A,100.0,833.3055555555555
ATS,7175,1,B,100.0,766.6944444444445
ATS,7175,1,C,75.92592592592592,1141.4444444444443
ATS,7176,1,A,94.44444444444444,889.8888888888889
ATS,7176,1,B,97.22222222222221,927.1666666666666
ATS,7176,1,C,53.78787878787878,1323.8257575757575
ATS,7177,1,A,94.44444444444444,941.7222222222222
ATS,7177,1,B,86.11111111111111,1058.5555555555557
ATS,7177,1,C,60.83333333333333,1104.0166666666667
ATS,7178,1,A,97.22222222222221,771.0277777777778
ATS,7178,1,B,97.22222222222221,647.1666666666666
ATS,7178,1,C,83.33333333333334,1116.9166666666667
ATS,7180,1,A,100.0,698.3611111111111
ATS,7180,1,B,97.22222222222221,767.7222222222222
ATS,7180,1,C,76.85185185185185,1169.5648148148148
ATS,7181,1,A,97.22222222222221,756.5555555555555
ATS,7181,1,B,100.0,794.0555555555555
ATS,7181,1,C,87.03703703703704,1071.5648148148148
ATS,7182,1,A,91.66666666666666,757.4722222222222
ATS,7182,1,B,97.22222222222221,719.8611111111111
ATS,7182,1,C,75.92592592592592,831.2222222222222
ATS,7183,1,A,97.22222222222221,805.0277777777778
ATS,7183,1,B,94.44444444444444,854.8055555555555
ATS,7183,1,C,76.85185185185185,1136.5277777777778
ATS,7186,1,A,88.88888888888889,805.0833333333334
ATS,7186,1,B,94.44444444444444,705.0833333333334
ATS,7186,1,C,77.77777777777779,1116.537037037037
ATS,7187,1,A,100.0,630.2777777777778
ATS,7187,1,B,100.0,720.8888888888889
ATS,7187,1,C,88.88888888888889,996.1111111111111
ATS,7188,1,A,88.88888888888889,950.0
ATS,7188,1,B,94.44444444444444,755.8055555555555
ATS,7188,1,C,61.111111111111114,1210.4814814814815
ATS,7189,1,A,97.22222222222221,687.2777777777778
ATS,7189,1,B,100.0,613.8888888888889
ATS,7189,1,C,43.51851851851852,1162.8425925925926
ATS,7190,1,A,97.22222222222221,683.25
ATS,7190,1,B,91.66666666666666,674.5555555555555
ATS,7190,1,C,78.70370370370371,1041.287037037037
ATS,7191,1,A,100.0,765.3333333333334
ATS,7191,1,B,97.22222222222221,736.7777777777778
ATS,7191,1,C,81.48148148148148,1111.9814814814815
ATS,7192,1,A,94.44444444444444,787.4166666666666
ATS,7192,1,B,91.66666666666666,702.9722222222222
ATS,7192,1,C,79.62962962962963,975.8055555555555
ATS,7194,1,A,100.0,929.0
ATS,7194,1,B,97.22222222222221,892.8888888888889
ATS,7194,1,C,76.66666666666667,1156.5416666666667
ATS,7195,1,A,100.0,801.5555555555555
ATS,7195,1,B,94.44444444444444,740.8333333333334
ATS,7195,1,C,82.4074074074074,1029.4722222222222
ATS,7196,1,A,97.22222222222221,933.1666666666666
ATS,7196,1,B,94.44444444444444,872.8888888888889
ATS,7196,1,C,58.333333333333336,1215.7314814814815
ATS,7197,1,A,97.22222222222221,750.1666666666666
ATS,7197,1,B,97.22222222222221,815.8611111111111
ATS,7197,1,C,81.48148148148148,1202.3703703703704
ATS,7199,1,A,91.66666666666666,895.1111111111111
ATS,7199,1,B,91.66666666666666,799.3055555555555
ATS,7199,1,C,74.16666666666667,1129.1833333333334
ATS,7200,1,A,97.22222222222221,796.0833333333334
ATS,7200,1,B,100.0,857.5833333333334
ATS,7200,1,C,89.81481481481481,1005.6666666666666
ATS,7201,1,A,94.44444444444444,879.1388888888889
ATS,7201,1,B,100.0,852.5555555555555
ATS,7201,1,C,62.03703703703704,1250.4166666666667
ATS,7202,1,A,91.66666666666666,695.3888888888889
ATS,7202,1,B,100.0,624.8611111111111
ATS,7202,1,C,87.03703703703704,944.3981481481482
ATS,7203,1,A,91.66666666666666,800.0277777777778
ATS,7203,1,B,97.22222222222221,827.6666666666666
ATS,7203,1,C,50.0,1219.3796296296296
ATS,7204,1,A,100.0,755.0277777777778
ATS,7204,1,B,94.44444444444444,787.25
ATS,7204,1,C,89.81481481481481,896.2592592592592
ATS,7205,1,A,83.33333333333334,924.1944444444445
ATS,7205,1,B,91.66666666666666,907.0
ATS,7205,1,C,57.407407407407405,1231.75
ATS,7206,1,A,97.22222222222221,833.4444444444445
ATS,7206,1,B,88.88888888888889,832.25
ATS,7206,1,C,50.83333333333333,1273.775
ATS,7207,1,A,94.44444444444444,761.6388888888889
ATS,7207,1,B,91.66666666666666,659.3611111111111
ATS,7207,1,C,84.25925925925925,1048.2037037037037
ATS,7208,1,A,91.66666666666666,975.6666666666666
ATS,7208,1,B,100.0,839.2777777777778
ATS,7208,1,C,55.55555555555556,1187.5555555555557
ATS,7209,1,A,97.22222222222221,821.9166666666666
ATS,7209,1,B,97.22222222222221,662.9722222222222
ATS,7209,1,C,65.74074074074075,962.3796296296297
ATS,7211,1,A,100.0,693.5833333333334
ATS,7211,1,B,94.44444444444444,688.0833333333334
ATS,7211,1,C,75.0,1112.45
ATS,7212,1,A,94.44444444444444,908.4722222222222
ATS,7212,1,B,94.44444444444444,888.1666666666666
ATS,7212,1,C,76.66666666666667,1135.5083333333334
ATS,7213,1,A,94.44444444444444,864.3611111111111
ATS,7213,1,B,94.44444444444444,880.9722222222222
ATS,7213,1,C,52.77777777777778,1255.2777777777778
ATS,7214,1,A,100.0,732.8055555555555
ATS,7214,1,B,97.22222222222221,742.8888888888889
ATS,7214,1,C,85.18518518518519,966.1018518518518
ATS,7215,1,A,100.0,666.8611111111111
ATS,7215,1,B,100.0,750.2777777777778
ATS,7215,1,C,80.55555555555556,1015.7222222222222
ATS,7216,1,A,94.44444444444444,833.8333333333334
ATS,7216,1,B,97.22222222222221,773.0277777777778
ATS,7216,1,C,58.333333333333336,1185.8583333333333
ATS,7218,1,A,91.66666666666666,910.5555555555555
ATS,7218,1,B,100.0,771.5
ATS,7218,1,C,55.833333333333336,1240.7333333333333
ATS,7219,1,A,97.22222222222221,801.7777777777778
ATS,7219,1,B,97.22222222222221,675.4444444444445
ATS,7219,1,C,53.333333333333336,1253.275
ATS,7220,1,A,83.33333333333334,820.6388888888889
ATS,7220,1,B,94.44444444444444,826.75
ATS,7220,1,C,75.0,1075.55
ATS,7221,1,A,100.0,684.9444444444445
ATS,7221,1,B,88.88888888888889,782.6666666666666
ATS,7221,1,C,79.16666666666666,1041.3333333333333
ATS,7222,1,A,88.88888888888889,884.0
ATS,7222,1,B,88.88888888888889,988.6666666666666
ATS,7222,1,C,75.83333333333333,1097.0833333333333
ATS,7223,1,A,94.44444444444444,796.9444444444445
ATS,7223,1,B,97.22222222222221,823.5833333333334
ATS,7223,1,C,75.0,1085.4166666666667
ATS,7225,1,A,94.44444444444444,755.1944444444445
ATS,7225,1,B,97.22222222222221,755.9444444444445
ATS,7225,1,C,70.37037037037037,1114.638888888889
ATS,7226,1,A,94.44444444444444,770.6388888888889
ATS,7226,1,B,91.66666666666666,749.75
ATS,7226,1,C,84.25925925925925,979.8796296296297
ATS,7227,1,A,88.88888888888889,982.5277777777778
ATS,7227,1,B,77.77777777777779,1012.1944444444445
ATS,7227,1,C,69.44444444444444,1206.9074074074074
ATS,7229,1,A,100.0,694.0
ATS,7229,1,B,100.0,696.8055555555555
ATS,7229,1,C,85.83333333333333,1029.0166666666667
ATS,7230,1,A,94.44444444444444,736.6944444444445
ATS,7230,1,B,85.41666666666666,928.25
ATS,7230,1,C,67.5,1160.5666666666666
ATS,7231,1,A,97.22222222222221,904.0555555555555
ATS,7231,1,B,100.0,851.4166666666666
ATS,7231,1,C,63.888888888888886,1170.1203703703704
ATS,7232,1,A,97.22222222222221,718.6111111111111
ATS,7232,1,B,100.0,682.2777777777778
ATS,7232,1,C,81.48148148148148,1052.2685185185185
ATS,7233,1,A,94.44444444444444,768.7777777777778
ATS,7233,1,B,100.0,719.4444444444445
ATS,7233,1,C,76.66666666666667,1041.4916666666666
ATS,7234,1,A,97.22222222222221,711.4166666666666
ATS,7234,1,B,97.22222222222221,745.5555555555555
ATS,7234,1,C,96.29629629629629,944.9074074074074
ATS,7235,1,A,97.22222222222221,939.5833333333334
ATS,7235,1,B,97.22222222222221,807.1111111111111
ATS,7235,1,C,75.0,1129.5833333333333
ATS,7237,1,A,97.22222222222221,680.4722222222222
ATS,7237,1,B,93.75,634.8958333333334
ATS,7237,1,C,89.16666666666667,876.625
ATS,7238,1,A,94.44444444444444,787.3055555555555
ATS,7238,1,B,100.0,700.4444444444445
ATS,7238,1,C,56.481481481481474,1011.9444444444445
ATS,7239,1,A,100.0,811.1111111111111
ATS,7239,1,B,97.22222222222221,646.0
ATS,7239,1,C,85.18518518518519,773.3888888888889
ATS,7240,nan,A,94.44444444444444,608.6944444444445
ATS,7240,nan,B,97.22222222222221,544.4444444444445
ATS,7240,nan,C,89.81481481481481,836.7222222222222
ATS,7241,1,A,100.0,800.4722222222222
ATS,7241,1,B,100.0,891.5277777777778
ATS,7241,1,C,87.96296296296296,1035.5648148148148
ATS,7242,1,A,100.0,666.2222222222222
ATS,7242,1,B,97.22222222222221,866.8888888888889
ATS,7242,1,C,76.85185185185185,1098.2222222222222
ATS,7243,1,A,91.66666666666666,838.8611111111111
ATS,7243,1,B,100.0,687.1666666666666
ATS,7243,1,C,48.333333333333336,1091.225
ATS,7246,nan,A,94.44444444444444,1036.0555555555557
ATS,7246,nan,B,88.88888888888889,1033.4166666666667
ATS,7246,nan,C,73.14814814814815,1222.0462962962963
ATS,7248,1,A,91.66666666666666,815.2777777777778
ATS,7248,1,B,97.22222222222221,742.0277777777778
ATS,7248,1,C,74.07407407407408,1063.787037037037
ATS,7249,1,A,100.0,668.2777777777778
ATS,7249,1,B,100.0,744.4166666666666
ATS,7249,1,C,85.83333333333333,1005.5
ATS,7250,1,A,97.22222222222221,847.8333333333334
ATS,7250,1,B,77.77777777777779,1107.4444444444443
ATS,7250,1,C,57.49999999999999,971.3083333333333
ATS,7250,nan,A,97.22222222222221,847.8333333333334
ATS,7250,nan,B,77.77777777777779,1107.4444444444443
ATS,7250,nan,C,57.49999999999999,971.3083333333333
ATS,7251,1,A,100.0,600.3888888888889
ATS,7251,1,B,94.44444444444444,703.1111111111111
ATS,7251,1,C,78.70370370370371,1075.1296296296296
ATS,7252,1,A,97.22222222222221,615.0
ATS,7252,1,B,97.22222222222221,572.8333333333334
ATS,7252,1,C,91.66666666666666,859.6296296296297
ATS,7254,1,A,100.0,655.0555555555555
ATS,7254,1,B,100.0,808.7222222222222
ATS,7254,1,C,94.44444444444444,957.3611111111111
ATS,7255,1,A,100.0,763.8333333333334
ATS,7255,1,B,100.0,734.8888888888889
ATS,7255,1,C,59.25925925925925,976.675925925926
ATS,7700,1,A,88.88888888888889,1142.361111111111
ATS,7700,1,B,88.88888888888889,994.0555555555555
ATS,7700,1,C,65.0,1213.7583333333334
ATS,7701,1,A,100.0,791.8333333333334
ATS,7701,1,B,97.22222222222221,734.6944444444445
ATS,7701,1,C,65.0,1226.25
ATS,7702,1,A,94.44444444444444,845.5
ATS,7702,1,B,97.22222222222221,778.5555555555555
ATS,7702,1,C,69.44444444444444,1152.898148148148
ATS,7703,1,A,94.44444444444444,812.6944444444445
ATS,7703,1,B,94.44444444444444,857.1944444444445
ATS,7703,1,C,46.2962962962963,1244.0092592592594
ATS,7704,nan,A,87.5,862.3125
ATS,7704,nan,B,88.88888888888889,895.6666666666666
ATS,7704,nan,C,55.55555555555556,1249.638888888889
ATS,7705,1,A,91.66666666666666,916.1388888888889
ATS,7705,1,B,80.55555555555556,998.1388888888889
ATS,7705,1,C,55.00000000000001,1159.675
ATS,7706,1,A,86.11111111111111,910.4722222222222
ATS,7706,1,B,97.22222222222221,737.8611111111111
ATS,7706,1,C,63.33333333333333,1084.325
ATS,7707,1,A,91.66666666666666,743.1111111111111
ATS,7707,1,B,100.0,716.3333333333334
ATS,7707,1,C,62.96296296296296,1152.3055555555557
ATS,7708,1,A,88.88888888888889,967.8055555555555
ATS,7708,1,B,94.44444444444444,785.8333333333334
ATS,7708,1,C,50.92592592592593,1093.4351851851852
ATS,7709,1,A,91.66666666666666,947.25
ATS,7709,1,B,88.88888888888889,864.1388888888889
ATS,7709,1,C,50.75757575757576,1211.6818181818182
ATS,7710,1,A,97.22222222222221,878.3888888888889
ATS,7710,1,B,97.22222222222221,799.6388888888889
ATS,7710,1,C,53.03030303030303,1136.840909090909
ATS,7712,1,A,91.66666666666666,1012.2777777777778
ATS,7712,1,B,89.58333333333334,1020.1458333333334
ATS,7712,1,C,66.66666666666666,1299.4351851851852
ATS,7713,nan,A,94.44444444444444,912.6388888888889
ATS,7713,nan,B,97.22222222222221,875.9444444444445
ATS,7713,nan,C,83.33333333333334,1030.7166666666667
ATS,7714,1,A,83.33333333333334,976.8611111111111
ATS,7714,1,B,97.22222222222221,781.6666666666666
ATS,7714,1,C,58.333333333333336,1305.2583333333334
ATS,7715,1,A,94.44444444444444,832.4166666666666
ATS,7715,1,B,100.0,768.1666666666666
ATS,7715,1,C,90.74074074074075,1052.5648148148148
ATS,7716,1,A,97.22222222222221,820.9166666666666
ATS,7716,1,B,94.44444444444444,733.5277777777778
ATS,7716,1,C,72.22222222222221,1111.5833333333333
ATS,7717,nan,A,100.0,891.8888888888889
ATS,7717,nan,B,94.44444444444444,948.2777777777778
ATS,7717,nan,C,72.22222222222221,1211.212962962963
ATS,7718,1,A,94.44444444444444,810.3888888888889
ATS,7718,1,B,97.22222222222221,789.0
ATS,7718,1,C,49.074074074074076,1192.5
ATS,7721,nan,A,97.22222222222221,730.25
ATS,7721,nan,B,100.0,618.8055555555555
ATS,7721,nan,C,70.83333333333334,1078.5666666666666
ATS,7722,1,A,83.33333333333334,810.9444444444445
ATS,7722,1,B,100.0,837.1944444444445
ATS,7722,1,C,51.66666666666667,1133.3583333333333
ATS,7723,nan,A,94.44444444444444,752.8888888888889
ATS,7723,nan,B,97.22222222222221,783.0555555555555
ATS,7723,nan,C,80.55555555555556,1054.8333333333333
ATS,7724,1,A,97.22222222222221,921.0833333333334
ATS,7724,1,B,94.44444444444444,1050.6944444444443
ATS,7724,1,C,72.5,1221.15
ATS,7725,1,A,94.44444444444444,852.4166666666666
ATS,7725,1,B,88.88888888888889,751.5555555555555
ATS,7725,1,C,58.333333333333336,1082.2314814814815
ATS,7726,1,A,97.22222222222221,838.3055555555555
ATS,7726,1,B,94.44444444444444,782.6111111111111
ATS,7726,1,C,36.11111111111111,1226.3819444444443
ATS,7727,1,A,97.22222222222221,847.0555555555555
ATS,7727,1,B,83.33333333333334,1047.9444444444443
ATS,7727,1,C,46.21212121212121,1154.0
ATS,7728,1,A,94.44444444444444,859.6388888888889
ATS,7728,1,B,97.22222222222221,822.4166666666666
ATS,7728,1,C,62.878787878787875,1287.4621212121212
ATS,7729,1,A,85.41666666666666,970.1458333333334
ATS,7729,1,B,97.22222222222221,813.9166666666666
ATS,7729,1,C,44.166666666666664,1323.7916666666667
ATS,7730,1,A,80.55555555555556,815.6111111111111
ATS,7730,1,B,91.66666666666666,713.5555555555555
ATS,7730,1,C,64.16666666666667,942.0
ATS,7732,1,A,100.0,782.2222222222222
ATS,7732,1,B,91.66666666666666,765.2777777777778
ATS,7732,1,C,67.5925925925926,1093.1851851851852
ATS,7733,1,A,91.66666666666666,980.0416666666666
ATS,7733,1,B,88.88888888888889,979.1111111111111
ATS,7733,1,C,69.16666666666667,1244.1666666666667
ATS,7734,1,A,86.11111111111111,662.7222222222222
ATS,7734,1,B,80.55555555555556,766.6666666666666
ATS,7734,1,C,60.18518518518518,998.0185185185185
ATS,7735,1,A,83.33333333333334,1220.25
ATS,7735,1,B,89.58333333333334,927.7291666666666
ATS,7735,1,C,64.16666666666667,1302.9583333333333
ATS,7736,1,A,100.0,873.8333333333334
ATS,7736,1,B,94.44444444444444,769.1944444444445
ATS,7736,1,C,84.25925925925925,983.8796296296297
ATS,7738,1,A,94.44444444444444,885.1666666666666
ATS,7738,1,B,100.0,815.8055555555555
ATS,7738,1,C,67.5925925925926,1080.6759259259259
ATS,7739,1,A,80.55555555555556,1102.6666666666667
ATS,7739,1,B,88.88888888888889,866.7222222222222
ATS,7739,1,C,59.09090909090909,1179.909090909091
ATS,7740,1,A,97.22222222222221,923.3611111111111
ATS,7740,1,B,94.44444444444444,826.0
ATS,7740,1,C,65.15151515151516,1136.7575757575758
ATS,7741,1,A,100.0,842.0
ATS,7741,1,B,88.88888888888889,1006.5277777777778
ATS,7741,1,C,52.5,1119.1916666666666
ATS,7742,1,A,91.66666666666666,838.7222222222222
ATS,7742,1,B,97.22222222222221,836.8333333333334
ATS,7742,1,C,54.629629629629626,1255.787037037037
ATS,7743,1,A,91.66666666666666,1022.75
ATS,7743,1,B,89.58333333333334,768.6458333333334
ATS,7743,1,C,53.03030303030303,1225.6363636363637
ATS,7744,1,A,85.41666666666666,956.9375
ATS,7744,1,B,94.44444444444444,735.0277777777778
ATS,7744,1,C,73.14814814814815,1143.0092592592594
ATS,7745,1,A,100.0,807.5833333333334
ATS,7745,1,B,100.0,681.2222222222222
ATS,7745,1,C,80.55555555555556,1051.2407407407406
ATS,7746,1,A,86.11111111111111,840.2222222222222
ATS,7746,1,B,91.66666666666666,791.7777777777778
ATS,7746,1,C,51.66666666666667,1171.525
ATS,7747,1,A,94.44444444444444,887.4444444444445
ATS,7747,1,B,97.22222222222221,799.6111111111111
ATS,7747,1,C,82.4074074074074,1122.2592592592594
ATS,7748,1,A,100.0,807.25
ATS,7748,1,B,97.22222222222221,806.0833333333334
ATS,7748,1,C,89.81481481481481,973.1018518518518
ATS,7749,1,A,100.0,808.4722222222222
ATS,7749,1,B,91.66666666666666,838.6666666666666
ATS,7749,1,C,62.5,1199.675
ATS,7750,1,A,94.44444444444444,725.6666666666666
ATS,7750,1,B,100.0,662.7222222222222
ATS,7750,1,C,85.0,968.5666666666667
ATS,7751,1,A,91.66666666666666,692.4722222222222
ATS,7751,1,B,94.44444444444444,731.1944444444445
ATS,7751,1,C,61.111111111111114,1103.9074074074074
ATS,7752,1,A,83.33333333333334,1077.0833333333333
ATS,7752,1,B,97.22222222222221,917.5833333333334
ATS,7752,1,C,68.33333333333333,1228.275
ATS,7753,1,A,91.66666666666666,940.3333333333334
ATS,7753,1,B,97.22222222222221,812.4166666666666
ATS,7753,1,C,71.66666666666667,1153.825
ATS,7754,1,A,91.66666666666666,834.4444444444445
ATS,7754,1,B,97.22222222222221,661.0555555555555
ATS,7754,1,C,58.333333333333336,1185.6666666666667
ATS,7755,nan,A,91.66666666666666,1042.638888888889
ATS,7755,nan,B,86.11111111111111,1073.638888888889
ATS,7755,nan,C,31.060606060606062,1416.75
ATS,7756,1,A,97.22222222222221,875.4166666666666
ATS,7756,1,B,88.88888888888889,835.1944444444445
ATS,7756,1,C,58.333333333333336,1125.0
ATS,7757,1,A,95.83333333333334,815.7083333333334
ATS,7757,1,B,89.58333333333334,733.6041666666666
ATS,7757,1,C,84.25925925925925,827.5462962962963
ATS,7758,1,A,91.66666666666666,882.1388888888889
ATS,7758,1,B,91.66666666666666,817.4444444444445
ATS,7758,1,C,81.48148148148148,1089.2407407407406
ATS,7759,1,A,88.88888888888889,827.1388888888889
ATS,7759,1,B,87.5,824.4375
ATS,7759,1,C,77.77777777777779,1155.4074074074074
ATS,7760,nan,A,86.11111111111111,866.5555555555555
ATS,7760,nan,B,100.0,671.1666666666666
ATS,7760,nan,C,52.5,1228.175
ATS,7761,1,A,94.44444444444444,924.4166666666666
ATS,7761,1,B,88.88888888888889,853.2222222222222
ATS,7761,1,C,36.666666666666664,1285.5833333333333
ATS,7762,1,A,83.33333333333334,1080.2222222222222
ATS,7762,1,B,88.88888888888889,818.5277777777778
ATS,7762,1,C,58.333333333333336,1235.8425925925926
ATS,7763,1,A,97.22222222222221,794.8611111111111
ATS,7763,1,B,100.0,851.0555555555555
ATS,7763,1,C,83.33333333333334,1076.1439393939395
ATS,7764,1,A,97.22222222222221,836.8055555555555
ATS,7764,1,B,97.22222222222221,750.9166666666666
ATS,7764,1,C,50.92592592592593,1089.111111111111
ATS,7765,1,A,97.22222222222221,859.0833333333334
ATS,7765,1,B,97.22222222222221,716.4444444444445
ATS,7765,1,C,59.166666666666664,1270.275
ATS,7766,nan,A,94.44444444444444,835.0277777777778
ATS,7766,nan,B,97.22222222222221,859.3888888888889
ATS,7766,nan,C,29.166666666666668,1356.0583333333334
ATS,7767,1,A,91.66666666666666,947.6944444444445
ATS,7767,1,B,86.11111111111111,1066.638888888889
ATS,7767,1,C,55.55555555555556,1125.037037037037
ATS,7768,1,A,97.22222222222221,834.4722222222222
ATS,7768,1,B,94.44444444444444,802.8611111111111
ATS,7768,1,C,48.148148148148145,1078.3333333333333
ATS,7769,1,A,88.88888888888889,1030.5277777777778
ATS,7769,1,B,83.33333333333334,1102.388888888889
ATS,7769,1,C,41.66666666666667,1327.975
ATS,7770,1,A,100.0,810.5555555555555
ATS,7770,1,B,88.88888888888889,758.7222222222222
ATS,7770,1,C,84.16666666666667,932.725
ATS,7771,nan,A,94.44444444444444,811.5
ATS,7771,nan,B,88.88888888888889,940.4166666666666
ATS,7771,nan,C,82.4074074074074,1117.601851851852
ATS,7772,1,A,88.88888888888889,952.5277777777778
ATS,7772,1,B,97.22222222222221,803.3888888888889
ATS,7772,1,C,72.22222222222221,1087.462962962963
ATS,7773,1,A,88.88888888888889,656.25
ATS,7773,1,B,97.22222222222221,706.3055555555555
ATS,7773,1,C,84.25925925925925,1027.5648148148148
ATS,7774,1,A,94.44444444444444,835.1111111111111
ATS,7774,1,B,80.55555555555556,931.1944444444445
ATS,7774,1,C,46.2962962962963,1273.2777777777778
ATS,7775,1,A,94.44444444444444,869.0555555555555
ATS,7775,1,B,100.0,828.6111111111111
ATS,7775,1,C,87.96296296296296,1119.3240740740741
ATS,7776,1,A,83.33333333333334,892.8888888888889
ATS,7776,1,B,94.44444444444444,729.8611111111111
ATS,7776,1,C,53.70370370370371,1118.2314814814815
ATS,7777,1,A,100.0,880.9444444444445
ATS,7777,1,B,91.66666666666666,873.8333333333334
ATS,7777,1,C,55.55555555555556,1179.787037037037
ATS,7778,1,A,86.11111111111111,969.7777777777778
ATS,7778,1,B,91.66666666666666,927.2222222222222
ATS,7778,1,C,66.66666666666666,1161.9907407407406
ATS,7779,1,A,97.22222222222221,793.6666666666666
ATS,7779,1,B,55.55555555555556,739.25
ATS,7779,1,C,57.49999999999999,1175.2916666666667
ATS,7780,1,A,97.22222222222221,749.2222222222222
ATS,7780,1,B,94.44444444444444,740.5555555555555
ATS,7780,1,C,60.416666666666664,1175.3541666666667
ATS,7781,1,A,97.22222222222221,816.6666666666666
ATS,7781,1,B,91.66666666666666,911.3611111111111
ATS,7781,1,C,52.77777777777778,1186.8703703703704
ATS,7782,1,A,91.66666666666666,880.1388888888889
ATS,7782,1,B,97.22222222222221,672.9722222222222
ATS,7782,1,C,78.70370370370371,1142.2962962962963
ATS,7783,1,A,97.22222222222221,760.1666666666666
ATS,7783,1,B,100.0,665.1944444444445
ATS,7783,1,C,75.92592592592592,1038.1203703703704
ATS,7784,1,A,91.66666666666666,849.2777777777778
ATS,7784,1,B,97.22222222222221,834.3611111111111
ATS,7784,1,C,53.70370370370371,1053.1296296296296
ATS,7785,1,A,79.16666666666666,900.0416666666666
ATS,7785,1,B,88.88888888888889,901.0277777777778
ATS,7785,1,C,40.0,1055.8833333333334
ATS,7786,1,A,88.88888888888889,820.75
ATS,7786,1,B,91.66666666666666,765.1388888888889
ATS,7786,1,C,65.97222222222221,1156.8194444444443
ATS,7787,1,A,94.44444444444444,801.0833333333334
ATS,7787,1,B,97.22222222222221,740.4444444444445
ATS,7787,1,C,62.5,1168.4333333333334
ATS,7788,1,A,88.88888888888889,855.8611111111111
ATS,7788,1,B,100.0,755.9444444444445
ATS,7788,1,C,63.19444444444444,1091.1527777777778
ATS,7789,1,A,94.44444444444444,824.4444444444445
ATS,7789,1,B,86.11111111111111,923.3888888888889
ATS,7789,1,C,77.5,1149.9333333333334
ATS,7790,1,A,77.77777777777779,1002.1388888888889
ATS,7790,1,B,89.58333333333334,877.25
ATS,7790,1,C,59.09090909090909,1054.1742424242425
ATS,7791,1,A,88.88888888888889,789.75
ATS,7791,1,B,80.55555555555556,960.7222222222222
ATS,7791,1,C,51.85185185185185,1258.6574074074074
ATS,7792,1,A,80.55555555555556,891.1111111111111
ATS,7792,1,B,97.22222222222221,645.6111111111111
ATS,7792,1,C,77.77777777777779,964.4814814814815
ATS,7793,1,A,91.66666666666666,867.0555555555555
ATS,7793,1,B,87.5,811.6666666666666
ATS,7793,1,C,46.666666666666664,1269.1
ATS,7794,1,A,80.55555555555556,786.2222222222222
ATS,7794,1,B,86.11111111111111,726.4722222222222
ATS,7794,1,C,68.51851851851852,907.4907407407408
ATS,7797,1,A,91.66666666666666,890.1388888888889
ATS,7797,1,B,85.41666666666666,886.4375
ATS,7797,1,C,57.49999999999999,1215.275
ATS,7798,1,A,88.88888888888889,999.25
ATS,7798,1,B,97.22222222222221,900.1666666666666
ATS,7798,1,C,50.0,1188.3484848484848
ATS,7799,1,A,94.44444444444444,700.4722222222222
ATS,7799,1,B,100.0,676.0555555555555
ATS,7799,1,C,86.11111111111111,904.9907407407408
ATS,7800,1,A,83.33333333333334,870.3611111111111
ATS,7800,1,B,100.0,784.0277777777778
ATS,7800,1,C,72.22222222222221,1169.0833333333333
ATS,7801,1,A,94.44444444444444,954.3333333333334
ATS,7801,1,B,100.0,782.1944444444445
ATS,7801,1,C,76.85185185185185,1146.6759259259259
ATS,7802,1,A,91.66666666666666,877.5
ATS,7802,1,B,100.0,822.7777777777778
ATS,7802,1,C,75.92592592592592,1179.861111111111
ATS,7803,1,A,86.11111111111111,1064.9166666666667
ATS,7803,1,B,83.33333333333334,933.3055555555555
ATS,7803,1,C,54.629629629629626,1242.851851851852
ATS,7805,1,A,100.0,694.5555555555555
ATS,7805,1,B,100.0,785.0833333333334
ATS,7805,1,C,55.833333333333336,1111.8916666666667
ATS,7806,1,A,100.0,863.0277777777778
ATS,7806,1,B,100.0,773.5833333333334
ATS,7806,1,C,75.0,1099.0347222222222
ATS,7807,1,A,100.0,652.2777777777778
ATS,7807,1,B,100.0,635.9722222222222
ATS,7807,1,C,92.5925925925926,866.0370370370371
ATS,7808,1,A,100.0,712.1944444444445
ATS,7808,1,B,91.66666666666666,835.7222222222222
ATS,7808,1,C,47.22222222222222,1206.648148148148
ATS,7810,1,A,91.66666666666666,664.1111111111111
ATS,7810,1,B,94.44444444444444,594.4166666666666
ATS,7810,1,C,83.33333333333334,784.4351851851852
ATS,8,1,A,97.22222222222221,745.6111111111111
ATS,8,1,B,88.88888888888889,745.1944444444445
ATS,8,1,C,59.25925925925925,1206.638888888889
ATS,8000,1,A,86.11111111111111,885.9444444444445
ATS,8000,1,B,100.0,716.5277777777778
ATS,8000,1,C,62.03703703703704,1056.148148148148
ATS,8000,2,A,94.44444444444444,808.6111111111111
ATS,8000,2,B,100.0,697.3888888888889
ATS,8000,2,C,78.70370370370371,1176.5925925925926
ATS,8000,3,A,97.22222222222221,819.1111111111111
ATS,8000,3,B,97.22222222222221,675.3055555555555
ATS,8000,3,C,80.55555555555556,1092.25
ATS,8001,1,A,97.22222222222221,861.6388888888889
ATS,8001,1,B,97.22222222222221,849.1388888888889
ATS,8001,1,C,88.88888888888889,1056.9074074074074
ATS,8002,1,A,100.0,784.8333333333334
ATS,8002,1,B,97.22222222222221,766.6944444444445
ATS,8002,1,C,55.00000000000001,1285.4416666666666
ATS,8002,2,A,100.0,669.3611111111111
ATS,8002,2,B,88.88888888888889,795.8333333333334
ATS,8002,2,C,76.85185185185185,1083.9722222222222
ATS,8002,3,A,97.22222222222221,728.5833333333334
ATS,8002,3,B,97.22222222222221,621.3611111111111
ATS,8002,3,C,85.83333333333333,1020.35
ATS,8003,1,A,94.44444444444444,715.2222222222222
ATS,8003,1,B,97.22222222222221,658.8888888888889
ATS,8003,1,C,52.77777777777778,1074.4074074074074
ATS,8003,2,A,100.0,650.1666666666666
ATS,8003,2,B,94.44444444444444,698.6111111111111
ATS,8003,2,C,90.74074074074075,978.1203703703703
ATS,8003,3,A,97.22222222222221,621.7777777777778
ATS,8003,3,B,100.0,627.1666666666666
ATS,8003,3,C,86.11111111111111,993.3703703703703
ATS,8004,1,A,97.22222222222221,1021.0
ATS,8004,1,B,97.22222222222221,946.6944444444445
ATS,8004,1,C,65.83333333333333,1205.0416666666667
ATS,8004,2,A,100.0,925.8333333333334
ATS,8004,2,B,100.0,1003.7222222222222
ATS,8004,2,C,78.70370370370371,1231.7592592592594
ATS,8004,3,A,91.66666666666666,919.2222222222222
ATS,8004,3,B,91.66666666666666,963.2222222222222
ATS,8004,3,C,63.888888888888886,1268.0555555555557
ATS,8005,1,A,100.0,605.4166666666666
ATS,8005,1,B,100.0,555.0
ATS,8005,1,C,87.03703703703704,804.9444444444445
ATS,8005,2,A,94.44444444444444,585.4166666666666
ATS,8005,2,B,97.22222222222221,637.1111111111111
ATS,8005,2,C,81.48148148148148,894.6851851851852
ATS,8005,3,A,94.44444444444444,539.5555555555555
ATS,8005,3,B,94.44444444444444,499.1111111111111
ATS,8005,3,C,94.44444444444444,787.8981481481482
ATS,8006,1,A,100.0,669.0555555555555
ATS,8006,1,B,94.44444444444444,623.8611111111111
ATS,8006,1,C,84.25925925925925,1036.398148148148
ATS,8006,2,A,94.44444444444444,652.8055555555555
ATS,8006,2,B,100.0,546.6111111111111
ATS,8006,2,C,90.74074074074075,858.7222222222222
ATS,8006,3,A,100.0,664.3055555555555
ATS,8006,3,B,100.0,603.5833333333334
ATS,8006,3,C,97.22222222222221,732.1203703703703
ATS,8007,1,A,91.66666666666666,891.1111111111111
ATS,8007,1,B,91.66666666666666,828.3055555555555
ATS,8007,1,C,63.33333333333333,973.45
ATS,8008,1,A,88.88888888888889,1026.2777777777778
ATS,8008,1,B,100.0,862.5555555555555
ATS,8008,1,C,69.16666666666667,1278.1166666666666
ATS,8008,2,A,100.0,891.8888888888889
ATS,8008,2,B,97.22222222222221,717.5555555555555
ATS,8008,2,C,55.55555555555556,1298.1851851851852
ATS,8008,3,A,97.22222222222221,1036.361111111111
ATS,8008,3,B,97.22222222222221,1005.3888888888889
ATS,8008,3,C,75.0,1272.225
ATS,8009,1,A,91.66666666666666,830.5
ATS,8009,1,B,94.44444444444444,775.4722222222222
ATS,8009,1,C,58.333333333333336,1140.138888888889
ATS,8009,2,A,94.44444444444444,750.3611111111111
ATS,8009,2,B,100.0,730.0555555555555
ATS,8009,2,C,83.33333333333334,946.3981481481482
ATS,8009,3,A,94.44444444444444,705.8611111111111
ATS,8009,3,B,97.22222222222221,671.5555555555555
ATS,8009,3,C,78.70370370370371,1007.7407407407408
ATS,8011,1,A,100.0,682.1944444444445
ATS,8011,1,B,91.66666666666666,805.9722222222222
ATS,8011,1,C,84.16666666666667,984.7166666666667
ATS,8011,2,A,100.0,731.8055555555555
ATS,8011,2,B,97.22222222222221,802.6944444444445
ATS,8011,2,C,86.11111111111111,1010.8518518518518
ATS,8011,3,A,97.22222222222221,746.8333333333334
ATS,8011,3,B,100.0,685.6111111111111
ATS,8011,3,C,86.11111111111111,964.9351851851852
ATS,8012,1,A,100.0,864.0
ATS,8012,1,B,100.0,739.6388888888889
ATS,8012,1,C,83.33333333333334,1098.2583333333334
ATS,8012,2,A,100.0,815.4722222222222
ATS,8012,2,B,100.0,788.1666666666666
ATS,8012,2,C,87.96296296296296,996.2037037037037
ATS,8012,3,A,100.0,735.9722222222222
ATS,8012,3,B,100.0,753.4166666666666
ATS,8012,3,C,95.37037037037037,961.0092592592592
ATS,8014,1,A,89.58333333333334,841.3958333333334
ATS,8014,1,B,97.22222222222221,738.1388888888889
ATS,8014,1,C,93.51851851851852,962.6481481481482
ATS,8014,2,A,97.22222222222221,806.3888888888889
ATS,8014,2,B,97.22222222222221,746.75
ATS,8014,2,C,96.29629629629629,864.0092592592592
ATS,8014,3,A,97.22222222222221,744.0277777777778
ATS,8014,3,B,94.44444444444444,738.0833333333334
ATS,8014,3,C,96.29629629629629,886.4074074074074
ATS,8015,1,A,97.22222222222221,722.9722222222222
ATS,8015,1,B,86.11111111111111,759.5833333333334
ATS,8015,1,C,69.16666666666667,975.8833333333333
ATS,8016,1,A,100.0,809.9166666666666
ATS,8016,1,B,97.22222222222221,816.3055555555555
ATS,8016,1,C,81.06060606060606,1074.969696969697
ATS,8016,2,A,100.0,871.1388888888889
ATS,8016,2,B,100.0,845.5833333333334
ATS,8016,2,C,93.51851851851852,1057.1759259259259
ATS,8016,3,A,97.22222222222221,838.6666666666666
ATS,8016,3,B,100.0,778.7777777777778
ATS,8016,3,C,82.4074074074074,1111.0277777777778
ATS,8017,1,A,94.44444444444444,676.6111111111111
ATS,8017,1,B,97.22222222222221,731.8611111111111
ATS,8017,1,C,63.888888888888886,1097.5833333333333
ATS,8017,2,A,100.0,752.6388888888889
ATS,8017,2,B,97.22222222222221,628.25
ATS,8017,2,C,72.22222222222221,1121.101851851852
ATS,8017,3,A,97.22222222222221,630.8055555555555
ATS,8017,3,B,97.22222222222221,829.2222222222222
ATS,8017,3,C,75.92592592592592,1105.5555555555557
ATS,8018,1,A,97.22222222222221,904.9722222222222
ATS,8018,1,B,91.66666666666666,921.9166666666666
ATS,8018,1,C,44.166666666666664,1274.6833333333334
ATS,8018,2,A,97.22222222222221,777.25
ATS,8018,2,B,94.44444444444444,747.5833333333334
ATS,8018,2,C,67.5,1229.375
ATS,8018,3,A,100.0,815.3333333333334
ATS,8018,3,B,97.22222222222221,895.7777777777778
ATS,8018,3,C,68.51851851851852,1211.1944444444443
ATS,8019,1,A,88.88888888888889,914.9722222222222
ATS,8019,1,B,91.66666666666666,920.1666666666666
ATS,8019,1,C,68.51851851851852,1162.8240740740741
ATS,8019,2,A,94.44444444444444,759.1388888888889
ATS,8019,2,B,97.22222222222221,773.0
ATS,8019,2,C,64.81481481481481,1154.75
ATS,8019,3,A,88.88888888888889,931.8888888888889
ATS,8019,3,B,88.88888888888889,759.5
ATS,8019,3,C,65.74074074074075,1157.4259259259259
ATS,8020,2,A,91.66666666666666,934.3611111111111
ATS,8020,2,B,94.44444444444444,951.75
ATS,8020,2,C,39.166666666666664,1299.1333333333334
ATS,8020,3,A,94.44444444444444,921.6388888888889
ATS,8020,3,B,88.88888888888889,884.7222222222222
ATS,8020,3,C,63.33333333333333,1189.9166666666667
ATS,8021,1,A,83.33333333333334,979.6944444444445
ATS,8021,1,B,97.22222222222221,899.7222222222222
ATS,8021,1,C,56.481481481481474,1167.8796296296296
ATS,8021,2,A,88.88888888888889,940.5
ATS,8021,2,B,83.33333333333334,1004.0833333333334
ATS,8021,2,C,69.44444444444444,1062.712962962963
ATS,8022,1,A,97.22222222222221,900.3888888888889
ATS,8022,1,B,94.44444444444444,830.6111111111111
ATS,8022,1,C,73.14814814814815,1084.0092592592594
ATS,8022,2,A,97.22222222222221,826.0833333333334
ATS,8022,2,B,91.66666666666666,780.7777777777778
ATS,8022,2,C,76.85185185185185,1038.2314814814815
ATS,8022,3,A,97.22222222222221,736.1944444444445
ATS,8022,3,B,100.0,689.7222222222222
ATS,8022,3,C,85.18518518518519,974.6944444444445
ATS,8023,1,A,97.22222222222221,836.0555555555555
ATS,8023,1,B,91.66666666666666,872.2777777777778
ATS,8023,1,C,45.370370370370374,1300.5092592592594
ATS,8023,2,A,100.0,857.4722222222222
ATS,8023,2,B,97.22222222222221,872.1666666666666
ATS,8023,2,C,74.07407407407408,1171.462962962963
ATS,8023,3,A,100.0,754.2222222222222
ATS,8023,3,B,100.0,821.6111111111111
ATS,8023,3,C,74.07407407407408,1188.648148148148
ATS,8024,1,A,100.0,711.9722222222222
ATS,8024,1,B,100.0,713.8333333333334
ATS,8024,1,C,75.0,1126.9351851851852
ATS,8024,2,A,94.44444444444444,751.5555555555555
ATS,8024,2,B,100.0,749.8055555555555
ATS,8024,2,C,58.333333333333336,1172.0092592592594
ATS,8026,1,A,97.22222222222221,750.3611111111111
ATS,8026,1,B,94.44444444444444,800.0277777777778
ATS,8026,1,C,86.11111111111111,1113.898148148148
ATS,8026,2,A,94.44444444444444,597.25
ATS,8026,2,B,94.44444444444444,556.25
ATS,8026,2,C,71.29629629629629,1014.8796296296297
ATS,8026,3,A,97.22222222222221,581.25
ATS,8026,3,B,94.44444444444444,587.3888888888889
ATS,8026,3,C,96.29629629629629,764.8611111111111
ATS,8027,1,A,100.0,745.3888888888889
ATS,8027,1,B,86.11111111111111,857.0833333333334
ATS,8027,1,C,61.111111111111114,1228.2407407407406
ATS,8027,2,A,97.22222222222221,692.1666666666666
ATS,8027,2,B,97.22222222222221,666.7222222222222
ATS,8027,2,C,59.25925925925925,1130.787037037037
ATS,8030,1,A,100.0,793.3611111111111
ATS,8030,1,B,97.22222222222221,715.1388888888889
ATS,8030,1,C,77.77777777777779,1109.351851851852
ATS,8030,2,A,97.22222222222221,833.0
ATS,8030,2,B,97.22222222222221,714.75
ATS,8030,2,C,80.55555555555556,966.1481481481482
ATS,8030,3,A,100.0,764.8611111111111
ATS,8030,3,B,97.22222222222221,700.8888888888889
ATS,8030,3,C,72.22222222222221,1103.712962962963
ATS,8031,1,A,91.66666666666666,814.5555555555555
ATS,8031,1,B,97.22222222222221,670.0555555555555
ATS,8031,1,C,60.83333333333333,1268.6083333333333
ATS,8031,2,A,97.22222222222221,702.6666666666666
ATS,8031,2,B,97.22222222222221,759.4166666666666
ATS,8031,2,C,76.85185185185185,1208.2592592592594
ATS,8031,3,A,97.22222222222221,618.7777777777778
ATS,8031,3,B,91.66666666666666,674.3888888888889
ATS,8031,3,C,76.85185185185185,1086.2037037037037
ATS,8032,1,A,100.0,740.4166666666666
ATS,8032,1,B,88.88888888888889,693.6666666666666
ATS,8032,1,C,63.888888888888886,1194.6666666666667
ATS,8032,2,A,100.0,591.3611111111111
ATS,8032,2,B,100.0,564.25
ATS,8032,2,C,87.96296296296296,966.1666666666666
ATS,8032,3,A,97.22222222222221,727.4166666666666
ATS,8032,3,B,100.0,627.8055555555555
ATS,8032,3,C,88.88888888888889,888.6388888888889
ATS,8034,1,A,91.66666666666666,886.8333333333334
ATS,8034,1,B,94.44444444444444,854.3888888888889
ATS,8034,1,C,53.70370370370371,982.3333333333334
ATS,8035,1,A,100.0,849.0555555555555
ATS,8035,1,B,94.44444444444444,882.9166666666666
ATS,8035,1,C,64.81481481481481,1241.351851851852
ATS,8035,2,A,97.22222222222221,758.9166666666666
ATS,8035,2,B,100.0,814.5
ATS,8035,2,C,73.14814814814815,1124.7592592592594
ATS,8035,3,A,97.22222222222221,828.1388888888889
ATS,8035,3,B,100.0,879.5555555555555
ATS,8035,3,C,76.85185185185185,1140.8796296296296
ATS,8036,1,A,88.88888888888889,1020.4166666666666
ATS,8036,1,B,86.11111111111111,1075.1944444444443
ATS,8036,1,C,60.18518518518518,1112.1944444444443
ATS,8036,2,A,94.44444444444444,879.1944444444445
ATS,8036,2,B,91.66666666666666,803.6111111111111
ATS,8036,2,C,73.33333333333333,1023.4583333333334
ATS,8036,3,A,100.0,993.3333333333334
ATS,8036,3,B,77.77777777777779,1088.8333333333333
ATS,8036,3,C,60.18518518518518,1218.5092592592594
ATS,8037,1,A,91.66666666666666,835.2222222222222
ATS,8037,1,B,100.0,789.4166666666666
ATS,8037,1,C,67.5,1064.4916666666666
ATS,8037,2,A,83.33333333333334,1006.3888888888889
ATS,8037,2,B,94.44444444444444,1059.5277777777778
ATS,8037,2,C,50.92592592592593,1271.787037037037
ATS,8037,3,A,80.55555555555556,963.9444444444445
ATS,8037,3,B,100.0,760.1666666666666
ATS,8037,3,C,78.70370370370371,1051.3055555555557
ATS,8038,1,A,100.0,703.6944444444445
ATS,8038,1,B,97.22222222222221,631.1111111111111
ATS,8038,1,C,87.5,954.8083333333333
ATS,8038,2,A,100.0,639.8333333333334
ATS,8038,2,B,97.22222222222221,639.1666666666666
ATS,8038,2,C,97.22222222222221,803.8703703703703
ATS,8038,3,A,100.0,636.0833333333334
ATS,8038,3,B,100.0,635.1666666666666
ATS,8038,3,C,92.5925925925926,808.5925925925926
ATS,8039,1,A,91.66666666666666,690.0277777777778
ATS,8039,1,B,97.22222222222221,667.4722222222222
ATS,8039,1,C,84.25925925925925,894.7407407407408
ATS,8039,2,A,97.22222222222221,644.7222222222222
ATS,8039,2,B,100.0,537.25
ATS,8039,2,C,92.5925925925926,754.0925925925926
ATS,8039,3,A,97.22222222222221,595.0555555555555
ATS,8039,3,B,94.44444444444444,564.75
ATS,8039,3,C,87.96296296296296,781.5555555555555
ATS,8040,1,A,97.22222222222221,952.8055555555555
ATS,8040,1,B,100.0,849.5555555555555
ATS,8040,1,C,68.51851851851852,1190.4074074074074
ATS,8040,2,A,97.22222222222221,848.3333333333334
ATS,8040,2,B,100.0,830.3333333333334
ATS,8040,2,C,71.29629629629629,1195.1203703703704
ATS,8040,3,A,100.0,1037.6666666666667
ATS,8040,3,B,100.0,1057.2222222222222
ATS,8040,3,C,70.37037037037037,1246.962962962963
ATS,8042,1,A,91.66666666666666,852.75
ATS,8042,1,B,97.22222222222221,844.8333333333334
ATS,8042,1,C,74.07407407407408,1058.398148148148
ATS,8046,1,A,94.44444444444444,773.0
ATS,8046,1,B,91.66666666666666,757.6944444444445
ATS,8046,1,C,75.0,1090.4814814814815
ATS,8046,2,A,94.44444444444444,748.4166666666666
ATS,8046,2,B,100.0,618.8055555555555
ATS,8046,2,C,85.18518518518519,1018.8703703703703
ATS,8046,3,A,97.22222222222221,756.4444444444445
ATS,8046,3,B,100.0,705.0
ATS,8046,3,C,87.03703703703704,1016.3611111111111
ATS,8047,1,A,97.22222222222221,698.4444444444445
ATS,8047,1,B,100.0,699.1666666666666
ATS,8047,1,C,75.83333333333333,1146.55
ATS,8047,2,A,100.0,691.4722222222222
ATS,8047,2,B,100.0,673.3611111111111
ATS,8047,2,C,73.14814814814815,1120.7314814814815
ATS,8047,3,A,100.0,734.6111111111111
ATS,8047,3,B,97.22222222222221,673.6111111111111
ATS,8047,3,C,89.81481481481481,1029.1574074074074
ATS,8048,1,A,97.22222222222221,624.0
ATS,8048,1,B,97.22222222222221,692.0555555555555
ATS,8048,1,C,88.88888888888889,918.6481481481482
ATS,8048,2,A,97.22222222222221,766.4444444444445
ATS,8048,2,B,94.44444444444444,767.0555555555555
ATS,8048,2,C,84.25925925925925,971.0833333333334
ATS,8048,3,A,97.22222222222221,652.2222222222222
ATS,8048,3,B,97.22222222222221,702.7222222222222
ATS,8048,3,C,89.81481481481481,865.425925925926
ATS,8050,1,A,100.0,666.7777777777778
ATS,8050,1,B,100.0,678.7777777777778
ATS,8050,1,C,81.48148148148148,1051.8333333333333
ATS,8050,2,A,97.22222222222221,675.4444444444445
ATS,8050,2,B,100.0,638.5833333333334
ATS,8050,2,C,82.4074074074074,1007.7314814814815
ATS,8051,1,A,97.22222222222221,686.75
ATS,8051,1,B,94.44444444444444,724.8333333333334
ATS,8051,1,C,81.48148148148148,1007.0092592592592
ATS,8051,2,A,86.11111111111111,744.6388888888889
ATS,8051,2,B,91.66666666666666,578.0
ATS,8051,2,C,65.74074074074075,1079.2962962962963
ATS,8051,3,A,97.22222222222221,645.1944444444445
ATS,8051,3,B,94.44444444444444,664.7222222222222
ATS,8051,3,C,88.33333333333333,935.8583333333333
ATS,8052,1,A,97.22222222222221,799.6944444444445
ATS,8052,1,B,100.0,630.4444444444445
ATS,8052,1,C,53.70370370370371,1168.1574074074074
ATS,8052,2,A,94.44444444444444,726.3611111111111
ATS,8052,2,B,100.0,633.4444444444445
ATS,8052,2,C,71.29629629629629,1086.2685185185185
ATS,8052,3,A,91.66666666666666,812.8888888888889
ATS,8052,3,B,94.44444444444444,684.0
ATS,8052,3,C,76.85185185185185,1128.0092592592594
ATS,8053,1,A,91.66666666666666,889.6944444444445
ATS,8053,1,B,91.66666666666666,844.0833333333334
ATS,8053,1,C,90.74074074074075,1021.925925925926
ATS,8053,2,A,94.44444444444444,802.1666666666666
ATS,8053,2,B,91.66666666666666,835.9722222222222
ATS,8053,2,C,90.83333333333333,974.3
ATS,8053,nan,A,91.66666666666666,693.75
ATS,8053,nan,B,100.0,676.1111111111111
ATS,8053,nan,C,87.96296296296296,978.6296296296297
ATS,8054,1,A,83.33333333333334,883.8888888888889
ATS,8054,1,B,100.0,678.5833333333334
ATS,8054,1,C,73.14814814814815,1079.7037037037037
ATS,8054,2,A,91.66666666666666,741.8888888888889
ATS,8054,2,B,97.22222222222221,697.1388888888889
ATS,8054,2,C,75.0,1129.6944444444443
ATS,8056,1,A,94.44444444444444,832.1111111111111
ATS,8056,1,B,100.0,817.3611111111111
ATS,8056,1,C,70.37037037037037,1184.3240740740741
ATS,8056,2,A,97.22222222222221,667.6944444444445
ATS,8056,2,B,100.0,655.4722222222222
ATS,8056,2,C,78.70370370370371,1131.851851851852
ATS,8056,3,A,94.44444444444444,860.0555555555555
ATS,8056,3,B,100.0,760.3333333333334
ATS,8056,3,C,80.55555555555556,1113.7407407407406
ATS,8058,1,A,97.22222222222221,835.5277777777778
ATS,8058,1,B,100.0,897.2777777777778
ATS,8058,1,C,85.18518518518519,1025.0
ATS,8058,2,A,97.22222222222221,741.5
ATS,8058,2,B,100.0,708.5555555555555
ATS,8058,2,C,89.81481481481481,943.574074074074
ATS,8060,1,A,100.0,690.9166666666666
ATS,8060,1,B,97.22222222222221,627.3055555555555
ATS,8060,1,C,84.25925925925925,1004.0370370370371
ATS,8060,2,A,100.0,609.4166666666666
ATS,8060,2,B,94.44444444444444,553.5833333333334
ATS,8060,2,C,84.25925925925925,1015.2037037037037
ATS,8060,3,A,100.0,593.3055555555555
ATS,8060,3,B,100.0,542.9444444444445
ATS,8060,3,C,89.81481481481481,941.3518518518518
ATS,8061,1,A,94.44444444444444,761.6944444444445
ATS,8061,1,B,97.22222222222221,867.5277777777778
ATS,8061,1,C,89.16666666666667,1032.0333333333333
ATS,8062,1,A,94.44444444444444,775.9444444444445
ATS,8062,1,B,100.0,737.9722222222222
ATS,8062,1,C,63.33333333333333,1233.5833333333333
ATS,8062,2,A,100.0,698.1666666666666
ATS,8062,2,B,100.0,673.25
ATS,8062,2,C,58.333333333333336,1049.2
ATS,8063,1,A,97.22222222222221,720.7222222222222
ATS,8063,1,B,100.0,696.5555555555555
ATS,8063,1,C,84.25925925925925,955.5833333333334
ATS,8063,2,A,100.0,769.8888888888889
ATS,8063,2,B,100.0,695.3055555555555
ATS,8063,2,C,82.4074074074074,946.175925925926
ATS,8063,nan,A,97.22222222222221,725.0555555555555
ATS,8063,nan,B,100.0,654.0277777777778
ATS,8063,nan,C,78.70370370370371,977.3518518518518
ATS,8064,1,A,97.22222222222221,869.1111111111111
ATS,8064,1,B,100.0,957.7777777777778
ATS,8064,1,C,91.66666666666666,1097.212962962963
ATS,8064,2,A,100.0,840.0277777777778
ATS,8064,2,B,97.22222222222221,902.1944444444445
ATS,8064,2,C,97.22222222222221,977.2222222222222
ATS,8065,1,A,97.22222222222221,670.3611111111111
ATS,8065,1,B,97.22222222222221,698.0833333333334
ATS,8065,1,C,87.96296296296296,931.6851851851852
ATS,8065,2,A,97.22222222222221,746.25
ATS,8065,2,B,100.0,653.9166666666666
ATS,8065,2,C,62.03703703703704,929.2037037037037
ATS,8065,nan,A,97.22222222222221,622.6944444444445
ATS,8065,nan,B,100.0,529.2222222222222
ATS,8065,nan,C,86.11111111111111,987.9814814814815
ATS,8066,2,A,97.22222222222221,680.5833333333334
ATS,8066,2,B,97.22222222222221,623.5833333333334
ATS,8066,2,C,88.88888888888889,862.5185185185185
ATS,8066,3,A,100.0,746.5
ATS,8066,3,B,97.22222222222221,713.3055555555555
ATS,8066,3,C,87.96296296296296,1040.287037037037
ATS,8067,1,A,100.0,705.4722222222222
ATS,8067,1,B,94.44444444444444,830.4722222222222
ATS,8067,1,C,55.55555555555556,1258.0092592592594
ATS,8068,1,A,75.0,1019.5
ATS,8068,1,B,91.66666666666666,794.4166666666666
ATS,8068,1,C,39.166666666666664,1338.3833333333334
ATS,8068,2,A,83.33333333333334,993.3888888888889
ATS,8068,2,B,97.22222222222221,847.6944444444445
ATS,8068,2,C,61.66666666666667,1173.1916666666666
ATS,8068,nan,A,86.11111111111111,1011.3611111111111
ATS,8068,nan,B,100.0,839.8611111111111
ATS,8068,nan,C,64.16666666666667,1229.8166666666666
ATS,8069,1,A,91.66666666666666,897.0277777777778
ATS,8069,1,B,91.66666666666666,871.5
ATS,8069,1,C,77.77777777777779,1077.5740740740741
ATS,8069,2,A,88.88888888888889,850.2777777777778
ATS,8069,2,B,100.0,817.5
ATS,8069,2,C,65.74074074074075,1140.0277777777778
ATS,8069,nan,A,94.44444444444444,805.9444444444445
ATS,8069,nan,B,100.0,753.9444444444445
ATS,8069,nan,C,81.48148148148148,1034.6666666666667
ATS,8070,1,A,100.0,655.5277777777778
ATS,8070,1,B,91.66666666666666,735.1944444444445
ATS,8070,1,C,75.83333333333333,1149.9583333333333
ATS,8070,2,A,100.0,679.0
ATS,8070,2,B,100.0,614.25
ATS,8070,2,C,85.18518518518519,1048.7777777777778
ATS,8070,nan,A,100.0,647.6666666666666
ATS,8070,nan,B,100.0,719.7222222222222
ATS,8070,nan,C,85.83333333333333,914.5
ATS,8072,1,A,97.22222222222221,848.1388888888889
ATS,8072,1,B,100.0,756.6666666666666
ATS,8072,1,C,72.22222222222221,1187.8055555555557
ATS,8072,2,A,91.66666666666666,699.5555555555555
ATS,8072,2,B,94.44444444444444,691.25
ATS,8072,2,C,87.03703703703704,1054.8796296296296
ATS,8073,1,A,94.44444444444444,785.2777777777778
ATS,8073,1,B,100.0,724.0833333333334
ATS,8073,1,C,61.66666666666667,1176.4833333333333
ATS,8073,2,A,91.66666666666666,697.1111111111111
ATS,8073,2,B,100.0,671.3055555555555
ATS,8073,2,C,78.70370370370371,1051.6759259259259
ATS,8073,3,A,94.44444444444444,714.0833333333334
ATS,8073,3,B,100.0,655.9444444444445
ATS,8073,3,C,75.0,1016.2222222222222
ATS,8074,1,A,94.44444444444444,847.0277777777778
ATS,8074,1,B,97.22222222222221,885.4722222222222
ATS,8074,1,C,72.22222222222221,1002.2685185185185
ATS,8074,2,A,97.22222222222221,817.5833333333334
ATS,8074,2,B,97.22222222222221,976.7222222222222
ATS,8074,2,C,87.03703703703704,1028.5925925925926
ATS,8074,nan,A,94.44444444444444,875.0
ATS,8074,nan,B,94.44444444444444,913.6944444444445
ATS,8074,nan,C,78.70370370370371,1160.3796296296296
ATS,8075,1,A,100.0,809.3611111111111
ATS,8075,1,B,97.22222222222221,715.8611111111111
ATS,8075,1,C,81.48148148148148,1068.0925925925926
ATS,8075,3,A,100.0,668.9722222222222
ATS,8075,3,B,100.0,637.0277777777778
ATS,8075,3,C,85.18518518518519,945.3611111111111
ATS,8075,nan,A,97.22222222222221,818.6666666666666
ATS,8075,nan,B,100.0,604.5833333333334
ATS,8075,nan,C,80.55555555555556,967.8333333333334
ATS,8076,1,A,94.44444444444444,812.8055555555555
ATS,8076,1,B,97.22222222222221,792.5555555555555
ATS,8076,1,C,68.33333333333333,1097.1416666666667
ATS,8076,2,A,91.66666666666666,853.5277777777778
ATS,8076,2,B,97.22222222222221,831.2222222222222
ATS,8076,2,C,86.11111111111111,1074.7777777777778
ATS,8076,3,A,100.0,722.1388888888889
ATS,8076,3,B,100.0,687.0555555555555
ATS,8076,3,C,83.33333333333334,1042.8055555555557
ATS,8078,1,A,83.33333333333334,924.1944444444445
ATS,8078,1,B,91.66666666666666,907.0
ATS,8078,1,C,57.407407407407405,1231.75
ATS,8078,2,A,100.0,896.5555555555555
ATS,8078,2,B,91.66666666666666,889.5555555555555
ATS,8078,2,C,62.03703703703704,1184.9166666666667
ATS,8078,3,A,91.66666666666666,965.3888888888889
ATS,8078,3,B,88.88888888888889,1038.5555555555557
ATS,8078,3,C,70.37037037037037,1162.148148148148
ATS,8079,1,A,88.88888888888889,884.0
ATS,8079,1,B,88.88888888888889,988.6666666666666
ATS,8079,1,C,75.83333333333333,1097.0833333333333
ATS,8079,2,A,97.22222222222221,702.1666666666666
ATS,8079,2,B,94.44444444444444,880.6944444444445
ATS,8079,2,C,85.18518518518519,981.074074074074
ATS,8079,3,A,97.22222222222221,837.2222222222222
ATS,8079,3,B,100.0,912.2777777777778
ATS,8079,3,C,88.88888888888889,981.8888888888889
ATS,8080,1,A,93.75,731.4375
ATS,8080,1,B,100.0,588.8333333333334
ATS,8080,1,C,71.66666666666667,983.2
ATS,8080,2,A,97.22222222222221,625.0833333333334
ATS,8080,2,B,97.22222222222221,602.9722222222222
ATS,8080,2,C,62.03703703703704,1034.648148148148
ATS,8080,3,A,94.44444444444444,766.3611111111111
ATS,8080,3,B,100.0,657.8055555555555
ATS,8080,3,C,63.888888888888886,1060.2222222222222
ATS,8081,1,A,97.22222222222221,577.4166666666666
ATS,8081,1,B,100.0,607.9166666666666
ATS,8081,1,C,68.51851851851852,1059.0555555555557
ATS,8081,2,A,97.22222222222221,559.5277777777778
ATS,8081,2,B,100.0,511.1111111111111
ATS,8081,2,C,81.48148148148148,1003.8888888888889
ATS,8083,1,A,85.41666666666666,756.5
ATS,8083,1,B,100.0,706.3888888888889
ATS,8083,1,C,79.16666666666666,1121.2666666666667
ATS,8083,3,A,97.22222222222221,642.3333333333334
ATS,8083,3,B,97.22222222222221,700.5277777777778
ATS,8083,3,C,64.81481481481481,1116.9259259259259
ATS,8083,nan,A,94.44444444444444,661.8055555555555
ATS,8083,nan,B,100.0,698.8611111111111
ATS,8083,nan,C,95.37037037037037,949.8611111111111
ATS,8084,1,A,88.88888888888889,790.0
ATS,8084,1,B,94.44444444444444,653.7222222222222
ATS,8084,1,C,60.0,1116.175
ATS,8084,2,A,97.22222222222221,760.1111111111111
ATS,8084,2,B,97.22222222222221,748.25
ATS,8084,2,C,50.0,1210.4916666666666
ATS,8084,3,A,91.66666666666666,746.2777777777778
ATS,8084,3,B,97.22222222222221,703.2222222222222
ATS,8084,3,C,57.49999999999999,1144.05
ATS,8085,1,A,97.22222222222221,811.5555555555555
ATS,8085,1,B,94.44444444444444,781.2777777777778
ATS,8085,1,C,77.5,1059.4
ATS,8085,2,A,97.22222222222221,628.0833333333334
ATS,8085,2,B,94.44444444444444,660.8611111111111
ATS,8085,2,C,78.70370370370371,932.1851851851852
ATS,8087,1,A,97.22222222222221,615.0
ATS,8087,1,B,97.22222222222221,572.8333333333334
ATS,8087,1,C,91.66666666666666,859.6296296296297
ATS,8087,2,A,100.0,591.8888888888889
ATS,8087,2,B,100.0,578.1666666666666
ATS,8087,2,C,88.88888888888889,847.2407407407408
ATS,8087,3,A,97.22222222222221,633.8611111111111
ATS,8087,3,B,94.44444444444444,661.8611111111111
ATS,8087,3,C,89.16666666666667,825.125
ATS,8088,1,A,94.44444444444444,770.6944444444445
ATS,8088,1,B,91.66666666666666,752.25
ATS,8088,1,C,71.29629629629629,1029.25
ATS,8088,2,A,97.22222222222221,769.7222222222222
ATS,8088,2,B,100.0,756.4722222222222
ATS,8088,2,C,70.83333333333334,1066.2833333333333
ATS,8088,3,A,91.66666666666666,760.3541666666666
ATS,8088,3,B,100.0,762.5277777777778
ATS,8088,3,C,44.44444444444444,1285.8402777777778
ATS,8090,1,A,93.75,792.8125
ATS,8090,1,B,100.0,677.1944444444445
ATS,8090,1,C,53.333333333333336,1209.3333333333333
ATS,8092,1,A,83.33333333333334,945.1944444444445
ATS,8092,1,B,94.44444444444444,1024.4722222222222
ATS,8092,1,C,61.66666666666667,1154.6416666666667
ATS,8092,3,A,91.66666666666666,895.75
ATS,8092,3,B,91.66666666666666,833.7777777777778
ATS,8092,3,C,51.85185185185185,1116.6296296296296
ATS,8092,nan,A,88.88888888888889,984.8055555555555
ATS,8092,nan,B,97.22222222222221,922.8055555555555
ATS,8092,nan,C,74.07407407407408,1170.0833333333333
ATS,8093,1,A,91.66666666666666,953.3611111111111
ATS,8093,1,B,100.0,787.8888888888889
ATS,8093,1,C,45.370370370370374,1273.0740740740741
ATS,8094,1,A,100.0,763.8333333333334
ATS,8094,1,B,100.0,734.8888888888889
ATS,8094,1,C,59.25925925925925,976.675925925926
ATS,8094,2,A,94.44444444444444,784.2222222222222
ATS,8094,2,B,100.0,825.0
ATS,8094,2,C,65.83333333333333,930.325
ATS,8094,3,A,97.22222222222221,852.6111111111111
ATS,8094,3,B,100.0,779.5
ATS,8094,3,C,73.14814814814815,1016.7962962962963
ATS,8095,1,A,100.0,800.4722222222222
ATS,8095,1,B,100.0,891.5277777777778
ATS,8095,1,C,87.96296296296296,1035.5648148148148
ATS,8096,1,A,100.0,655.0555555555555
ATS,8096,1,B,100.0,808.7222222222222
ATS,8096,1,C,94.44444444444444,957.3611111111111
ATS,8096,2,A,97.22222222222221,698.75
ATS,8096,2,B,97.22222222222221,759.7222222222222
ATS,8096,2,C,91.66666666666666,1015.175925925926
ATS,8096,3,A,97.22222222222221,803.8055555555555
ATS,8096,3,B,100.0,791.5
ATS,8096,3,C,92.5925925925926,1015.5555555555555
ATS,8098,1,A,80.55555555555556,914.25
ATS,8098,1,B,91.66666666666666,993.9166666666666
ATS,8098,1,C,66.66666666666666,1163.9351851851852
ATS,8098,2,A,94.44444444444444,901.5833333333334
ATS,8098,2,B,94.44444444444444,940.8055555555555
ATS,8098,2,C,66.66666666666666,1238.462962962963
ATS,8099,1,A,97.22222222222221,689.1111111111111
ATS,8099,1,B,97.22222222222221,664.9166666666666
ATS,8099,1,C,83.33333333333334,960.6333333333333
ATS,8099,2,A,97.22222222222221,726.9166666666666
ATS,8099,2,B,100.0,623.1666666666666
ATS,8099,2,C,90.74074074074075,968.8333333333334
ATS,8100,1,A,88.88888888888889,790.9166666666666
ATS,8100,1,B,97.22222222222221,733.8333333333334
ATS,8100,1,C,87.03703703703704,996.8055555555555
ATS,8100,2,A,91.66666666666666,637.3055555555555
ATS,8100,2,B,94.44444444444444,655.6388888888889
ATS,8100,2,C,85.18518518518519,1018.2962962962963
ATS,8101,1,A,94.44444444444444,916.1388888888889
ATS,8101,1,B,88.88888888888889,869.4722222222222
ATS,8101,1,C,76.85185185185185,1089.9444444444443
ATS,8102,1,A,94.44444444444444,729.1111111111111
ATS,8102,1,B,100.0,685.7777777777778
ATS,8102,1,C,85.83333333333333,1035.9833333333333
ATS,8102,2,A,91.66666666666666,529.3888888888889
ATS,8102,2,B,100.0,515.0555555555555
ATS,8102,2,C,89.81481481481481,784.5648148148148
ATS,8103,1,A,91.66666666666666,987.9722222222222
ATS,8103,1,B,94.44444444444444,877.9722222222222
ATS,8103,1,C,72.22222222222221,1116.898148148148
ATS,8103,2,A,97.22222222222221,748.8055555555555
ATS,8103,2,B,97.22222222222221,712.0277777777778
ATS,8103,2,C,85.18518518518519,1006.8796296296297
ATS,8104,1,A,94.44444444444444,786.0
ATS,8104,1,B,94.44444444444444,825.75
ATS,8104,1,C,60.0,1126.65
ATS,8104,2,A,94.44444444444444,751.3611111111111
ATS,8104,2,B,97.22222222222221,735.4166666666666
ATS,8104,2,C,81.66666666666667,1060.2333333333333
ATS,8106,1,A,97.22222222222221,716.4722222222222
ATS,8106,1,B,97.22222222222221,753.2777777777778
ATS,8106,1,C,55.833333333333336,1211.25
ATS,8106,2,A,100.0,657.2222222222222
ATS,8106,2,B,97.22222222222221,697.1388888888889
ATS,8106,2,C,80.55555555555556,1086.0092592592594
ATS,8107,1,A,94.44444444444444,760.7777777777778
ATS,8107,1,B,94.44444444444444,788.5833333333334
ATS,8107,1,C,70.37037037037037,744.2129629629629
ATS,8107,3,A,88.88888888888889,827.0277777777778
ATS,8107,3,B,91.66666666666666,941.2777777777778
ATS,8107,3,C,69.44444444444444,1059.0648148148148
ATS,8108,1,A,97.22222222222221,734.1388888888889
ATS,8108,1,B,100.0,679.7222222222222
ATS,8108,1,C,83.33333333333334,1046.3425925925926
ATS,8108,2,A,97.22222222222221,742.1111111111111
ATS,8108,2,B,94.44444444444444,690.6111111111111
ATS,8108,2,C,85.18518518518519,975.3518518518518
ATS,8111,1,A,94.44444444444444,864.9444444444445
ATS,8111,1,B,91.66666666666666,898.1111111111111
ATS,8111,1,C,54.629629629629626,1105.4814814814815
ATS,8112,1,A,97.22222222222221,1044.0277777777778
ATS,8112,1,B,97.22222222222221,934.3611111111111
ATS,8112,1,C,83.33333333333334,1055.7314814814815
ATS,8113,1,A,100.0,672.6111111111111
ATS,8113,1,B,100.0,667.4444444444445
ATS,8113,1,C,71.29629629629629,945.1944444444445
ATS,8114,1,A,100.0,684.8055555555555
ATS,8114,1,B,100.0,601.0
ATS,8114,1,C,87.03703703703704,995.7037037037037
ATS,8114,2,A,97.22222222222221,754.0277777777778
ATS,8114,2,B,94.44444444444444,721.2777777777778
ATS,8114,2,C,83.33333333333334,1036.398148148148
ATS,8115,nan,A,94.44444444444444,712.25
ATS,8115,nan,B,83.33333333333334,784.2777777777778
ATS,8115,nan,C,54.629629629629626,1199.7777777777778
ATS,8116,1,A,94.44444444444444,916.6388888888889
ATS,8116,1,B,100.0,972.3333333333334
ATS,8116,1,C,43.333333333333336,1338.1166666666666
ATS,8116,2,A,100.0,834.2222222222222
ATS,8116,2,B,97.22222222222221,839.0555555555555
ATS,8116,2,C,46.2962962962963,1277.462962962963
ATS,8118,1,A,100.0,752.2777777777778
ATS,8118,1,B,100.0,684.1388888888889
ATS,8118,1,C,85.18518518518519,985.5555555555555
ATS,8119,1,A,89.58333333333334,766.2083333333334
ATS,8119,1,B,91.66666666666666,886.4444444444445
ATS,8119,1,C,82.4074074074074,1033.3703703703704
ATS,8120,1,A,86.11111111111111,764.9166666666666
ATS,8120,1,B,91.66666666666666,766.7222222222222
ATS,8120,1,C,43.333333333333336,1322.875
ATS,8120,2,A,77.77777777777779,730.0833333333334
ATS,8120,2,B,94.44444444444444,747.3611111111111
ATS,8120,2,C,66.66666666666666,1165.4444444444443
ATS,8121,1,A,97.22222222222221,859.1111111111111
ATS,8121,1,B,97.22222222222221,833.0
ATS,8121,1,C,83.33333333333334,1086.5555555555557
ATS,8121,2,A,94.44444444444444,675.1666666666666
ATS,8121,2,B,94.44444444444444,652.5555555555555
ATS,8121,2,C,88.88888888888889,869.4629629629629
ATS,8123,1,A,97.22222222222221,745.5
ATS,8123,1,B,100.0,749.4166666666666
ATS,8123,1,C,79.16666666666666,1086.7416666666666
ATS,8124,1,A,100.0,615.7777777777778
ATS,8124,1,B,100.0,662.0555555555555
ATS,8124,1,C,84.25925925925925,948.9444444444445
ATS,8125,1,A,100.0,733.5833333333334
ATS,8125,1,B,100.0,643.25
ATS,8125,1,C,51.85185185185185,982.5555555555555
ATS,8126,1,A,100.0,708.3055555555555
ATS,8126,1,B,97.22222222222221,708.5277777777778
ATS,8126,1,C,93.33333333333333,912.15
ATS,8127,1,A,97.22222222222221,749.75
ATS,8127,1,B,100.0,701.4444444444445
ATS,8127,1,C,84.25925925925925,1090.1296296296296
ATS,8128,1,A,97.22222222222221,740.5277777777778
ATS,8128,1,B,97.22222222222221,694.3333333333334
ATS,8128,1,C,90.74074074074075,971.5
ATS,8130,1,A,97.22222222222221,884.5277777777778
ATS,8130,1,B,100.0,709.5
ATS,8130,1,C,71.66666666666667,1160.8333333333333
ATS,8131,1,A,97.22222222222221,883.1388888888889
ATS,8131,1,B,94.44444444444444,943.0
ATS,8131,1,C,65.0,1112.5333333333333
ATS,8132,1,A,100.0,750.3888888888889
ATS,8132,1,B,94.44444444444444,688.8055555555555
ATS,8132,1,C,87.96296296296296,967.0462962962963
ATS,8136,1,A,100.0,786.6388888888889
ATS,8136,1,B,100.0,737.5833333333334
ATS,8136,1,C,71.29629629629629,1180.4537037037037
ATS,8138,1,A,94.44444444444444,763.5555555555555
ATS,8138,1,B,97.22222222222221,748.1388888888889
ATS,8138,1,C,83.33333333333334,1086.5454545454545
ATS,8139,1,A,86.11111111111111,951.7222222222222
ATS,8139,1,B,91.66666666666666,787.2777777777778
ATS,8139,1,C,70.83333333333334,1097.9416666666666
ATS,8140,1,A,94.44444444444444,697.0
ATS,8140,1,B,91.66666666666666,756.7222222222222
ATS,8140,1,C,85.18518518518519,1094.9814814814815
ATS,8145,1,A,100.0,660.9722222222222
ATS,8145,1,B,100.0,618.0
ATS,8145,1,C,74.07407407407408,1090.4722222222222
ATS,8146,1,A,97.22222222222221,709.8055555555555
ATS,8146,1,B,91.66666666666666,729.25
ATS,8146,1,C,79.62962962962963,1021.5370370370371
ATS,8149,1,A,100.0,656.4166666666666
ATS,8149,1,B,100.0,672.4166666666666
ATS,8149,1,C,88.88888888888889,851.3425925925926
ATS,9002,1,A,100.0,900.4166666666666
ATS,9002,1,B,91.66666666666666,986.4444444444445
ATS,9002,1,C,75.0,1160.35
ATS,9002,3,A,88.88888888888889,1015.1944444444445
ATS,9002,3,B,97.22222222222221,861.0
ATS,9002,3,C,74.07407407407408,1257.462962962963
ATS,9003,1,A,97.22222222222221,671.6666666666666
ATS,9003,1,B,100.0,602.0555555555555
ATS,9003,1,C,89.81481481481481,911.074074074074
ATS,9003,3,A,100.0,603.4166666666666
ATS,9003,3,B,100.0,629.8333333333334
ATS,9003,3,C,94.44444444444444,799.9166666666666
ATS,9004,1,A,100.0,846.9166666666666
ATS,9004,1,B,94.44444444444444,870.25
ATS,9004,1,C,51.85185185185185,1235.4259259259259
ATS,9005,1,A,94.44444444444444,973.1388888888889
ATS,9005,1,B,100.0,836.4722222222222
ATS,9005,1,C,70.0,1202.325
ATS,9005,2,A,91.66666666666666,894.6666666666666
ATS,9005,2,B,100.0,800.5555555555555
ATS,9005,2,C,80.55555555555556,1143.1759259259259
ATS,9005,3,A,97.22222222222221,861.5277777777778
ATS,9005,3,B,94.44444444444444,898.0833333333334
ATS,9005,3,C,59.166666666666664,1235.2583333333334
ATS,9007,1,A,100.0,969.0
ATS,9007,1,B,94.44444444444444,978.1666666666666
ATS,9007,1,C,68.51851851851852,1185.851851851852
ATS,9008,1,A,97.22222222222221,784.0
ATS,9008,1,B,97.22222222222221,762.4722222222222
ATS,9008,1,C,45.370370370370374,1214.851851851852
ATS,9009,1,A,91.66666666666666,887.1666666666666
ATS,9009,1,B,100.0,748.3333333333334
ATS,9009,1,C,72.22222222222221,1142.8055555555557
ATS,9009,2,A,97.22222222222221,887.5277777777778
ATS,9009,2,B,100.0,790.6666666666666
ATS,9009,2,C,73.33333333333333,1073.2833333333333
ATS,9009,3,A,94.44444444444444,953.4444444444445
ATS,9009,3,B,97.22222222222221,764.9166666666666
ATS,9009,3,C,86.11111111111111,924.7777777777778
ATS,9010,1,A,100.0,764.5833333333334
ATS,9010,1,B,94.44444444444444,692.0277777777778
ATS,9010,1,C,63.33333333333333,1152.975
ATS,9010,2,A,97.22222222222221,662.9722222222222
ATS,9010,2,B,94.44444444444444,733.8611111111111
ATS,9010,2,C,67.5,1142.7916666666667
ATS,9010,3,A,97.22222222222221,641.7777777777778
ATS,9010,3,B,100.0,637.3055555555555
ATS,9010,3,C,68.33333333333333,1139.1
ATS,9011,1,A,100.0,740.0833333333334
ATS,9011,1,B,97.22222222222221,667.8888888888889
ATS,9011,1,C,78.70370370370371,938.6296296296297
ATS,9013,1,A,100.0,819.1388888888889
ATS,9013,1,B,100.0,679.9166666666666
ATS,9013,1,C,88.33333333333333,955.1833333333333
ATS,9013,2,A,100.0,756.8888888888889
ATS,9013,2,B,100.0,703.1666666666666
ATS,9013,2,C,87.96296296296296,875.9907407407408
ATS,9013,3,A,100.0,819.4722222222222
ATS,9013,3,B,97.22222222222221,736.3888888888889
ATS,9013,3,C,74.30555555555556,1016.0763888888889
ATS,9014,1,A,91.66666666666666,876.8055555555555
ATS,9014,1,B,100.0,758.3888888888889
ATS,9014,1,C,72.22222222222221,1184.1296296296296
ATS,9015,1,A,100.0,608.2222222222222
ATS,9015,1,B,100.0,568.9444444444445
ATS,9015,1,C,66.66666666666666,1064.5083333333334
ATS,9015,2,A,100.0,558.1944444444445
ATS,9015,2,B,100.0,578.8333333333334
ATS,9015,2,C,93.51851851851852,954.8703703703703
ATS,9015,3,A,97.22222222222221,518.2777777777778
ATS,9015,3,B,100.0,550.0
ATS,9015,3,C,88.88888888888889,1053.1759259259259
ATS,9017,1,A,94.44444444444444,733.1111111111111
ATS,9017,1,B,100.0,769.9166666666666
ATS,9017,1,C,76.85185185185185,1111.7962962962963
ATS,9017,2,A,97.22222222222221,878.6944444444445
ATS,9017,2,B,97.22222222222221,800.5833333333334
ATS,9017,2,C,87.96296296296296,1082.111111111111
ATS,9017,3,A,97.22222222222221,816.9166666666666
ATS,9017,3,B,100.0,755.3611111111111
ATS,9017,3,C,93.51851851851852,985.0185185185185
ATS,9018,1,A,100.0,825.8888888888889
ATS,9018,1,B,97.22222222222221,711.9444444444445
ATS,9018,1,C,73.33333333333333,1058.025
ATS,9019,1,A,97.22222222222221,787.0
ATS,9019,1,B,97.22222222222221,803.1388888888889
ATS,9019,1,C,92.5925925925926,1059.4722222222222
ATS,9019,2,A,100.0,766.75
ATS,9019,2,B,100.0,777.6944444444445
ATS,9019,2,C,93.51851851851852,1059.0185185185185
ATS,9019,3,A,100.0,719.6944444444445
ATS,9019,3,B,100.0,711.7777777777778
ATS,9019,3,C,89.81481481481481,1065.611111111111
ATS,9020,1,A,97.22222222222221,891.9722222222222
ATS,9020,1,B,88.88888888888889,1026.4166666666667
ATS,9020,1,C,59.166666666666664,1223.3416666666667
ATS,9021,1,A,100.0,725.5277777777778
ATS,9021,1,B,100.0,710.5833333333334
ATS,9021,1,C,72.72727272727273,1080.5984848484848
ATS,9021,2,A,94.44444444444444,788.6666666666666
ATS,9021,2,B,97.22222222222221,793.9166666666666
ATS,9021,2,C,86.11111111111111,1093.0462962962963
ATS,9021,3,A,94.44444444444444,906.3888888888889
ATS,9021,3,B,100.0,735.1111111111111
ATS,9021,3,C,87.96296296296296,1019.1481481481482
ATS,9023,1,A,100.0,779.1944444444445
ATS,9023,1,B,100.0,764.5555555555555
ATS,9023,1,C,56.481481481481474,1167.712962962963
ATS,9023,2,A,97.22222222222221,825.6944444444445
ATS,9023,2,B,100.0,818.9722222222222
ATS,9023,2,C,75.92592592592592,1153.0092592592594
ATS,9023,3,A,97.22222222222221,661.7222222222222
ATS,9023,3,B,100.0,802.0555555555555
ATS,9023,3,C,76.85185185185185,1161.0462962962963
ATS,9024,1,A,94.44444444444444,964.6944444444445
ATS,9024,1,B,97.22222222222221,965.3055555555555
ATS,9024,1,C,40.74074074074074,1208.7314814814815
ATS,9024,2,A,97.22222222222221,831.0277777777778
ATS,9024,2,B,97.22222222222221,778.2777777777778
ATS,9024,2,C,56.481481481481474,835.8981481481482
ATS,9024,3,A,69.44444444444444,1194.9166666666667
ATS,9024,3,B,81.25,1077.5208333333333
ATS,9024,3,C,50.83333333333333,965.8833333333333
ATS,9028,1,A,97.22222222222221,741.7222222222222
ATS,9028,1,B,100.0,607.7777777777778
ATS,9028,1,C,65.74074074074075,1165.601851851852
ATS,9028,2,A,100.0,741.5277777777778
ATS,9028,2,B,100.0,753.25
ATS,9028,2,C,87.03703703703704,1145.5092592592594
ATS,9028,3,A,97.22222222222221,791.6944444444445
ATS,9028,3,B,97.22222222222221,742.8333333333334
ATS,9028,3,C,75.92592592592592,1192.9074074074074
ATS,9029,1,A,97.22222222222221,769.0555555555555
ATS,9029,1,B,100.0,742.2222222222222
ATS,9029,1,C,85.18518518518519,974.7685185185185
ATS,9029,2,A,97.22222222222221,716.5833333333334
ATS,9029,2,B,100.0,646.0277777777778
ATS,9029,2,C,83.33333333333334,1033.8240740740741
ATS,9029,3,A,94.44444444444444,664.1666666666666
ATS,9029,3,B,100.0,696.1666666666666
ATS,9029,3,C,89.81481481481481,1046.537037037037
ATS,9030,1,A,86.11111111111111,1023.4444444444445
ATS,9030,1,B,94.44444444444444,907.3611111111111
ATS,9030,1,C,30.833333333333336,1324.35
ATS,9031,1,A,91.66666666666666,890.5833333333334
ATS,9031,1,B,97.22222222222221,788.5
ATS,9031,1,C,45.83333333333333,1301.55
ATS,9031,2,A,91.66666666666666,845.6388888888889
ATS,9031,2,B,97.22222222222221,810.9722222222222
ATS,9031,2,C,66.66666666666666,1188.75
ATS,9031,3,A,97.22222222222221,830.6666666666666
ATS,9031,3,B,100.0,714.9722222222222
ATS,9031,3,C,78.33333333333333,1101.7
ATS,9033,1,A,91.66666666666666,880.75
ATS,9033,1,B,83.33333333333334,993.8333333333334
ATS,9033,1,C,58.333333333333336,1220.7
ATS,9033,2,A,94.44444444444444,883.6944444444445
ATS,9033,2,B,88.88888888888889,880.8611111111111
ATS,9033,2,C,60.60606060606061,1202.340909090909
ATS,9033,3,A,94.44444444444444,918.8888888888889
ATS,9033,3,B,97.22222222222221,779.4166666666666
ATS,9033,3,C,67.5925925925926,1273.0925925925926
ATS,9034,1,A,94.44444444444444,773.3611111111111
ATS,9034,1,B,97.22222222222221,802.0555555555555
ATS,9034,1,C,79.16666666666666,1041.45
ATS,9034,2,A,97.22222222222221,800.25
ATS,9034,2,B,94.44444444444444,752.5
ATS,9034,2,C,84.25925925925925,1060.4074074074074
ATS,9034,3,A,100.0,700.0277777777778
ATS,9034,3,B,97.22222222222221,628.9166666666666
ATS,9034,3,C,78.70370370370371,1009.9629629629629
ATS,9035,1,A,100.0,674.6666666666666
ATS,9035,1,B,100.0,612.8055555555555
ATS,9035,1,C,79.62962962962963,1007.9537037037037
ATS,9035,2,A,100.0,680.7777777777778
ATS,9035,2,B,100.0,595.2777777777778
ATS,9035,2,C,96.29629629629629,925.0
ATS,9035,3,A,97.22222222222221,637.3055555555555
ATS,9035,3,B,97.22222222222221,634.9166666666666
ATS,9035,3,C,92.5925925925926,936.5462962962963
ATS,9038,1,A,97.22222222222221,791.1388888888889
ATS,9038,1,B,100.0,855.5277777777778
ATS,9038,1,C,70.37037037037037,985.0648148148148
ATS,9038,3,A,97.22222222222221,765.1666666666666
ATS,9038,3,B,97.22222222222221,818.75
ATS,9038,3,C,87.96296296296296,897.9629629629629
ATS,9045,1,A,94.44444444444444,819.0277777777778
ATS,9045,1,B,100.0,675.8611111111111
ATS,9045,1,C,66.66666666666666,1081.3425925925926
ATS,9045,2,A,94.44444444444444,724.1944444444445
ATS,9045,2,B,97.22222222222221,684.0277777777778
ATS,9045,2,C,62.96296296296296,1112.0925925925926
ATS,9045,3,A,86.11111111111111,785.1388888888889
ATS,9045,3,B,88.88888888888889,711.3888888888889
ATS,9045,3,C,58.333333333333336,1064.9166666666667
ATS,9047,1,A,94.44444444444444,765.8333333333334
ATS,9047,1,B,86.11111111111111,821.75
ATS,9047,1,C,67.5,1075.4916666666666
ATS,9047,2,A,100.0,682.2777777777778
ATS,9047,2,B,100.0,693.3055555555555
ATS,9047,2,C,85.18518518518519,1053.1203703703704
ATS,9048,1,A,83.33333333333334,980.5833333333334
ATS,9048,1,B,100.0,745.75
ATS,9048,1,C,61.66666666666667,1108.8416666666667
ATS,9049,1,A,88.88888888888889,850.3333333333334
ATS,9049,1,B,100.0,732.8333333333334
ATS,9049,1,C,53.333333333333336,1073.9166666666667
ATS,9050,1,A,97.22222222222221,678.6666666666666
ATS,9050,1,B,91.66666666666666,788.7222222222222
ATS,9050,1,C,90.74074074074075,980.9907407407408
ATS,9051,1,A,91.66666666666666,870.6111111111111
ATS,9051,1,B,97.22222222222221,765.3333333333334
ATS,9051,1,C,57.49999999999999,1246.8
ATS,9051,2,A,97.22222222222221,857.2777777777778
ATS,9051,2,B,100.0,768.9722222222222
ATS,9051,2,C,70.37037037037037,1271.7592592592594
ATS,9054,1,A,88.88888888888889,895.75
ATS,9054,1,B,97.22222222222221,860.1388888888889
ATS,9054,1,C,60.18518518518518,1104.9351851851852
ATS,9054,2,A,100.0,827.3611111111111
ATS,9054,2,B,97.22222222222221,807.3611111111111
ATS,9054,2,C,87.96296296296296,987.8055555555555
ATS,9054,3,A,100.0,824.5555555555555
ATS,9054,3,B,100.0,851.9722222222222
ATS,9054,3,C,83.33333333333334,1040.787037037037
ATS,9056,1,A,86.11111111111111,946.3055555555555
ATS,9056,1,B,97.22222222222221,743.6944444444445
ATS,9056,1,C,56.481481481481474,1051.1944444444443
ATS,9057,1,A,94.44444444444444,836.7777777777778
ATS,9057,1,B,100.0,733.4444444444445
ATS,9057,1,C,61.111111111111114,1196.1296296296296
ATS,9057,2,A,97.22222222222221,886.5833333333334
ATS,9057,2,B,97.22222222222221,742.3888888888889
ATS,9057,2,C,60.0,1220.7916666666667
ATS,9059,1,A,91.66666666666666,935.0277777777778
ATS,9059,1,B,94.44444444444444,732.7222222222222
ATS,9059,1,C,75.92592592592592,772.925925925926
ATS,9059,2,A,97.22222222222221,806.5
ATS,9059,2,B,100.0,668.1944444444445
ATS,9059,2,C,61.66666666666667,1049.9916666666666
ATS,9060,1,A,94.44444444444444,939.9722222222222
ATS,9060,1,B,88.88888888888889,888.5277777777778
ATS,9060,1,C,58.333333333333336,1253.5925925925926
ATS,9062,1,A,94.44444444444444,759.0555555555555
ATS,9062,1,B,97.22222222222221,819.3611111111111
ATS,9062,1,C,63.888888888888886,1159.101851851852
ATS,9062,2,A,100.0,625.75
ATS,9062,2,B,97.22222222222221,561.75
ATS,9062,2,C,66.66666666666666,1135.0925925925926
ATS,9064,1,A,94.44444444444444,794.7222222222222
ATS,9064,1,B,91.66666666666666,987.8333333333334
ATS,9064,1,C,65.83333333333333,1246.1333333333334
ATS,9067,1,A,100.0,796.0555555555555
ATS,9067,1,B,97.22222222222221,842.75
ATS,9067,1,C,61.111111111111114,1146.037037037037
ATS,9067,2,A,97.22222222222221,776.5833333333334
ATS,9067,2,B,97.22222222222221,678.4722222222222
ATS,9067,2,C,85.18518518518519,1000.1574074074074
ATS,9068,1,A,100.0,715.8055555555555
ATS,9068,1,B,100.0,663.0277777777778
ATS,9068,1,C,91.66666666666666,955.1666666666666
ATS,9068,2,A,86.11111111111111,806.3611111111111
ATS,9068,2,B,100.0,725.0555555555555
ATS,9068,2,C,86.11111111111111,1042.2407407407406
ATS,9070,1,A,94.44444444444444,777.2777777777778
ATS,9070,1,B,94.44444444444444,731.1388888888889
ATS,9070,1,C,75.0,1042.0555555555557
ATS,9070,2,A,86.11111111111111,818.3055555555555
ATS,9070,2,B,88.88888888888889,708.6666666666666
ATS,9070,2,C,76.85185185185185,1033.0925925925926
ATS,9071,1,A,94.44444444444444,838.0277777777778
ATS,9071,1,B,94.44444444444444,866.7222222222222
ATS,9071,1,C,55.00000000000001,1214.8166666666666
ATS,9073,1,A,94.44444444444444,990.6388888888889
ATS,9073,1,B,83.33333333333334,940.8333333333334
ATS,9073,1,C,48.148148148148145,1205.2962962962963
ATS,9073,2,A,97.22222222222221,834.8611111111111
ATS,9073,2,B,97.22222222222221,730.6388888888889
ATS,9073,2,C,84.25925925925925,1146.2222222222222
ATS,9074,1,A,100.0,890.75
ATS,9074,1,B,91.66666666666666,786.5
ATS,9074,1,C,68.33333333333333,1108.125
ATS,9074,2,A,94.44444444444444,816.3888888888889
ATS,9074,2,B,88.88888888888889,912.2777777777778
ATS,9074,2,C,78.70370370370371,1104.861111111111
ATS,9076,1,A,100.0,772.4166666666666
ATS,9076,1,B,100.0,713.5833333333334
ATS,9076,1,C,87.96296296296296,1013.5277777777778
ATS,9076,2,A,91.66666666666666,877.8055555555555
ATS,9076,2,B,94.44444444444444,774.2222222222222
ATS,9076,2,C,84.25925925925925,1061.148148148148
ATS,9077,1,A,97.22222222222221,873.7777777777778
ATS,9077,1,B,97.22222222222221,891.6388888888889
ATS,9077,1,C,80.0,1049.0416666666667
ATS,9078,1,A,100.0,886.0
ATS,9078,1,B,94.44444444444444,945.9444444444445
ATS,9078,1,C,75.0,1194.0583333333334
ATS,9080,1,A,91.66666666666666,912.0555555555555
ATS,9080,1,B,91.66666666666666,765.8333333333334
ATS,9080,1,C,59.09090909090909,1012.2575757575758
ATS,9081,1,A,97.22222222222221,712.75
ATS,9081,1,B,97.22222222222221,668.75
ATS,9081,1,C,65.15151515151516,998.2121212121212
ATS,9081,2,A,97.22222222222221,794.4722222222222
ATS,9081,2,B,97.22222222222221,858.1944444444445
ATS,9081,2,C,64.16666666666667,1112.4833333333333
ATS,9082,1,A,94.44444444444444,966.5
ATS,9082,1,B,83.33333333333334,1071.0833333333333
ATS,9082,1,C,68.33333333333333,1228.5833333333333
ATS,9083,1,A,97.22222222222221,843.1388888888889
ATS,9083,1,B,97.22222222222221,985.0833333333334
ATS,9083,1,C,78.70370370370371,1079.638888888889
ATS,9084,1,A,97.22222222222221,858.6111111111111
ATS,9084,1,B,94.44444444444444,931.4166666666666
ATS,9084,1,C,77.77777777777779,1103.9814814814815
ATS,9086,1,A,94.44444444444444,904.0277777777778
ATS,9086,1,B,94.44444444444444,686.3611111111111
ATS,9086,1,C,61.111111111111114,1232.861111111111
ATS,9087,1,A,97.22222222222221,814.1111111111111
ATS,9087,1,B,97.22222222222221,775.5833333333334
ATS,9087,1,C,82.4074074074074,1070.7685185185185
ATS,9088,1,A,100.0,727.0833333333334
ATS,9088,1,B,100.0,621.5
ATS,9088,1,C,90.74074074074075,1031.3333333333333
ATS,9090,1,A,97.22222222222221,850.0
ATS,9090,1,B,91.66666666666666,737.0277777777778
ATS,9090,1,C,75.92592592592592,1124.3240740740741
ATS,9092,1,A,91.66666666666666,765.1388888888889
ATS,9092,1,B,100.0,737.7777777777778
ATS,9092,1,C,67.5925925925926,1043.648148148148
ATS,9093,1,A,100.0,764.5555555555555
ATS,9093,1,B,97.22222222222221,676.5
ATS,9093,1,C,72.22222222222221,1100.4537037037037
ATS,9094,1,A,94.44444444444444,872.5277777777778
ATS,9094,1,B,94.44444444444444,753.8888888888889
ATS,9094,1,C,77.77777777777779,1097.398148148148
ATS,9999,1,A,100.0,740.8611111111111
ATS,9999,1,B,97.22222222222221,718.8611111111111
ATS,9999,1,C,83.33333333333334,953.074074074074
ATS,9999,nan,A,83.33333333333334,841.8055555555555
ATS,9999,nan,B,75.0,732.5555555555555
ATS,9999,nan,C,70.37037037037037,1152.4722222222222
ATS,ATS,,A,91.66666666666666,947.6388888888889
ATS,ATS,,B,91.66666666666666,1000.3888888888889
ATS,ATS,,C,75.0,1172.3148148148148
NF,0,1,con,88.75,585.7
NF,0,1,inc,86.25,590.1875
NF,0,33,con,98.61111111111111,743.375
NF,0,33,inc,98.61111111111111,703.3472222222222
NF,1,1,con,97.22222222222221,521.5972222222222
NF,1,1,inc,84.72222222222221,616.0416666666666
NF,1111,1,con,15.277777777777779,1602.611111111111
NF,1111,1,inc,16.666666666666664,1628.013888888889
NF,1474,1,con,95.83333333333334,437.05555555555554
NF,1474,1,inc,93.05555555555556,495.8333333333333
NF,1511,1,con,95.0,491.8125
NF,1511,1,inc,76.25,597.1875
NF,1538,1,con,95.83333333333334,721.9305555555555
NF,1538,1,inc,94.44444444444444,717.875
NF,333,nan,con,95.83333333333334,557.7083333333334
NF,333,nan,inc,95.83333333333334,590.9722222222222
NF,33333,nan,con,97.22222222222221,532.5277777777778
NF,33333,nan,inc,98.61111111111111,549.6527777777778
NF,3333333,nan,con,98.75,589.4875
NF,3333333,nan,inc,93.75,612.425
NF,7000,1,con,93.05555555555556,609.0
NF,7000,1,inc,88.88888888888889,734.3055555555555
NF,7001,1,con,86.11111111111111,561.5138888888889
NF,7001,1,inc,94.44444444444444,600.5138888888889
NF,7002,1,con,98.61111111111111,666.2361111111111
NF,7002,1,inc,100.0,636.1805555555555
NF,7003,1,con,97.22222222222221,570.3472222222222
NF,7003,1,inc,100.0,590.8194444444445
NF,7004,1,con,95.83333333333334,551.8055555555555
NF,7004,1,inc,95.83333333333334,597.8333333333334
NF,7006,1,con,90.27777777777779,407.55555555555554
NF,7006,1,inc,91.66666666666666,454.3888888888889
NF,7007,1,con,98.61111111111111,590.6666666666666
NF,7007,1,inc,100.0,623.4861111111111
NF,7008,1,con,98.61111111111111,711.1944444444445
NF,7008,1,inc,93.05555555555556,825.7777777777778
NF,7009,1,con,98.61111111111111,540.9583333333334
NF,7009,1,inc,98.61111111111111,570.0138888888889
NF,7010,1,con,100.0,527.6805555555555
NF,7010,1,inc,97.22222222222221,627.1111111111111
NF,7012,1,con,100.0,1005.5694444444445
NF,7012,1,inc,98.61111111111111,1018.3611111111111
NF,7013,1,con,100.0,578.2361111111111
NF,7013,1,inc,97.22222222222221,627.5277777777778
NF,7014,1,con,100.0,613.125
NF,7014,1,inc,98.61111111111111,614.5555555555555
NF,7015,1,con,93.05555555555556,546.6666666666666
NF,7015,1,inc,98.61111111111111,558.0
NF,7016,1,con,98.61111111111111,670.1111111111111
NF,7016,1,inc,98.61111111111111,702.5833333333334
NF,7017,1,con,98.61111111111111,655.0694444444445
NF,7017,1,inc,100.0,699.6527777777778
NF,7018,1,con,95.0,460.725
NF,7018,1,inc,83.75,484.325
NF,7019,1,con,94.44444444444444,590.1111111111111
NF,7019,1,inc,91.66666666666666,592.6111111111111
NF,7020,1,con,85.0,432.2625
NF,7020,1,inc,90.0,436.4
NF,7021,1,con,100.0,574.7777777777778
NF,7021,1,inc,97.22222222222221,590.3888888888889
NF,7022,1,con,100.0,829.6805555555555
NF,7022,1,inc,100.0,843.4305555555555
NF,7023,1,con,100.0,793.6666666666666
NF,7023,1,inc,95.83333333333334,828.5555555555555
NF,7024,1,con,98.61111111111111,584.4722222222222
NF,7024,1,inc,100.0,600.1944444444445
NF,7025,1,con,92.5,448.5875
NF,7025,1,inc,91.25,519.45
NF,7026,1,con,97.22222222222221,548.9305555555555
NF,7026,1,inc,98.61111111111111,581.5
NF,7027,1,con,88.88888888888889,632.4305555555555
NF,7027,1,inc,95.83333333333334,600.9305555555555
NF,7028,1,con,97.22222222222221,651.9583333333334
NF,7028,1,inc,98.61111111111111,630.5972222222222
NF,7029,1,con,98.61111111111111,504.55555555555554
NF,7029,1,inc,95.83333333333334,556.4305555555555
NF,7030,1,con,98.61111111111111,811.4305555555555
NF,7030,1,inc,98.61111111111111,825.875
NF,7031,1,con,94.44444444444444,664.2638888888889
NF,7031,1,inc,97.22222222222221,675.4305555555555
NF,7032,1,con,100.0,840.7361111111111
NF,7032,1,inc,97.22222222222221,836.25
NF,7033,1,con,97.22222222222221,672.4444444444445
NF,7033,1,inc,98.61111111111111,709.3888888888889
NF,7034,1,con,95.0,521.475
NF,7034,1,inc,95.0,482.55
NF,7035,1,con,94.44444444444444,529.9722222222222
NF,7035,1,inc,94.44444444444444,603.2083333333334
NF,7037,1,con,66.25,797.075
NF,7037,1,inc,51.24999999999999,888.7625
NF,7039,1,con,94.44444444444444,811.9305555555555
NF,7039,1,inc,98.61111111111111,836.2222222222222
NF,7040,1,con,94.44444444444444,558.4027777777778
NF,7040,1,inc,97.22222222222221,552.875
NF,7041,1,con,98.61111111111111,612.9305555555555
NF,7041,1,inc,97.22222222222221,616.9444444444445
NF,7042,1,con,98.61111111111111,577.0277777777778
NF,7042,1,inc,100.0,623.5833333333334
NF,7043,1,con,97.22222222222221,709.625
NF,7043,1,inc,98.61111111111111,715.4166666666666
NF,7044,1,con,88.75,569.4375
NF,7044,1,inc,93.75,613.9375
NF,7045,1,con,91.66666666666666,686.9861111111111
NF,7045,1,inc,93.05555555555556,699.2222222222222
NF,7046,1,con,72.5,384.7875
NF,7046,1,inc,65.0,452.4625
NF,7047,1,con,97.22222222222221,553.8055555555555
NF,7047,1,inc,97.22222222222221,565.0833333333334
NF,7048,1,con,95.83333333333334,534.2777777777778
NF,7048,1,inc,97.22222222222221,537.0555555555555
NF,7049,1,con,100.0,617.7916666666666
NF,7049,1,inc,100.0,651.5833333333334
NF,7050,1,con,98.61111111111111,514.2777777777778
NF,7050,1,inc,97.22222222222221,562.8194444444445
NF,7052,1,con,100.0,660.0833333333334
NF,7052,1,inc,100.0,680.3611111111111
NF,7053,1,con,95.83333333333334,572.6944444444445
NF,7053,1,inc,95.83333333333334,567.7916666666666
NF,7054,1,con,94.44444444444444,547.6388888888889
NF,7054,1,inc,100.0,593.7083333333334
NF,7055,1,con,90.27777777777779,718.9305555555555
NF,7055,1,inc,100.0,739.5972222222222
NF,7056,1,con,94.44444444444444,719.7916666666666
NF,7056,1,inc,94.44444444444444,729.6111111111111
NF,7057,1,con,90.27777777777779,611.8194444444445
NF,7057,1,inc,94.44444444444444,598.7361111111111
NF,7058,1,con,91.66666666666666,417.9166666666667
NF,7058,1,inc,88.88888888888889,444.4166666666667
NF,7059,1,con,93.05555555555556,565.5416666666666
NF,7059,1,inc,97.22222222222221,607.75
NF,7060,1,con,97.22222222222221,805.1388888888889
NF,7060,1,inc,94.44444444444444,747.7777777777778
NF,7061,1,con,98.61111111111111,562.875
NF,7061,1,inc,95.83333333333334,585.7222222222222
NF,7062,1,con,100.0,745.2083333333334
NF,7062,1,inc,100.0,724.9444444444445
NF,7063,1,con,96.25,523.7
NF,7063,1,inc,93.75,577.9875
NF,7064,1,con,98.61111111111111,746.25
NF,7064,1,inc,98.61111111111111,769.9583333333334
NF,7065,1,con,98.61111111111111,923.5555555555555
NF,7065,1,inc,98.61111111111111,949.5
NF,7067,1,con,95.83333333333334,551.6805555555555
NF,7067,1,inc,91.66666666666666,675.2222222222222
NF,7068,1,con,98.61111111111111,620.0
NF,7068,1,inc,100.0,610.4583333333334
NF,7069,1,con,98.61111111111111,828.875
NF,7069,1,inc,100.0,874.2222222222222
NF,7070,1,con,98.61111111111111,706.125
NF,7070,1,inc,98.61111111111111,774.7083333333334
NF,7072,1,con,98.61111111111111,598.25
NF,7072,1,inc,100.0,595.7777777777778
NF,7073,1,con,97.22222222222221,969.8472222222222
NF,7073,1,inc,98.61111111111111,1006.3888888888889
NF,7075,1,con,97.22222222222221,786.4305555555555
NF,7075,1,inc,98.61111111111111,788.6944444444445
NF,7076,1,con,97.22222222222221,653.7222222222222
NF,7076,1,inc,100.0,668.5277777777778
NF,7077,1,con,100.0,722.5138888888889
NF,7077,1,inc,97.22222222222221,734.0277777777778
NF,7078,1,con,90.27777777777779,573.0694444444445
NF,7078,1,inc,98.61111111111111,622.4583333333334
NF,7079,1,con,93.05555555555556,537.6388888888889
NF,7079,1,inc,87.5,583.6527777777778
NF,7080,1,con,100.0,669.0555555555555
NF,7080,1,inc,98.61111111111111,700.1805555555555
NF,7082,1,con,97.22222222222221,546.75
NF,7082,1,inc,97.22222222222221,668.4305555555555
NF,7083,1,con,95.83333333333334,586.8611111111111
NF,7083,1,inc,100.0,630.1666666666666
NF,7084,1,con,95.83333333333334,618.0555555555555
NF,7084,1,inc,97.22222222222221,645.375
NF,7085,1,con,100.0,791.375
NF,7085,1,inc,100.0,748.5
NF,7086,1,con,87.5,481.27777777777777
NF,7086,1,inc,75.0,615.0833333333334
NF,7087,1,con,100.0,687.7083333333334
NF,7087,1,inc,98.61111111111111,668.9861111111111
NF,7088,1,con,100.0,571.3888888888889
NF,7088,1,inc,95.83333333333334,634.4027777777778
NF,7089,1,con,100.0,549.7777777777778
NF,7089,1,inc,100.0,567.0416666666666
NF,7090,1,con,100.0,416.97222222222223
NF,7090,1,inc,91.66666666666666,498.7638888888889
NF,7091,1,con,93.05555555555556,614.3888888888889
NF,7091,1,inc,94.44444444444444,652.8472222222222
NF,7092,1,con,97.22222222222221,783.5833333333334
NF,7092,1,inc,98.61111111111111,832.3055555555555
NF,7093,1,con,98.61111111111111,521.4305555555555
NF,7093,1,inc,98.61111111111111,559.6527777777778
NF,7094,1,con,98.61111111111111,566.4861111111111
NF,7094,1,inc,95.83333333333334,565.75
NF,7096,1,con,55.55555555555556,1136.25
NF,7096,1,inc,52.77777777777778,1166.236111111111
NF,7097,1,con,97.22222222222221,531.4722222222222
NF,7097,1,inc,97.22222222222221,619.8888888888889
NF,7098,1,con,100.0,678.8333333333334
NF,7098,1,inc,94.44444444444444,704.6944444444445
NF,7099,1,con,100.0,504.3888888888889
NF,7099,1,inc,97.22222222222221,576.3888888888889
NF,7102,1,con,94.44444444444444,1199.0277777777778
NF,7102,1,inc,100.0,1182.7777777777778
NF,7103,1,con,100.0,551.6527777777778
NF,7103,1,inc,93.05555555555556,594.8472222222222
NF,7104,1,con,93.75,707.0375
NF,7104,1,inc,95.0,766.7625
NF,7105,1,con,95.83333333333334,571.0972222222222
NF,7105,1,inc,94.44444444444444,635.9444444444445
NF,7106,1,con,98.61111111111111,614.4444444444445
NF,7106,1,inc,95.83333333333334,637.3055555555555
NF,7107,1,con,93.75,569.6375
NF,7107,1,inc,97.5,611.65
NF,7108,1,con,100.0,508.0833333333333
NF,7108,1,inc,98.61111111111111,551.4444444444445
NF,7109,1,con,100.0,575.5416666666666
NF,7109,1,inc,97.22222222222221,628.0138888888889
NF,7110,1,con,91.66666666666666,484.9166666666667
NF,7110,1,inc,94.44444444444444,537.7638888888889
NF,7111,1,con,100.0,805.2222222222222
NF,7111,1,inc,98.61111111111111,799.0
NF,7112,1,con,72.5,605.5375
NF,7112,1,inc,82.5,600.7
NF,7113,1,con,97.22222222222221,625.8333333333334
NF,7113,1,inc,93.05555555555556,677.4166666666666
NF,7114,1,con,94.44444444444444,559.7222222222222
NF,7114,1,inc,95.83333333333334,594.2638888888889
NF,7115,1,con,98.61111111111111,549.1527777777778
NF,7115,1,inc,97.22222222222221,581.9861111111111
NF,7116,1,con,91.66666666666666,568.7638888888889
NF,7116,1,inc,90.27777777777779,591.0138888888889
NF,7117,1,con,94.44444444444444,643.6527777777778
NF,7117,1,inc,95.83333333333334,638.8194444444445
NF,7118,1,con,96.25,508.05
NF,7118,1,inc,92.5,579.075
NF,7120,1,con,100.0,676.5694444444445
NF,7120,1,inc,93.05555555555556,728.25
NF,7122,1,con,98.61111111111111,791.6666666666666
NF,7122,1,inc,90.27777777777779,884.6388888888889
NF,7123,1,con,94.44444444444444,544.1111111111111
NF,7123,1,inc,95.83333333333334,628.3888888888889
NF,7124,1,con,90.0,486.425
NF,7124,1,inc,83.75,544.075
NF,7125,1,con,93.75,738.875
NF,7125,1,inc,93.75,820.05
NF,7126,1,con,86.11111111111111,562.3333333333334
NF,7126,1,inc,95.83333333333334,564.0972222222222
NF,7128,1,con,94.44444444444444,560.7361111111111
NF,7128,1,inc,98.61111111111111,603.2361111111111
NF,7129,1,con,95.83333333333334,734.6944444444445
NF,7129,1,inc,100.0,680.8472222222222
NF,7130,1,con,95.83333333333334,689.1805555555555
NF,7130,1,inc,94.44444444444444,741.8611111111111
NF,7131,1,con,97.22222222222221,547.6944444444445
NF,7131,1,inc,95.83333333333334,598.2916666666666
NF,7132,1,con,98.61111111111111,462.2083333333333
NF,7132,1,inc,93.05555555555556,514.7916666666666
NF,7133,1,con,95.83333333333334,605.9027777777778
NF,7133,1,inc,98.61111111111111,635.8888888888889
NF,7134,1,con,100.0,691.1527777777778
NF,7134,1,inc,97.22222222222221,694.8888888888889
NF,7136,1,con,93.05555555555556,865.6944444444445
NF,7136,1,inc,98.61111111111111,874.0416666666666
NF,7137,1,con,77.27272727272727,625.4545454545455
NF,7137,1,inc,73.86363636363636,681.9090909090909
NF,7138,1,con,93.05555555555556,638.1666666666666
NF,7138,1,inc,95.83333333333334,676.4583333333334
NF,7139,1,con,100.0,848.5555555555555
NF,7139,1,inc,98.61111111111111,867.625
NF,7140,1,con,94.44444444444444,514.0277777777778
NF,7140,1,inc,94.44444444444444,507.0
NF,7141,1,con,86.11111111111111,627.8333333333334
NF,7141,1,inc,98.61111111111111,594.2222222222222
NF,7142,1,con,95.83333333333334,712.5
NF,7142,1,inc,98.61111111111111,736.7916666666666
NF,7143,1,con,98.61111111111111,607.1805555555555
NF,7143,1,inc,98.61111111111111,603.625
NF,7145,1,con,97.22222222222221,574.3888888888889
NF,7145,1,inc,98.61111111111111,562.8194444444445
NF,7146,1,con,95.83333333333334,754.1111111111111
NF,7146,1,inc,100.0,723.1666666666666
NF,7147,1,con,100.0,663.9166666666666
NF,7147,1,inc,100.0,649.4305555555555
NF,7150,1,con,95.45454545454545,521.3181818181819
NF,7150,1,inc,76.13636363636364,583.5113636363636
NF,7151,1,con,95.83333333333334,754.875
NF,7151,1,inc,95.83333333333334,762.3888888888889
NF,7152,1,con,95.83333333333334,519.2083333333334
NF,7152,1,inc,100.0,529.1527777777778
NF,7153,1,con,97.22222222222221,827.7222222222222
NF,7153,1,inc,97.22222222222221,832.5138888888889
NF,7155,1,con,93.05555555555556,865.6944444444445
NF,7155,1,inc,98.61111111111111,874.0416666666666
NF,7156,1,con,97.22222222222221,591.9027777777778
NF,7156,1,inc,98.61111111111111,592.6666666666666
NF,7157,1,con,88.88888888888889,556.8194444444445
NF,7157,1,inc,95.83333333333334,591.6527777777778
NF,7158,1,con,94.44444444444444,567.8333333333334
NF,7158,1,inc,93.05555555555556,549.5555555555555
NF,7159,1,con,98.61111111111111,817.3333333333334
NF,7159,1,inc,98.61111111111111,841.9583333333334
NF,7160,1,con,98.61111111111111,718.0833333333334
NF,7160,1,inc,100.0,713.7916666666666
NF,7161,1,con,95.83333333333334,647.5
NF,7161,1,inc,94.44444444444444,648.3611111111111
NF,7164,1,con,100.0,637.7638888888889
NF,7164,1,inc,98.61111111111111,638.5
NF,7165,1,con,100.0,744.7361111111111
NF,7165,1,inc,100.0,770.0972222222222
NF,7166,1,con,98.61111111111111,723.0694444444445
NF,7166,1,inc,100.0,714.5
NF,7167,1,con,93.05555555555556,561.5277777777778
NF,7167,1,inc,97.22222222222221,603.4722222222222
NF,7168,1,con,76.25,667.475
NF,7168,1,inc,83.75,608.4875
NF,7170,1,con,97.22222222222221,735.1388888888889
NF,7170,1,inc,100.0,713.0833333333334
NF,7171,1,con,98.61111111111111,606.8888888888889
NF,7171,1,inc,100.0,596.5833333333334
NF,7172,1,con,97.22222222222221,688.5416666666666
NF,7172,1,inc,97.22222222222221,690.0
NF,7173,1,con,98.61111111111111,673.3333333333334
NF,7173,1,inc,94.44444444444444,692.6388888888889
NF,7174,1,con,83.33333333333334,625.7083333333334
NF,7174,1,inc,94.44444444444444,708.6388888888889
NF,7175,1,con,98.61111111111111,637.9305555555555
NF,7175,1,inc,98.61111111111111,631.2222222222222
NF,7176,1,con,97.22222222222221,707.4722222222222
NF,7176,1,inc,95.83333333333334,706.4166666666666
NF,7177,1,con,94.44444444444444,838.125
NF,7177,1,inc,94.44444444444444,849.9027777777778
NF,7178,1,con,98.61111111111111,477.3888888888889
NF,7178,1,inc,100.0,509.75
NF,7180,1,con,98.61111111111111,587.7777777777778
NF,7180,1,inc,98.61111111111111,665.5
NF,7181,1,con,100.0,625.5694444444445
NF,7181,1,inc,98.61111111111111,636.625
NF,7182,1,con,88.75,716.0125
NF,7182,1,inc,90.0,724.875
NF,7183,1,con,91.66666666666666,508.93055555555554
NF,7183,1,inc,94.44444444444444,567.0416666666666
NF,7186,1,con,54.166666666666664,1089.861111111111
NF,7186,1,inc,50.0,1148.3333333333333
NF,7187,1,con,93.05555555555556,515.3472222222222
NF,7187,1,inc,98.61111111111111,559.9305555555555
NF,7188,1,con,97.22222222222221,477.84722222222223
NF,7188,1,inc,97.22222222222221,580.8055555555555
NF,7189,1,con,90.0,432.1
NF,7189,1,inc,81.25,503.3625
NF,7190,1,con,95.83333333333334,450.47222222222223
NF,7190,1,inc,93.05555555555556,554.6111111111111
NF,7191,1,con,92.5,525.1
NF,7191,1,inc,95.0,499.8125
NF,7192,1,con,97.22222222222221,620.2361111111111
NF,7192,1,inc,100.0,583.3194444444445
NF,7194,1,con,95.83333333333334,672.1666666666666
NF,7194,1,inc,98.61111111111111,628.2916666666666
NF,7195,1,con,95.83333333333334,542.5694444444445
NF,7195,1,inc,94.44444444444444,583.7083333333334
NF,7196,1,con,97.22222222222221,832.3472222222222
NF,7196,1,inc,97.22222222222221,787.7361111111111
NF,7197,1,con,97.22222222222221,704.0972222222222
NF,7197,1,inc,97.22222222222221,680.6527777777778
NF,7199,1,con,98.61111111111111,658.25
NF,7199,1,inc,97.22222222222221,625.9861111111111
NF,7200,1,con,100.0,779.5416666666666
NF,7200,1,inc,100.0,748.3472222222222
NF,7201,1,con,100.0,779.5416666666666
NF,7201,1,inc,100.0,748.3472222222222
NF,7202,1,con,97.22222222222221,555.1666666666666
NF,7202,1,inc,98.61111111111111,564.2638888888889
NF,7203,1,con,98.61111111111111,652.8472222222222
NF,7203,1,inc,98.61111111111111,693.2638888888889
NF,7204,1,con,97.5,477.325
NF,7204,1,inc,91.25,488.375
NF,7205,1,con,91.66666666666666,740.0277777777778
NF,7205,1,inc,97.22222222222221,732.1666666666666
NF,7206,1,con,97.22222222222221,552.9027777777778
NF,7206,1,inc,98.61111111111111,623.1527777777778
NF,7207,1,con,83.33333333333334,788.4166666666666
NF,7207,1,inc,76.38888888888889,855.9305555555555
NF,7208,1,con,97.22222222222221,777.5694444444445
NF,7208,1,inc,98.61111111111111,822.8333333333334
NF,7209,1,con,97.22222222222221,667.3472222222222
NF,7209,1,inc,100.0,708.8055555555555
NF,7211,1,con,90.27777777777779,542.9305555555555
NF,7211,1,inc,93.05555555555556,610.5138888888889
NF,7212,1,con,100.0,809.5138888888889
NF,7212,1,inc,95.83333333333334,795.5694444444445
NF,7213,1,con,97.22222222222221,579.0138888888889
NF,7213,1,inc,95.83333333333334,609.8194444444445
NF,7214,1,con,98.61111111111111,476.7638888888889
NF,7214,1,inc,97.22222222222221,539.4722222222222
NF,7215,1,con,87.5,582.2083333333334
NF,7215,1,inc,94.44444444444444,553.875
NF,7216,1,con,97.22222222222221,528.7222222222222
NF,7216,1,inc,90.27777777777779,585.4166666666666
NF,7218,1,con,72.22222222222221,870.3194444444445
NF,7218,1,inc,76.38888888888889,828.3333333333334
NF,7219,1,con,93.75,616.7
NF,7219,1,inc,87.5,681.0125
NF,7220,1,con,91.66666666666666,698.8055555555555
NF,7220,1,inc,94.44444444444444,879.0
NF,7221,1,con,98.61111111111111,599.9861111111111
NF,7221,1,inc,97.22222222222221,688.0972222222222
NF,7222,1,con,100.0,756.4166666666666
NF,7222,1,inc,100.0,766.2916666666666
NF,7223,1,con,97.22222222222221,689.5555555555555
NF,7223,1,inc,95.83333333333334,692.8333333333334
NF,7225,1,con,98.61111111111111,595.0972222222222
NF,7225,1,inc,95.83333333333334,640.3611111111111
NF,7226,1,con,85.0,375.5125
NF,7226,1,inc,73.75,383.5125
NF,7227,1,con,95.83333333333334,584.8055555555555
NF,7227,1,inc,100.0,563.4722222222222
NF,7229,1,con,100.0,590.8888888888889
NF,7229,1,inc,98.61111111111111,601.875
NF,7230,1,con,93.05555555555556,518.875
NF,7230,1,inc,95.83333333333334,572.7638888888889
NF,7231,1,con,93.05555555555556,555.9027777777778
NF,7231,1,inc,95.83333333333334,658.625
NF,7232,1,con,100.0,827.6805555555555
NF,7232,1,inc,97.22222222222221,842.9444444444445
NF,7233,1,con,97.22222222222221,689.1666666666666
NF,7233,1,inc,95.83333333333334,706.4861111111111
NF,7234,1,con,98.61111111111111,517.2083333333334
NF,7234,1,inc,100.0,546.0
NF,7235,1,con,100.0,499.31944444444446
NF,7235,1,inc,97.22222222222221,594.9861111111111
NF,7237,1,con,91.66666666666666,490.5416666666667
NF,7237,1,inc,93.05555555555556,550.3888888888889
NF,7238,1,con,100.0,611.5833333333334
NF,7238,1,inc,100.0,623.1805555555555
NF,7239,1,con,97.22222222222221,629.25
NF,7239,1,inc,98.61111111111111,643.1527777777778
NF,7240,nan,con,86.25,420.3
NF,7240,nan,inc,90.0,464.9125
NF,7241,1,con,97.22222222222221,491.5416666666667
NF,7241,1,inc,95.83333333333334,593.6944444444445
NF,7242,1,con,97.22222222222221,698.125
NF,7242,1,inc,95.83333333333334,722.625
NF,7243,1,con,98.61111111111111,639.7916666666666
NF,7243,1,inc,97.22222222222221,687.9305555555555
NF,7246,nan,con,100.0,796.9583333333334
NF,7246,nan,inc,98.61111111111111,783.8055555555555
NF,7248,1,con,91.66666666666666,549.75
NF,7248,1,inc,86.11111111111111,493.94444444444446
NF,7249,1,con,97.22222222222221,522.5833333333334
NF,7249,1,inc,98.61111111111111,559.1944444444445
NF,7250,1,con,97.22222222222221,676.3333333333334
NF,7250,1,inc,91.66666666666666,630.7638888888889
NF,7251,1,con,92.5,521.9
NF,7251,1,inc,88.75,578.2375
NF,7252,1,con,98.61111111111111,535.7777777777778
NF,7252,1,inc,98.61111111111111,546.9027777777778
NF,7254,1,con,98.61111111111111,646.5
NF,7254,1,inc,100.0,608.6111111111111
NF,7255,1,con,98.61111111111111,872.7916666666666
NF,7255,1,inc,100.0,882.5833333333334
NF,7700,1,con,98.61111111111111,698.1111111111111
NF,7700,1,inc,95.83333333333334,712.5833333333334
NF,7701,1,con,98.75,570.625
NF,7701,1,inc,92.5,587.25
NF,7702,1,con,97.22222222222221,672.1666666666666
NF,7702,1,inc,97.22222222222221,682.8472222222222
NF,7703,1,con,85.0,580.975
NF,7703,1,inc,90.0,569.4375
NF,7704,nan,con,97.5,750.8125
NF,7704,nan,inc,95.0,790.4
NF,7705,1,con,97.22222222222221,602.7638888888889
NF,7705,1,inc,93.05555555555556,591.8472222222222
NF,7706,1,con,90.27777777777779,581.7361111111111
NF,7706,1,inc,81.94444444444444,580.7916666666666
NF,7707,1,con,84.72222222222221,557.0416666666666
NF,7707,1,inc,81.94444444444444,620.1111111111111
NF,7708,1,con,88.88888888888889,588.0277777777778
NF,7708,1,inc,94.44444444444444,605.6944444444445
NF,7709,1,con,97.22222222222221,636.0277777777778
NF,7709,1,inc,95.83333333333334,660.4305555555555
NF,7710,1,con,85.0,657.2
NF,7710,1,inc,92.5,701.8375
NF,7712,1,con,93.75,783.325
NF,7712,1,inc,92.5,814.5375
NF,7713,nan,con,98.61111111111111,616.2638888888889
NF,7713,nan,inc,94.44444444444444,632.9027777777778
NF,7714,1,con,94.44444444444444,518.2083333333334
NF,7714,1,inc,91.66666666666666,526.625
NF,7715,1,con,95.83333333333334,437.05555555555554
NF,7715,1,inc,93.05555555555556,495.8333333333333
NF,7716,1,con,91.66666666666666,513.8055555555555
NF,7716,1,inc,91.66666666666666,565.0416666666666
NF,7717,nan,con,100.0,703.625
NF,7717,nan,inc,98.61111111111111,712.6805555555555
NF,7718,1,con,95.83333333333334,697.7916666666666
NF,7718,1,inc,93.05555555555556,692.3194444444445
NF,7721,nan,con,97.22222222222221,480.3888888888889
NF,7721,nan,inc,91.66666666666666,526.5555555555555
NF,7722,1,con,95.83333333333334,620.0277777777778
NF,7722,1,inc,100.0,614.7361111111111
NF,7723,nan,con,98.61111111111111,698.9166666666666
NF,7723,nan,inc,98.61111111111111,731.4305555555555
NF,7724,1,con,98.61111111111111,664.0277777777778
NF,7724,1,inc,100.0,664.0416666666666
NF,7725,1,con,91.66666666666666,737.2638888888889
NF,7725,1,inc,93.05555555555556,732.875
NF,7726,1,con,96.25,700.5125
NF,7726,1,inc,91.25,760.0125
NF,7727,1,con,95.83333333333334,651.2777777777778
NF,7727,1,inc,95.83333333333334,645.7638888888889
NF,7728,1,con,98.61111111111111,717.7777777777778
NF,7728,1,inc,97.22222222222221,743.0555555555555
NF,7729,1,con,86.25,715.7
NF,7729,1,inc,82.5,757.025
NF,7730,1,con,95.83333333333334,722.9305555555555
NF,7730,1,inc,93.05555555555556,720.1111111111111
NF,7732,1,con,93.05555555555556,510.47222222222223
NF,7732,1,inc,90.27777777777779,491.97222222222223
NF,7733,1,con,93.05555555555556,614.4166666666666
NF,7733,1,inc,88.88888888888889,694.6944444444445
NF,7734,1,con,83.75,501.175
NF,7734,1,inc,53.75,592.8125
NF,7735,1,con,94.44444444444444,654.8888888888889
NF,7735,1,inc,91.66666666666666,712.0277777777778
NF,7736,1,con,97.22222222222221,518.0833333333334
NF,7736,1,inc,95.83333333333334,566.2638888888889
NF,7738,1,con,82.5,673.825
NF,7738,1,inc,82.5,731.55
NF,7739,1,con,95.83333333333334,903.5694444444445
NF,7739,1,inc,95.83333333333334,1033.375
NF,7740,1,con,94.44444444444444,631.7777777777778
NF,7740,1,inc,98.61111111111111,665.8472222222222
NF,7741,1,con,97.22222222222221,795.7361111111111
NF,7741,1,inc,97.22222222222221,827.625
NF,7742,1,con,91.66666666666666,548.4722222222222
NF,7742,1,inc,93.05555555555556,575.8055555555555
NF,7743,1,con,94.44444444444444,572.9305555555555
NF,7743,1,inc,76.38888888888889,622.3472222222222
NF,7744,1,con,94.44444444444444,611.1111111111111
NF,7744,1,inc,98.61111111111111,590.0277777777778
NF,7745,1,con,97.22222222222221,559.4861111111111
NF,7745,1,inc,100.0,621.3333333333334
NF,7746,1,con,93.05555555555556,527.6388888888889
NF,7746,1,inc,86.11111111111111,567.4166666666666
NF,7747,1,con,95.83333333333334,704.4583333333334
NF,7747,1,inc,93.05555555555556,711.9027777777778
NF,7748,1,con,97.22222222222221,582.5694444444445
NF,7748,1,inc,100.0,585.4722222222222
NF,7749,1,con,95.83333333333334,618.9722222222222
NF,7749,1,inc,97.22222222222221,582.3472222222222
NF,7750,1,con,96.25,518.625
NF,7750,1,inc,93.75,617.0
NF,7751,1,con,95.0,491.8125
NF,7751,1,inc,76.25,597.1875
NF,7752,1,con,98.61111111111111,544.9861111111111
NF,7752,1,inc,98.61111111111111,639.7222222222222
NF,7753,1,con,93.05555555555556,533.3055555555555
NF,7753,1,inc,90.27777777777779,573.3611111111111
NF,7754,1,con,98.61111111111111,601.0416666666666
NF,7754,1,inc,95.83333333333334,712.7638888888889
NF,7755,nan,con,98.61111111111111,727.2361111111111
NF,7755,nan,inc,100.0,713.2916666666666
NF,7756,1,con,95.83333333333334,694.7361111111111
NF,7756,1,inc,95.83333333333334,694.8888888888889
NF,7757,1,con,87.5,469.93055555555554
NF,7757,1,inc,91.66666666666666,510.94444444444446
NF,7758,1,con,93.05555555555556,616.75
NF,7758,1,inc,84.72222222222221,604.0972222222222
NF,7759,1,con,94.44444444444444,485.7083333333333
NF,7759,1,inc,95.83333333333334,543.7638888888889
NF,7760,nan,con,53.75,1200.4875
NF,7760,nan,inc,52.5,1234.05
NF,7761,1,con,91.25,542.675
NF,7761,1,inc,78.75,639.525
NF,7762,1,con,88.88888888888889,739.9861111111111
NF,7762,1,inc,91.66666666666666,719.0833333333334
NF,7763,1,con,95.83333333333334,533.1666666666666
NF,7763,1,inc,95.83333333333334,537.4305555555555
NF,7764,1,con,95.83333333333334,638.9583333333334
NF,7764,1,inc,97.22222222222221,676.8194444444445
NF,7765,1,con,95.83333333333334,587.8194444444445
NF,7765,1,inc,91.66666666666666,617.7222222222222
NF,7766,nan,con,93.75,707.8375
NF,7766,nan,inc,97.5,706.15
NF,7767,1,con,100.0,735.625
NF,7767,1,inc,97.22222222222221,746.6527777777778
NF,7768,1,con,15.277777777777779,1623.5972222222222
NF,7768,1,inc,15.277777777777779,1646.513888888889
NF,7769,1,con,97.22222222222221,675.5972222222222
NF,7769,1,inc,97.22222222222221,697.7222222222222
NF,7770,1,con,97.22222222222221,506.55555555555554
NF,7770,1,inc,97.22222222222221,522.0972222222222
NF,7771,nan,con,83.75,591.0875
NF,7771,nan,inc,78.75,644.2
NF,7772,1,con,100.0,702.3333333333334
NF,7772,1,inc,100.0,696.5138888888889
NF,7773,1,con,97.22222222222221,496.0833333333333
NF,7773,1,inc,87.5,572.3055555555555
NF,7774,1,con,91.66666666666666,490.375
NF,7774,1,inc,83.33333333333334,576.4305555555555
NF,7775,1,con,98.61111111111111,633.4583333333334
NF,7775,1,inc,81.94444444444444,815.4444444444445
NF,7776,1,con,97.22222222222221,539.3333333333334
NF,7776,1,inc,98.61111111111111,569.0
NF,7777,1,con,97.22222222222221,711.3194444444445
NF,7777,1,inc,98.61111111111111,698.0833333333334
NF,7778,1,con,93.05555555555556,605.2638888888889
NF,7778,1,inc,90.27777777777779,623.5416666666666
NF,7779,1,con,95.83333333333334,631.7222222222222
NF,7779,1,inc,95.83333333333334,648.125
NF,7780,1,con,97.22222222222221,510.27777777777777
NF,7780,1,inc,95.83333333333334,532.6666666666666
NF,7781,1,con,97.22222222222221,680.0416666666666
NF,7781,1,inc,98.61111111111111,676.5138888888889
NF,7782,1,con,98.61111111111111,705.6944444444445
NF,7782,1,inc,88.88888888888889,725.1944444444445
NF,7783,1,con,97.22222222222221,800.7916666666666
NF,7783,1,inc,100.0,791.875
NF,7784,1,con,93.05555555555556,686.875
NF,7784,1,inc,97.22222222222221,683.9305555555555
NF,7785,1,con,97.22222222222221,583.0
NF,7785,1,inc,97.22222222222221,639.9722222222222
NF,7786,1,con,98.61111111111111,659.7916666666666
NF,7786,1,inc,97.22222222222221,709.9722222222222
NF,7787,1,con,95.83333333333334,721.9305555555555
NF,7787,1,inc,94.44444444444444,717.875
NF,7788,1,con,98.61111111111111,646.3333333333334
NF,7788,1,inc,97.22222222222221,664.0694444444445
NF,7789,1,con,94.44444444444444,545.6944444444445
NF,7789,1,inc,95.83333333333334,545.2361111111111
NF,7790,1,con,94.44444444444444,557.8333333333334
NF,7790,1,inc,97.22222222222221,602.1805555555555
NF,7791,1,con,98.61111111111111,548.4722222222222
NF,7791,1,inc,95.83333333333334,608.6527777777778
NF,7792,1,con,94.44444444444444,514.7916666666666
NF,7792,1,inc,100.0,549.7222222222222
NF,7793,1,con,90.27777777777779,525.3888888888889
NF,7793,1,inc,83.33333333333334,529.0138888888889
NF,7794,1,con,73.75,516.85
NF,7794,1,inc,68.75,541.125
NF,7795,1,con,91.25,533.9
NF,7795,1,inc,86.25,641.9
NF,7797,1,con,97.22222222222221,497.81944444444446
NF,7797,1,inc,97.22222222222221,541.4583333333334
NF,7798,1,con,88.75,462.675
NF,7798,1,inc,77.5,525.35
NF,7799,1,con,91.66666666666666,577.3333333333334
NF,7799,1,inc,84.72222222222221,622.2777777777778
NF,7800,1,con,93.05555555555556,651.5138888888889
NF,7800,1,inc,93.05555555555556,676.1944444444445
NF,7801,1,con,97.22222222222221,637.625
NF,7801,1,inc,98.61111111111111,639.3888888888889
NF,7802,1,con,94.44444444444444,654.3055555555555
NF,7802,1,inc,95.83333333333334,713.4861111111111
NF,7803,1,con,95.0,788.0
NF,7803,1,inc,90.0,847.3375
NF,7805,1,con,98.61111111111111,514.8055555555555
NF,7805,1,inc,97.22222222222221,576.7222222222222
NF,7806,1,con,100.0,648.5555555555555
NF,7806,1,inc,100.0,634.6805555555555
NF,7807,1,con,95.83333333333334,441.8333333333333
NF,7807,1,inc,100.0,511.4861111111111
NF,7808,1,con,95.83333333333334,492.80555555555554
NF,7808,1,inc,91.66666666666666,563.8611111111111
NF,7810,1,con,76.38888888888889,461.3888888888889
NF,7810,1,inc,43.05555555555556,536.0833333333334
NF,7978,1,con,90.27777777777779,573.0694444444445
NF,7978,1,inc,98.61111111111111,622.4583333333334
NF,8000,1,con,98.61111111111111,643.1666666666666
NF,8000,1,inc,98.61111111111111,629.4722222222222
NF,8000,2,con,98.61111111111111,566.375
NF,8000,2,inc,98.61111111111111,614.3194444444445
NF,8000,3,con,95.83333333333334,572.1666666666666
NF,8000,3,inc,100.0,594.3611111111111
NF,8001,1,con,98.61111111111111,577.4722222222222
NF,8001,1,inc,95.83333333333334,553.0
NF,8002,1,con,98.61111111111111,543.5555555555555
NF,8002,1,inc,98.61111111111111,558.5
NF,8002,2,con,97.22222222222221,567.6944444444445
NF,8002,2,inc,100.0,580.4027777777778
NF,8002,3,con,98.61111111111111,492.05555555555554
NF,8002,3,inc,100.0,511.0138888888889
NF,8003,1,con,95.83333333333334,622.6666666666666
NF,8003,1,inc,100.0,617.4444444444445
NF,8003,2,con,94.44444444444444,609.8055555555555
NF,8003,2,inc,95.83333333333334,604.9722222222222
NF,8003,3,con,97.22222222222221,547.0833333333334
NF,8003,3,inc,94.44444444444444,551.3472222222222
NF,8004,1,con,98.61111111111111,587.1666666666666
NF,8004,1,inc,98.61111111111111,604.6111111111111
NF,8004,2,con,98.61111111111111,539.8472222222222
NF,8004,2,inc,95.83333333333334,551.8055555555555
NF,8004,3,con,98.61111111111111,584.7361111111111
NF,8004,3,inc,100.0,594.5
NF,8005,1,con,97.22222222222221,528.6944444444445
NF,8005,1,inc,100.0,532.3611111111111
NF,8005,2,con,93.05555555555556,406.18055555555554
NF,8005,2,inc,97.22222222222221,439.34722222222223
NF,8005,3,con,90.27777777777779,398.6388888888889
NF,8005,3,inc,95.83333333333334,456.90277777777777
NF,8006,1,con,100.0,434.5
NF,8006,1,inc,97.22222222222221,450.55555555555554
NF,8006,2,con,98.61111111111111,396.0138888888889
NF,8006,2,inc,98.61111111111111,453.30555555555554
NF,8006,3,con,97.22222222222221,388.7916666666667
NF,8006,3,inc,97.22222222222221,439.7916666666667
NF,8007,1,con,94.44444444444444,719.4722222222222
NF,8007,1,inc,95.83333333333334,650.9861111111111
NF,8008,1,con,100.0,652.4583333333334
NF,8008,1,inc,100.0,669.7083333333334
NF,8008,3,con,100.0,698.5416666666666
NF,8008,3,inc,100.0,728.0138888888889
NF,8009,1,con,94.44444444444444,586.4444444444445
NF,8009,1,inc,97.22222222222221,636.7361111111111
NF,8009,2,con,97.22222222222221,501.6666666666667
NF,8009,2,inc,94.44444444444444,528.8472222222222
NF,8009,3,con,94.44444444444444,472.47222222222223
NF,8009,3,inc,98.61111111111111,518.2083333333334
NF,8011,1,con,97.22222222222221,651.8055555555555
NF,8011,1,inc,100.0,663.0277777777778
NF,8011,2,con,97.22222222222221,643.3055555555555
NF,8011,2,inc,100.0,639.1666666666666
NF,8011,3,con,97.22222222222221,637.0833333333334
NF,8011,3,inc,98.61111111111111,620.8888888888889
NF,8012,1,con,100.0,718.4027777777778
NF,8012,1,inc,100.0,719.4583333333334
NF,8012,2,con,98.61111111111111,582.1666666666666
NF,8012,2,inc,98.61111111111111,596.8472222222222
NF,8012,3,con,98.61111111111111,592.25
NF,8012,3,inc,98.61111111111111,600.1944444444445
NF,8014,1,con,95.83333333333334,646.4444444444445
NF,8014,1,inc,98.61111111111111,670.3611111111111
NF,8014,2,con,97.22222222222221,573.8611111111111
NF,8014,2,inc,100.0,603.7361111111111
NF,8014,3,con,98.61111111111111,596.3194444444445
NF,8014,3,inc,100.0,607.3055555555555
NF,8015,1,con,91.66666666666666,602.4305555555555
NF,8015,1,inc,90.27777777777779,613.9861111111111
NF,8016,1,con,97.22222222222221,779.0416666666666
NF,8016,1,inc,100.0,787.2361111111111
NF,8016,2,con,98.61111111111111,708.5694444444445
NF,8016,2,inc,100.0,705.25
NF,8016,3,con,98.61111111111111,747.6944444444445
NF,8016,3,inc,100.0,750.9027777777778
NF,8017,1,con,97.5,581.8375
NF,8017,1,inc,93.75,562.5375
NF,8017,2,con,98.61111111111111,518.5
NF,8017,2,inc,97.22222222222221,572.7916666666666
NF,8017,3,con,97.22222222222221,495.7361111111111
NF,8017,3,inc,100.0,543.3194444444445
NF,8018,1,con,91.25,640.325
NF,8018,1,inc,95.0,646.625
NF,8018,2,con,55.55555555555556,1035.263888888889
NF,8018,2,inc,51.388888888888886,1146.0416666666667
NF,8018,3,con,97.22222222222221,510.22222222222223
NF,8018,3,inc,97.22222222222221,594.9027777777778
NF,8019,1,con,97.22222222222221,671.2361111111111
NF,8019,1,inc,98.61111111111111,736.125
NF,8019,2,con,95.83333333333334,716.7777777777778
NF,8019,2,inc,97.22222222222221,795.0138888888889
NF,8019,3,con,95.83333333333334,774.3055555555555
NF,8019,3,inc,100.0,816.5
NF,8020,2,con,97.22222222222221,675.9583333333334
NF,8020,2,inc,98.61111111111111,703.4722222222222
NF,8020,3,con,98.61111111111111,620.4722222222222
NF,8020,3,inc,94.44444444444444,642.7916666666666
NF,8021,1,con,95.83333333333334,684.6944444444445
NF,8021,1,inc,95.83333333333334,658.7916666666666
NF,8021,2,con,98.61111111111111,616.1388888888889
NF,8021,2,inc,100.0,635.4861111111111
NF,8022,1,con,97.22222222222221,575.5694444444445
NF,8022,1,inc,91.66666666666666,613.7777777777778
NF,8022,2,con,97.22222222222221,621.1527777777778
NF,8022,2,inc,98.61111111111111,625.4305555555555
NF,8022,3,con,94.44444444444444,549.875
NF,8022,3,inc,98.61111111111111,573.875
NF,8023,1,con,100.0,587.2361111111111
NF,8023,1,inc,94.44444444444444,620.125
NF,8023,2,con,98.61111111111111,570.1527777777778
NF,8023,2,inc,100.0,612.7222222222222
NF,8023,3,con,100.0,678.2777777777778
NF,8023,3,inc,100.0,677.0277777777778
NF,8024,1,con,90.0,558.9625
NF,8024,1,inc,82.5,599.5875
NF,8024,2,con,83.33333333333334,503.4166666666667
NF,8024,2,inc,77.77777777777779,506.8333333333333
NF,8026,1,con,98.61111111111111,489.6111111111111
NF,8026,1,inc,97.22222222222221,536.75
NF,8026,2,con,94.44444444444444,435.4583333333333
NF,8026,2,inc,97.22222222222221,484.7638888888889
NF,8026,3,con,100.0,461.90277777777777
NF,8026,3,inc,100.0,515.9027777777778
NF,8027,1,con,98.61111111111111,612.9305555555555
NF,8027,1,inc,97.22222222222221,616.9444444444445
NF,8027,2,con,100.0,607.7083333333334
NF,8027,2,inc,98.61111111111111,624.6944444444445
NF,8030,1,con,90.0,741.9875
NF,8030,1,inc,95.0,781.275
NF,8030,2,con,93.05555555555556,735.6944444444445
NF,8030,2,inc,94.44444444444444,713.6944444444445
NF,8030,3,con,100.0,661.9583333333334
NF,8030,3,inc,100.0,672.4722222222222
NF,8031,1,con,100.0,549.0833333333334
NF,8031,1,inc,94.44444444444444,569.2638888888889
NF,8031,2,con,95.83333333333334,534.5694444444445
NF,8031,2,inc,97.22222222222221,576.3333333333334
NF,8031,3,con,94.44444444444444,506.97222222222223
NF,8031,3,inc,98.61111111111111,565.0416666666666
NF,8032,1,con,95.83333333333334,575.7777777777778
NF,8032,1,inc,98.61111111111111,607.4305555555555
NF,8032,2,con,98.61111111111111,509.4861111111111
NF,8032,2,inc,97.22222222222221,541.8472222222222
NF,8034,1,con,97.22222222222221,604.0416666666666
NF,8034,1,inc,88.88888888888889,646.4305555555555
NF,8035,1,con,96.25,687.2
NF,8035,1,inc,85.0,722.2375
NF,8035,2,con,95.83333333333334,641.3333333333334
NF,8035,2,inc,95.83333333333334,657.0833333333334
NF,8035,3,con,98.61111111111111,621.7222222222222
NF,8035,3,inc,97.22222222222221,648.5972222222222
NF,8036,1,con,90.0,813.7875
NF,8036,1,inc,90.0,823.15
NF,8036,2,con,94.44444444444444,689.7361111111111
NF,8036,2,inc,94.44444444444444,744.3611111111111
NF,8036,3,con,95.0,761.3
NF,8036,3,inc,100.0,806.325
NF,8037,1,con,98.61111111111111,717.0416666666666
NF,8037,1,inc,100.0,714.0416666666666
NF,8037,2,con,95.83333333333334,630.1666666666666
NF,8037,2,inc,95.83333333333334,659.0694444444445
NF,8037,3,con,97.22222222222221,626.3611111111111
NF,8037,3,inc,98.61111111111111,606.1388888888889
NF,8038,1,con,84.72222222222221,485.75
NF,8038,1,inc,81.94444444444444,556.5972222222222
NF,8038,2,con,94.44444444444444,479.125
NF,8038,2,inc,97.22222222222221,518.2777777777778
NF,8038,3,con,95.83333333333334,481.40277777777777
NF,8038,3,inc,100.0,541.2916666666666
NF,8039,1,con,93.05555555555556,357.75
NF,8039,1,inc,84.72222222222221,428.8888888888889
NF,8039,2,con,94.44444444444444,391.1111111111111
NF,8039,2,inc,100.0,454.22222222222223
NF,8039,3,con,95.83333333333334,382.43055555555554
NF,8039,3,inc,90.27777777777779,403.94444444444446
NF,8040,1,con,98.61111111111111,727.125
NF,8040,1,inc,94.44444444444444,756.125
NF,8040,2,con,100.0,591.9166666666666
NF,8040,2,inc,98.61111111111111,601.4166666666666
NF,8040,3,con,98.61111111111111,662.9861111111111
NF,8040,3,inc,100.0,683.4722222222222
NF,8042,1,con,91.66666666666666,617.2638888888889
NF,8042,1,inc,95.83333333333334,620.3055555555555
NF,8046,1,con,97.22222222222221,556.3055555555555
NF,8046,1,inc,91.66666666666666,619.5555555555555
NF,8046,2,con,95.83333333333334,463.09722222222223
NF,8046,2,inc,88.88888888888889,527.2222222222222
NF,8046,3,con,97.22222222222221,496.3611111111111
NF,8046,3,inc,91.66666666666666,537.7916666666666
NF,8047,1,con,97.22222222222221,534.875
NF,8047,1,inc,98.61111111111111,530.3611111111111
NF,8047,2,con,97.22222222222221,505.52777777777777
NF,8047,2,inc,100.0,526.75
NF,8047,3,con,100.0,523.2083333333334
NF,8047,3,inc,98.61111111111111,540.9583333333334
NF,8048,1,con,91.66666666666666,495.44444444444446
NF,8048,1,inc,98.61111111111111,509.7638888888889
NF,8048,2,con,95.83333333333334,515.5972222222222
NF,8048,2,inc,95.83333333333334,518.6388888888889
NF,8048,3,con,94.44444444444444,440.125
NF,8048,3,inc,97.22222222222221,475.27777777777777
NF,8050,1,con,98.61111111111111,480.125
NF,8050,1,inc,84.72222222222221,575.0277777777778
NF,8050,2,con,98.61111111111111,508.625
NF,8050,2,inc,97.22222222222221,565.1805555555555
NF,8051,1,con,97.22222222222221,512.4444444444445
NF,8051,1,inc,93.05555555555556,600.1944444444445
NF,8051,2,con,93.05555555555556,498.7916666666667
NF,8051,2,inc,88.88888888888889,550.625
NF,8051,3,con,93.05555555555556,516.8055555555555
NF,8051,3,inc,94.44444444444444,567.7638888888889
NF,8052,1,con,95.83333333333334,521.0416666666666
NF,8052,1,inc,95.83333333333334,559.4861111111111
NF,8052,2,con,95.83333333333334,484.15277777777777
NF,8052,2,inc,100.0,516.6111111111111
NF,8052,3,con,100.0,492.1666666666667
NF,8052,3,inc,100.0,521.7083333333334
NF,8053,1,con,100.0,768.8888888888889
NF,8053,1,inc,97.22222222222221,844.8055555555555
NF,8053,2,con,97.22222222222221,639.2083333333334
NF,8053,2,inc,100.0,687.7638888888889
NF,8053,nan,con,100.0,652.25
NF,8053,nan,inc,98.61111111111111,657.125
NF,8054,1,con,93.05555555555556,613.375
NF,8054,1,inc,91.66666666666666,652.3194444444445
NF,8054,2,con,91.66666666666666,600.0
NF,8054,2,inc,98.61111111111111,628.3611111111111
NF,8056,1,con,91.66666666666666,654.9027777777778
NF,8056,1,inc,94.44444444444444,648.375
NF,8056,2,con,95.83333333333334,579.5416666666666
NF,8056,2,inc,94.44444444444444,593.0138888888889
NF,8056,3,con,87.5,646.2222222222222
NF,8056,3,inc,88.88888888888889,700.1944444444445
NF,8058,1,con,90.27777777777779,459.59722222222223
NF,8058,1,inc,91.66666666666666,466.4861111111111
NF,8058,2,con,90.0,528.2
NF,8058,2,inc,87.5,516.175
NF,8060,1,con,98.61111111111111,516.7777777777778
NF,8060,1,inc,98.61111111111111,594.0972222222222
NF,8060,2,con,95.83333333333334,421.7361111111111
NF,8060,2,inc,95.83333333333334,503.69444444444446
NF,8060,3,con,97.22222222222221,416.05555555555554
NF,8060,3,inc,98.61111111111111,508.5
NF,8061,1,con,98.61111111111111,523.5
NF,8061,1,inc,97.22222222222221,660.8611111111111
NF,8062,1,con,98.61111111111111,543.9027777777778
NF,8062,1,inc,98.61111111111111,570.625
NF,8062,2,con,98.61111111111111,522.3472222222222
NF,8062,2,inc,95.83333333333334,527.8333333333334
NF,8063,1,con,98.61111111111111,577.4444444444445
NF,8063,1,inc,100.0,601.8194444444445
NF,8063,2,con,98.61111111111111,581.2638888888889
NF,8063,2,inc,97.22222222222221,605.2083333333334
NF,8063,nan,con,98.61111111111111,586.0555555555555
NF,8063,nan,inc,98.61111111111111,616.25
NF,8064,1,con,97.22222222222221,790.1527777777778
NF,8064,1,inc,100.0,831.5138888888889
NF,8064,2,con,98.61111111111111,689.7916666666666
NF,8064,2,inc,98.61111111111111,787.1805555555555
NF,8065,1,con,97.22222222222221,546.8055555555555
NF,8065,1,inc,98.61111111111111,591.1805555555555
NF,8065,2,con,98.61111111111111,555.4583333333334
NF,8065,2,inc,98.61111111111111,598.8333333333334
NF,8065,nan,con,94.44444444444444,502.1111111111111
NF,8065,nan,inc,98.61111111111111,552.7638888888889
NF,8066,2,con,97.22222222222221,500.1111111111111
NF,8066,2,inc,98.61111111111111,552.1666666666666
NF,8066,3,con,98.61111111111111,477.90277777777777
NF,8066,3,inc,100.0,520.0694444444445
NF,8067,1,con,95.83333333333334,586.7916666666666
NF,8067,1,inc,98.61111111111111,633.875
NF,8068,1,con,97.22222222222221,788.0972222222222
NF,8068,1,inc,94.44444444444444,854.0
NF,8068,2,con,97.22222222222221,791.5972222222222
NF,8068,2,inc,98.61111111111111,795.0138888888889
NF,8068,nan,con,98.61111111111111,807.8055555555555
NF,8068,nan,inc,100.0,822.875
NF,8069,1,con,98.61111111111111,637.9861111111111
NF,8069,1,inc,98.61111111111111,678.9722222222222
NF,8069,2,con,100.0,626.0972222222222
NF,8069,2,inc,100.0,664.5694444444445
NF,8069,nan,con,97.22222222222221,613.6388888888889
NF,8069,nan,inc,98.61111111111111,628.0277777777778
NF,8070,1,con,88.88888888888889,498.09722222222223
NF,8070,1,inc,98.61111111111111,500.5833333333333
NF,8070,2,con,94.44444444444444,449.25
NF,8070,2,inc,93.05555555555556,471.0833333333333
NF,8070,nan,con,87.5,451.94444444444446
NF,8070,nan,inc,94.44444444444444,463.4166666666667
NF,8072,1,con,83.33333333333334,480.1666666666667
NF,8072,1,inc,81.94444444444444,489.5833333333333
NF,8072,2,con,76.38888888888889,376.7916666666667
NF,8072,2,inc,61.111111111111114,412.18055555555554
NF,8073,1,con,97.22222222222221,470.31944444444446
NF,8073,1,inc,98.61111111111111,522.6388888888889
NF,8073,2,con,98.61111111111111,442.6388888888889
NF,8073,2,inc,97.22222222222221,469.5833333333333
NF,8073,3,con,98.61111111111111,432.4861111111111
NF,8073,3,inc,98.61111111111111,460.22222222222223
NF,8074,1,con,95.0,631.625
NF,8074,1,inc,88.75,612.125
NF,8074,2,con,98.61111111111111,570.5972222222222
NF,8074,2,inc,95.83333333333334,579.0694444444445
NF,8074,nan,con,94.44444444444444,495.0138888888889
NF,8074,nan,inc,87.5,467.3333333333333
NF,8075,1,con,97.22222222222221,615.5277777777778
NF,8075,1,inc,98.61111111111111,649.0
NF,8075,3,con,98.61111111111111,472.8611111111111
NF,8075,3,inc,100.0,513.5138888888889
NF,8075,nan,con,97.22222222222221,502.6111111111111
NF,8075,nan,inc,98.61111111111111,519.7222222222222
NF,8076,1,con,97.22222222222221,603.4722222222222
NF,8076,1,inc,95.83333333333334,600.5277777777778
NF,8076,2,con,97.22222222222221,604.8055555555555
NF,8076,2,inc,98.61111111111111,631.1944444444445
NF,8076,3,con,95.83333333333334,568.1111111111111
NF,8076,3,inc,98.61111111111111,577.7361111111111
NF,8078,1,con,91.66666666666666,740.0277777777778
NF,8078,1,inc,97.22222222222221,732.1666666666666
NF,8078,2,con,98.61111111111111,696.2777777777778
NF,8078,2,inc,97.22222222222221,729.8472222222222
NF,8078,3,con,97.22222222222221,807.2361111111111
NF,8078,3,inc,98.61111111111111,769.2083333333334
NF,8079,1,con,100.0,756.4166666666666
NF,8079,1,inc,100.0,766.2916666666666
NF,8079,2,con,97.22222222222221,572.9583333333334
NF,8079,2,inc,100.0,595.2222222222222
NF,8079,3,con,98.61111111111111,571.5694444444445
NF,8079,3,inc,100.0,598.2916666666666
NF,8080,1,con,73.75,457.4125
NF,8080,1,inc,60.0,501.15
NF,8080,2,con,91.66666666666666,479.4166666666667
NF,8080,2,inc,90.27777777777779,501.3333333333333
NF,8080,3,con,91.66666666666666,495.90277777777777
NF,8080,3,inc,87.5,493.84722222222223
NF,8081,1,con,95.0,521.475
NF,8081,1,inc,95.0,482.55
NF,8081,2,con,93.05555555555556,459.6111111111111
NF,8081,2,inc,100.0,434.97222222222223
NF,8083,1,con,95.83333333333334,504.0138888888889
NF,8083,1,inc,95.83333333333334,556.375
NF,8083,3,con,94.44444444444444,418.6666666666667
NF,8083,3,inc,95.83333333333334,461.68055555555554
NF,8083,nan,con,94.44444444444444,440.47222222222223
NF,8083,nan,inc,97.22222222222221,486.0416666666667
NF,8084,1,con,88.75,669.9875
NF,8084,1,inc,87.5,660.925
NF,8084,2,con,95.83333333333334,569.4444444444445
NF,8084,2,inc,88.88888888888889,647.3055555555555
NF,8084,3,con,97.22222222222221,603.5555555555555
NF,8084,3,inc,95.83333333333334,618.6527777777778
NF,8085,1,con,95.83333333333334,596.3055555555555
NF,8085,1,inc,95.83333333333334,592.4583333333334
NF,8085,2,con,90.27777777777779,450.15277777777777
NF,8085,2,inc,86.11111111111111,484.0833333333333
NF,8087,1,con,98.61111111111111,535.7777777777778
NF,8087,1,inc,98.61111111111111,546.9027777777778
NF,8087,2,con,98.61111111111111,490.2638888888889
NF,8087,2,inc,100.0,506.59722222222223
NF,8087,3,con,95.83333333333334,513.7638888888889
NF,8087,3,inc,95.83333333333334,498.05555555555554
NF,8088,1,con,98.61111111111111,681.7222222222222
NF,8088,1,inc,97.22222222222221,670.5694444444445
NF,8088,2,con,95.83333333333334,758.7777777777778
NF,8088,2,inc,95.83333333333334,798.3333333333334
NF,8088,3,con,93.75,666.9625
NF,8088,3,inc,97.5,688.6375
NF,8090,1,con,91.25,620.125
NF,8090,1,inc,93.75,615.95
NF,8092,1,con,94.44444444444444,675.9444444444445
NF,8092,1,inc,94.44444444444444,680.4861111111111
NF,8092,3,con,90.27777777777779,737.6805555555555
NF,8092,3,inc,98.61111111111111,696.0138888888889
NF,8092,nan,con,97.22222222222221,732.5277777777778
NF,8092,nan,inc,97.22222222222221,748.5972222222222
NF,8093,1,con,94.44444444444444,560.5694444444445
NF,8093,1,inc,95.83333333333334,559.3055555555555
NF,8094,1,con,98.61111111111111,872.7916666666666
NF,8094,1,inc,100.0,882.5833333333334
NF,8094,2,con,100.0,656.9166666666666
NF,8094,2,inc,100.0,675.3888888888889
NF,8094,3,con,98.61111111111111,657.5277777777778
NF,8094,3,inc,98.61111111111111,667.5833333333334
NF,8095,1,con,97.22222222222221,491.5416666666667
NF,8095,1,inc,95.83333333333334,593.6944444444445
NF,8096,1,con,98.61111111111111,646.5
NF,8096,1,inc,100.0,608.6111111111111
NF,8096,2,con,94.44444444444444,602.3611111111111
NF,8096,2,inc,97.22222222222221,585.9305555555555
NF,8096,3,con,98.61111111111111,579.3611111111111
NF,8096,3,inc,97.22222222222221,577.4583333333334
NF,8098,1,con,98.61111111111111,725.5972222222222
NF,8098,1,inc,98.61111111111111,776.3055555555555
NF,8098,2,con,98.61111111111111,659.125
NF,8098,2,inc,98.61111111111111,669.625
NF,8099,1,con,97.22222222222221,516.4444444444445
NF,8099,1,inc,97.22222222222221,546.0972222222222
NF,8099,2,con,97.22222222222221,517.0694444444445
NF,8099,2,inc,100.0,553.3055555555555
NF,8100,1,con,97.22222222222221,556.6805555555555
NF,8100,1,inc,95.83333333333334,586.2777777777778
NF,8100,2,con,97.22222222222221,553.9722222222222
NF,8100,2,inc,94.44444444444444,579.6388888888889
NF,8101,1,con,97.22222222222221,786.6666666666666
NF,8101,1,inc,97.22222222222221,803.4027777777778
NF,8102,1,con,100.0,877.1527777777778
NF,8102,1,inc,100.0,880.1111111111111
NF,8102,2,con,98.61111111111111,485.55555555555554
NF,8102,2,inc,98.61111111111111,498.6666666666667
NF,8103,1,con,98.61111111111111,707.5
NF,8103,1,inc,98.61111111111111,734.0833333333334
NF,8103,2,con,98.61111111111111,539.1944444444445
NF,8103,2,inc,97.22222222222221,591.8194444444445
NF,8104,1,con,87.5,598.5138888888889
NF,8104,1,inc,93.05555555555556,608.4861111111111
NF,8104,2,con,95.83333333333334,585.9722222222222
NF,8104,2,inc,98.61111111111111,608.0416666666666
NF,8106,1,con,92.5,555.525
NF,8106,1,inc,86.25,617.3625
NF,8106,2,con,100.0,506.2083333333333
NF,8106,2,inc,98.61111111111111,577.0
NF,8107,1,con,94.44444444444444,636.9583333333334
NF,8107,1,inc,93.05555555555556,651.8888888888889
NF,8107,3,con,91.66666666666666,578.5
NF,8107,3,inc,91.66666666666666,583.4305555555555
NF,8108,1,con,94.44444444444444,492.80555555555554
NF,8108,1,inc,95.83333333333334,539.7222222222222
NF,8108,2,con,95.83333333333334,532.6944444444445
NF,8108,2,inc,93.05555555555556,550.0972222222222
NF,8111,1,con,100.0,608.9861111111111
NF,8111,1,inc,95.83333333333334,625.0972222222222
NF,8112,1,con,97.22222222222221,698.9027777777778
NF,8112,1,inc,100.0,665.5
NF,8113,1,con,98.61111111111111,684.9861111111111
NF,8113,1,inc,97.22222222222221,706.125
NF,8114,1,con,90.27777777777779,466.80555555555554
NF,8114,1,inc,80.55555555555556,490.30555555555554
NF,8114,2,con,91.66666666666666,517.1527777777778
NF,8114,2,inc,91.66666666666666,541.25
NF,8115,1,con,93.75,459.8875
NF,8115,1,inc,83.75,549.0
NF,8116,1,con,97.22222222222221,729.8194444444445
NF,8116,1,inc,100.0,688.5555555555555
NF,8116,2,con,98.61111111111111,611.1944444444445
NF,8116,2,inc,98.61111111111111,624.9027777777778
NF,8118,1,con,90.27777777777779,563.0972222222222
NF,8118,1,inc,83.33333333333334,580.4305555555555
NF,8119,1,con,100.0,642.6666666666666
NF,8119,1,inc,100.0,647.2777777777778
NF,8120,1,con,86.11111111111111,469.2638888888889
NF,8120,1,inc,83.33333333333334,564.9583333333334
NF,8120,2,con,84.72222222222221,473.1388888888889
NF,8120,2,inc,93.05555555555556,541.2638888888889
NF,8121,1,con,98.61111111111111,572.7638888888889
NF,8121,1,inc,100.0,610.7638888888889
NF,8121,2,con,100.0,520.9305555555555
NF,8121,2,inc,98.61111111111111,567.0972222222222
NF,8123,1,con,97.22222222222221,552.5416666666666
NF,8123,1,inc,100.0,553.2777777777778
NF,8124,1,con,100.0,552.9166666666666
NF,8124,1,inc,100.0,573.75
NF,8125,1,con,98.61111111111111,558.3055555555555
NF,8125,1,inc,98.61111111111111,562.3333333333334
NF,8126,1,con,100.0,601.5972222222222
NF,8126,1,inc,94.44444444444444,621.125
NF,8127,1,con,95.83333333333334,607.6111111111111
NF,8127,1,inc,100.0,618.7222222222222
NF,8128,1,con,95.83333333333334,667.8055555555555
NF,8128,1,inc,98.61111111111111,665.3472222222222
NF,8130,1,con,95.83333333333334,626.6666666666666
NF,8130,1,inc,95.83333333333334,675.6527777777778
NF,8131,1,con,97.22222222222221,719.9027777777778
NF,8131,1,inc,98.61111111111111,719.75
NF,8132,1,con,94.44444444444444,554.1666666666666
NF,8132,1,inc,94.44444444444444,589.9305555555555
NF,8136,1,con,98.61111111111111,407.40277777777777
NF,8136,1,inc,94.44444444444444,475.4583333333333
NF,8138,1,con,98.61111111111111,595.0
NF,8138,1,inc,98.61111111111111,586.0555555555555
NF,8139,1,con,98.61111111111111,620.6111111111111
NF,8139,1,inc,95.83333333333334,662.8055555555555
NF,8140,1,con,94.44444444444444,590.2222222222222
NF,8140,1,inc,97.22222222222221,653.7916666666666
NF,8145,1,con,91.66666666666666,669.2083333333334
NF,8145,1,inc,94.44444444444444,620.2222222222222
NF,8146,1,con,95.83333333333334,594.1388888888889
NF,8146,1,inc,93.05555555555556,585.4583333333334
NF,8149,1,con,97.22222222222221,465.9166666666667
NF,8149,1,inc,88.88888888888889,478.2361111111111
NF,83664,nan,con,83.33333333333334,523.8055555555555
NF,83664,nan,inc,84.72222222222221,546.8194444444445
NF,9002,1,con,97.22222222222221,707.4583333333334
NF,9002,1,inc,93.05555555555556,709.25
NF,9002,3,con,98.61111111111111,719.1388888888889
NF,9002,3,inc,95.83333333333334,739.4444444444445
NF,9003,1,con,95.83333333333334,553.1527777777778
NF,9003,1,inc,93.05555555555556,574.1805555555555
NF,9003,3,con,88.88888888888889,453.80555555555554
NF,9003,3,inc,90.27777777777779,502.2638888888889
NF,9004,1,con,97.22222222222221,662.0416666666666
NF,9004,1,inc,97.22222222222221,652.1111111111111
NF,9005,1,con,94.44444444444444,631.0833333333334
NF,9005,1,inc,98.61111111111111,650.2916666666666
NF,9005,2,con,95.83333333333334,643.4861111111111
NF,9005,2,inc,93.05555555555556,592.8888888888889
NF,9005,3,con,93.05555555555556,590.5694444444445
NF,9005,3,inc,97.22222222222221,601.2638888888889
NF,9007,1,con,97.22222222222221,656.3055555555555
NF,9007,1,inc,98.61111111111111,696.8611111111111
NF,9008,1,con,91.66666666666666,597.8055555555555
NF,9008,1,inc,93.05555555555556,541.2361111111111
NF,9009,1,con,100.0,684.8194444444445
NF,9009,1,inc,100.0,656.5833333333334
NF,9009,2,con,98.61111111111111,627.5833333333334
NF,9009,2,inc,98.61111111111111,635.8333333333334
NF,9009,3,con,98.61111111111111,599.6805555555555
NF,9009,3,inc,97.22222222222221,634.2222222222222
NF,9010,1,con,95.83333333333334,577.0416666666666
NF,9010,1,inc,95.83333333333334,576.0694444444445
NF,9010,2,con,98.61111111111111,550.4166666666666
NF,9010,2,inc,100.0,581.625
NF,9010,nan,con,94.44444444444444,534.3194444444445
NF,9010,nan,inc,98.61111111111111,566.4444444444445
NF,9011,1,con,91.25,508.5375
NF,9011,1,inc,97.5,522.2125
NF,9013,1,con,98.61111111111111,573.3055555555555
NF,9013,1,inc,98.61111111111111,626.9722222222222
NF,9013,2,con,98.61111111111111,571.3611111111111
NF,9013,2,inc,100.0,620.75
NF,9013,3,con,100.0,602.1527777777778
NF,9013,3,inc,100.0,637.4305555555555
NF,9014,1,con,93.75,575.1
NF,9014,1,inc,92.5,573.8125
NF,9015,1,con,91.25,482.9625
NF,9015,1,inc,87.5,499.15
NF,9015,2,con,100.0,466.4861111111111
NF,9015,2,inc,100.0,485.05555555555554
NF,9015,3,con,98.61111111111111,472.05555555555554
NF,9015,3,inc,98.61111111111111,492.0
NF,9017,1,con,87.5,931.7083333333334
NF,9017,1,inc,81.94444444444444,951.6527777777778
NF,9017,2,con,91.66666666666666,671.875
NF,9017,2,inc,98.61111111111111,670.4027777777778
NF,9017,3,con,95.83333333333334,681.7083333333334
NF,9017,3,inc,100.0,667.5138888888889
NF,9018,1,con,97.22222222222221,519.4583333333334
NF,9018,1,inc,98.61111111111111,561.875
NF,9019,1,con,98.61111111111111,687.1527777777778
NF,9019,1,inc,98.61111111111111,661.1388888888889
NF,9019,2,con,100.0,550.1944444444445
NF,9019,2,inc,95.83333333333334,531.5277777777778
NF,9019,3,con,98.61111111111111,493.4861111111111
NF,9019,3,inc,98.61111111111111,547.0555555555555
NF,9020,,con,96.25,575.8
NF,9020,,inc,86.25,619.05
NF,9021,1,con,79.16666666666666,576.2777777777778
NF,9021,1,inc,88.88888888888889,595.9583333333334
NF,9021,2,con,90.27777777777779,515.9861111111111
NF,9021,2,inc,90.27777777777779,545.8611111111111
NF,9021,3,con,93.05555555555556,514.7916666666666
NF,9021,3,inc,91.66666666666666,579.4305555555555
NF,9023,1,con,88.88888888888889,520.1666666666666
NF,9023,1,inc,90.27777777777779,521.2361111111111
NF,9023,2,con,94.44444444444444,579.8333333333334
NF,9023,2,inc,100.0,596.4861111111111
NF,9023,3,con,93.05555555555556,494.0416666666667
NF,9023,3,inc,95.83333333333334,523.0694444444445
NF,9024,1,con,91.25,724.2
NF,9024,1,inc,87.5,750.6125
NF,9024,2,con,93.05555555555556,721.7916666666666
NF,9024,2,inc,94.44444444444444,698.7361111111111
NF,9024,3,con,94.44444444444444,836.3611111111111
NF,9024,3,inc,95.83333333333334,839.9166666666666
NF,9028,1,con,93.05555555555556,493.9583333333333
NF,9028,1,inc,97.22222222222221,531.4722222222222
NF,9028,2,con,91.66666666666666,563.0555555555555
NF,9028,2,inc,95.83333333333334,558.5277777777778
NF,9028,3,con,93.05555555555556,506.90277777777777
NF,9028,3,inc,93.05555555555556,529.375
NF,9029,1,con,97.22222222222221,608.5972222222222
NF,9029,1,inc,97.22222222222221,608.9305555555555
NF,9029,2,con,98.61111111111111,546.6527777777778
NF,9029,2,inc,95.83333333333334,552.9861111111111
NF,9029,3,con,98.61111111111111,502.56944444444446
NF,9029,3,inc,100.0,544.0138888888889
NF,9030,1,con,96.25,771.0
NF,9030,1,inc,93.75,781.1375
NF,9031,1,con,98.61111111111111,542.5
NF,9031,1,inc,95.83333333333334,565.4305555555555
NF,9031,2,con,100.0,538.1527777777778
NF,9031,2,inc,97.22222222222221,573.5555555555555
NF,9031,3,con,100.0,490.8611111111111
NF,9031,3,inc,98.61111111111111,544.1666666666666
NF,9033,1,con,83.75,676.475
NF,9033,1,inc,86.25,689.1625
NF,9033,2,con,90.0,720.05
NF,9033,2,inc,97.5,671.9
NF,9033,3,con,85.0,642.5125
NF,9033,3,inc,87.5,628.3875
NF,9034,1,con,94.44444444444444,595.1111111111111
NF,9034,1,inc,98.61111111111111,634.0416666666666
NF,9034,2,con,95.83333333333334,511.8888888888889
NF,9034,2,inc,91.66666666666666,573.7361111111111
NF,9034,3,con,98.61111111111111,495.0833333333333
NF,9034,3,inc,91.66666666666666,552.0138888888889
NF,9035,1,con,98.61111111111111,561.7777777777778
NF,9035,1,inc,90.27777777777779,601.8888888888889
NF,9035,2,con,94.44444444444444,519.2638888888889
NF,9035,2,inc,98.61111111111111,542.0694444444445
NF,9035,3,con,95.83333333333334,460.84722222222223
NF,9035,3,inc,97.22222222222221,517.875
NF,9038,1,con,94.44444444444444,495.47222222222223
NF,9038,1,inc,91.66666666666666,518.2777777777778
NF,9038,3,con,88.88888888888889,485.25
NF,9038,3,inc,95.83333333333334,509.5138888888889
NF,9045,1,con,86.11111111111111,526.5277777777778
NF,9045,1,inc,80.55555555555556,564.3055555555555
NF,9045,2,con,93.05555555555556,586.3472222222222
NF,9045,2,inc,93.05555555555556,580.4583333333334
NF,9045,3,con,91.66666666666666,655.5833333333334
NF,9045,3,inc,95.83333333333334,626.7361111111111
NF,9047,1,con,95.83333333333334,503.2361111111111
NF,9047,1,inc,91.66666666666666,587.1666666666666
NF,9047,2,con,97.22222222222221,505.40277777777777
NF,9047,2,inc,97.22222222222221,554.5277777777778
NF,9048,1,con,85.0,697.4875
NF,9048,1,inc,70.0,652.3875
NF,9049,1,con,95.83333333333334,552.5138888888889
NF,9049,1,inc,97.22222222222221,595.3611111111111
NF,9050,1,con,91.66666666666666,493.56944444444446
NF,9050,1,inc,91.66666666666666,566.2638888888889
NF,9051,1,con,100.0,570.5555555555555
NF,9051,1,inc,98.61111111111111,615.4583333333334
NF,9051,2,con,100.0,599.4861111111111
NF,9051,2,inc,97.22222222222221,653.2083333333334
NF,9053,1,con,42.5,982.2875
NF,9053,1,inc,35.0,1035.3125
NF,9054,1,con,95.83333333333334,639.5833333333334
NF,9054,1,inc,94.44444444444444,639.6111111111111
NF,9054,2,con,95.83333333333334,524.5
NF,9054,2,inc,97.22222222222221,573.125
NF,9054,3,con,97.22222222222221,611.1666666666666
NF,9054,3,inc,98.61111111111111,660.3194444444445
NF,9056,1,con,100.0,682.5277777777778
NF,9056,1,inc,100.0,649.375
NF,9057,1,con,95.83333333333334,611.6111111111111
NF,9057,1,inc,100.0,665.1666666666666
NF,9057,2,con,97.22222222222221,556.1666666666666
NF,9057,2,inc,98.61111111111111,609.8611111111111
NF,9059,1,con,85.0,425.6375
NF,9059,1,inc,62.5,513.6125
NF,9059,2,con,95.83333333333334,558.5555555555555
NF,9059,2,inc,93.05555555555556,579.6388888888889
NF,9060,1,con,95.83333333333334,544.5416666666666
NF,9060,1,inc,94.44444444444444,597.6666666666666
NF,9062,1,con,94.44444444444444,644.0277777777778
NF,9062,1,inc,98.61111111111111,628.9444444444445
NF,9062,2,con,97.22222222222221,550.7638888888889
NF,9062,2,inc,100.0,548.7638888888889
NF,9064,1,con,97.22222222222221,618.6388888888889
NF,9064,1,inc,97.22222222222221,643.375
NF,9067,1,con,97.22222222222221,626.7777777777778
NF,9067,1,inc,97.22222222222221,654.9861111111111
NF,9067,2,con,98.61111111111111,558.7638888888889
NF,9067,2,inc,97.22222222222221,605.1111111111111
NF,9068,1,con,100.0,459.125
NF,9068,1,inc,97.22222222222221,544.2083333333334
NF,9068,2,con,98.61111111111111,490.77777777777777
NF,9068,2,inc,98.61111111111111,537.2638888888889
NF,9070,1,con,70.0,536.825
NF,9070,1,inc,47.5,569.5125
NF,9070,2,con,69.31818181818183,467.6136363636364
NF,9070,2,inc,50.0,633.2386363636364
NF,9071,1,con,98.61111111111111,720.6805555555555
NF,9071,1,inc,98.61111111111111,713.6111111111111
NF,9073,1,con,94.44444444444444,648.6666666666666
NF,9073,1,inc,93.05555555555556,682.5138888888889
NF,9073,2,con,98.61111111111111,589.125
NF,9073,2,inc,100.0,606.2777777777778
NF,9074,1,con,95.83333333333334,662.2361111111111
NF,9074,1,inc,98.61111111111111,703.0833333333334
NF,9074,2,con,94.44444444444444,558.2361111111111
NF,9074,2,inc,91.66666666666666,670.3888888888889
NF,9076,1,con,100.0,630.1666666666666
NF,9076,1,inc,100.0,654.4444444444445
NF,9076,2,con,100.0,703.6944444444445
NF,9076,2,inc,87.5,844.3472222222222
NF,9077,1,con,93.05555555555556,609.2638888888889
NF,9077,1,inc,98.61111111111111,639.5833333333334
NF,9078,1,con,97.22222222222221,572.7638888888889
NF,9078,1,inc,95.83333333333334,658.1527777777778
NF,9080,1,con,86.11111111111111,668.7222222222222
NF,9080,1,inc,88.88888888888889,675.4861111111111
NF,9081,1,con,97.22222222222221,621.8333333333334
NF,9081,1,inc,98.61111111111111,671.9444444444445
NF,9081,2,con,98.61111111111111,608.5972222222222
NF,9081,2,inc,98.61111111111111,656.0833333333334
NF,9082,1,con,95.83333333333334,844.7083333333334
NF,9082,1,inc,97.22222222222221,800.2222222222222
NF,9083,1,con,93.75,567.775
NF,9083,1,inc,93.75,602.3375
NF,9084,1,con,98.61111111111111,799.7222222222222
NF,9084,1,inc,97.22222222222221,827.875
NF,9086,1,con,100.0,487.3611111111111
NF,9086,1,inc,97.22222222222221,552.1111111111111
NF,9087,1,con,97.22222222222221,700.9027777777778
NF,9087,1,inc,97.22222222222221,732.7083333333334
NF,9088,1,con,100.0,643.625
NF,9088,1,inc,98.61111111111111,672.7361111111111
NF,9090,1,con,93.05555555555556,579.1805555555555
NF,9090,1,inc,93.05555555555556,711.6388888888889
NF,9092,1,con,95.83333333333334,548.8055555555555
NF,9092,1,inc,98.61111111111111,591.4583333333334
NF,9093,1,con,100.0,610.5972222222222
NF,9093,1,inc,100.0,664.4305555555555
NF,9094,1,con,98.61111111111111,647.2083333333334
NF,9094,1,inc,97.22222222222221,664.5416666666666
NF,9999,1,con,91.66666666666666,428.2916666666667
NF,9999,1,inc,91.66666666666666,494.7083333333333
NF,9999,nan,con,97.22222222222221,432.44444444444446
NF,9999,nan,inc,98.61111111111111,522.0138888888889
NF,NF,,con,87.5,521.625
NF,NF,,inc,93.05555555555556,581.5694444444445
NNB,0,33,1-Back,96.875,1421.813725490196
NNB,0,33,2-Back,77.77777777777779,1391.3431372549019
NNB,1,1,1-Back,95.83333333333334,1043.078431372549
NNB,1,1,2-Back,32.22222222222222,2074.901960784314
NNB,1474,1,1-Back,98.95833333333334,1038.0
NNB,1474,1,2-Back,98.88888888888889,1525.2549019607843
NNB,33333,nan,1-Back,91.66666666666666,1631.0980392156862
NNB,33333,nan,2-Back,92.22222222222223,1389.9705882352941
NNB,4,nan,1-Back,100.0,1398.186274509804
NNB,4,nan,2-Back,90.0,2516.061403508772
NNB,7000,1,1-Back,87.5,1041.4117647058824
NNB,7000,1,2-Back,82.22222222222221,1923.5392156862745
NNB,7001,1,1-Back,98.95833333333334,834.2156862745098
NNB,7001,1,2-Back,91.11111111111111,1200.9117647058824
NNB,7002,1,1-Back,93.45794392523365,1364.7105263157894
NNB,7002,1,2-Back,81.11111111111111,1841.6470588235295
NNB,7003,1,1-Back,97.91666666666666,866.1960784313726
NNB,7003,1,2-Back,79.0,1367.7719298245613
NNB,7004,1,1-Back,98.95833333333334,882.343137254902
NNB,7004,1,2-Back,93.33333333333333,1549.5392156862745
NNB,7005,1,1-Back,94.79166666666666,1146.3823529411766
NNB,7005,1,2-Back,90.0,1909.9803921568628
NNB,7006,1,1-Back,100.0,1368.921568627451
NNB,7006,1,2-Back,96.66666666666667,3002.274509803922
NNB,7007,1,1-Back,97.91666666666666,1063.0882352941176
NNB,7007,1,2-Back,83.33333333333334,2078.627450980392
NNB,7008,1,1-Back,96.26168224299066,1126.780701754386
NNB,7008,1,2-Back,87.77777777777777,1425.9117647058824
NNB,7009,1,1-Back,96.875,1162.5882352941176
NNB,7009,1,2-Back,91.11111111111111,1637.0
NNB,7010,1,1-Back,96.875,881.8137254901961
NNB,7010,1,2-Back,90.0,1237.6470588235295
NNB,7012,1,1-Back,96.875,1430.3921568627452
NNB,7012,1,2-Back,88.88888888888889,2024.0392156862745
NNB,7013,1,1-Back,96.875,957.3627450980392
NNB,7013,1,2-Back,93.33333333333333,1120.2254901960785
NNB,7014,1,1-Back,94.79166666666666,1174.3529411764705
NNB,7014,1,2-Back,81.11111111111111,1522.8235294117646
NNB,7015,1,1-Back,85.41666666666666,1049.9313725490197
NNB,7015,1,2-Back,83.0,1428.0877192982457
NNB,7016,1,1-Back,97.91666666666666,1218.3725490196077
NNB,7016,1,2-Back,88.88888888888889,2688.598039215686
NNB,7017,1,1-Back,82.2429906542056,1437.7719298245613
NNB,7017,1,2-Back,77.77777777777779,1641.862745098039
NNB,7018,1,1-Back,100.0,1065.137254901961
NNB,7018,1,2-Back,88.88888888888889,1545.8529411764705
NNB,7019,1,1-Back,63.55140186915887,1814.4561403508771
NNB,7019,1,2-Back,56.99999999999999,1562.622807017544
NNB,7020,1,1-Back,80.50847457627118,1121.3412698412699
NNB,7020,1,2-Back,86.66666666666667,1409.9803921568628
NNB,7021,1,1-Back,100.0,980.7549019607843
NNB,7021,1,2-Back,91.11111111111111,1439.137254901961
NNB,7022,1,1-Back,98.95833333333334,1272.0392156862745
NNB,7022,1,2-Back,95.55555555555556,1524.049019607843
NNB,7023,1,1-Back,96.875,1005.4019607843137
NNB,7023,1,2-Back,84.0,1488.9035087719299
NNB,7024,1,1-Back,98.95833333333334,871.3333333333334
NNB,7024,1,2-Back,93.33333333333333,1431.764705882353
NNB,7025,1,1-Back,92.70833333333334,915.6862745098039
NNB,7025,1,2-Back,90.0,1342.9411764705883
NNB,7026,1,1-Back,98.95833333333334,960.7156862745098
NNB,7026,1,2-Back,93.33333333333333,1393.6274509803923
NNB,7027,1,1-Back,97.91666666666666,1064.3823529411766
NNB,7027,1,2-Back,85.0,1545.8070175438597
NNB,7028,1,1-Back,92.70833333333334,1065.7058823529412
NNB,7028,1,2-Back,88.88888888888889,1440.8529411764705
NNB,7029,1,1-Back,97.91666666666666,1201.0098039215686
NNB,7029,1,2-Back,74.44444444444444,1603.813725490196
NNB,7030,1,1-Back,95.83333333333334,1094.950980392157
NNB,7030,1,2-Back,84.0,1655.7543859649122
NNB,7031,1,1-Back,97.91666666666666,906.2843137254902
NNB,7031,1,2-Back,88.88888888888889,1423.8235294117646
NNB,7032,1,1-Back,95.83333333333334,1211.0294117647059
NNB,7032,1,2-Back,81.0,1716.6491228070176
NNB,7033,1,1-Back,88.78504672897196,1456.5701754385964
NNB,7033,1,2-Back,74.0,2283.4561403508774
NNB,7034,1,1-Back,97.91666666666666,1031.8725490196077
NNB,7034,1,2-Back,75.55555555555556,1348.8431372549019
NNB,7035,1,1-Back,96.875,999.0294117647059
NNB,7035,1,2-Back,76.66666666666667,1409.7941176470588
NNB,7037,1,1-Back,69.1588785046729,1356.6666666666667
NNB,7037,1,2-Back,55.00000000000001,1280.8859649122808
NNB,7039,1,1-Back,97.91666666666666,1031.5196078431372
NNB,7039,1,2-Back,73.0,1881.7456140350878
NNB,7040,1,1-Back,91.66666666666666,1048.6470588235295
NNB,7040,1,2-Back,88.88888888888889,1660.7843137254902
NNB,7041,1,1-Back,93.75,1025.3725490196077
NNB,7041,1,2-Back,78.0,1587.201754385965
NNB,7042,1,1-Back,98.95833333333334,989.5980392156863
NNB,7042,1,2-Back,81.11111111111111,1647.6568627450981
NNB,7043,1,1-Back,92.70833333333334,1086.4019607843138
NNB,7043,1,2-Back,90.0,1538.0686274509803
NNB,7044,1,1-Back,42.05607476635514,1656.9736842105262
NNB,7044,1,2-Back,39.0,1718.4736842105262
NNB,7045,1,1-Back,93.75,1099.0392156862745
NNB,7045,1,2-Back,77.77777777777779,1516.5882352941176
NNB,7046,1,1-Back,95.83333333333334,1102.6470588235295
NNB,7046,1,2-Back,92.22222222222223,1380.5
NNB,7047,1,1-Back,94.79166666666666,1015.4019607843137
NNB,7047,1,2-Back,88.0,1973.2105263157894
NNB,7048,1,1-Back,89.7196261682243,1148.219298245614
NNB,7048,1,2-Back,84.0,1500.482456140351
NNB,7049,1,1-Back,97.91666666666666,1111.4705882352941
NNB,7049,1,2-Back,82.22222222222221,1663.4411764705883
NNB,7050,1,1-Back,100.0,1016.8823529411765
NNB,7050,1,2-Back,77.0,1475.640350877193
NNB,7052,1,1-Back,95.32710280373831,1164.2280701754387
NNB,7052,1,2-Back,94.44444444444444,1888.0
NNB,7053,1,1-Back,97.91666666666666,714.1078431372549
NNB,7053,1,2-Back,85.55555555555556,943.1372549019608
NNB,7054,1,1-Back,93.75,1105.735294117647
NNB,7054,1,2-Back,80.0,1807.877192982456
NNB,7055,1,1-Back,98.95833333333334,1027.6666666666667
NNB,7055,1,2-Back,69.0,1255.9035087719299
NNB,7056,1,1-Back,84.375,1275.9607843137255
NNB,7056,1,2-Back,75.55555555555556,1703.7941176470588
NNB,7057,1,1-Back,90.625,1453.6176470588234
NNB,7057,1,2-Back,78.0,2672.1052631578946
NNB,7058,1,1-Back,90.65420560747664,1019.1842105263158
NNB,7058,1,2-Back,82.0,1398.4035087719299
NNB,7059,1,1-Back,98.95833333333334,1079.1274509803923
NNB,7059,1,2-Back,91.11111111111111,1473.313725490196
NNB,7060,1,1-Back,73.95833333333334,1323.7549019607843
NNB,7060,1,2-Back,77.77777777777779,1341.1764705882354
NNB,7061,1,1-Back,92.70833333333334,1212.3529411764705
NNB,7061,1,2-Back,91.11111111111111,1721.450980392157
NNB,7062,1,1-Back,95.83333333333334,793.7941176470588
NNB,7062,1,2-Back,94.44444444444444,1430.5
NNB,7063,1,1-Back,96.875,1186.1960784313726
NNB,7063,1,2-Back,88.88888888888889,1777.5686274509803
NNB,7064,1,1-Back,91.66666666666666,1304.9313725490197
NNB,7064,1,2-Back,78.18181818181819,2139.222222222222
NNB,7065,1,1-Back,97.91666666666666,1063.9019607843138
NNB,7065,1,2-Back,71.11111111111111,1820.450980392157
NNB,7067,1,1-Back,92.70833333333334,1360.5098039215686
NNB,7067,1,2-Back,85.55555555555556,1877.313725490196
NNB,7068,1,1-Back,98.95833333333334,1157.7941176470588
NNB,7068,1,2-Back,70.0,2642.245614035088
NNB,7069,1,1-Back,98.95833333333334,1296.5098039215686
NNB,7069,1,2-Back,88.88888888888889,2477.7156862745096
NNB,7070,1,1-Back,94.79166666666666,1263.0588235294117
NNB,7070,1,2-Back,95.55555555555556,1927.1176470588234
NNB,7072,1,1-Back,95.83333333333334,1117.8431372549019
NNB,7072,1,2-Back,87.77777777777777,1401.578431372549
NNB,7073,1,1-Back,92.70833333333334,1192.0882352941176
NNB,7073,1,2-Back,74.0,1444.921052631579
NNB,7075,1,1-Back,93.45794392523365,1281.622807017544
NNB,7075,1,2-Back,71.0,1523.0701754385964
NNB,7076,1,1-Back,100.0,994.3039215686274
NNB,7076,1,2-Back,94.44444444444444,1549.4901960784314
NNB,7077,1,1-Back,96.875,1031.5392156862745
NNB,7077,1,2-Back,93.33333333333333,1661.3529411764705
NNB,7078,1,1-Back,94.79166666666666,1018.5784313725491
NNB,7078,1,2-Back,83.0,1466.421052631579
NNB,7079,1,1-Back,91.58878504672897,1455.8508771929824
NNB,7079,1,2-Back,82.22222222222221,1455.5980392156862
NNB,7080,1,1-Back,95.83333333333334,983.4215686274509
NNB,7080,1,2-Back,90.0,1487.7254901960785
NNB,7082,1,1-Back,94.79166666666666,1032.4901960784314
NNB,7082,1,2-Back,75.0,1724.219298245614
NNB,7083,1,1-Back,95.83333333333334,1204.1960784313726
NNB,7083,1,2-Back,94.44444444444444,1400.0980392156862
NNB,7084,1,1-Back,95.83333333333334,1084.3823529411766
NNB,7084,1,2-Back,95.55555555555556,1524.6764705882354
NNB,7085,1,1-Back,98.95833333333334,889.7549019607843
NNB,7085,1,2-Back,84.0,1329.359649122807
NNB,7086,1,1-Back,98.95833333333334,980.9705882352941
NNB,7086,1,2-Back,85.0,1665.1052631578948
NNB,7087,1,1-Back,98.95833333333334,1113.0980392156862
NNB,7087,1,2-Back,95.55555555555556,2243.735294117647
NNB,7088,1,1-Back,98.95833333333334,1110.186274509804
NNB,7088,1,2-Back,86.0,1471.5
NNB,7089,1,1-Back,96.875,832.9019607843137
NNB,7089,1,2-Back,76.0,1436.8157894736842
NNB,7090,1,1-Back,100.0,938.2450980392157
NNB,7090,1,2-Back,81.0,1824.421052631579
NNB,7091,1,1-Back,97.91666666666666,1050.264705882353
NNB,7091,1,2-Back,75.55555555555556,1724.9117647058824
NNB,7092,1,1-Back,95.83333333333334,1184.0294117647059
NNB,7092,1,2-Back,88.88888888888889,1655.8725490196077
NNB,7093,1,1-Back,97.91666666666666,854.5980392156863
NNB,7093,1,2-Back,83.33333333333334,1844.4411764705883
NNB,7094,1,1-Back,98.95833333333334,989.4117647058823
NNB,7094,1,2-Back,93.33333333333333,1532.5294117647059
NNB,7096,1,1-Back,94.39252336448598,1117.0964912280701
NNB,7096,1,2-Back,82.0,1790.3947368421052
NNB,7097,1,1-Back,95.83333333333334,944.3235294117648
NNB,7097,1,2-Back,87.77777777777777,1482.2549019607843
NNB,7098,1,1-Back,97.91666666666666,940.6078431372549
NNB,7098,1,2-Back,87.77777777777777,1326.6764705882354
NNB,7099,1,1-Back,96.875,1140.2745098039215
NNB,7099,1,2-Back,96.66666666666667,1539.313725490196
NNB,7102,1,1-Back,94.79166666666666,1119.1568627450981
NNB,7102,1,2-Back,78.88888888888889,1437.549019607843
NNB,7103,1,1-Back,98.95833333333334,1075.6274509803923
NNB,7103,1,2-Back,92.22222222222223,1621.0588235294117
NNB,7104,1,1-Back,96.875,1264.764705882353
NNB,7104,1,2-Back,73.0,2274.5
NNB,7105,1,1-Back,90.65420560747664,986.7456140350877
NNB,7105,1,2-Back,93.33333333333333,1153.8529411764705
NNB,7106,1,1-Back,63.541666666666664,2270.029411764706
NNB,7106,1,2-Back,93.33333333333333,1481.7549019607843
NNB,7107,1,1-Back,94.39252336448598,836.8508771929825
NNB,7107,1,2-Back,88.88888888888889,914.1470588235294
NNB,7108,1,1-Back,95.32710280373831,1071.8333333333333
NNB,7108,1,2-Back,93.33333333333333,1790.8725490196077
NNB,7109,1,1-Back,96.875,882.5784313725491
NNB,7109,1,2-Back,92.22222222222223,1282.578431372549
NNB,7110,1,1-Back,92.70833333333334,1097.137254901961
NNB,7110,1,2-Back,90.0,1318.9803921568628
NNB,7111,1,1-Back,100.0,978.0980392156863
NNB,7111,1,2-Back,85.55555555555556,1438.862745098039
NNB,7112,1,1-Back,83.17757009345794,1517.7894736842106
NNB,7112,1,2-Back,55.00000000000001,1674.2631578947369
NNB,7113,1,1-Back,96.875,1228.950980392157
NNB,7113,1,2-Back,68.0,2421.657894736842
NNB,7114,1,1-Back,96.875,1888.4705882352941
NNB,7114,1,2-Back,81.11111111111111,2045.8039215686274
NNB,7115,1,1-Back,98.95833333333334,1204.1666666666667
NNB,7115,1,2-Back,83.0,2168.622807017544
NNB,7116,1,1-Back,87.5,1506.3333333333333
NNB,7116,1,2-Back,69.0,2681.035087719298
NNB,7117,1,1-Back,82.2429906542056,1317.859649122807
NNB,7117,1,2-Back,73.0,2593.4912280701756
NNB,7118,1,1-Back,88.78504672897196,1432.6929824561403
NNB,7118,1,2-Back,90.0,1329.4117647058824
NNB,7120,1,1-Back,94.79166666666666,1276.4313725490197
NNB,7120,1,2-Back,83.0,1781.1491228070176
NNB,7122,1,1-Back,83.17757009345794,1517.7894736842106
NNB,7122,1,2-Back,55.00000000000001,1674.2631578947369
NNB,7123,1,1-Back,98.95833333333334,964.0588235294117
NNB,7123,1,2-Back,86.66666666666667,2047.1176470588234
NNB,7124,1,1-Back,60.46511627906976,1886.2101449275362
NNB,7124,1,2-Back,56.99999999999999,3210.815789473684
NNB,7125,1,1-Back,90.65420560747664,1350.122807017544
NNB,7125,1,2-Back,51.0,3164.377192982456
NNB,7126,1,1-Back,90.625,1154.2254901960785
NNB,7126,1,2-Back,81.11111111111111,1850.4313725490197
NNB,7128,1,1-Back,91.66666666666666,991.2352941176471
NNB,7128,1,2-Back,77.0,1596.2456140350878
NNB,7129,1,1-Back,95.83333333333334,1155.9705882352941
NNB,7129,1,2-Back,80.0,1653.5964912280701
NNB,7130,1,1-Back,90.65420560747664,1184.9736842105262
NNB,7130,1,2-Back,84.44444444444444,1583.9901960784314
NNB,7131,1,1-Back,89.7196261682243,1335.4473684210527
NNB,7131,1,2-Back,71.0,1922.8245614035088
NNB,7132,1,1-Back,96.875,853.2549019607843
NNB,7132,1,2-Back,94.44444444444444,1694.6764705882354
NNB,7133,1,1-Back,96.875,946.9705882352941
NNB,7133,1,2-Back,70.0,1887.7280701754387
NNB,7134,1,1-Back,95.83333333333334,908.1470588235294
NNB,7134,1,2-Back,82.22222222222221,1015.5588235294117
NNB,7136,1,1-Back,83.17757009345794,1115.9912280701753
NNB,7136,1,2-Back,67.27272727272727,1606.7222222222222
NNB,7137,1,1-Back,92.5233644859813,849.1929824561404
NNB,7137,1,2-Back,74.44444444444444,1218.8529411764705
NNB,7138,1,1-Back,93.75,1015.4607843137255
NNB,7138,1,2-Back,78.88888888888889,1397.2058823529412
NNB,7139,1,1-Back,97.91666666666666,1438.9705882352941
NNB,7139,1,2-Back,81.11111111111111,2207.8039215686276
NNB,7140,1,1-Back,96.875,772.5392156862745
NNB,7140,1,2-Back,80.0,1269.904761904762
NNB,7141,1,1-Back,94.79166666666666,899.7352941176471
NNB,7141,1,2-Back,84.44444444444444,1493.6470588235295
NNB,7142,1,1-Back,97.91666666666666,1031.7156862745098
NNB,7142,1,2-Back,92.22222222222223,1280.7745098039215
NNB,7143,1,1-Back,95.83333333333334,1032.6274509803923
NNB,7143,1,2-Back,85.55555555555556,1293.049019607843
NNB,7145,1,1-Back,89.7196261682243,1002.421052631579
NNB,7145,1,2-Back,87.77777777777777,1546.8921568627452
NNB,7146,1,1-Back,88.78504672897196,1135.5438596491229
NNB,7146,1,2-Back,78.88888888888889,1350.3235294117646
NNB,7147,1,1-Back,94.79166666666666,1132.6078431372548
NNB,7147,1,2-Back,81.11111111111111,1768.4019607843138
NNB,7150,1,1-Back,93.75,1119.1764705882354
NNB,7150,1,2-Back,69.0,2084.4561403508774
NNB,7151,1,1-Back,82.20338983050848,1413.904761904762
NNB,7151,1,2-Back,62.0,1371.4035087719299
NNB,7152,1,1-Back,97.91666666666666,899.0
NNB,7152,1,2-Back,78.88888888888889,1320.3725490196077
NNB,7153,1,1-Back,96.875,1100.0196078431372
NNB,7153,1,2-Back,70.0,2138.622807017544
NNB,7155,1,1-Back,90.625,1166.9117647058824
NNB,7155,1,2-Back,71.0,1737.3684210526317
NNB,7156,1,1-Back,95.83333333333334,1096.9705882352941
NNB,7156,1,2-Back,93.33333333333333,1476.3823529411766
NNB,7157,1,1-Back,82.2429906542056,1161.780701754386
NNB,7157,1,2-Back,78.0,1475.701754385965
NNB,7158,1,1-Back,98.95833333333334,978.7647058823529
NNB,7158,1,2-Back,85.55555555555556,1377.0392156862745
NNB,7159,1,1-Back,95.83333333333334,1071.4411764705883
NNB,7159,1,2-Back,92.22222222222223,1302.5882352941176
NNB,7160,1,1-Back,92.5233644859813,924.0964912280701
NNB,7160,1,2-Back,83.0,1252.0701754385964
NNB,7161,1,1-Back,99.06542056074767,1229.1666666666667
NNB,7161,1,2-Back,83.0,1728.6052631578948
NNB,7164,1,1-Back,96.875,1060.1274509803923
NNB,7164,1,2-Back,97.77777777777777,1495.8725490196077
NNB,7165,1,1-Back,98.95833333333334,1027.8039215686274
NNB,7165,1,2-Back,85.0,1487.8157894736842
NNB,7166,1,1-Back,93.75,1018.7549019607843
NNB,7166,1,2-Back,91.11111111111111,1462.2156862745098
NNB,7167,1,1-Back,91.47286821705426,955.6739130434783
NNB,7167,1,2-Back,81.0,1178.377192982456
NNB,7168,1,1-Back,93.75,1090.950980392157
NNB,7168,1,2-Back,75.55555555555556,1451.549019607843
NNB,7170,1,1-Back,95.83333333333334,1150.4607843137255
NNB,7170,1,2-Back,85.55555555555556,1316.4313725490197
NNB,7171,1,1-Back,100.0,885.5490196078431
NNB,7171,1,2-Back,96.66666666666667,1130.921568627451
NNB,7172,1,1-Back,93.75,983.6666666666666
NNB,7172,1,2-Back,86.66666666666667,1598.8921568627452
NNB,7173,1,1-Back,98.95833333333334,1098.5686274509803
NNB,7173,1,2-Back,81.11111111111111,1433.2941176470588
NNB,7174,1,1-Back,84.375,1175.9901960784314
NNB,7174,1,2-Back,64.0,1387.719298245614
NNB,7175,1,1-Back,96.875,958.156862745098
NNB,7175,1,2-Back,87.0,2450.754385964912
NNB,7176,1,1-Back,91.66666666666666,1231.3333333333333
NNB,7176,1,2-Back,69.0,1922.8245614035088
NNB,7177,1,1-Back,94.79166666666666,1137.9117647058824
NNB,7177,1,2-Back,81.0,1677.5
NNB,7178,1,1-Back,98.95833333333334,881.1078431372549
NNB,7178,1,2-Back,84.44444444444444,1413.5392156862745
NNB,7180,1,1-Back,97.91666666666666,1024.6274509803923
NNB,7180,1,2-Back,91.11111111111111,1775.9705882352941
NNB,7181,1,1-Back,95.83333333333334,1090.2450980392157
NNB,7181,1,2-Back,81.0,1448.3070175438597
NNB,7182,1,1-Back,95.32710280373831,1155.5526315789473
NNB,7182,1,2-Back,65.0,1804.3947368421052
NNB,7183,1,1-Back,96.875,929.6078431372549
NNB,7183,1,2-Back,82.22222222222221,1308.1078431372548
NNB,7186,1,1-Back,96.875,1031.4313725490197
NNB,7186,1,2-Back,76.0,1484.8333333333333
NNB,7187,1,1-Back,95.83333333333334,930.343137254902
NNB,7187,1,2-Back,83.33333333333334,2063.843137254902
NNB,7188,1,1-Back,97.91666666666666,1029.5098039215686
NNB,7188,1,2-Back,84.44444444444444,1561.549019607843
NNB,7189,1,1-Back,85.41666666666666,1062.3235294117646
NNB,7189,1,2-Back,70.0,1228.4901960784314
NNB,7190,1,1-Back,90.625,787.8039215686274
NNB,7190,1,2-Back,84.44444444444444,1361.2156862745098
NNB,7191,1,1-Back,95.83333333333334,958.8627450980392
NNB,7191,1,2-Back,82.22222222222221,1497.6764705882354
NNB,7192,1,1-Back,96.875,850.3529411764706
NNB,7192,1,2-Back,83.33333333333334,1101.549019607843
NNB,7194,1,1-Back,98.95833333333334,896.6764705882352
NNB,7194,1,2-Back,80.0,1534.0196078431372
NNB,7195,1,1-Back,95.83333333333334,870.2549019607843
NNB,7195,1,2-Back,87.77777777777777,1749.6764705882354
NNB,7196,1,1-Back,90.65420560747664,1398.6052631578948
NNB,7196,1,2-Back,77.0,1589.1754385964912
NNB,7197,1,1-Back,98.95833333333334,930.8823529411765
NNB,7197,1,2-Back,83.33333333333334,1332.6666666666667
NNB,7199,1,1-Back,92.5233644859813,1223.0263157894738
NNB,7199,1,2-Back,81.11111111111111,1393.313725490196
NNB,7200,1,1-Back,93.75,1217.7450980392157
NNB,7200,1,2-Back,94.44444444444444,1319.578431372549
NNB,7201,1,1-Back,93.75,1217.7450980392157
NNB,7201,1,2-Back,94.44444444444444,1319.578431372549
NNB,7202,1,1-Back,85.98130841121495,927.8859649122807
NNB,7202,1,2-Back,94.44444444444444,1051.9901960784314
NNB,7203,1,1-Back,90.65420560747664,1233.342105263158
NNB,7203,1,2-Back,61.0,1687.4736842105262
NNB,7204,1,1-Back,91.58878504672897,1061.8245614035088
NNB,7204,1,2-Back,72.0,2380.5175438596493
NNB,7205,1,1-Back,85.04672897196261,1295.719298245614
NNB,7205,1,2-Back,71.0,1827.9298245614036
NNB,7206,1,1-Back,98.95833333333334,1021.5980392156863
NNB,7206,1,2-Back,88.88888888888889,1414.9607843137255
NNB,7207,1,1-Back,94.79166666666666,1176.5686274509803
NNB,7207,1,2-Back,87.77777777777777,1713.6666666666667
NNB,7208,1,1-Back,95.32710280373831,1284.5964912280701
NNB,7208,1,2-Back,89.0,1669.3157894736842
NNB,7209,1,1-Back,90.65420560747664,882.1842105263158
NNB,7209,1,2-Back,88.88888888888889,1103.2058823529412
NNB,7211,1,1-Back,98.95833333333334,815.4607843137255
NNB,7211,1,2-Back,83.33333333333334,1117.078431372549
NNB,7212,1,1-Back,97.91666666666666,1111.8333333333333
NNB,7212,1,2-Back,84.0,1441.640350877193
NNB,7213,1,1-Back,96.875,870.3039215686274
NNB,7213,1,2-Back,76.66666666666667,1273.7156862745098
NNB,7214,1,1-Back,97.91666666666666,886.6470588235294
NNB,7214,1,2-Back,83.33333333333334,1355.9117647058824
NNB,7215,1,1-Back,97.91666666666666,910.5784313725491
NNB,7215,1,2-Back,81.11111111111111,1283.6176470588234
NNB,7216,1,1-Back,97.91666666666666,1019.3039215686274
NNB,7216,1,2-Back,78.88888888888889,1223.6666666666667
NNB,7218,1,1-Back,31.782945736434108,1788.3623188405797
NNB,7218,1,2-Back,45.45454545454545,1804.5
NNB,7219,1,1-Back,90.65420560747664,1169.9561403508771
NNB,7219,1,2-Back,71.0,2551.5789473684213
NNB,7220,1,1-Back,96.875,854.2647058823529
NNB,7220,1,2-Back,88.88888888888889,1142.1764705882354
NNB,7221,1,1-Back,97.91666666666666,940.8529411764706
NNB,7221,1,2-Back,91.11111111111111,1690.3333333333333
NNB,7222,1,1-Back,95.32710280373831,961.9473684210526
NNB,7222,1,2-Back,86.0,1071.657894736842
NNB,7223,1,1-Back,86.91588785046729,1212.482456140351
NNB,7223,1,2-Back,87.77777777777777,1637.2058823529412
NNB,7225,1,1-Back,90.65420560747664,1118.359649122807
NNB,7225,1,2-Back,77.0,1312.6666666666667
NNB,7226,1,1-Back,94.79166666666666,947.0196078431372
NNB,7226,1,2-Back,87.0,1333.140350877193
NNB,7227,1,1-Back,95.83333333333334,1005.5490196078431
NNB,7227,1,2-Back,78.0,1795.201754385965
NNB,7229,1,1-Back,100.0,1181.637254901961
NNB,7229,1,2-Back,95.0,1987.201754385965
NNB,7230,1,1-Back,94.79166666666666,1040.362745098039
NNB,7230,1,2-Back,80.0,1829.186274509804
NNB,7231,1,1-Back,92.70833333333334,1207.235294117647
NNB,7231,1,2-Back,78.88888888888889,1278.137254901961
NNB,7232,1,1-Back,94.79166666666666,1135.0098039215686
NNB,7232,1,2-Back,77.77777777777779,1302.735294117647
NNB,7233,1,1-Back,86.45833333333334,1115.313725490196
NNB,7233,1,2-Back,84.0,1635.0701754385964
NNB,7234,1,1-Back,96.875,922.3235294117648
NNB,7234,1,2-Back,94.44444444444444,1226.6960784313726
NNB,7235,1,1-Back,94.79166666666666,926.6176470588235
NNB,7235,1,2-Back,81.0,1450.0438596491229
NNB,7237,1,1-Back,86.91588785046729,1177.842105263158
NNB,7237,1,2-Back,79.16666666666666,2355.3985507246375
NNB,7238,1,1-Back,91.58878504672897,878.1929824561404
NNB,7238,1,2-Back,93.33333333333333,1204.862745098039
NNB,7239,1,1-Back,98.95833333333334,1305.4607843137255
NNB,7239,1,2-Back,94.44444444444444,1755.4901960784314
NNB,7240,nan,1-Back,89.7196261682243,727.9736842105264
NNB,7240,nan,2-Back,89.0,1043.5263157894738
NNB,7241,1,1-Back,95.83333333333334,804.3137254901961
NNB,7241,1,2-Back,90.0,1233.9117647058824
NNB,7242,1,1-Back,97.91666666666666,917.9411764705883
NNB,7242,1,2-Back,85.55555555555556,1215.5294117647059
NNB,7243,1,1-Back,96.875,1081.9411764705883
NNB,7243,1,2-Back,86.0,1980.7280701754387
NNB,7246,nan,1-Back,97.91666666666666,1181.8431372549019
NNB,7246,nan,2-Back,62.0,2094.219298245614
NNB,7248,1,1-Back,96.875,921.7941176470588
NNB,7248,1,2-Back,88.88888888888889,1356.0098039215686
NNB,7249,1,1-Back,95.32710280373831,1010.8771929824561
NNB,7249,1,2-Back,91.11111111111111,1455.7745098039215
NNB,7250,1,1-Back,92.70833333333334,1256.1176470588234
NNB,7250,1,2-Back,72.0,2223.1403508771928
NNB,7251,1,1-Back,90.65420560747664,820.0526315789474
NNB,7251,1,2-Back,80.0,1475.0087719298247
NNB,7252,1,1-Back,95.83333333333334,907.4411764705883
NNB,7252,1,2-Back,84.44444444444444,990.3333333333334
NNB,7254,1,1-Back,98.95833333333334,743.6078431372549
NNB,7254,1,2-Back,96.66666666666667,1277.2254901960785
NNB,7255,1,1-Back,97.91666666666666,782.4803921568628
NNB,7255,1,2-Back,83.33333333333334,1081.921568627451
NNB,7700,1,1-Back,97.91666666666666,1202.4313725490197
NNB,7700,1,2-Back,85.0,1568.6842105263158
NNB,7701,1,1-Back,87.85046728971963,1303.6666666666667
NNB,7701,1,2-Back,76.0,2064.9210526315787
NNB,7702,1,1-Back,91.66666666666666,896.656862745098
NNB,7702,1,2-Back,78.88888888888889,1229.549019607843
NNB,7703,1,1-Back,70.09345794392523,1162.7105263157894
NNB,7703,1,2-Back,83.0,1493.1842105263158
NNB,7704,nan,1-Back,100.0,1491.9607843137255
NNB,7704,nan,2-Back,80.0,2099.8684210526317
NNB,7705,1,1-Back,88.54166666666666,1032.7058823529412
NNB,7705,1,2-Back,92.22222222222223,1155.3039215686274
NNB,7706,1,1-Back,95.83333333333334,862.4901960784314
NNB,7706,1,2-Back,88.88888888888889,1162.4019607843138
NNB,7707,1,1-Back,10.416666666666668,1114.7058823529412
NNB,7707,1,2-Back,52.0,1760.4298245614036
NNB,7708,1,1-Back,90.625,1029.1960784313726
NNB,7708,1,2-Back,73.33333333333333,2104.5588235294117
NNB,7709,1,1-Back,95.83333333333334,1066.3431372549019
NNB,7709,1,2-Back,80.0,1551.4313725490197
NNB,7710,1,1-Back,26.27118644067797,1270.4444444444443
NNB,7710,1,2-Back,49.166666666666664,1662.2608695652175
NNB,7712,1,1-Back,87.5,1512.264705882353
NNB,7712,1,2-Back,78.0,2414.1315789473683
NNB,7713,nan,1-Back,88.54166666666666,1109.0196078431372
NNB,7713,nan,2-Back,90.0,1325.7843137254902
NNB,7714,1,1-Back,87.85046728971963,1456.0263157894738
NNB,7714,1,2-Back,88.88888888888889,2109.901960784314
NNB,7715,1,1-Back,98.95833333333334,1038.0
NNB,7715,1,2-Back,98.88888888888889,1525.2549019607843
NNB,7716,1,1-Back,90.625,994.8627450980392
NNB,7716,1,2-Back,64.44444444444444,1622.5980392156862
NNB,7717,nan,1-Back,95.32710280373831,1066.1842105263158
NNB,7717,nan,2-Back,83.33333333333334,1623.9019607843138
NNB,7718,1,1-Back,79.43925233644859,1165.377192982456
NNB,7718,1,2-Back,76.0,1601.561403508772
NNB,7721,nan,1-Back,92.70833333333334,815.8137254901961
NNB,7721,nan,2-Back,78.88888888888889,1312.6568627450981
NNB,7722,1,1-Back,94.79166666666666,782.4901960784314
NNB,7722,1,2-Back,82.0,1286.4122807017543
NNB,7723,nan,1-Back,92.70833333333334,994.2745098039215
NNB,7723,nan,2-Back,74.0,1442.3508771929824
NNB,7724,1,1-Back,98.95833333333334,1113.8235294117646
NNB,7724,1,2-Back,95.55555555555556,1511.8431372549019
NNB,7725,1,1-Back,90.625,925.2647058823529
NNB,7725,1,2-Back,67.0,1502.1140350877192
NNB,7726,1,1-Back,90.625,1577.235294117647
NNB,7726,1,2-Back,86.66666666666667,1668.5
NNB,7727,1,1-Back,14.583333333333334,1236.9117647058824
NNB,7727,1,2-Back,73.0,1804.6140350877192
NNB,7728,1,1-Back,88.78504672897196,1405.5087719298247
NNB,7728,1,2-Back,75.0,1862.0964912280701
NNB,7729,1,1-Back,69.1588785046729,1716.5438596491229
NNB,7729,1,2-Back,49.0,2285.7894736842104
NNB,7730,1,1-Back,84.11214953271028,1898.2894736842106
NNB,7730,1,2-Back,75.55555555555556,1242.637254901961
NNB,7732,1,1-Back,94.79166666666666,822.6764705882352
NNB,7732,1,2-Back,73.33333333333333,2328.794117647059
NNB,7733,1,1-Back,85.04672897196261,1334.517543859649
NNB,7733,1,2-Back,74.0,1751.4561403508771
NNB,7734,1,1-Back,76.63551401869158,1255.377192982456
NNB,7734,1,2-Back,67.77777777777779,1430.6470588235295
NNB,7735,1,1-Back,93.75,1599.9705882352941
NNB,7735,1,2-Back,81.81818181818183,2432.031746031746
NNB,7736,1,1-Back,94.79166666666666,952.4411764705883
NNB,7736,1,2-Back,90.0,1399.6274509803923
NNB,7738,1,1-Back,88.54166666666666,1064.8235294117646
NNB,7738,1,2-Back,80.0,1753.8725490196077
NNB,7739,1,1-Back,76.63551401869158,1721.438596491228
NNB,7739,1,2-Back,75.0,1896.1666666666667
NNB,7740,1,1-Back,96.875,1232.0882352941176
NNB,7740,1,2-Back,80.9090909090909,1625.4126984126983
NNB,7741,1,1-Back,92.70833333333334,1223.7941176470588
NNB,7741,1,2-Back,73.0,1401.2719298245613
NNB,7742,1,1-Back,90.625,1197.0098039215686
NNB,7742,1,2-Back,62.0,2589.59649122807
NNB,7743,1,1-Back,90.67796610169492,963.6111111111111
NNB,7743,1,2-Back,75.0,1684.5964912280701
NNB,7744,1,1-Back,100.0,1119.6960784313726
NNB,7744,1,2-Back,69.0,2033.0964912280701
NNB,7745,1,1-Back,94.79166666666666,946.3529411764706
NNB,7745,1,2-Back,83.33333333333334,1295.6176470588234
NNB,7746,1,1-Back,98.95833333333334,1027.137254901961
NNB,7746,1,2-Back,82.22222222222221,1714.9705882352941
NNB,7747,1,1-Back,91.66666666666666,1073.9117647058824
NNB,7747,1,2-Back,91.11111111111111,1599.1764705882354
NNB,7748,1,1-Back,96.875,1100.2450980392157
NNB,7748,1,2-Back,93.33333333333333,2957.049019607843
NNB,7749,1,1-Back,95.83333333333334,1109.1274509803923
NNB,7749,1,2-Back,85.55555555555556,1338.4117647058824
NNB,7750,1,1-Back,97.91666666666666,763.0098039215686
NNB,7750,1,2-Back,88.88888888888889,952.9215686274509
NNB,7751,1,1-Back,80.50847457627118,1117.3492063492063
NNB,7751,1,2-Back,81.11111111111111,1726.2254901960785
NNB,7752,1,1-Back,94.39252336448598,1041.9298245614036
NNB,7752,1,2-Back,28.999999999999996,2429.684210526316
NNB,7753,1,1-Back,93.75,1001.2254901960785
NNB,7753,1,2-Back,77.77777777777779,1445.078431372549
NNB,7754,1,1-Back,93.75,808.5882352941177
NNB,7754,1,2-Back,88.88888888888889,1142.0
NNB,7755,nan,1-Back,96.875,1628.0588235294117
NNB,7755,nan,2-Back,88.88888888888889,2004.5686274509803
NNB,7756,1,1-Back,88.78504672897196,974.8859649122807
NNB,7756,1,2-Back,82.22222222222221,1393.9607843137255
NNB,7757,1,1-Back,91.66666666666666,709.5
NNB,7757,1,2-Back,75.55555555555556,941.0098039215686
NNB,7758,1,1-Back,98.95833333333334,1093.421568627451
NNB,7758,1,2-Back,84.44444444444444,1147.921568627451
NNB,7759,1,1-Back,95.83333333333334,829.2156862745098
NNB,7759,1,2-Back,85.0,1230.3157894736842
NNB,7760,nan,1-Back,90.625,1022.7549019607843
NNB,7760,nan,2-Back,68.0,1540.4473684210527
NNB,7761,1,1-Back,98.95833333333334,1113.235294117647
NNB,7761,1,2-Back,87.77777777777777,1224.1764705882354
NNB,7762,1,1-Back,87.5,1540.9117647058824
NNB,7762,1,2-Back,86.66666666666667,2488.823529411765
NNB,7763,1,1-Back,94.39252336448598,1110.4561403508771
NNB,7763,1,2-Back,76.0,2531.9736842105262
NNB,7764,1,1-Back,83.17757009345794,1515.9736842105262
NNB,7764,1,2-Back,72.0,1745.4736842105262
NNB,7765,1,1-Back,98.95833333333334,1005.1372549019608
NNB,7765,1,2-Back,94.44444444444444,1271.3529411764705
NNB,7766,nan,1-Back,87.85046728971963,1405.6140350877192
NNB,7766,nan,2-Back,85.55555555555556,1999.0196078431372
NNB,7767,1,1-Back,90.625,1251.4411764705883
NNB,7767,1,2-Back,73.33333333333333,1589.0980392156862
NNB,7768,1,1-Back,94.39252336448598,1177.9035087719299
NNB,7768,1,2-Back,87.0,1575.3859649122808
NNB,7769,1,1-Back,98.95833333333334,1111.4607843137255
NNB,7769,1,2-Back,81.0,1693.6666666666667
NNB,7770,1,1-Back,98.95833333333334,950.3137254901961
NNB,7770,1,2-Back,93.33333333333333,1452.8333333333333
NNB,7771,nan,1-Back,92.70833333333334,1053.9313725490197
NNB,7771,nan,2-Back,69.0909090909091,2671.531746031746
NNB,7772,1,1-Back,98.95833333333334,1245.1274509803923
NNB,7772,1,2-Back,91.11111111111111,2137.7549019607845
NNB,7773,1,1-Back,95.83333333333334,1061.9313725490197
NNB,7773,1,2-Back,87.77777777777777,1503.6078431372548
NNB,7774,1,1-Back,88.78504672897196,1396.4473684210527
NNB,7774,1,2-Back,81.11111111111111,1454.3529411764705
NNB,7775,1,1-Back,100.0,1269.4607843137255
NNB,7775,1,2-Back,77.77777777777779,1941.0098039215686
NNB,7776,1,1-Back,98.95833333333334,783.5882352941177
NNB,7776,1,2-Back,86.66666666666667,1085.186274509804
NNB,7777,1,1-Back,97.91666666666666,1138.6764705882354
NNB,7777,1,2-Back,78.88888888888889,1625.921568627451
NNB,7778,1,1-Back,81.30841121495327,1208.0350877192982
NNB,7778,1,2-Back,47.77777777777778,1740.0686274509803
NNB,7779,1,1-Back,100.0,1039.950980392157
NNB,7779,1,2-Back,62.727272727272734,2543.8571428571427
NNB,7780,1,1-Back,98.95833333333334,1032.7745098039215
NNB,7780,1,2-Back,88.0,1569.8333333333333
NNB,7781,1,1-Back,92.70833333333334,1254.137254901961
NNB,7781,1,2-Back,74.44444444444444,1587.049019607843
NNB,7782,1,1-Back,96.875,1089.4803921568628
NNB,7782,1,2-Back,90.0,1851.5686274509803
NNB,7783,1,1-Back,96.26168224299066,881.2368421052631
NNB,7783,1,2-Back,88.88888888888889,1087.2745098039215
NNB,7784,1,1-Back,90.625,1172.3921568627452
NNB,7784,1,2-Back,57.77777777777777,1611.7549019607843
NNB,7785,1,1-Back,88.78504672897196,855.9473684210526
NNB,7785,1,2-Back,65.55555555555556,1024.2745098039215
NNB,7786,1,1-Back,96.875,1192.3431372549019
NNB,7786,1,2-Back,73.0,1676.3684210526317
NNB,7787,1,1-Back,94.79166666666666,1381.0294117647059
NNB,7787,1,2-Back,77.77777777777779,2183.774509803922
NNB,7788,1,1-Back,96.875,1362.313725490196
NNB,7788,1,2-Back,92.22222222222223,3106.5
NNB,7789,1,1-Back,95.32710280373831,1131.2894736842106
NNB,7789,1,2-Back,52.72727272727272,1822.373015873016
NNB,7790,1,1-Back,93.22033898305084,1154.6190476190477
NNB,7790,1,2-Back,60.0,2612.5862068965516
NNB,7791,1,1-Back,92.5233644859813,1255.2894736842106
NNB,7791,1,2-Back,77.77777777777779,1563.4019607843138
NNB,7792,1,1-Back,96.875,1037.8823529411766
NNB,7792,1,2-Back,71.11111111111111,1575.8235294117646
NNB,7793,1,1-Back,94.79166666666666,1037.450980392157
NNB,7793,1,2-Back,56.99999999999999,1782.3245614035088
NNB,7794,1,1-Back,73.83177570093457,1113.7631578947369
NNB,7794,1,2-Back,39.0,2030.5
NNB,7795,1,1-Back,96.875,1152.5098039215686
NNB,7795,1,2-Back,84.44444444444444,1805.813725490196
NNB,7797,1,1-Back,91.66666666666666,1542.9607843137255
NNB,7797,1,2-Back,85.0,1924.6666666666667
NNB,7798,1,1-Back,86.45833333333334,1423.8431372549019
NNB,7798,1,2-Back,52.0,2586.2105263157896
NNB,7799,1,1-Back,93.75,1082.2058823529412
NNB,7799,1,2-Back,77.0,1479.622807017544
NNB,7800,1,1-Back,92.70833333333334,978.343137254902
NNB,7800,1,2-Back,87.77777777777777,1457.1176470588234
NNB,7801,1,1-Back,100.0,840.7745098039215
NNB,7801,1,2-Back,77.77777777777779,1282.362745098039
NNB,7802,1,1-Back,98.95833333333334,981.5686274509804
NNB,7802,1,2-Back,88.88888888888889,1151.8529411764705
NNB,7803,1,1-Back,87.5,1209.4019607843138
NNB,7803,1,2-Back,56.99999999999999,1667.0350877192982
NNB,7805,1,1-Back,97.91666666666666,1007.5
NNB,7805,1,2-Back,93.33333333333333,1878.2058823529412
NNB,7806,1,1-Back,93.45794392523365,1111.7456140350878
NNB,7806,1,2-Back,85.0,2321.6403508771928
NNB,7807,1,1-Back,100.0,629.4215686274509
NNB,7807,1,2-Back,86.66666666666667,1006.4215686274509
NNB,7808,1,1-Back,93.75,864.6470588235294
NNB,7808,1,2-Back,83.33333333333334,1368.5588235294117
NNB,7810,1,1-Back,82.2429906542056,1113.8333333333333
NNB,7810,1,2-Back,65.0,1191.3947368421052
NNB,8000,1,1-Back,96.875,1104.1078431372548
NNB,8000,1,2-Back,80.0,1737.017543859649
NNB,8000,2,1-Back,94.79166666666666,1020.656862745098
NNB,8000,2,2-Back,86.66666666666667,1427.8333333333333
NNB,8000,3,1-Back,96.875,873.8725490196078
NNB,8000,3,2-Back,83.33333333333334,1142.9607843137255
NNB,8001,1,1-Back,87.5,1169.7843137254902
NNB,8001,1,2-Back,88.88888888888889,1637.5882352941176
NNB,8002,1,1-Back,96.875,1068.0686274509803
NNB,8002,1,2-Back,93.33333333333333,1955.5392156862745
NNB,8002,2,1-Back,100.0,1024.362745098039
NNB,8002,2,2-Back,92.22222222222223,1553.6960784313726
NNB,8002,3,1-Back,96.875,1030.5686274509803
NNB,8002,3,2-Back,93.33333333333333,1233.4117647058824
NNB,8003,1,1-Back,91.66666666666666,1137.6274509803923
NNB,8003,1,2-Back,81.11111111111111,1668.3039215686274
NNB,8003,2,1-Back,92.70833333333334,834.3137254901961
NNB,8003,2,2-Back,85.55555555555556,1319.8921568627452
NNB,8003,3,1-Back,92.70833333333334,727.3921568627451
NNB,8003,3,2-Back,83.33333333333334,1220.8333333333333
NNB,8004,1,1-Back,97.91666666666666,1251.5392156862745
NNB,8004,1,2-Back,86.0,2323.6315789473683
NNB,8004,2,1-Back,97.91666666666666,962.3823529411765
NNB,8004,2,2-Back,85.55555555555556,2039.1274509803923
NNB,8004,3,1-Back,100.0,868.9705882352941
NNB,8004,3,2-Back,88.88888888888889,1550.2450980392157
NNB,8005,1,1-Back,100.0,628.9509803921569
NNB,8005,1,2-Back,94.44444444444444,1023.8627450980392
NNB,8005,3,1-Back,98.95833333333334,600.3921568627451
NNB,8005,3,2-Back,98.88888888888889,1469.1078431372548
NNB,8006,1,1-Back,92.70833333333334,927.5392156862745
NNB,8006,1,2-Back,87.77777777777777,1341.6274509803923
NNB,8006,2,1-Back,96.875,781.5882352941177
NNB,8006,2,2-Back,93.33333333333333,1022.4411764705883
NNB,8006,3,1-Back,100.0,717.5196078431372
NNB,8006,3,2-Back,93.33333333333333,887.2058823529412
NNB,8007,1,1-Back,92.70833333333334,1294.9901960784314
NNB,8007,1,2-Back,74.0,2293.09649122807
NNB,8008,1,1-Back,97.91666666666666,1295.5392156862745
NNB,8008,1,2-Back,85.0,2019.377192982456
NNB,8008,2,1-Back,97.91666666666666,1077.3823529411766
NNB,8008,2,2-Back,85.55555555555556,1529.2450980392157
NNB,8008,3,1-Back,98.95833333333334,980.1764705882352
NNB,8008,3,2-Back,85.55555555555556,1204.3921568627452
NNB,8009,1,1-Back,96.875,773.4901960784314
NNB,8009,1,2-Back,76.66666666666667,1281.4607843137255
NNB,8009,2,1-Back,97.91666666666666,661.6666666666666
NNB,8009,2,2-Back,95.55555555555556,970.7352941176471
NNB,8009,3,1-Back,97.91666666666666,681.5686274509804
NNB,8009,3,2-Back,93.33333333333333,848.7647058823529
NNB,8011,1,1-Back,100.0,859.8137254901961
NNB,8011,1,2-Back,93.33333333333333,1284.9901960784314
NNB,8011,2,1-Back,98.95833333333334,677.8627450980392
NNB,8011,2,2-Back,100.0,991.6470588235294
NNB,8011,3,1-Back,97.91666666666666,644.5980392156863
NNB,8011,3,2-Back,97.77777777777777,891.2647058823529
NNB,8012,1,1-Back,100.0,958.2647058823529
NNB,8012,1,2-Back,93.33333333333333,1465.8529411764705
NNB,8012,2,1-Back,100.0,764.156862745098
NNB,8012,2,2-Back,97.77777777777777,1142.5196078431372
NNB,8012,3,1-Back,98.95833333333334,734.2450980392157
NNB,8012,3,2-Back,100.0,1142.049019607843
NNB,8014,1,1-Back,97.91666666666666,1116.735294117647
NNB,8014,1,2-Back,79.0,2422.377192982456
NNB,8014,2,1-Back,98.95833333333334,879.9019607843137
NNB,8014,2,2-Back,88.88888888888889,1242.421568627451
NNB,8014,3,1-Back,100.0,845.2450980392157
NNB,8014,3,2-Back,93.33333333333333,1232.049019607843
NNB,8015,1,1-Back,100.0,1095.0196078431372
NNB,8015,1,2-Back,73.0,1643.6666666666667
NNB,8016,1,1-Back,95.83333333333334,1177.5588235294117
NNB,8016,1,2-Back,80.0,1469.1929824561403
NNB,8016,2,1-Back,98.95833333333334,1063.8235294117646
NNB,8016,2,2-Back,84.44444444444444,1375.7450980392157
NNB,8016,3,1-Back,100.0,1015.5
NNB,8016,3,2-Back,81.11111111111111,1337.421568627451
NNB,8017,1,1-Back,97.91666666666666,775.5294117647059
NNB,8017,1,2-Back,90.0,1162.313725490196
NNB,8017,2,1-Back,100.0,751.1176470588235
NNB,8017,2,2-Back,87.77777777777777,987.4607843137255
NNB,8017,3,1-Back,100.0,610.4117647058823
NNB,8017,3,2-Back,93.33333333333333,845.9117647058823
NNB,8018,1,1-Back,85.41666666666666,1561.6274509803923
NNB,8018,1,2-Back,59.0,2170.184210526316
NNB,8018,2,1-Back,91.66666666666666,1091.4901960784314
NNB,8018,2,2-Back,85.55555555555556,1585.264705882353
NNB,8018,3,1-Back,85.98130841121495,1213.3333333333333
NNB,8018,3,2-Back,84.44444444444444,1361.8725490196077
NNB,8019,1,1-Back,95.83333333333334,1133.7549019607843
NNB,8019,1,2-Back,83.33333333333334,1290.1666666666667
NNB,8019,2,1-Back,98.95833333333334,904.0392156862745
NNB,8019,2,2-Back,91.11111111111111,1227.8823529411766
NNB,8020,2,1-Back,94.79166666666666,981.5686274509804
NNB,8020,2,2-Back,70.0,2522.4473684210525
NNB,8020,3,1-Back,96.26168224299066,815.2017543859649
NNB,8020,3,2-Back,77.0,1459.219298245614
NNB,8021,1,1-Back,85.98130841121495,1368.1754385964912
NNB,8021,1,2-Back,71.0,1653.6754385964912
NNB,8021,2,1-Back,96.875,1018.9607843137255
NNB,8021,2,2-Back,68.0,1490.0701754385964
NNB,8022,1,1-Back,98.95833333333334,1034.4313725490197
NNB,8022,1,2-Back,78.88888888888889,1965.3529411764705
NNB,8022,2,1-Back,93.75,715.7352941176471
NNB,8022,2,2-Back,83.33333333333334,1849.7843137254902
NNB,8022,3,1-Back,98.95833333333334,734.3137254901961
NNB,8022,3,2-Back,93.33333333333333,1606.637254901961
NNB,8023,1,1-Back,96.875,1283.6274509803923
NNB,8023,1,2-Back,41.11111111111111,2542.7450980392155
NNB,8023,2,1-Back,98.95833333333334,1104.921568627451
NNB,8023,2,2-Back,81.11111111111111,1635.8431372549019
NNB,8023,3,1-Back,98.95833333333334,1056.5588235294117
NNB,8023,3,2-Back,80.0,1520.1176470588234
NNB,8024,1,1-Back,72.03389830508475,1495.2222222222222
NNB,8024,1,2-Back,64.0,1363.5087719298247
NNB,8024,2,1-Back,95.83333333333334,1033.1470588235295
NNB,8024,2,2-Back,75.0,1346.0087719298247
NNB,8026,1,1-Back,93.75,978.2941176470588
NNB,8026,1,2-Back,64.44444444444444,1750.8725490196077
NNB,8026,2,1-Back,98.95833333333334,712.9215686274509
NNB,8026,2,2-Back,85.55555555555556,1475.2843137254902
NNB,8026,3,1-Back,97.91666666666666,636.3235294117648
NNB,8026,3,2-Back,88.88888888888889,1053.3725490196077
NNB,8027,1,1-Back,93.75,1025.3725490196077
NNB,8027,1,2-Back,78.0,1587.201754385965
NNB,8027,2,1-Back,85.41666666666666,1080.6764705882354
NNB,8027,2,2-Back,88.88888888888889,1082.9411764705883
NNB,8030,1,1-Back,91.58878504672897,1214.377192982456
NNB,8030,1,2-Back,84.44444444444444,1654.3921568627452
NNB,8030,2,1-Back,96.875,913.1078431372549
NNB,8030,2,2-Back,81.0,1554.219298245614
NNB,8030,3,1-Back,98.95833333333334,850.4705882352941
NNB,8030,3,2-Back,83.33333333333334,1364.2549019607843
NNB,8031,1,1-Back,98.95833333333334,859.9901960784314
NNB,8031,1,2-Back,90.0,1244.049019607843
NNB,8031,2,1-Back,96.875,816.3823529411765
NNB,8031,2,2-Back,92.22222222222223,1043.637254901961
NNB,8031,3,1-Back,97.91666666666666,659.9607843137255
NNB,8031,3,2-Back,96.66666666666667,865.4117647058823
NNB,8032,1,1-Back,95.83333333333334,922.6372549019608
NNB,8032,1,2-Back,85.55555555555556,1735.6078431372548
NNB,8032,2,1-Back,95.83333333333334,953.4509803921569
NNB,8032,2,2-Back,93.33333333333333,1369.9313725490197
NNB,8032,3,1-Back,100.0,978.6372549019608
NNB,8032,3,2-Back,95.55555555555556,1359.4901960784314
NNB,8034,1,1-Back,93.75,1114.6764705882354
NNB,8034,1,2-Back,82.22222222222221,1391.6764705882354
NNB,8035,1,1-Back,95.83333333333334,1070.5294117647059
NNB,8035,1,2-Back,55.00000000000001,1808.0438596491229
NNB,8035,2,1-Back,95.83333333333334,873.8921568627451
NNB,8035,2,2-Back,80.0,1285.3235294117646
NNB,8035,3,1-Back,96.875,866.156862745098
NNB,8035,3,2-Back,90.0,1344.7549019607843
NNB,8036,1,1-Back,92.70833333333334,1182.4901960784314
NNB,8036,1,2-Back,56.99999999999999,1897.0350877192982
NNB,8036,2,1-Back,89.7196261682243,1050.4122807017543
NNB,8036,2,2-Back,65.45454545454545,1539.142857142857
NNB,8036,3,1-Back,93.75,1109.313725490196
NNB,8036,3,2-Back,70.0,1842.4035087719299
NNB,8037,1,1-Back,91.58878504672897,1414.2105263157894
NNB,8037,1,2-Back,91.11111111111111,1274.5098039215686
NNB,8037,2,1-Back,93.75,1131.8725490196077
NNB,8037,2,2-Back,90.0,1208.0196078431372
NNB,8037,3,1-Back,95.83333333333334,726.9215686274509
NNB,8037,3,2-Back,92.22222222222223,938.9901960784314
NNB,8038,1,1-Back,96.875,775.1764705882352
NNB,8038,1,2-Back,95.55555555555556,1094.1666666666667
NNB,8038,2,1-Back,94.79166666666666,749.3921568627451
NNB,8038,2,2-Back,94.44444444444444,922.2352941176471
NNB,8038,3,1-Back,87.5,888.9803921568628
NNB,8038,3,2-Back,97.77777777777777,1189.5098039215686
NNB,8039,1,1-Back,94.79166666666666,685.5980392156863
NNB,8039,1,2-Back,90.0,1049.578431372549
NNB,8039,2,1-Back,98.95833333333334,620.343137254902
NNB,8039,2,2-Back,93.33333333333333,941.4411764705883
NNB,8039,3,1-Back,95.83333333333334,918.8529411764706
NNB,8039,3,2-Back,96.66666666666667,1678.7156862745098
NNB,8040,1,1-Back,100.0,1320.1666666666667
NNB,8040,1,2-Back,90.0,1642.7058823529412
NNB,8040,2,1-Back,100.0,1186.3333333333333
NNB,8040,2,2-Back,93.33333333333333,1420.1568627450981
NNB,8040,3,1-Back,95.83333333333334,1141.8039215686274
NNB,8040,3,2-Back,93.33333333333333,1286.137254901961
NNB,8042,1,1-Back,82.2429906542056,966.578947368421
NNB,8042,1,2-Back,77.0,1612.8947368421052
NNB,8046,1,1-Back,95.83333333333334,794.2745098039215
NNB,8046,1,2-Back,80.0,1273.3431372549019
NNB,8046,2,1-Back,97.91666666666666,700.1274509803922
NNB,8046,2,2-Back,92.22222222222223,1122.8235294117646
NNB,8046,3,1-Back,100.0,969.0686274509804
NNB,8046,3,2-Back,91.11111111111111,1533.2549019607843
NNB,8047,1,1-Back,100.0,1075.3431372549019
NNB,8047,1,2-Back,91.11111111111111,1431.2450980392157
NNB,8047,2,1-Back,98.95833333333334,881.8137254901961
NNB,8047,2,2-Back,92.22222222222223,1199.1274509803923
NNB,8047,3,1-Back,98.95833333333334,881.3529411764706
NNB,8047,3,2-Back,92.22222222222223,1243.2156862745098
NNB,8048,1,1-Back,93.45794392523365,842.0701754385965
NNB,8048,1,2-Back,93.33333333333333,1068.1176470588234
NNB,8048,2,1-Back,98.95833333333334,700.6666666666666
NNB,8048,2,2-Back,86.66666666666667,1271.3333333333333
NNB,8048,3,1-Back,93.75,716.6176470588235
NNB,8048,3,2-Back,85.55555555555556,989.0882352941177
NNB,8050,1,1-Back,100.0,755.9705882352941
NNB,8050,1,2-Back,95.55555555555556,1314.8823529411766
NNB,8050,2,1-Back,100.0,696.8725490196078
NNB,8050,2,2-Back,95.55555555555556,1031.8431372549019
NNB,8051,1,1-Back,95.83333333333334,877.4411764705883
NNB,8051,1,2-Back,86.66666666666667,1313.186274509804
NNB,8051,2,1-Back,89.58333333333334,704.7156862745098
NNB,8051,2,2-Back,82.22222222222221,1238.2254901960785
NNB,8051,3,1-Back,95.83333333333334,892.7450980392157
NNB,8051,3,2-Back,94.44444444444444,1246.6176470588234
NNB,8052,1,1-Back,91.58878504672897,960.0087719298245
NNB,8052,1,2-Back,96.66666666666667,1235.4019607843138
NNB,8052,2,1-Back,96.875,686.3137254901961
NNB,8052,2,2-Back,93.33333333333333,1123.0588235294117
NNB,8052,3,1-Back,91.58878504672897,815.8684210526316
NNB,8052,3,2-Back,96.66666666666667,1153.8333333333333
NNB,8053,1,1-Back,95.83333333333334,847.1274509803922
NNB,8053,1,2-Back,72.22222222222221,1428.3333333333333
NNB,8053,2,1-Back,95.83333333333334,707.9803921568628
NNB,8053,2,2-Back,93.33333333333333,1079.4019607843138
NNB,8053,nan,1-Back,93.75,939.4411764705883
NNB,8053,nan,2-Back,87.77777777777777,1469.8529411764705
NNB,8054,1,1-Back,89.58333333333334,961.0392156862745
NNB,8054,1,2-Back,86.66666666666667,1173.0588235294117
NNB,8054,2,1-Back,91.66666666666666,796.5294117647059
NNB,8054,2,2-Back,86.66666666666667,1135.1176470588234
NNB,8056,1,1-Back,95.83333333333334,1056.862745098039
NNB,8056,1,2-Back,84.44444444444444,1968.1666666666667
NNB,8056,2,1-Back,95.83333333333334,751.2745098039215
NNB,8056,2,2-Back,87.77777777777777,2879.7450980392155
NNB,8056,3,1-Back,94.79166666666666,1362.4705882352941
NNB,8056,3,2-Back,80.0,1503.5392156862745
NNB,8058,1,1-Back,97.91666666666666,1066.313725490196
NNB,8058,1,2-Back,90.0,2324.5588235294117
NNB,8058,2,1-Back,98.95833333333334,1063.1274509803923
NNB,8058,2,2-Back,92.22222222222223,1362.0980392156862
NNB,8060,1,1-Back,98.95833333333334,813.6960784313726
NNB,8060,1,2-Back,93.33333333333333,1247.8333333333333
NNB,8060,2,1-Back,96.875,629.6078431372549
NNB,8060,2,2-Back,90.0,1090.7456140350878
NNB,8060,3,1-Back,100.0,708.1960784313726
NNB,8060,3,2-Back,96.66666666666667,1632.8823529411766
NNB,8061,1,1-Back,96.26168224299066,885.6578947368421
NNB,8061,1,2-Back,89.0,1131.0701754385964
NNB,8062,1,1-Back,95.83333333333334,912.8529411764706
NNB,8062,1,2-Back,86.66666666666667,1133.4411764705883
NNB,8062,2,1-Back,93.75,691.4411764705883
NNB,8062,2,2-Back,83.33333333333334,847.4705882352941
NNB,8063,1,1-Back,95.83333333333334,912.5588235294117
NNB,8063,1,2-Back,80.0,1178.6568627450981
NNB,8063,2,1-Back,91.66666666666666,702.4117647058823
NNB,8063,2,2-Back,81.11111111111111,975.5392156862745
NNB,8063,nan,1-Back,88.54166666666666,696.5196078431372
NNB,8063,nan,2-Back,88.88888888888889,844.1176470588235
NNB,8064,1,1-Back,100.0,867.9509803921569
NNB,8064,1,2-Back,90.0,1368.6078431372548
NNB,8064,2,1-Back,100.0,756.6862745098039
NNB,8064,2,2-Back,91.11111111111111,1155.1274509803923
NNB,8065,1,1-Back,98.95833333333334,654.9509803921569
NNB,8065,1,2-Back,87.77777777777777,1122.362745098039
NNB,8065,2,1-Back,98.95833333333334,626.0392156862745
NNB,8065,2,2-Back,88.88888888888889,1194.049019607843
NNB,8065,nan,1-Back,98.95833333333334,546.2647058823529
NNB,8065,nan,2-Back,93.33333333333333,1020.9705882352941
NNB,8066,2,1-Back,98.95833333333334,1024.950980392157
NNB,8066,2,2-Back,87.0,1642.3070175438597
NNB,8066,3,1-Back,98.95833333333334,800.0392156862745
NNB,8066,3,2-Back,85.55555555555556,1247.578431372549
NNB,8067,1,1-Back,88.78504672897196,1096.9649122807018
NNB,8067,1,2-Back,62.0,1550.3245614035088
NNB,8068,1,1-Back,85.41666666666666,1241.362745098039
NNB,8068,1,2-Back,75.0,1615.701754385965
NNB,8068,2,1-Back,90.625,1290.6274509803923
NNB,8068,2,2-Back,76.0,1639.5877192982457
NNB,8068,nan,1-Back,95.83333333333334,1210.1078431372548
NNB,8068,nan,2-Back,70.0,1498.8157894736842
NNB,8069,1,1-Back,98.95833333333334,842.2745098039215
NNB,8069,1,2-Back,77.77777777777779,1209.5098039215686
NNB,8069,2,1-Back,97.91666666666666,711.2352941176471
NNB,8069,2,2-Back,82.22222222222221,1136.8039215686274
NNB,8069,nan,1-Back,98.95833333333334,712.2549019607843
NNB,8069,nan,2-Back,86.66666666666667,1005.1764705882352
NNB,8070,1,1-Back,93.45794392523365,878.4649122807018
NNB,8070,1,2-Back,87.77777777777777,1328.0294117647059
NNB,8070,2,1-Back,100.0,716.0490196078431
NNB,8070,2,2-Back,98.88888888888889,1108.5980392156862
NNB,8070,nan,1-Back,97.91666666666666,603.8921568627451
NNB,8070,nan,2-Back,98.88888888888889,875.1470588235294
NNB,8072,1,1-Back,95.83333333333334,1047.549019607843
NNB,8072,1,2-Back,63.0,1395.1929824561403
NNB,8072,2,1-Back,98.95833333333334,1089.6568627450981
NNB,8072,2,2-Back,66.0,1553.4561403508771
NNB,8073,1,1-Back,100.0,1018.7156862745098
NNB,8073,1,2-Back,88.88888888888889,2355.264705882353
NNB,8073,2,1-Back,100.0,875.8137254901961
NNB,8073,2,2-Back,87.77777777777777,1846.4607843137255
NNB,8073,3,1-Back,100.0,913.6176470588235
NNB,8073,3,2-Back,94.44444444444444,1247.8921568627452
NNB,8074,1,1-Back,97.91666666666666,1105.1078431372548
NNB,8074,1,2-Back,72.22222222222221,1940.6764705882354
NNB,8074,2,1-Back,94.79166666666666,986.0490196078431
NNB,8074,2,2-Back,93.33333333333333,1219.6274509803923
NNB,8074,nan,1-Back,93.75,900.9509803921569
NNB,8074,nan,2-Back,95.55555555555556,1127.5882352941176
NNB,8075,1,1-Back,96.875,974.0
NNB,8075,1,2-Back,88.88888888888889,1273.8431372549019
NNB,8075,3,1-Back,96.875,936.5980392156863
NNB,8075,3,2-Back,98.88888888888889,1101.3823529411766
NNB,8075,nan,1-Back,100.0,882.0980392156863
NNB,8075,nan,2-Back,96.66666666666667,1144.9705882352941
NNB,8076,1,1-Back,83.17757009345794,1164.982456140351
NNB,8076,1,2-Back,85.55555555555556,1708.0
NNB,8076,2,1-Back,96.875,934.5294117647059
NNB,8076,2,2-Back,90.0,1105.8529411764705
NNB,8076,3,1-Back,100.0,854.6078431372549
NNB,8076,3,2-Back,87.77777777777777,1968.5
NNB,8078,1,1-Back,85.04672897196261,1295.719298245614
NNB,8078,1,2-Back,71.0,1827.9298245614036
NNB,8078,2,1-Back,95.83333333333334,865.2549019607843
NNB,8078,2,2-Back,67.0,1400.140350877193
NNB,8078,3,1-Back,96.875,1017.1176470588235
NNB,8078,3,2-Back,78.0,1342.421052631579
NNB,8079,1,1-Back,95.32710280373831,961.9473684210526
NNB,8079,1,2-Back,86.0,1071.657894736842
NNB,8079,2,1-Back,94.79166666666666,1001.9607843137255
NNB,8079,2,2-Back,85.55555555555556,1225.3235294117646
NNB,8079,3,1-Back,98.95833333333334,804.0490196078431
NNB,8079,3,2-Back,93.33333333333333,983.4803921568628
NNB,8080,1,1-Back,76.63551401869158,937.4824561403509
NNB,8080,1,2-Back,53.63636363636364,1425.2698412698412
NNB,8080,2,1-Back,94.79166666666666,971.1274509803922
NNB,8080,2,2-Back,84.44444444444444,1293.7156862745098
NNB,8080,3,1-Back,93.75,844.5490196078431
NNB,8080,3,2-Back,83.33333333333334,1126.2745098039215
NNB,8081,1,1-Back,97.91666666666666,1031.8725490196077
NNB,8081,1,2-Back,75.55555555555556,1348.8431372549019
NNB,8081,2,1-Back,98.95833333333334,988.9705882352941
NNB,8081,2,2-Back,80.0,1532.3947368421052
NNB,8083,1,1-Back,94.79166666666666,810.1960784313726
NNB,8083,1,2-Back,77.0,1422.4912280701753
NNB,8083,3,1-Back,98.95833333333334,774.0490196078431
NNB,8083,3,2-Back,85.55555555555556,971.5
NNB,8083,nan,1-Back,95.83333333333334,833.8235294117648
NNB,8083,nan,2-Back,80.0,1035.1274509803923
NNB,8084,1,1-Back,92.70833333333334,964.4313725490196
NNB,8084,1,2-Back,81.11111111111111,1336.3039215686274
NNB,8084,2,1-Back,97.91666666666666,871.3039215686274
NNB,8084,2,2-Back,93.33333333333333,1182.421568627451
NNB,8084,3,1-Back,98.95833333333334,691.5686274509804
NNB,8084,3,2-Back,93.33333333333333,1055.5098039215686
NNB,8085,1,1-Back,96.875,991.8137254901961
NNB,8085,1,2-Back,88.0,1283.7280701754387
NNB,8085,2,1-Back,98.95833333333334,884.343137254902
NNB,8085,2,2-Back,90.0,1191.6274509803923
NNB,8087,1,1-Back,95.83333333333334,907.4411764705883
NNB,8087,1,2-Back,84.44444444444444,990.3333333333334
NNB,8087,2,1-Back,100.0,677.9509803921569
NNB,8087,2,2-Back,94.44444444444444,720.0294117647059
NNB,8087,3,1-Back,100.0,668.7450980392157
NNB,8087,3,2-Back,90.0,831.0392156862745
NNB,8088,1,1-Back,88.78504672897196,1420.6842105263158
NNB,8088,1,2-Back,76.66666666666667,2300.8823529411766
NNB,8088,2,1-Back,92.70833333333334,1216.637254901961
NNB,8088,2,2-Back,87.77777777777777,1526.7254901960785
NNB,8088,3,1-Back,93.75,1229.8823529411766
NNB,8088,3,2-Back,87.77777777777777,1866.5098039215686
NNB,8090,1,1-Back,98.95833333333334,1335.9607843137255
NNB,8090,1,2-Back,87.77777777777777,2343.2843137254904
NNB,8092,1,1-Back,95.83333333333334,1003.1176470588235
NNB,8092,1,2-Back,82.22222222222221,1126.0196078431372
NNB,8092,3,1-Back,97.91666666666666,893.1666666666666
NNB,8092,3,2-Back,85.55555555555556,969.5196078431372
NNB,8092,nan,1-Back,94.79166666666666,891.2843137254902
NNB,8092,nan,2-Back,86.66666666666667,982.0588235294117
NNB,8093,1,1-Back,97.91666666666666,1259.5980392156862
NNB,8093,1,2-Back,80.0,1417.578431372549
NNB,8094,1,1-Back,97.91666666666666,782.4803921568628
NNB,8094,1,2-Back,83.33333333333334,1081.921568627451
NNB,8094,2,1-Back,93.45794392523365,963.0087719298245
NNB,8094,2,2-Back,78.0,1096.5526315789473
NNB,8094,3,1-Back,98.95833333333334,938.4803921568628
NNB,8094,3,2-Back,80.0,1135.9117647058824
NNB,8095,1,1-Back,95.83333333333334,804.3137254901961
NNB,8095,1,2-Back,90.0,1233.9117647058824
NNB,8096,1,1-Back,98.95833333333334,743.6078431372549
NNB,8096,1,2-Back,96.66666666666667,1277.2254901960785
NNB,8096,2,1-Back,100.0,916.1666666666666
NNB,8096,2,2-Back,94.44444444444444,1794.2058823529412
NNB,8096,3,1-Back,98.95833333333334,638.8921568627451
NNB,8096,3,2-Back,96.66666666666667,1174.6078431372548
NNB,8098,1,1-Back,96.875,1193.4411764705883
NNB,8098,1,2-Back,77.77777777777779,1438.3823529411766
NNB,8098,2,1-Back,98.95833333333334,1001.0
NNB,8098,2,2-Back,77.0,1473.4122807017543
NNB,8099,1,1-Back,96.875,979.7745098039215
NNB,8099,1,2-Back,91.11111111111111,1292.3725490196077
NNB,8099,2,1-Back,93.75,855.2745098039215
NNB,8099,2,2-Back,87.77777777777777,1357.2843137254902
NNB,8100,1,1-Back,92.70833333333334,1075.0882352941176
NNB,8100,1,2-Back,37.0,2893.0087719298244
NNB,8100,2,1-Back,98.95833333333334,789.7549019607843
NNB,8100,2,2-Back,82.22222222222221,1176.686274509804
NNB,8101,1,1-Back,94.79166666666666,1145.0980392156862
NNB,8101,1,2-Back,68.0,1886.0
NNB,8102,1,1-Back,98.95833333333334,939.2745098039215
NNB,8102,1,2-Back,88.0,1414.6842105263158
NNB,8102,2,1-Back,98.95833333333334,832.3137254901961
NNB,8102,2,2-Back,86.66666666666667,1061.0196078431372
NNB,8103,1,1-Back,96.875,927.8529411764706
NNB,8103,1,2-Back,85.55555555555556,1465.4901960784314
NNB,8103,2,1-Back,97.91666666666666,781.4313725490196
NNB,8103,2,2-Back,92.22222222222223,1014.2549019607843
NNB,8104,1,1-Back,85.04672897196261,1123.3859649122808
NNB,8104,1,2-Back,83.33333333333334,1702.4705882352941
NNB,8104,2,1-Back,95.83333333333334,765.7254901960785
NNB,8104,2,2-Back,86.66666666666667,985.7941176470588
NNB,8106,1,1-Back,92.5233644859813,928.1666666666666
NNB,8106,1,2-Back,84.0,1183.0526315789473
NNB,8106,2,1-Back,95.83333333333334,740.1666666666666
NNB,8106,2,2-Back,90.0,1008.2352941176471
NNB,8107,1,1-Back,93.75,968.3921568627451
NNB,8107,1,2-Back,88.88888888888889,1013.6372549019608
NNB,8107,3,1-Back,88.54166666666666,664.4803921568628
NNB,8107,3,2-Back,88.88888888888889,890.7450980392157
NNB,8108,1,1-Back,97.91666666666666,719.4607843137255
NNB,8108,1,2-Back,83.0,1351.1666666666667
NNB,8108,2,1-Back,98.95833333333334,657.4803921568628
NNB,8108,2,2-Back,97.77777777777777,867.2843137254902
NNB,8111,1,1-Back,98.95833333333334,1014.1470588235294
NNB,8111,1,2-Back,75.0,1722.2543859649122
NNB,8112,1,1-Back,100.0,925.5490196078431
NNB,8112,1,2-Back,95.55555555555556,1429.9803921568628
NNB,8113,1,1-Back,100.0,1014.6274509803922
NNB,8113,1,2-Back,92.22222222222223,1411.235294117647
NNB,8114,1,1-Back,98.95833333333334,718.0294117647059
NNB,8114,1,2-Back,84.44444444444444,1297.5980392156862
NNB,8114,2,1-Back,98.95833333333334,745.7745098039215
NNB,8114,2,2-Back,87.77777777777777,1273.6666666666667
NNB,8115,1,1-Back,92.70833333333334,946.9901960784314
NNB,8115,1,2-Back,86.66666666666667,1282.8725490196077
NNB,8116,1,1-Back,96.875,1017.4019607843137
NNB,8116,1,2-Back,87.77777777777777,1462.4803921568628
NNB,8116,2,1-Back,100.0,838.6274509803922
NNB,8116,2,2-Back,92.22222222222223,1076.1274509803923
NNB,8118,1,1-Back,92.70833333333334,775.6274509803922
NNB,8118,1,2-Back,73.33333333333333,978.2941176470588
NNB,8119,1,1-Back,97.91666666666666,1032.3235294117646
NNB,8119,1,2-Back,93.33333333333333,2717.1372549019607
NNB,8120,1,1-Back,90.625,1254.7549019607843
NNB,8120,1,2-Back,74.0,2312.8859649122805
NNB,8120,2,1-Back,95.83333333333334,770.7156862745098
NNB,8120,2,2-Back,82.22222222222221,1164.0392156862745
NNB,8121,1,1-Back,100.0,767.1372549019608
NNB,8121,1,2-Back,88.88888888888889,1107.7549019607843
NNB,8121,2,1-Back,95.83333333333334,657.7058823529412
NNB,8121,2,2-Back,88.88888888888889,851.8137254901961
NNB,8123,1,1-Back,95.83333333333334,977.4607843137255
NNB,8123,1,2-Back,85.55555555555556,1372.078431372549
NNB,8124,1,1-Back,100.0,793.3529411764706
NNB,8124,1,2-Back,95.55555555555556,1094.921568627451
NNB,8125,1,1-Back,100.0,892.6470588235294
NNB,8125,1,2-Back,82.0,1316.280701754386
NNB,8126,1,1-Back,98.95833333333334,900.843137254902
NNB,8126,1,2-Back,93.33333333333333,1102.578431372549
NNB,8127,1,1-Back,94.79166666666666,1051.1274509803923
NNB,8127,1,2-Back,87.77777777777777,1484.2450980392157
NNB,8128,1,1-Back,93.45794392523365,965.2719298245614
NNB,8128,1,2-Back,90.0,1419.8157894736842
NNB,8130,1,1-Back,98.95833333333334,834.6960784313726
NNB,8130,1,2-Back,71.81818181818181,1404.031746031746
NNB,8131,1,1-Back,96.875,1214.7549019607843
NNB,8131,1,2-Back,80.0,1727.3529411764705
NNB,8132,1,1-Back,92.5233644859813,1075.798245614035
NNB,8132,1,2-Back,77.77777777777779,1195.5098039215686
NNB,8136,1,1-Back,100.0,918.5392156862745
NNB,8136,1,2-Back,90.0,1295.6568627450981
NNB,8138,1,1-Back,98.95833333333334,866.2156862745098
NNB,8138,1,2-Back,93.33333333333333,1140.2843137254902
NNB,8139,1,1-Back,96.875,968.0686274509804
NNB,8139,1,2-Back,94.44444444444444,1105.9117647058824
NNB,8140,1,1-Back,97.91666666666666,927.656862745098
NNB,8140,1,2-Back,91.11111111111111,1267.6176470588234
NNB,8145,1,1-Back,96.875,975.4803921568628
NNB,8145,1,2-Back,87.77777777777777,1792.5980392156862
NNB,8146,1,1-Back,94.79166666666666,834.5196078431372
NNB,8146,1,2-Back,81.11111111111111,1714.4705882352941
NNB,8149,1,1-Back,96.875,652.1764705882352
NNB,8149,1,2-Back,95.55555555555556,1112.950980392157
NNB,83664,nan,1-Back,94.79166666666666,1525.362745098039
NNB,83664,nan,2-Back,93.33333333333333,1455.1960784313726
NNB,9002,1,1-Back,97.19626168224299,1180.8684210526317
NNB,9002,1,2-Back,69.0,1988.0350877192982
NNB,9002,3,1-Back,96.875,1058.235294117647
NNB,9002,3,2-Back,94.44444444444444,1890.0882352941176
NNB,9003,1,1-Back,98.95833333333334,997.3235294117648
NNB,9003,1,2-Back,93.33333333333333,1563.313725490196
NNB,9003,3,1-Back,98.95833333333334,1054.8725490196077
NNB,9003,3,2-Back,93.33333333333333,1638.7745098039215
NNB,9004,1,1-Back,88.78504672897196,1305.9122807017543
NNB,9004,1,2-Back,90.0,1540.1078431372548
NNB,9005,1,1-Back,97.91666666666666,1152.6176470588234
NNB,9005,1,2-Back,75.0,2079.5263157894738
NNB,9005,2,1-Back,95.83333333333334,962.9215686274509
NNB,9005,2,2-Back,88.88888888888889,1585.9117647058824
NNB,9005,3,1-Back,97.91666666666666,965.7352941176471
NNB,9005,3,2-Back,90.0,2016.4901960784314
NNB,9007,1,1-Back,96.875,1199.8333333333333
NNB,9007,1,2-Back,40.0,1936.1666666666667
NNB,9008,1,1-Back,95.83333333333334,1150.2254901960785
NNB,9008,1,2-Back,70.0,1990.049019607843
NNB,9009,1,1-Back,100.0,1088.2254901960785
NNB,9009,1,2-Back,84.44444444444444,1804.9117647058824
NNB,9009,2,1-Back,100.0,1082.1176470588234
NNB,9009,2,2-Back,88.0,1532.0
NNB,9009,3,1-Back,100.0,984.0
NNB,9009,3,2-Back,92.22222222222223,1361.6960784313726
NNB,9010,1,1-Back,94.39252336448598,1164.061403508772
NNB,9010,1,2-Back,74.0,1952.921052631579
NNB,9010,2,1-Back,96.875,1115.8725490196077
NNB,9010,2,2-Back,76.66666666666667,1861.1960784313726
NNB,9010,3,1-Back,100.0,873.0294117647059
NNB,9010,3,2-Back,80.0,1244.657894736842
NNB,9011,1,1-Back,100.0,930.3235294117648
NNB,9011,1,2-Back,95.55555555555556,2454.225490196078
NNB,9013,1,1-Back,95.83333333333334,1142.3529411764705
NNB,9013,1,2-Back,84.0,2707.061403508772
NNB,9013,2,1-Back,98.95833333333334,827.8725490196078
NNB,9013,2,2-Back,88.88888888888889,1159.6568627450981
NNB,9014,1,1-Back,88.54166666666666,1140.1960784313726
NNB,9014,1,2-Back,69.0,2081.035087719298
NNB,9015,1,1-Back,92.70833333333334,1099.813725490196
NNB,9015,1,2-Back,78.0,1421.8245614035088
NNB,9015,2,1-Back,97.91666666666666,1085.3823529411766
NNB,9015,2,2-Back,78.0,1935.5877192982457
NNB,9015,3,1-Back,97.91666666666666,1056.6470588235295
NNB,9015,3,2-Back,80.0,1628.2254901960785
NNB,9017,1,1-Back,90.67796610169492,1311.8174603174602
NNB,9017,1,2-Back,80.0,1753.0196078431372
NNB,9017,2,1-Back,94.79166666666666,993.3823529411765
NNB,9017,2,2-Back,91.0,1599.0087719298247
NNB,9017,3,1-Back,98.95833333333334,1056.9411764705883
NNB,9017,3,2-Back,96.66666666666667,1576.1960784313726
NNB,9018,1,1-Back,91.58878504672897,1287.7105263157894
NNB,9018,1,2-Back,86.0,1740.3684210526317
NNB,9019,1,1-Back,96.875,1168.264705882353
NNB,9019,1,2-Back,92.22222222222223,1543.578431372549
NNB,9019,2,1-Back,100.0,1027.9705882352941
NNB,9019,2,2-Back,92.22222222222223,1430.4901960784314
NNB,9019,3,1-Back,100.0,990.9607843137255
NNB,9019,3,2-Back,93.33333333333333,1450.137254901961
NNB,9020,1,1-Back,100.0,1119.6666666666667
NNB,9020,1,2-Back,92.22222222222223,2020.578431372549
NNB,9021,1,1-Back,89.58333333333334,1965.9411764705883
NNB,9021,1,2-Back,74.44444444444444,1878.3431372549019
NNB,9021,2,1-Back,97.91666666666666,1042.735294117647
NNB,9021,2,2-Back,88.88888888888889,1858.7058823529412
NNB,9021,3,1-Back,100.0,1078.0392156862745
NNB,9021,3,2-Back,90.0,1993.5980392156862
NNB,9023,1,1-Back,95.83333333333334,1227.6274509803923
NNB,9023,1,2-Back,75.55555555555556,2078.5196078431372
NNB,9023,2,1-Back,96.875,1234.8823529411766
NNB,9023,2,2-Back,88.88888888888889,1799.578431372549
NNB,9023,3,1-Back,97.91666666666666,1039.0686274509803
NNB,9023,3,2-Back,88.88888888888889,1420.137254901961
NNB,9024,1,1-Back,88.78504672897196,1454.3333333333333
NNB,9024,1,2-Back,63.0,2280.40350877193
NNB,9024,2,1-Back,90.65420560747664,1341.8859649122808
NNB,9024,2,2-Back,80.0,1998.2745098039215
NNB,9024,3,1-Back,90.625,1707.362745098039
NNB,9024,3,2-Back,73.33333333333333,1800.9019607843138
NNB,9028,1,1-Back,97.91666666666666,1091.4313725490197
NNB,9028,1,2-Back,94.44444444444444,1944.4019607843138
NNB,9028,3,1-Back,100.0,1240.5294117647059
NNB,9028,3,2-Back,94.44444444444444,1717.4411764705883
NNB,9029,2,1-Back,98.95833333333334,935.0490196078431
NNB,9029,2,2-Back,95.55555555555556,1390.9117647058824
NNB,9029,3,1-Back,98.95833333333334,1113.7941176470588
NNB,9029,3,2-Back,86.66666666666667,1554.450980392157
NNB,9030,1,1-Back,100.0,1372.813725490196
NNB,9030,1,2-Back,69.0,2274.3245614035086
NNB,9031,1,1-Back,90.65420560747664,1340.842105263158
NNB,9031,1,2-Back,80.0,2079.421568627451
NNB,9031,2,1-Back,93.75,1284.362745098039
NNB,9031,2,2-Back,86.66666666666667,1539.8921568627452
NNB,9033,2,1-Back,92.70833333333334,1057.1078431372548
NNB,9033,2,2-Back,71.0,1535.2543859649122
NNB,9033,3,1-Back,98.95833333333334,819.7941176470588
NNB,9033,3,2-Back,80.0,1383.3529411764705
NNB,9034,1,1-Back,93.75,1192.3039215686274
NNB,9034,1,2-Back,85.0,1591.8508771929824
NNB,9034,2,1-Back,93.75,1047.1176470588234
NNB,9034,2,2-Back,92.22222222222223,1265.4411764705883
NNB,9034,3,1-Back,97.91666666666666,1024.6274509803923
NNB,9034,3,2-Back,91.11111111111111,1181.921568627451
NNB,9035,2,1-Back,98.95833333333334,891.2352941176471
NNB,9035,2,2-Back,91.11111111111111,1247.5882352941176
NNB,9035,3,1-Back,96.875,877.2549019607843
NNB,9035,3,2-Back,91.11111111111111,1152.9803921568628
NNB,9038,1,1-Back,82.2429906542056,1967.7631578947369
NNB,9038,1,2-Back,84.44444444444444,1874.7549019607843
NNB,9038,3,1-Back,98.95833333333334,1106.3529411764705
NNB,9038,3,2-Back,87.77777777777777,1284.0294117647059
NNB,9045,1,1-Back,91.66666666666666,943.4607843137255
NNB,9045,1,2-Back,84.44444444444444,1406.186274509804
NNB,9045,2,1-Back,93.75,964.6176470588235
NNB,9045,2,2-Back,90.0,1427.137254901961
NNB,9045,3,1-Back,96.875,854.5686274509804
NNB,9045,3,2-Back,74.0,1263.9473684210527
NNB,9047,1,1-Back,91.58878504672897,1064.219298245614
NNB,9047,1,2-Back,72.0,1446.877192982456
NNB,9047,2,1-Back,93.75,1000.3039215686274
NNB,9047,2,2-Back,88.88888888888889,1686.921568627451
NNB,9048,1,1-Back,46.728971962616825,1937.578947368421
NNB,9048,1,2-Back,30.0,2351.0087719298244
NNB,9049,1,1-Back,97.91666666666666,907.7549019607843
NNB,9049,1,2-Back,98.88888888888889,1365.4313725490197
NNB,9050,1,1-Back,94.79166666666666,1043.813725490196
NNB,9050,1,2-Back,63.0,1938.7105263157894
NNB,9051,1,1-Back,96.875,1283.0
NNB,9051,1,2-Back,93.33333333333333,1843.1274509803923
NNB,9051,2,1-Back,98.95833333333334,1140.4705882352941
NNB,9051,2,2-Back,93.33333333333333,1855.235294117647
NNB,9053,1,1-Back,68.75,1463.0392156862745
NNB,9053,1,2-Back,59.0,1678.9035087719299
NNB,9054,1,1-Back,97.91666666666666,1100.3823529411766
NNB,9054,1,2-Back,86.66666666666667,1354.6078431372548
NNB,9054,2,1-Back,100.0,927.7647058823529
NNB,9054,2,2-Back,87.77777777777777,1433.862745098039
NNB,9054,3,1-Back,100.0,913.2647058823529
NNB,9054,3,2-Back,90.0,1107.2450980392157
NNB,9056,1,1-Back,93.75,1100.3725490196077
NNB,9056,1,2-Back,91.11111111111111,1676.1274509803923
NNB,9057,1,1-Back,94.79166666666666,1038.9411764705883
NNB,9057,1,2-Back,84.44444444444444,1471.950980392157
NNB,9057,2,1-Back,89.7196261682243,1427.6666666666667
NNB,9057,2,2-Back,90.0,1662.4607843137255
NNB,9059,1,1-Back,84.11214953271028,1462.2543859649122
NNB,9059,1,2-Back,85.55555555555556,1747.0980392156862
NNB,9059,2,1-Back,93.75,1131.0882352941176
NNB,9059,2,2-Back,83.33333333333334,1669.4803921568628
NNB,9060,1,1-Back,97.91666666666666,1100.4803921568628
NNB,9060,1,2-Back,69.0,1958.798245614035
NNB,9062,1,1-Back,95.83333333333334,1092.9117647058824
NNB,9062,1,2-Back,80.0,1526.8157894736842
NNB,9062,2,1-Back,95.83333333333334,773.9509803921569
NNB,9062,2,2-Back,86.66666666666667,1300.6568627450981
NNB,9064,1,1-Back,96.875,948.6470588235294
NNB,9064,1,2-Back,70.0,1570.3725490196077
NNB,9067,1,1-Back,93.75,1328.8431372549019
NNB,9067,1,2-Back,85.55555555555556,1647.0588235294117
NNB,9067,2,1-Back,93.75,1180.7156862745098
NNB,9067,2,2-Back,86.66666666666667,1576.637254901961
NNB,9068,1,1-Back,100.0,952.6470588235294
NNB,9068,1,2-Back,91.11111111111111,1674.2450980392157
NNB,9068,2,1-Back,100.0,797.0392156862745
NNB,9068,2,2-Back,98.88888888888889,1072.4019607843138
NNB,9070,1,1-Back,89.58333333333334,1039.578431372549
NNB,9070,1,2-Back,77.77777777777779,1678.2254901960785
NNB,9070,2,1-Back,92.70833333333334,1004.5882352941177
NNB,9070,2,2-Back,70.0,2064.3245614035086
NNB,9071,1,1-Back,96.875,1353.3039215686274
NNB,9071,1,2-Back,73.0,2116.1754385964914
NNB,9073,1,1-Back,81.30841121495327,1685.1842105263158
NNB,9073,1,2-Back,79.0,2529.59649122807
NNB,9073,2,1-Back,97.91666666666666,1206.049019607843
NNB,9073,2,2-Back,91.11111111111111,1733.7745098039215
NNB,9074,1,1-Back,98.95833333333334,1000.8823529411765
NNB,9074,1,2-Back,81.11111111111111,1410.078431372549
NNB,9074,2,1-Back,96.875,983.0588235294117
NNB,9074,2,2-Back,80.0,1433.0980392156862
NNB,9076,1,1-Back,97.19626168224299,1192.877192982456
NNB,9076,1,2-Back,92.22222222222223,1493.362745098039
NNB,9076,2,1-Back,97.91666666666666,1157.4411764705883
NNB,9076,2,2-Back,91.11111111111111,1497.2843137254902
NNB,9077,1,1-Back,94.79166666666666,1039.4313725490197
NNB,9077,1,2-Back,87.77777777777777,1703.0
NNB,9078,1,1-Back,85.04672897196261,1682.219298245614
NNB,9078,1,2-Back,61.0,2803.245614035088
NNB,9080,1,1-Back,81.25,1357.813725490196
NNB,9080,1,2-Back,84.44444444444444,1803.137254901961
NNB,9081,1,1-Back,100.0,993.4705882352941
NNB,9081,1,2-Back,94.44444444444444,1768.8725490196077
NNB,9081,2,1-Back,97.91666666666666,872.7941176470588
NNB,9081,2,2-Back,93.33333333333333,1028.7549019607843
NNB,9082,1,1-Back,94.79166666666666,1363.3529411764705
NNB,9082,1,2-Back,84.44444444444444,1725.5882352941176
NNB,9083,1,1-Back,97.91666666666666,1236.1470588235295
NNB,9083,1,2-Back,96.66666666666667,2248.156862745098
NNB,9084,1,1-Back,95.83333333333334,1327.9313725490197
NNB,9084,1,2-Back,79.0,2102.8245614035086
NNB,9086,1,1-Back,95.83333333333334,1017.7156862745098
NNB,9086,1,2-Back,90.0,1746.0196078431372
NNB,9087,1,1-Back,93.75,1174.421568627451
NNB,9087,1,2-Back,82.0,1795.2105263157894
NNB,9088,1,1-Back,98.95833333333334,970.2352941176471
NNB,9088,1,2-Back,92.22222222222223,1626.313725490196
NNB,9090,1,1-Back,21.49532710280374,1351.9122807017543
NNB,9090,1,2-Back,75.55555555555556,2042.7745098039215
NNB,9092,1,1-Back,95.83333333333334,976.0392156862745
NNB,9092,1,2-Back,72.22222222222221,1565.4705882352941
NNB,9093,1,1-Back,96.875,1252.049019607843
NNB,9093,1,2-Back,95.55555555555556,1466.8725490196077
NNB,9094,1,1-Back,96.875,889.6666666666666
NNB,9094,1,2-Back,88.88888888888889,1774.9803921568628
NNB,9999,1,1-Back,95.83333333333334,674.1372549019608
NNB,9999,1,2-Back,93.0,1176.3508771929824
NNB,9999,nan,1-Back,93.75,675.8823529411765
NNB,9999,nan,2-Back,82.22222222222221,946.9215686274509
NNB,NNB,,1-Back,100.0,1135.137254901961
NNB,NNB,,2-Back,87.77777777777777,1631.235294117647
NTS,0,33,A,100.0,803.9444444444445
NTS,0,33,B,91.66666666666666,921.4166666666666
NTS,0,33,C,25.925925925925924,1121.712962962963
NTS,1,1,A,97.22222222222221,661.2222222222222
NTS,1,1,B,97.22222222222221,686.6388888888889
NTS,1,1,C,87.03703703703704,830.5277777777778
NTS,1474,1,A,100.0,607.3055555555555
NTS,1474,1,B,100.0,645.5555555555555
NTS,1474,1,C,81.66666666666667,1068.6583333333333
NTS,1511,1,A,97.22222222222221,796.7777777777778
NTS,1511,1,B,86.11111111111111,937.0
NTS,1511,1,C,55.00000000000001,1087.25
NTS,7000,1,A,94.44444444444444,724.8333333333334
NTS,7000,1,B,91.66666666666666,725.5833333333334
NTS,7000,1,C,72.22222222222221,1003.3055555555555
NTS,7001,1,A,94.44444444444444,657.0555555555555
NTS,7001,1,B,100.0,681.9166666666666
NTS,7001,1,C,89.81481481481481,1070.4444444444443
NTS,7002,1,A,97.22222222222221,681.1666666666666
NTS,7002,1,B,94.44444444444444,706.8611111111111
NTS,7002,1,C,75.0,1127.8833333333334
NTS,7003,1,A,97.22222222222221,618.1666666666666
NTS,7003,1,B,100.0,763.5555555555555
NTS,7003,1,C,80.0,1035.275
NTS,7004,1,A,97.22222222222221,618.2777777777778
NTS,7004,1,B,88.88888888888889,824.3333333333334
NTS,7004,1,C,55.00000000000001,1257.5083333333334
NTS,7005,1,A,100.0,636.0277777777778
NTS,7005,1,B,94.44444444444444,811.8333333333334
NTS,7005,1,C,90.74074074074075,985.2870370370371
NTS,7006,1,A,100.0,669.1111111111111
NTS,7006,1,B,100.0,730.25
NTS,7006,1,C,91.66666666666666,873.7222222222222
NTS,7007,1,A,97.22222222222221,609.6111111111111
NTS,7007,1,B,100.0,595.1944444444445
NTS,7007,1,C,97.22222222222221,931.9537037037037
NTS,7008,1,A,97.22222222222221,665.8888888888889
NTS,7008,1,B,97.22222222222221,853.25
NTS,7008,1,C,95.37037037037037,992.0925925925926
NTS,7009,1,A,97.22222222222221,640.8333333333334
NTS,7009,1,B,97.22222222222221,661.1666666666666
NTS,7009,1,C,79.62962962962963,1132.611111111111
NTS,7010,1,A,97.22222222222221,592.6666666666666
NTS,7010,1,B,88.88888888888889,732.0555555555555
NTS,7010,1,C,76.85185185185185,1096.6296296296296
NTS,7012,1,A,91.66666666666666,802.8611111111111
NTS,7012,1,B,97.22222222222221,802.1111111111111
NTS,7012,1,C,76.66666666666667,1076.0416666666667
NTS,7013,1,A,100.0,600.3055555555555
NTS,7013,1,B,94.44444444444444,696.9166666666666
NTS,7013,1,C,75.92592592592592,822.5370370370371
NTS,7014,1,A,94.44444444444444,714.0277777777778
NTS,7014,1,B,88.88888888888889,810.6388888888889
NTS,7014,1,C,80.83333333333333,1099.2083333333333
NTS,7015,1,A,100.0,603.7222222222222
NTS,7015,1,B,91.66666666666666,687.5277777777778
NTS,7015,1,C,49.166666666666664,863.5166666666667
NTS,7016,1,A,100.0,735.2222222222222
NTS,7016,1,B,94.44444444444444,892.1111111111111
NTS,7016,1,C,91.66666666666666,1002.8148148148148
NTS,7017,1,A,94.44444444444444,718.1111111111111
NTS,7017,1,B,88.88888888888889,807.4722222222222
NTS,7017,1,C,81.48148148148148,1009.9629629629629
NTS,7018,1,A,97.22222222222221,678.8611111111111
NTS,7018,1,B,91.66666666666666,737.0833333333334
NTS,7018,1,C,90.74074074074075,990.4629629629629
NTS,7019,1,A,83.33333333333334,811.4166666666666
NTS,7019,1,B,100.0,631.8611111111111
NTS,7019,1,C,49.166666666666664,1039.5583333333334
NTS,7020,1,A,100.0,607.6666666666666
NTS,7020,1,B,97.22222222222221,653.4166666666666
NTS,7020,1,C,86.11111111111111,953.4537037037037
NTS,7021,1,A,97.22222222222221,742.0277777777778
NTS,7021,1,B,100.0,788.7777777777778
NTS,7021,1,C,84.16666666666667,1125.95
NTS,7022,1,A,88.88888888888889,818.5555555555555
NTS,7022,1,B,94.44444444444444,820.6388888888889
NTS,7022,1,C,78.70370370370371,1174.9351851851852
NTS,7023,1,A,97.22222222222221,675.2777777777778
NTS,7023,1,B,94.44444444444444,795.1944444444445
NTS,7023,1,C,90.83333333333333,1011.5
NTS,7024,1,A,94.44444444444444,671.5833333333334
NTS,7024,1,B,100.0,700.9444444444445
NTS,7024,1,C,95.37037037037037,814.4074074074074
NTS,7025,1,A,97.22222222222221,649.2777777777778
NTS,7025,1,B,91.66666666666666,678.1666666666666
NTS,7025,1,C,85.18518518518519,912.2314814814815
NTS,7026,1,A,97.22222222222221,568.6388888888889
NTS,7026,1,B,97.22222222222221,690.5277777777778
NTS,7026,1,C,93.51851851851852,1001.7870370370371
NTS,7027,1,A,97.22222222222221,786.7222222222222
NTS,7027,1,B,97.22222222222221,882.75
NTS,7027,1,C,80.55555555555556,1083.1851851851852
NTS,7028,1,A,94.44444444444444,790.3611111111111
NTS,7028,1,B,97.22222222222221,768.75
NTS,7028,1,C,78.33333333333333,1099.6666666666667
NTS,7029,1,A,100.0,646.0
NTS,7029,1,B,97.22222222222221,746.6666666666666
NTS,7029,1,C,67.5,1108.4
NTS,7030,1,A,88.88888888888889,987.75
NTS,7030,1,B,94.44444444444444,967.4722222222222
NTS,7030,1,C,61.66666666666667,1188.9666666666667
NTS,7031,1,A,97.22222222222221,673.0555555555555
NTS,7031,1,B,77.77777777777779,965.4444444444445
NTS,7031,1,C,70.0,1053.7333333333333
NTS,7032,1,A,94.44444444444444,701.9166666666666
NTS,7032,1,B,80.55555555555556,885.0
NTS,7032,1,C,75.0,1149.0925925925926
NTS,7033,1,A,94.44444444444444,665.6944444444445
NTS,7033,1,B,91.66666666666666,721.1944444444445
NTS,7033,1,C,66.66666666666666,913.0555555555555
NTS,7034,1,A,94.44444444444444,623.25
NTS,7034,1,B,87.5,654.2291666666666
NTS,7034,1,C,74.07407407407408,1005.4444444444445
NTS,7035,1,A,94.44444444444444,703.5
NTS,7035,1,B,94.44444444444444,719.0833333333334
NTS,7035,1,C,62.96296296296296,801.0092592592592
NTS,7037,1,A,86.11111111111111,919.6666666666666
NTS,7037,1,B,86.11111111111111,891.0277777777778
NTS,7037,1,C,37.5,872.225
NTS,7039,1,A,94.44444444444444,776.5555555555555
NTS,7039,1,B,97.22222222222221,782.0833333333334
NTS,7039,1,C,89.81481481481481,1122.1759259259259
NTS,7040,1,A,100.0,543.75
NTS,7040,1,B,91.66666666666666,609.6666666666666
NTS,7040,1,C,85.18518518518519,889.6666666666666
NTS,7041,1,A,88.88888888888889,740.6111111111111
NTS,7041,1,B,91.66666666666666,719.8055555555555
NTS,7041,1,C,82.5,1018.3083333333333
NTS,7042,1,A,69.44444444444444,1019.6388888888889
NTS,7042,1,B,86.11111111111111,829.0
NTS,7042,1,C,58.333333333333336,1156.2962962962963
NTS,7043,1,A,97.22222222222221,786.6944444444445
NTS,7043,1,B,94.44444444444444,842.9722222222222
NTS,7043,1,C,75.83333333333333,1143.9166666666667
NTS,7044,1,A,88.88888888888889,693.6111111111111
NTS,7044,1,B,94.44444444444444,720.8611111111111
NTS,7044,1,C,68.33333333333333,1099.2416666666666
NTS,7045,1,A,94.44444444444444,775.8888888888889
NTS,7045,1,B,91.66666666666666,863.6388888888889
NTS,7045,1,C,67.5,1197.3166666666666
NTS,7046,1,A,93.75,553.4375
NTS,7046,1,B,94.44444444444444,606.6388888888889
NTS,7046,1,C,81.48148148148148,941.5092592592592
NTS,7047,1,A,97.22222222222221,729.75
NTS,7047,1,B,97.22222222222221,864.0
NTS,7047,1,C,80.55555555555556,1081.1296296296296
NTS,7048,1,A,89.58333333333334,705.3333333333334
NTS,7048,1,B,94.44444444444444,829.75
NTS,7048,1,C,75.83333333333333,1208.525
NTS,7049,1,A,94.44444444444444,687.7777777777778
NTS,7049,1,B,91.66666666666666,677.6111111111111
NTS,7049,1,C,69.44444444444444,1190.5462962962963
NTS,7050,1,A,100.0,613.2777777777778
NTS,7050,1,B,94.44444444444444,670.6388888888889
NTS,7050,1,C,47.5,1279.525
NTS,7052,1,A,93.75,645.0833333333334
NTS,7052,1,B,91.66666666666666,773.3333333333334
NTS,7052,1,C,87.03703703703704,1079.8333333333333
NTS,7053,1,A,94.44444444444444,652.4722222222222
NTS,7053,1,B,94.44444444444444,663.3611111111111
NTS,7053,1,C,87.96296296296296,1001.7129629629629
NTS,7054,1,A,97.22222222222221,637.9166666666666
NTS,7054,1,B,88.88888888888889,686.8611111111111
NTS,7054,1,C,79.62962962962963,970.4629629629629
NTS,7055,1,A,88.88888888888889,884.0277777777778
NTS,7055,1,B,80.55555555555556,984.3055555555555
NTS,7055,1,C,50.0,1240.9833333333333
NTS,7056,1,A,94.44444444444444,729.8055555555555
NTS,7056,1,B,91.66666666666666,860.6388888888889
NTS,7056,1,C,84.16666666666667,999.3666666666667
NTS,7057,1,A,97.22222222222221,692.6111111111111
NTS,7057,1,B,94.44444444444444,789.3611111111111
NTS,7057,1,C,80.55555555555556,1028.5740740740741
NTS,7058,1,A,97.22222222222221,651.6111111111111
NTS,7058,1,B,83.33333333333334,720.0416666666666
NTS,7058,1,C,76.66666666666667,952.3666666666667
NTS,7059,1,A,97.22222222222221,698.6666666666666
NTS,7059,1,B,100.0,731.0277777777778
NTS,7059,1,C,87.03703703703704,991.6481481481482
NTS,7060,1,A,97.22222222222221,732.7222222222222
NTS,7060,1,B,81.25,883.125
NTS,7060,1,C,49.166666666666664,1264.7333333333333
NTS,7061,1,A,97.22222222222221,679.6666666666666
NTS,7061,1,B,86.11111111111111,747.1388888888889
NTS,7061,1,C,80.0,1016.9833333333333
NTS,7062,1,A,94.44444444444444,730.0555555555555
NTS,7062,1,B,88.88888888888889,773.5833333333334
NTS,7062,1,C,80.83333333333333,1091.375
NTS,7063,1,A,97.22222222222221,600.3333333333334
NTS,7063,1,B,97.22222222222221,648.3333333333334
NTS,7063,1,C,81.48148148148148,1026.037037037037
NTS,7064,1,A,70.83333333333334,1069.5
NTS,7064,1,B,95.83333333333334,854.1458333333334
NTS,7064,1,C,81.66666666666667,1120.6333333333334
NTS,7065,1,A,94.44444444444444,932.1944444444445
NTS,7065,1,B,94.44444444444444,992.0555555555555
NTS,7065,1,C,64.16666666666667,1229.675
NTS,7067,1,A,97.22222222222221,803.5833333333334
NTS,7067,1,B,86.11111111111111,852.5
NTS,7067,1,C,47.5,1177.1083333333333
NTS,7068,1,A,94.44444444444444,677.6944444444445
NTS,7068,1,B,97.22222222222221,745.6388888888889
NTS,7068,1,C,77.77777777777779,1153.0555555555557
NTS,7069,1,A,100.0,747.6666666666666
NTS,7069,1,B,91.66666666666666,851.8333333333334
NTS,7069,1,C,77.5,1157.2083333333333
NTS,7070,1,A,100.0,768.0277777777778
NTS,7070,1,B,97.22222222222221,841.3055555555555
NTS,7070,1,C,66.66666666666666,1118.3796296296296
NTS,7072,1,A,97.22222222222221,632.9444444444445
NTS,7072,1,B,97.22222222222221,652.3333333333334
NTS,7072,1,C,84.25925925925925,939.4722222222222
NTS,7073,1,A,97.22222222222221,913.2222222222222
NTS,7073,1,B,91.66666666666666,1009.3611111111111
NTS,7073,1,C,64.16666666666667,1214.3
NTS,7075,1,A,91.66666666666666,798.0277777777778
NTS,7075,1,B,94.44444444444444,774.8611111111111
NTS,7075,1,C,68.33333333333333,1118.15
NTS,7076,1,A,100.0,617.5833333333334
NTS,7076,1,B,97.22222222222221,657.1944444444445
NTS,7076,1,C,95.37037037037037,922.324074074074
NTS,7077,1,A,75.0,832.5833333333334
NTS,7077,1,B,91.66666666666666,857.8333333333334
NTS,7077,1,C,71.66666666666667,1176.6833333333334
NTS,7078,1,A,94.44444444444444,821.4166666666666
NTS,7078,1,B,91.66666666666666,823.1666666666666
NTS,7078,1,C,76.85185185185185,1038.648148148148
NTS,7079,1,A,91.66666666666666,663.4166666666666
NTS,7079,1,B,94.44444444444444,652.3888888888889
NTS,7079,1,C,85.18518518518519,848.6111111111111
NTS,7080,1,A,94.44444444444444,703.9722222222222
NTS,7080,1,B,86.11111111111111,779.4166666666666
NTS,7080,1,C,77.5,1161.35
NTS,7082,1,A,94.44444444444444,708.2777777777778
NTS,7082,1,B,89.58333333333334,767.8541666666666
NTS,7082,1,C,87.5,1041.3
NTS,7083,1,A,97.22222222222221,573.5833333333334
NTS,7083,1,B,91.66666666666666,689.7222222222222
NTS,7083,1,C,85.0,1029.4083333333333
NTS,7084,1,A,100.0,779.5277777777778
NTS,7084,1,B,100.0,803.1944444444445
NTS,7084,1,C,51.515151515151516,1241.1136363636363
NTS,7085,1,A,97.22222222222221,705.5
NTS,7085,1,B,94.44444444444444,758.0277777777778
NTS,7085,1,C,61.66666666666667,1177.175
NTS,7086,1,A,97.22222222222221,836.2777777777778
NTS,7086,1,B,97.22222222222221,818.3888888888889
NTS,7086,1,C,85.83333333333333,1097.85
NTS,7087,1,A,97.22222222222221,629.5277777777778
NTS,7087,1,B,97.22222222222221,650.6388888888889
NTS,7087,1,C,91.66666666666666,960.1333333333333
NTS,7088,1,A,100.0,749.0277777777778
NTS,7088,1,B,94.44444444444444,869.1388888888889
NTS,7088,1,C,87.5,1035.4333333333334
NTS,7089,1,A,91.66666666666666,638.5277777777778
NTS,7089,1,B,97.22222222222221,641.8888888888889
NTS,7089,1,C,84.16666666666667,1088.525
NTS,7090,1,A,100.0,626.6111111111111
NTS,7090,1,B,100.0,729.8333333333334
NTS,7090,1,C,87.96296296296296,1042.1944444444443
NTS,7091,1,A,97.22222222222221,721.0555555555555
NTS,7091,1,B,97.22222222222221,839.3055555555555
NTS,7091,1,C,78.70370370370371,1124.2777777777778
NTS,7092,1,A,100.0,797.5277777777778
NTS,7092,1,B,97.22222222222221,866.3333333333334
NTS,7092,1,C,64.81481481481481,1185.0925925925926
NTS,7093,1,A,94.44444444444444,624.8055555555555
NTS,7093,1,B,97.22222222222221,596.1944444444445
NTS,7093,1,C,89.16666666666667,975.3833333333333
NTS,7094,1,A,100.0,848.3888888888889
NTS,7094,1,B,97.22222222222221,842.9722222222222
NTS,7094,1,C,85.18518518518519,1143.3055555555557
NTS,7096,1,A,88.88888888888889,767.1944444444445
NTS,7096,1,B,94.44444444444444,866.2222222222222
NTS,7096,1,C,83.33333333333334,1084.7416666666666
NTS,7097,1,A,94.44444444444444,791.2777777777778
NTS,7097,1,B,94.44444444444444,849.5833333333334
NTS,7097,1,C,75.92592592592592,1079.5462962962963
NTS,7098,1,A,97.22222222222221,799.3333333333334
NTS,7098,1,B,94.44444444444444,838.3888888888889
NTS,7098,1,C,72.22222222222221,1145.8796296296296
NTS,7099,1,A,100.0,588.1944444444445
NTS,7099,1,B,100.0,618.3611111111111
NTS,7099,1,C,98.14814814814815,845.1666666666666
NTS,7102,1,A,94.44444444444444,1049.361111111111
NTS,7102,1,B,88.88888888888889,1023.9444444444445
NTS,7102,1,C,60.83333333333333,1022.1
NTS,7103,1,A,97.22222222222221,764.9444444444445
NTS,7103,1,B,88.88888888888889,853.4444444444445
NTS,7103,1,C,66.66666666666666,1190.8703703703704
NTS,7104,1,A,81.25,899.0833333333334
NTS,7104,1,B,94.44444444444444,841.8333333333334
NTS,7104,1,C,71.66666666666667,1214.725
NTS,7105,1,A,97.22222222222221,580.8611111111111
NTS,7105,1,B,88.88888888888889,718.9444444444445
NTS,7105,1,C,93.51851851851852,938.0555555555555
NTS,7106,1,A,100.0,645.6944444444445
NTS,7106,1,B,100.0,791.4444444444445
NTS,7106,1,C,80.0,1127.7
NTS,7107,1,A,100.0,565.0833333333334
NTS,7107,1,B,97.22222222222221,710.4166666666666
NTS,7107,1,C,98.14814814814815,827.5925925925926
NTS,7108,1,A,97.22222222222221,584.8333333333334
NTS,7108,1,B,100.0,565.4166666666666
NTS,7108,1,C,78.70370370370371,1113.0555555555557
NTS,7109,1,A,97.22222222222221,711.6111111111111
NTS,7109,1,B,88.88888888888889,844.1944444444445
NTS,7109,1,C,51.515151515151516,1250.6969696969697
NTS,7110,1,A,100.0,594.0555555555555
NTS,7110,1,B,94.44444444444444,781.3055555555555
NTS,7110,1,C,79.62962962962963,961.6018518518518
NTS,7111,1,A,97.22222222222221,903.0555555555555
NTS,7111,1,B,91.66666666666666,986.6388888888889
NTS,7111,1,C,50.0,1222.525
NTS,7112,1,A,86.11111111111111,823.9166666666666
NTS,7112,1,B,88.88888888888889,942.75
NTS,7112,1,C,15.74074074074074,1378.8148148148148
NTS,7113,1,A,88.88888888888889,868.8611111111111
NTS,7113,1,B,91.66666666666666,953.9444444444445
NTS,7113,1,C,42.5,1342.6
NTS,7114,1,A,97.22222222222221,696.0555555555555
NTS,7114,1,B,97.22222222222221,702.75
NTS,7114,1,C,80.0,1090.1333333333334
NTS,7115,1,A,100.0,708.0277777777778
NTS,7115,1,B,94.44444444444444,834.5
NTS,7115,1,C,90.0,986.1666666666666
NTS,7116,1,A,91.66666666666666,757.3888888888889
NTS,7116,1,B,97.22222222222221,836.5
NTS,7116,1,C,59.166666666666664,1179.4083333333333
NTS,7117,1,A,91.66666666666666,927.4166666666666
NTS,7117,1,B,83.33333333333334,941.6388888888889
NTS,7117,1,C,55.833333333333336,1109.85
NTS,7118,1,A,91.66666666666666,716.7222222222222
NTS,7118,1,B,94.44444444444444,726.1111111111111
NTS,7118,1,C,25.0,1354.9583333333333
NTS,7120,1,A,91.66666666666666,755.3333333333334
NTS,7120,1,B,97.22222222222221,812.3888888888889
NTS,7120,1,C,46.666666666666664,1299.1916666666666
NTS,7122,1,A,88.88888888888889,827.6111111111111
NTS,7122,1,B,94.44444444444444,905.0833333333334
NTS,7122,1,C,52.5,1096.3583333333333
NTS,7123,1,A,97.22222222222221,778.2222222222222
NTS,7123,1,B,97.22222222222221,783.3611111111111
NTS,7123,1,C,74.16666666666667,1019.1916666666667
NTS,7124,1,A,85.41666666666666,748.6666666666666
NTS,7124,1,B,91.66666666666666,644.7777777777778
NTS,7124,1,C,58.333333333333336,1013.2416666666667
NTS,7125,1,A,94.44444444444444,1047.8055555555557
NTS,7125,1,B,88.88888888888889,1033.611111111111
NTS,7125,1,C,59.166666666666664,1365.025
NTS,7126,1,A,97.22222222222221,683.8333333333334
NTS,7126,1,B,100.0,692.5
NTS,7126,1,C,67.5,1077.0083333333334
NTS,7128,1,A,100.0,671.0555555555555
NTS,7128,1,B,97.22222222222221,774.8055555555555
NTS,7128,1,C,58.333333333333336,1108.4416666666666
NTS,7129,1,A,100.0,760.3333333333334
NTS,7129,1,B,97.22222222222221,816.9722222222222
NTS,7129,1,C,75.92592592592592,1048.4537037037037
NTS,7130,1,A,72.22222222222221,759.0833333333334
NTS,7130,1,B,100.0,761.9444444444445
NTS,7130,1,C,66.66666666666666,1212.4583333333333
NTS,7131,1,A,94.44444444444444,816.0833333333334
NTS,7131,1,B,88.88888888888889,713.6666666666666
NTS,7131,1,C,66.66666666666666,1193.101851851852
NTS,7132,1,A,97.22222222222221,617.1944444444445
NTS,7132,1,B,97.22222222222221,685.9166666666666
NTS,7132,1,C,93.51851851851852,842.0555555555555
NTS,7133,1,A,97.22222222222221,692.7222222222222
NTS,7133,1,B,88.88888888888889,918.4166666666666
NTS,7133,1,C,96.29629629629629,965.8518518518518
NTS,7134,1,A,87.5,720.9375
NTS,7134,1,B,100.0,700.3888888888889
NTS,7134,1,C,85.18518518518519,929.425925925926
NTS,7136,1,A,91.66666666666666,820.3888888888889
NTS,7136,1,B,94.44444444444444,720.4444444444445
NTS,7136,1,C,60.0,903.2916666666666
NTS,7138,1,A,100.0,833.3888888888889
NTS,7138,1,B,88.88888888888889,923.5277777777778
NTS,7138,1,C,68.75,1141.6944444444443
NTS,7139,1,A,88.88888888888889,1022.3333333333334
NTS,7139,1,B,91.66666666666666,1026.888888888889
NTS,7139,1,C,63.888888888888886,1257.0555555555557
NTS,7140,1,A,100.0,651.5833333333334
NTS,7140,1,B,94.44444444444444,689.5
NTS,7140,1,C,88.33333333333333,961.6083333333333
NTS,7141,1,A,100.0,833.3888888888889
NTS,7141,1,B,88.88888888888889,923.5277777777778
NTS,7141,1,C,68.75,1141.6944444444443
NTS,7142,1,A,94.44444444444444,649.1111111111111
NTS,7142,1,B,97.22222222222221,845.6111111111111
NTS,7142,1,C,63.33333333333333,1118.9333333333334
NTS,7143,1,A,97.22222222222221,704.7777777777778
NTS,7143,1,B,80.55555555555556,820.3611111111111
NTS,7143,1,C,73.33333333333333,1109.3333333333333
NTS,7145,1,A,97.22222222222221,586.7777777777778
NTS,7145,1,B,94.44444444444444,618.6944444444445
NTS,7145,1,C,89.81481481481481,946.1574074074074
NTS,7146,1,A,91.66666666666666,790.8888888888889
NTS,7146,1,B,97.22222222222221,848.4722222222222
NTS,7146,1,C,65.0,1210.95
NTS,7147,1,A,91.66666666666666,821.1666666666666
NTS,7147,1,B,97.22222222222221,708.4444444444445
NTS,7147,1,C,94.44444444444444,935.0370370370371
NTS,7150,1,A,91.66666666666666,749.4166666666666
NTS,7150,1,B,91.66666666666666,719.0555555555555
NTS,7150,1,C,80.83333333333333,1105.65
NTS,7151,1,A,87.5,895.3958333333334
NTS,7151,1,B,94.44444444444444,815.3611111111111
NTS,7151,1,C,77.27272727272727,967.5757575757576
NTS,7152,1,A,100.0,565.4166666666666
NTS,7152,1,B,97.22222222222221,632.8333333333334
NTS,7152,1,C,76.38888888888889,919.4861111111111
NTS,7153,1,A,83.33333333333334,995.7222222222222
NTS,7153,1,B,83.33333333333334,1070.6944444444443
NTS,7153,1,C,30.0,1266.8583333333333
NTS,7155,1,A,77.77777777777779,965.9166666666666
NTS,7155,1,B,91.66666666666666,934.9444444444445
NTS,7155,1,C,75.92592592592592,923.3981481481482
NTS,7156,1,A,94.44444444444444,698.4722222222222
NTS,7156,1,B,97.22222222222221,701.5
NTS,7156,1,C,79.62962962962963,910.824074074074
NTS,7157,1,A,80.55555555555556,682.1944444444445
NTS,7157,1,B,91.66666666666666,647.6388888888889
NTS,7157,1,C,75.92592592592592,1005.175925925926
NTS,7158,1,A,97.22222222222221,647.0
NTS,7158,1,B,97.22222222222221,610.6388888888889
NTS,7158,1,C,85.18518518518519,985.1388888888889
NTS,7159,1,A,94.44444444444444,791.1944444444445
NTS,7159,1,B,86.11111111111111,886.9166666666666
NTS,7159,1,C,59.166666666666664,1214.375
NTS,7160,1,A,88.88888888888889,827.6111111111111
NTS,7160,1,B,91.66666666666666,782.6111111111111
NTS,7160,1,C,65.0,1028.2833333333333
NTS,7161,1,A,87.5,727.2291666666666
NTS,7161,1,B,77.08333333333334,760.7916666666666
NTS,7161,1,C,47.22222222222222,1252.712962962963
NTS,7164,1,A,100.0,705.8611111111111
NTS,7164,1,B,91.66666666666666,837.6388888888889
NTS,7164,1,C,86.66666666666667,1010.7333333333333
NTS,7165,1,A,88.88888888888889,899.0277777777778
NTS,7165,1,B,91.66666666666666,853.6944444444445
NTS,7165,1,C,84.25925925925925,1009.074074074074
NTS,7166,1,A,91.66666666666666,854.5
NTS,7166,1,B,86.11111111111111,892.6388888888889
NTS,7166,1,C,70.83333333333334,1157.925
NTS,7167,1,A,100.0,694.5833333333334
NTS,7167,1,B,94.44444444444444,787.1944444444445
NTS,7167,1,C,79.16666666666666,952.1
NTS,7168,1,A,97.22222222222221,768.2222222222222
NTS,7168,1,B,100.0,751.1666666666666
NTS,7168,1,C,79.62962962962963,1065.898148148148
NTS,7170,1,A,91.66666666666666,790.8333333333334
NTS,7170,1,B,94.44444444444444,881.0833333333334
NTS,7170,1,C,55.833333333333336,1219.5833333333333
NTS,7171,1,A,100.0,490.47222222222223
NTS,7171,1,B,100.0,610.3055555555555
NTS,7171,1,C,90.0,963.8916666666667
NTS,7172,1,A,100.0,698.1388888888889
NTS,7172,1,B,91.66666666666666,803.2777777777778
NTS,7172,1,C,72.22222222222221,951.7777777777778
NTS,7173,1,A,86.11111111111111,830.9722222222222
NTS,7173,1,B,94.44444444444444,855.0833333333334
NTS,7173,1,C,60.0,1233.95
NTS,7174,1,A,88.88888888888889,844.3055555555555
NTS,7174,1,B,77.77777777777779,995.0277777777778
NTS,7174,1,C,52.5,1134.225
NTS,7175,1,A,100.0,698.1666666666666
NTS,7175,1,B,97.22222222222221,793.8333333333334
NTS,7175,1,C,87.5,1039.625
NTS,7176,1,A,97.22222222222221,928.4444444444445
NTS,7176,1,B,91.66666666666666,922.25
NTS,7176,1,C,35.833333333333336,1355.1916666666666
NTS,7177,1,A,88.88888888888889,836.5555555555555
NTS,7177,1,B,83.33333333333334,977.0
NTS,7177,1,C,70.83333333333334,904.4333333333333
NTS,7178,1,A,100.0,589.75
NTS,7178,1,B,100.0,695.0555555555555
NTS,7178,1,C,92.5925925925926,892.324074074074
NTS,7180,1,A,91.66666666666666,675.25
NTS,7180,1,B,97.22222222222221,741.0277777777778
NTS,7180,1,C,64.16666666666667,1225.1
NTS,7181,1,A,94.44444444444444,660.3888888888889
NTS,7181,1,B,88.88888888888889,797.5277777777778
NTS,7181,1,C,84.16666666666667,1016.7416666666667
NTS,7182,1,A,86.11111111111111,758.5
NTS,7182,1,B,91.66666666666666,799.3611111111111
NTS,7182,1,C,55.00000000000001,1174.5
NTS,7183,1,A,91.66666666666666,715.75
NTS,7183,1,B,97.22222222222221,690.2222222222222
NTS,7183,1,C,78.33333333333333,1060.4833333333333
NTS,7186,1,A,64.58333333333334,951.0
NTS,7186,1,B,94.44444444444444,677.5833333333334
NTS,7186,1,C,62.03703703703704,1214.111111111111
NTS,7187,1,A,100.0,574.1111111111111
NTS,7187,1,B,100.0,668.8055555555555
NTS,7187,1,C,79.16666666666666,1082.9
NTS,7188,1,A,94.44444444444444,858.5833333333334
NTS,7188,1,B,91.66666666666666,860.0277777777778
NTS,7188,1,C,69.44444444444444,1068.5833333333333
NTS,7189,1,A,97.22222222222221,664.0555555555555
NTS,7189,1,B,91.66666666666666,822.4166666666666
NTS,7189,1,C,78.70370370370371,1069.6851851851852
NTS,7190,1,A,97.22222222222221,640.9166666666666
NTS,7190,1,B,94.44444444444444,688.25
NTS,7190,1,C,68.33333333333333,1122.675
NTS,7191,1,A,100.0,743.7222222222222
NTS,7191,1,B,91.66666666666666,796.1111111111111
NTS,7191,1,C,85.83333333333333,1059.5166666666667
NTS,7192,1,A,100.0,670.1666666666666
NTS,7192,1,B,97.22222222222221,695.9444444444445
NTS,7192,1,C,84.16666666666667,949.7583333333333
NTS,7194,1,A,100.0,629.6388888888889
NTS,7194,1,B,94.44444444444444,803.5
NTS,7194,1,C,94.44444444444444,940.0277777777778
NTS,7195,1,A,97.22222222222221,600.7777777777778
NTS,7195,1,B,86.11111111111111,721.6388888888889
NTS,7195,1,C,89.81481481481481,915.5277777777778
NTS,7196,1,A,94.44444444444444,882.1666666666666
NTS,7196,1,B,91.66666666666666,990.9166666666666
NTS,7196,1,C,53.333333333333336,1216.9416666666666
NTS,7197,1,A,94.44444444444444,839.9166666666666
NTS,7197,1,B,94.44444444444444,860.8055555555555
NTS,7197,1,C,68.51851851851852,1166.5833333333333
NTS,7199,1,A,100.0,743.5
NTS,7199,1,B,91.66666666666666,943.1944444444445
NTS,7199,1,C,58.333333333333336,1297.4
NTS,7200,1,A,97.22222222222221,705.5833333333334
NTS,7200,1,B,97.22222222222221,715.7222222222222
NTS,7200,1,C,65.9090909090909,1150.159090909091
NTS,7201,1,A,97.22222222222221,705.5833333333334
NTS,7201,1,B,97.22222222222221,715.7222222222222
NTS,7201,1,C,65.9090909090909,1150.159090909091
NTS,7202,1,A,94.44444444444444,583.3611111111111
NTS,7202,1,B,97.22222222222221,658.7222222222222
NTS,7202,1,C,85.18518518518519,884.1944444444445
NTS,7203,1,A,97.22222222222221,803.4722222222222
NTS,7203,1,B,91.66666666666666,838.4722222222222
NTS,7203,1,C,53.70370370370371,1144.1759259259259
NTS,7204,1,A,97.22222222222221,591.25
NTS,7204,1,B,97.22222222222221,713.4444444444445
NTS,7204,1,C,86.11111111111111,940.9722222222222
NTS,7205,1,A,97.22222222222221,873.5555555555555
NTS,7205,1,B,86.11111111111111,923.3333333333334
NTS,7205,1,C,65.15151515151516,1173.8257575757575
NTS,7206,1,A,97.22222222222221,732.6666666666666
NTS,7206,1,B,94.44444444444444,782.9444444444445
NTS,7206,1,C,70.37037037037037,1183.8148148148148
NTS,7207,1,A,94.44444444444444,840.0277777777778
NTS,7207,1,B,94.44444444444444,774.3611111111111
NTS,7207,1,C,82.4074074074074,1057.537037037037
NTS,7208,1,A,91.66666666666666,822.0277777777778
NTS,7208,1,B,97.22222222222221,862.9444444444445
NTS,7208,1,C,67.5,1174.8583333333333
NTS,7209,1,A,97.22222222222221,695.6111111111111
NTS,7209,1,B,97.22222222222221,785.25
NTS,7209,1,C,65.83333333333333,912.6916666666667
NTS,7211,1,A,94.44444444444444,614.8611111111111
NTS,7211,1,B,91.66666666666666,651.0833333333334
NTS,7211,1,C,81.66666666666667,1154.6333333333334
NTS,7212,1,A,91.66666666666666,771.3888888888889
NTS,7212,1,B,91.66666666666666,850.1111111111111
NTS,7212,1,C,66.66666666666666,1192.0083333333334
NTS,7213,1,A,97.22222222222221,768.9722222222222
NTS,7213,1,B,100.0,867.0277777777778
NTS,7213,1,C,70.83333333333334,1105.4666666666667
NTS,7214,1,A,97.22222222222221,731.1111111111111
NTS,7214,1,B,100.0,703.5833333333334
NTS,7214,1,C,83.33333333333334,1085.037037037037
NTS,7215,1,A,94.44444444444444,671.4722222222222
NTS,7215,1,B,86.11111111111111,704.5833333333334
NTS,7215,1,C,90.74074074074075,1016.1203703703703
NTS,7216,1,A,100.0,638.6666666666666
NTS,7216,1,B,97.22222222222221,704.5
NTS,7216,1,C,65.74074074074075,1244.712962962963
NTS,7218,1,A,83.33333333333334,903.7777777777778
NTS,7218,1,B,97.22222222222221,892.3611111111111
NTS,7218,1,C,59.166666666666664,1128.0583333333334
NTS,7219,1,A,97.22222222222221,710.0555555555555
NTS,7219,1,B,94.44444444444444,771.7777777777778
NTS,7219,1,C,69.16666666666667,1087.2
NTS,7220,1,A,100.0,712.25
NTS,7220,1,B,94.44444444444444,755.2777777777778
NTS,7220,1,C,85.18518518518519,1019.3611111111111
NTS,7221,1,A,91.66666666666666,773.1111111111111
NTS,7221,1,B,94.44444444444444,839.8055555555555
NTS,7221,1,C,65.74074074074075,1120.1296296296296
NTS,7222,1,A,88.88888888888889,800.1388888888889
NTS,7222,1,B,97.22222222222221,814.1666666666666
NTS,7222,1,C,75.92592592592592,1009.25
NTS,7223,1,A,100.0,583.5555555555555
NTS,7223,1,B,91.66666666666666,702.8888888888889
NTS,7223,1,C,80.83333333333333,1073.8166666666666
NTS,7225,1,A,100.0,623.9444444444445
NTS,7225,1,B,94.44444444444444,753.7777777777778
NTS,7225,1,C,68.51851851851852,1112.1944444444443
NTS,7226,1,A,94.44444444444444,538.3055555555555
NTS,7226,1,B,94.44444444444444,592.8611111111111
NTS,7226,1,C,86.11111111111111,914.7962962962963
NTS,7227,1,A,97.22222222222221,580.5833333333334
NTS,7227,1,B,97.22222222222221,753.8055555555555
NTS,7227,1,C,90.74074074074075,1036.2314814814815
NTS,7229,1,A,91.66666666666666,584.1666666666666
NTS,7229,1,B,94.44444444444444,628.7777777777778
NTS,7229,1,C,95.83333333333334,845.2416666666667
NTS,7230,1,A,88.88888888888889,776.9166666666666
NTS,7230,1,B,86.11111111111111,752.0277777777778
NTS,7230,1,C,76.85185185185185,1111.6203703703704
NTS,7231,1,A,100.0,887.25
NTS,7231,1,B,91.66666666666666,842.2777777777778
NTS,7231,1,C,82.4074074074074,1071.0
NTS,7232,1,A,91.66666666666666,630.0555555555555
NTS,7232,1,B,94.44444444444444,660.5277777777778
NTS,7232,1,C,93.51851851851852,1002.9629629629629
NTS,7233,1,A,77.77777777777779,789.3055555555555
NTS,7233,1,B,94.44444444444444,764.9166666666666
NTS,7233,1,C,75.83333333333333,1115.7083333333333
NTS,7234,1,A,100.0,647.6111111111111
NTS,7234,1,B,97.22222222222221,658.9444444444445
NTS,7234,1,C,89.16666666666667,1008.5083333333333
NTS,7235,1,A,94.44444444444444,742.0
NTS,7235,1,B,94.44444444444444,830.9166666666666
NTS,7235,1,C,91.66666666666666,1070.6666666666667
NTS,7237,1,A,100.0,498.5833333333333
NTS,7237,1,B,91.66666666666666,655.75
NTS,7237,1,C,94.44444444444444,827.2592592592592
NTS,7238,1,A,97.22222222222221,590.9444444444445
NTS,7238,1,B,88.88888888888889,700.1388888888889
NTS,7238,1,C,80.83333333333333,949.8833333333333
NTS,7239,1,A,100.0,678.2222222222222
NTS,7239,1,B,94.44444444444444,800.3611111111111
NTS,7239,1,C,83.33333333333334,944.475
NTS,7240,nan,A,91.66666666666666,580.4166666666666
NTS,7240,nan,B,94.44444444444444,605.2777777777778
NTS,7240,nan,C,80.83333333333333,901.5916666666667
NTS,7241,1,A,94.44444444444444,693.5
NTS,7241,1,B,100.0,736.3888888888889
NTS,7241,1,C,77.77777777777779,1063.287037037037
NTS,7242,1,A,91.66666666666666,698.9166666666666
NTS,7242,1,B,97.22222222222221,687.2777777777778
NTS,7242,1,C,84.25925925925925,1012.175925925926
NTS,7243,1,A,97.22222222222221,591.25
NTS,7243,1,B,91.66666666666666,711.3055555555555
NTS,7243,1,C,70.37037037037037,1124.388888888889
NTS,7246,nan,A,94.44444444444444,677.5
NTS,7246,nan,B,97.22222222222221,690.5277777777778
NTS,7246,nan,C,74.16666666666667,1177.4166666666667
NTS,7248,1,A,97.22222222222221,847.4722222222222
NTS,7248,1,B,94.44444444444444,880.2222222222222
NTS,7248,1,C,55.00000000000001,1241.25
NTS,7249,1,A,97.22222222222221,746.6388888888889
NTS,7249,1,B,100.0,729.8611111111111
NTS,7249,1,C,90.74074074074075,885.8981481481482
NTS,7250,1,A,91.66666666666666,844.2777777777778
NTS,7250,1,B,97.22222222222221,808.0833333333334
NTS,7250,1,C,26.851851851851855,1292.9259259259259
NTS,7251,1,A,97.22222222222221,663.0277777777778
NTS,7251,1,B,100.0,627.8333333333334
NTS,7251,1,C,54.629629629629626,1136.1296296296296
NTS,7252,1,A,97.22222222222221,656.4722222222222
NTS,7252,1,B,97.22222222222221,621.5277777777778
NTS,7252,1,C,91.66666666666666,962.3796296296297
NTS,7254,1,A,100.0,611.5555555555555
NTS,7254,1,B,100.0,666.0277777777778
NTS,7254,1,C,94.44444444444444,871.0
NTS,7255,1,A,91.66666666666666,887.2777777777778
NTS,7255,1,B,91.66666666666666,675.0277777777778
NTS,7255,1,C,55.833333333333336,964.375
NTS,7700,1,A,94.44444444444444,817.0277777777778
NTS,7700,1,B,94.44444444444444,925.7222222222222
NTS,7700,1,C,55.833333333333336,1303.5916666666667
NTS,7701,1,A,94.44444444444444,742.1944444444445
NTS,7701,1,B,88.88888888888889,923.9444444444445
NTS,7701,1,C,55.833333333333336,1236.3666666666666
NTS,7702,1,A,97.22222222222221,616.0833333333334
NTS,7702,1,B,91.66666666666666,774.9166666666666
NTS,7702,1,C,47.5,1229.8
NTS,7703,1,A,75.0,897.3958333333334
NTS,7703,1,B,77.08333333333334,940.5416666666666
NTS,7703,1,C,54.54545454545454,1190.0833333333333
NTS,7704,nan,A,85.41666666666666,925.7083333333334
NTS,7704,nan,B,88.88888888888889,798.6111111111111
NTS,7704,nan,C,75.92592592592592,1161.6296296296296
NTS,7705,1,A,88.88888888888889,807.2777777777778
NTS,7705,1,B,83.33333333333334,796.6111111111111
NTS,7705,1,C,68.51851851851852,1126.5185185185185
NTS,7706,1,A,100.0,641.8055555555555
NTS,7706,1,B,94.44444444444444,757.1111111111111
NTS,7706,1,C,54.54545454545454,1089.378787878788
NTS,7707,1,A,97.22222222222221,673.3333333333334
NTS,7707,1,B,94.44444444444444,754.8611111111111
NTS,7707,1,C,49.166666666666664,1175.5916666666667
NTS,7708,1,A,97.22222222222221,746.3611111111111
NTS,7708,1,B,86.11111111111111,930.4444444444445
NTS,7708,1,C,56.481481481481474,1155.361111111111
NTS,7709,1,A,94.44444444444444,762.4166666666666
NTS,7709,1,B,88.88888888888889,810.0
NTS,7709,1,C,59.166666666666664,1150.65
NTS,7710,1,A,97.22222222222221,874.2777777777778
NTS,7710,1,B,80.55555555555556,809.25
NTS,7710,1,C,30.0,1331.7333333333333
NTS,7712,1,A,88.88888888888889,893.3611111111111
NTS,7712,1,B,88.88888888888889,960.1944444444445
NTS,7712,1,C,79.16666666666666,1208.6416666666667
NTS,7713,nan,A,91.66666666666666,724.8333333333334
NTS,7713,nan,B,91.66666666666666,766.6666666666666
NTS,7713,nan,C,65.83333333333333,1158.125
NTS,7714,1,A,87.5,799.7291666666666
NTS,7714,1,B,94.44444444444444,713.2777777777778
NTS,7714,1,C,75.83333333333333,1195.425
NTS,7715,1,A,100.0,607.3055555555555
NTS,7715,1,B,100.0,645.5555555555555
NTS,7715,1,C,81.66666666666667,1068.6583333333333
NTS,7716,1,A,97.22222222222221,675.3888888888889
NTS,7716,1,B,97.22222222222221,718.4444444444445
NTS,7716,1,C,55.00000000000001,1078.35
NTS,7717,nan,A,94.44444444444444,730.7777777777778
NTS,7717,nan,B,100.0,713.5
NTS,7717,nan,C,71.66666666666667,1119.8333333333333
NTS,7718,1,A,86.11111111111111,859.5
NTS,7718,1,B,88.88888888888889,754.8055555555555
NTS,7718,1,C,56.481481481481474,992.9537037037037
NTS,7721,nan,A,97.22222222222221,693.5277777777778
NTS,7721,nan,B,100.0,697.1944444444445
NTS,7721,nan,C,79.16666666666666,991.8166666666667
NTS,7722,1,A,100.0,794.8055555555555
NTS,7722,1,B,91.66666666666666,856.8333333333334
NTS,7722,1,C,75.83333333333333,1121.6666666666667
NTS,7723,nan,A,97.22222222222221,666.5
NTS,7723,nan,B,97.22222222222221,810.3055555555555
NTS,7723,nan,C,71.29629629629629,1027.5
NTS,7724,1,A,100.0,672.75
NTS,7724,1,B,86.11111111111111,881.9722222222222
NTS,7724,1,C,81.48148148148148,1161.5092592592594
NTS,7725,1,A,88.88888888888889,858.8333333333334
NTS,7725,1,B,80.55555555555556,810.2777777777778
NTS,7725,1,C,53.70370370370371,1154.4907407407406
NTS,7726,1,A,86.11111111111111,867.75
NTS,7726,1,B,88.88888888888889,792.75
NTS,7726,1,C,35.18518518518518,1118.4814814814815
NTS,7727,1,A,91.66666666666666,809.4444444444445
NTS,7727,1,B,94.44444444444444,840.0277777777778
NTS,7727,1,C,60.83333333333333,1150.5083333333334
NTS,7728,1,A,94.44444444444444,693.3611111111111
NTS,7728,1,B,97.22222222222221,824.8055555555555
NTS,7728,1,C,79.16666666666666,1148.475
NTS,7729,1,A,94.44444444444444,842.7777777777778
NTS,7729,1,B,94.44444444444444,720.5555555555555
NTS,7729,1,C,27.77777777777778,1396.4259259259259
NTS,7730,1,A,93.75,674.5208333333334
NTS,7730,1,B,91.66666666666666,723.1666666666666
NTS,7730,1,C,71.29629629629629,790.2685185185185
NTS,7732,1,A,97.22222222222221,692.0833333333334
NTS,7732,1,B,97.22222222222221,676.75
NTS,7732,1,C,67.5925925925926,1124.4537037037037
NTS,7733,1,A,94.44444444444444,982.1388888888889
NTS,7733,1,B,94.44444444444444,946.2777777777778
NTS,7733,1,C,75.0,1242.9722222222222
NTS,7734,1,A,94.44444444444444,556.0555555555555
NTS,7734,1,B,83.33333333333334,646.8888888888889
NTS,7734,1,C,46.2962962962963,1035.3148148148148
NTS,7735,1,A,91.66666666666666,866.8333333333334
NTS,7735,1,B,97.22222222222221,863.75
NTS,7735,1,C,82.5,1216.9
NTS,7736,1,A,100.0,728.3611111111111
NTS,7736,1,B,97.22222222222221,738.0833333333334
NTS,7736,1,C,85.18518518518519,1150.111111111111
NTS,7738,1,A,97.22222222222221,658.6111111111111
NTS,7738,1,B,88.88888888888889,801.5277777777778
NTS,7738,1,C,60.18518518518518,1128.6203703703704
NTS,7739,1,A,72.22222222222221,1091.0
NTS,7739,1,B,91.66666666666666,979.0
NTS,7739,1,C,35.18518518518518,1371.7037037037037
NTS,7740,1,A,97.22222222222221,739.7777777777778
NTS,7740,1,B,91.66666666666666,773.3611111111111
NTS,7740,1,C,75.83333333333333,1125.3
NTS,7741,1,A,94.44444444444444,790.5555555555555
NTS,7741,1,B,97.22222222222221,912.5277777777778
NTS,7741,1,C,50.92592592592593,1327.601851851852
NTS,7742,1,A,97.22222222222221,719.4166666666666
NTS,7742,1,B,88.88888888888889,780.6944444444445
NTS,7742,1,C,69.44444444444444,1151.1296296296296
NTS,7743,1,A,94.44444444444444,718.2777777777778
NTS,7743,1,B,91.66666666666666,711.25
NTS,7743,1,C,69.44444444444444,1053.0
NTS,7744,1,A,97.22222222222221,725.1388888888889
NTS,7744,1,B,94.44444444444444,864.4444444444445
NTS,7744,1,C,75.0,1132.0166666666667
NTS,7745,1,A,97.22222222222221,778.8888888888889
NTS,7745,1,B,100.0,718.6111111111111
NTS,7745,1,C,63.888888888888886,1177.138888888889
NTS,7746,1,A,94.44444444444444,634.0
NTS,7746,1,B,97.22222222222221,777.4722222222222
NTS,7746,1,C,67.5925925925926,1226.3703703703704
NTS,7747,1,A,94.44444444444444,835.75
NTS,7747,1,B,97.22222222222221,821.7777777777778
NTS,7747,1,C,76.85185185185185,1165.462962962963
NTS,7748,1,A,100.0,601.9444444444445
NTS,7748,1,B,91.66666666666666,635.0
NTS,7748,1,C,92.5,957.3416666666667
NTS,7749,1,A,63.888888888888886,1007.0277777777778
NTS,7749,1,B,63.888888888888886,1051.638888888889
NTS,7749,1,C,60.18518518518518,1277.361111111111
NTS,7750,1,A,97.22222222222221,617.0833333333334
NTS,7750,1,B,86.11111111111111,688.0833333333334
NTS,7750,1,C,87.03703703703704,926.1944444444445
NTS,7751,1,A,97.22222222222221,796.7777777777778
NTS,7751,1,B,86.11111111111111,937.0
NTS,7751,1,C,55.00000000000001,1087.25
NTS,7752,1,A,86.11111111111111,938.6388888888889
NTS,7752,1,B,81.25,948.6666666666666
NTS,7752,1,C,73.14814814814815,1190.3240740740741
NTS,7753,1,A,100.0,702.0
NTS,7753,1,B,94.44444444444444,756.9166666666666
NTS,7753,1,C,74.16666666666667,1153.0083333333334
NTS,7754,1,A,97.22222222222221,746.6666666666666
NTS,7754,1,B,100.0,765.8333333333334
NTS,7754,1,C,77.77777777777779,1139.7592592592594
NTS,7755,nan,A,87.5,1033.7291666666667
NTS,7755,nan,B,91.66666666666666,1071.0833333333333
NTS,7755,nan,C,70.37037037037037,1307.2314814814815
NTS,7756,1,A,94.44444444444444,707.6388888888889
NTS,7756,1,B,94.44444444444444,710.6388888888889
NTS,7756,1,C,75.0,1071.3425925925926
NTS,7757,1,A,100.0,679.0555555555555
NTS,7757,1,B,88.88888888888889,714.3611111111111
NTS,7757,1,C,83.33333333333334,882.0925925925926
NTS,7758,1,A,66.66666666666666,1039.611111111111
NTS,7758,1,B,69.44444444444444,1093.0
NTS,7758,1,C,73.48484848484848,1147.4772727272727
NTS,7759,1,A,97.22222222222221,654.2222222222222
NTS,7759,1,B,91.66666666666666,766.1111111111111
NTS,7759,1,C,80.55555555555556,1156.962962962963
NTS,7760,nan,A,91.66666666666666,833.8055555555555
NTS,7760,nan,B,100.0,816.5277777777778
NTS,7760,nan,C,35.833333333333336,1357.325
NTS,7761,1,A,94.44444444444444,740.9444444444445
NTS,7761,1,B,91.66666666666666,746.0
NTS,7761,1,C,67.5,1182.675
NTS,7762,1,A,88.88888888888889,870.7777777777778
NTS,7762,1,B,94.44444444444444,839.0555555555555
NTS,7762,1,C,59.25925925925925,1260.0185185185185
NTS,7763,1,A,100.0,707.1388888888889
NTS,7763,1,B,94.44444444444444,871.5
NTS,7763,1,C,79.16666666666666,1111.0972222222222
NTS,7764,1,A,94.44444444444444,697.9166666666666
NTS,7764,1,B,94.44444444444444,752.3611111111111
NTS,7764,1,C,75.83333333333333,1017.05
NTS,7765,1,A,94.44444444444444,702.4166666666666
NTS,7765,1,B,94.44444444444444,690.5555555555555
NTS,7765,1,C,82.5,1090.8166666666666
NTS,7766,nan,A,94.44444444444444,849.7777777777778
NTS,7766,nan,B,91.66666666666666,795.3888888888889
NTS,7766,nan,C,45.0,1302.45
NTS,7767,1,A,97.22222222222221,792.1944444444445
NTS,7767,1,B,86.11111111111111,960.5833333333334
NTS,7767,1,C,30.833333333333336,1297.1416666666667
NTS,7768,1,A,94.44444444444444,744.9166666666666
NTS,7768,1,B,94.44444444444444,714.3611111111111
NTS,7768,1,C,72.5,1093.6
NTS,7769,1,A,97.22222222222221,910.0833333333334
NTS,7769,1,B,91.66666666666666,922.875
NTS,7769,1,C,34.84848484848485,1364.560606060606
NTS,7770,1,A,94.44444444444444,670.3055555555555
NTS,7770,1,B,77.77777777777779,815.8055555555555
NTS,7770,1,C,75.92592592592592,1019.1851851851852
NTS,7771,nan,A,94.44444444444444,629.6388888888889
NTS,7771,nan,B,94.44444444444444,760.3333333333334
NTS,7771,nan,C,58.333333333333336,1243.5277777777778
NTS,7772,1,A,97.22222222222221,824.6944444444445
NTS,7772,1,B,97.22222222222221,882.9166666666666
NTS,7772,1,C,72.22222222222221,1146.75
NTS,7773,1,A,97.22222222222221,680.9166666666666
NTS,7773,1,B,87.5,674.1041666666666
NTS,7773,1,C,64.16666666666667,1070.0166666666667
NTS,7774,1,A,94.44444444444444,755.0833333333334
NTS,7774,1,B,86.11111111111111,805.5555555555555
NTS,7774,1,C,67.5925925925926,1171.9444444444443
NTS,7775,1,A,100.0,863.4166666666666
NTS,7775,1,B,97.22222222222221,932.2222222222222
NTS,7775,1,C,64.81481481481481,1278.4722222222222
NTS,7776,1,A,81.25,729.9375
NTS,7776,1,B,88.88888888888889,764.0
NTS,7776,1,C,80.55555555555556,984.6018518518518
NTS,7777,1,A,97.22222222222221,664.0
NTS,7777,1,B,91.66666666666666,767.6944444444445
NTS,7777,1,C,80.55555555555556,1007.4814814814815
NTS,7778,1,A,94.44444444444444,775.2222222222222
NTS,7778,1,B,77.77777777777779,910.2222222222222
NTS,7778,1,C,65.74074074074075,1221.287037037037
NTS,7779,1,A,97.22222222222221,767.9166666666666
NTS,7779,1,B,100.0,739.4722222222222
NTS,7779,1,C,80.55555555555556,999.3148148148148
NTS,7780,1,A,100.0,655.8055555555555
NTS,7780,1,B,97.22222222222221,760.2222222222222
NTS,7780,1,C,89.81481481481481,991.5092592592592
NTS,7781,1,A,97.22222222222221,793.9444444444445
NTS,7781,1,B,100.0,906.9722222222222
NTS,7781,1,C,75.75757575757575,1124.659090909091
NTS,7782,1,A,63.888888888888886,813.1666666666666
NTS,7782,1,B,86.11111111111111,928.3888888888889
NTS,7782,1,C,59.166666666666664,1256.8416666666667
NTS,7783,1,A,94.44444444444444,680.0
NTS,7783,1,B,91.66666666666666,719.9722222222222
NTS,7783,1,C,73.14814814814815,1113.0740740740741
NTS,7784,1,A,94.44444444444444,805.0277777777778
NTS,7784,1,B,63.888888888888886,1056.1944444444443
NTS,7784,1,C,57.407407407407405,1028.4074074074074
NTS,7785,1,A,86.11111111111111,646.4166666666666
NTS,7785,1,B,91.66666666666666,766.5555555555555
NTS,7785,1,C,42.5,784.2333333333333
NTS,7786,1,A,94.44444444444444,817.1944444444445
NTS,7786,1,B,91.66666666666666,848.8333333333334
NTS,7786,1,C,65.38461538461539,1056.6346153846155
NTS,7787,1,A,94.44444444444444,714.8611111111111
NTS,7787,1,B,94.44444444444444,756.6388888888889
NTS,7787,1,C,67.5,1111.7583333333334
NTS,7788,1,A,88.88888888888889,815.5555555555555
NTS,7788,1,B,97.22222222222221,829.0833333333334
NTS,7788,1,C,75.92592592592592,1171.6574074074074
NTS,7789,1,A,69.44444444444444,978.4444444444445
NTS,7789,1,B,91.66666666666666,793.3055555555555
NTS,7789,1,C,78.33333333333333,1145.9833333333333
NTS,7790,1,A,94.44444444444444,798.0
NTS,7790,1,B,72.91666666666666,980.8125
NTS,7790,1,C,54.861111111111114,1187.236111111111
NTS,7791,1,A,97.22222222222221,731.3055555555555
NTS,7791,1,B,97.22222222222221,771.3055555555555
NTS,7791,1,C,78.70370370370371,1125.148148148148
NTS,7792,1,A,97.22222222222221,640.0555555555555
NTS,7792,1,B,97.22222222222221,662.4166666666666
NTS,7792,1,C,80.55555555555556,1061.7222222222222
NTS,7793,1,A,91.66666666666666,733.0277777777778
NTS,7793,1,B,87.5,772.1666666666666
NTS,7793,1,C,58.333333333333336,1056.075
NTS,7794,1,A,100.0,538.5
NTS,7794,1,B,94.44444444444444,640.0277777777778
NTS,7794,1,C,59.166666666666664,1030.4916666666666
NTS,7795,1,A,97.22222222222221,721.0
NTS,7795,1,B,88.88888888888889,823.1111111111111
NTS,7795,1,C,64.58333333333334,1250.0625
NTS,7797,1,A,94.44444444444444,622.1388888888889
NTS,7797,1,B,89.58333333333334,744.2083333333334
NTS,7797,1,C,49.074074074074076,1235.1759259259259
NTS,7798,1,A,91.66666666666666,798.7777777777778
NTS,7798,1,B,91.66666666666666,851.6666666666666
NTS,7798,1,C,62.96296296296296,1130.7314814814815
NTS,7799,1,A,94.44444444444444,680.0555555555555
NTS,7799,1,B,86.11111111111111,692.0555555555555
NTS,7799,1,C,72.91666666666666,1046.25
NTS,7800,1,A,94.44444444444444,828.8333333333334
NTS,7800,1,B,91.66666666666666,913.6388888888889
NTS,7800,1,C,71.66666666666667,1194.8916666666667
NTS,7801,1,A,100.0,812.1944444444445
NTS,7801,1,B,97.22222222222221,920.7222222222222
NTS,7801,1,C,90.74074074074075,1164.3148148148148
NTS,7802,1,A,100.0,752.6111111111111
NTS,7802,1,B,97.22222222222221,793.1111111111111
NTS,7802,1,C,49.074074074074076,1308.8425925925926
NTS,7803,1,A,97.22222222222221,866.5
NTS,7803,1,B,88.88888888888889,825.3055555555555
NTS,7803,1,C,40.833333333333336,1306.0833333333333
NTS,7805,1,A,97.22222222222221,586.4444444444445
NTS,7805,1,B,97.22222222222221,737.5277777777778
NTS,7805,1,C,87.96296296296296,1027.3796296296296
NTS,7806,1,A,97.22222222222221,733.0277777777778
NTS,7806,1,B,94.44444444444444,804.8055555555555
NTS,7806,1,C,75.0,1084.325
NTS,7807,1,A,100.0,556.9722222222222
NTS,7807,1,B,100.0,680.0833333333334
NTS,7807,1,C,89.81481481481481,971.1203703703703
NTS,7808,1,A,100.0,572.3333333333334
NTS,7808,1,B,91.66666666666666,739.5
NTS,7808,1,C,84.25925925925925,1024.8796296296296
NTS,7810,1,A,88.88888888888889,567.0833333333334
NTS,7810,1,B,60.416666666666664,604.5
NTS,7810,1,C,66.66666666666666,724.55
NTS,8000,1,A,91.66666666666666,912.6944444444445
NTS,8000,1,B,88.88888888888889,779.6388888888889
NTS,8000,1,C,69.16666666666667,1241.4666666666667
NTS,8000,2,A,97.22222222222221,745.3055555555555
NTS,8000,2,B,94.44444444444444,842.7222222222222
NTS,8000,2,C,69.44444444444444,1220.898148148148
NTS,8000,3,A,94.44444444444444,832.8888888888889
NTS,8000,3,B,100.0,867.1666666666666
NTS,8000,3,C,84.25925925925925,1135.8148148148148
NTS,8001,1,A,97.22222222222221,747.6666666666666
NTS,8001,1,B,91.66666666666666,792.5277777777778
NTS,8001,1,C,81.48148148148148,1039.462962962963
NTS,8002,1,A,94.44444444444444,662.9444444444445
NTS,8002,1,B,100.0,645.6666666666666
NTS,8002,1,C,80.0,1122.4416666666666
NTS,8002,2,A,100.0,596.6388888888889
NTS,8002,2,B,100.0,600.75
NTS,8002,2,C,90.83333333333333,917.6333333333333
NTS,8002,3,A,100.0,613.8611111111111
NTS,8002,3,B,97.22222222222221,609.25
NTS,8002,3,C,88.33333333333333,982.3833333333333
NTS,8003,1,A,91.66666666666666,690.3333333333334
NTS,8003,1,B,86.11111111111111,714.1111111111111
NTS,8003,1,C,85.18518518518519,857.1851851851852
NTS,8003,2,A,86.11111111111111,781.1666666666666
NTS,8003,2,B,88.88888888888889,739.6388888888889
NTS,8003,2,C,87.96296296296296,909.8703703703703
NTS,8003,3,A,94.44444444444444,634.3611111111111
NTS,8003,3,B,97.22222222222221,591.6666666666666
NTS,8003,3,C,87.03703703703704,935.1481481481482
NTS,8004,1,A,97.22222222222221,873.8055555555555
NTS,8004,1,B,94.44444444444444,911.3888888888889
NTS,8004,1,C,60.83333333333333,1214.65
NTS,8004,2,A,91.66666666666666,753.0277777777778
NTS,8004,2,B,100.0,802.7222222222222
NTS,8004,2,C,81.48148148148148,1113.5185185185185
NTS,8004,3,A,100.0,821.4722222222222
NTS,8004,3,B,100.0,856.5
NTS,8004,3,C,68.51851851851852,1268.8148148148148
NTS,8005,1,A,100.0,452.97222222222223
NTS,8005,1,B,88.88888888888889,509.3611111111111
NTS,8005,1,C,95.37037037037037,731.0925925925926
NTS,8005,3,A,100.0,478.77777777777777
NTS,8005,3,B,94.44444444444444,571.3611111111111
NTS,8005,3,C,98.14814814814815,690.2685185185185
NTS,8006,1,A,100.0,577.75
NTS,8006,1,B,97.22222222222221,637.0555555555555
NTS,8006,1,C,76.66666666666667,977.9
NTS,8006,2,A,100.0,521.1111111111111
NTS,8006,2,B,97.22222222222221,607.8055555555555
NTS,8006,2,C,95.37037037037037,864.9629629629629
NTS,8006,3,A,97.22222222222221,587.8611111111111
NTS,8006,3,B,100.0,652.5
NTS,8006,3,C,93.51851851851852,822.0370370370371
NTS,8007,1,A,91.66666666666666,885.0
NTS,8007,1,B,89.58333333333334,854.5208333333334
NTS,8007,1,C,62.5,1076.0166666666667
NTS,8008,1,A,86.11111111111111,931.4166666666666
NTS,8008,1,B,94.44444444444444,893.5
NTS,8008,1,C,45.83333333333333,1288.4333333333334
NTS,8008,2,A,100.0,678.6944444444445
NTS,8008,2,B,100.0,802.1666666666666
NTS,8008,2,C,50.92592592592593,1269.5277777777778
NTS,8008,3,A,97.22222222222221,740.8611111111111
NTS,8008,3,B,94.44444444444444,763.5833333333334
NTS,8008,3,C,81.48148148148148,1143.1759259259259
NTS,8009,1,A,100.0,652.9444444444445
NTS,8009,1,B,97.22222222222221,726.0555555555555
NTS,8009,1,C,82.4074074074074,966.1388888888889
NTS,8009,2,A,100.0,600.5277777777778
NTS,8009,2,B,94.44444444444444,677.7222222222222
NTS,8009,2,C,84.25925925925925,944.574074074074
NTS,8009,3,A,94.44444444444444,708.4444444444445
NTS,8009,3,B,88.88888888888889,743.1111111111111
NTS,8009,3,C,75.92592592592592,911.0648148148148
NTS,8011,1,A,100.0,599.8055555555555
NTS,8011,1,B,97.22222222222221,689.6944444444445
NTS,8011,1,C,87.96296296296296,926.1203703703703
NTS,8011,2,A,100.0,557.1666666666666
NTS,8011,2,B,91.66666666666666,744.8611111111111
NTS,8011,2,C,91.66666666666666,929.0833333333334
NTS,8011,3,A,100.0,569.3888888888889
NTS,8011,3,B,100.0,711.6944444444445
NTS,8011,3,C,89.81481481481481,889.0185185185185
NTS,8012,1,A,100.0,704.6111111111111
NTS,8012,1,B,100.0,855.3888888888889
NTS,8012,1,C,95.37037037037037,994.1018518518518
NTS,8012,2,A,100.0,629.9166666666666
NTS,8012,2,B,100.0,736.0277777777778
NTS,8012,2,C,95.37037037037037,932.6203703703703
NTS,8012,3,A,100.0,602.3888888888889
NTS,8012,3,B,100.0,713.5833333333334
NTS,8012,3,C,99.07407407407408,848.8055555555555
NTS,8014,1,A,97.22222222222221,842.8055555555555
NTS,8014,1,B,100.0,782.9444444444445
NTS,8014,1,C,91.66666666666666,910.925925925926
NTS,8014,2,A,100.0,734.5
NTS,8014,2,B,97.22222222222221,689.3611111111111
NTS,8014,2,C,90.74074074074075,944.6574074074074
NTS,8014,3,A,100.0,699.6388888888889
NTS,8014,3,B,97.22222222222221,709.6388888888889
NTS,8014,3,C,96.29629629629629,793.2592592592592
NTS,8015,1,A,94.44444444444444,616.8611111111111
NTS,8015,1,B,70.83333333333334,803.8958333333334
NTS,8015,1,C,75.83333333333333,831.8583333333333
NTS,8016,1,A,91.66666666666666,885.4444444444445
NTS,8016,1,B,91.66666666666666,1034.138888888889
NTS,8016,1,C,72.91666666666666,1168.0833333333333
NTS,8016,2,A,94.44444444444444,748.8333333333334
NTS,8016,2,B,94.44444444444444,799.1666666666666
NTS,8016,2,C,87.96296296296296,1081.4074074074074
NTS,8016,3,A,100.0,678.0833333333334
NTS,8016,3,B,94.44444444444444,773.0
NTS,8016,3,C,88.88888888888889,1067.2407407407406
NTS,8017,1,A,91.66666666666666,671.9166666666666
NTS,8017,1,B,97.22222222222221,668.8333333333334
NTS,8017,1,C,74.16666666666667,1026.525
NTS,8017,2,A,97.22222222222221,608.5277777777778
NTS,8017,2,B,94.44444444444444,650.6388888888889
NTS,8017,2,C,88.88888888888889,963.175925925926
NTS,8017,3,A,97.22222222222221,739.3333333333334
NTS,8017,3,B,88.88888888888889,841.0277777777778
NTS,8017,3,C,90.74074074074075,983.3703703703703
NTS,8018,1,A,94.44444444444444,936.0
NTS,8018,1,B,86.11111111111111,1054.8333333333333
NTS,8018,1,C,61.111111111111114,1251.0648148148148
NTS,8018,2,A,97.22222222222221,791.7777777777778
NTS,8018,2,B,94.44444444444444,845.6111111111111
NTS,8018,2,C,84.25925925925925,1076.3796296296296
NTS,8018,3,A,100.0,740.5277777777778
NTS,8018,3,B,100.0,816.6111111111111
NTS,8018,3,C,89.81481481481481,1114.388888888889
NTS,8019,1,A,88.88888888888889,806.8611111111111
NTS,8019,1,B,97.22222222222221,835.7222222222222
NTS,8019,1,C,52.27272727272727,1209.0378787878788
NTS,8019,2,A,91.66666666666666,830.2222222222222
NTS,8019,2,B,86.11111111111111,883.4444444444445
NTS,8019,2,C,73.14814814814815,1132.6759259259259
NTS,8019,3,A,100.0,819.3888888888889
NTS,8019,3,B,91.66666666666666,946.5833333333334
NTS,8019,3,C,80.55555555555556,1147.7777777777778
NTS,8020,2,A,94.44444444444444,786.0833333333334
NTS,8020,2,B,100.0,724.4166666666666
NTS,8020,2,C,67.5,1077.7916666666667
NTS,8020,3,A,97.22222222222221,831.9444444444445
NTS,8020,3,B,91.66666666666666,919.0555555555555
NTS,8020,3,C,56.81818181818182,1186.7424242424242
NTS,8021,1,A,86.11111111111111,945.1666666666666
NTS,8021,1,B,88.88888888888889,856.0555555555555
NTS,8021,1,C,58.333333333333336,1131.6083333333333
NTS,8022,1,A,97.22222222222221,760.3611111111111
NTS,8022,1,B,94.44444444444444,820.7222222222222
NTS,8022,1,C,85.83333333333333,1008.7833333333333
NTS,8022,2,A,97.22222222222221,616.3611111111111
NTS,8022,2,B,83.33333333333334,697.1111111111111
NTS,8022,2,C,70.0,905.8583333333333
NTS,8022,3,A,100.0,692.1666666666666
NTS,8022,3,B,91.66666666666666,764.7222222222222
NTS,8022,3,C,89.16666666666667,910.1916666666667
NTS,8023,1,A,100.0,763.1666666666666
NTS,8023,1,B,94.44444444444444,777.4444444444445
NTS,8023,1,C,75.0,1090.2333333333333
NTS,8023,2,A,97.22222222222221,627.3333333333334
NTS,8023,2,B,100.0,675.9166666666666
NTS,8023,2,C,96.29629629629629,961.1481481481482
NTS,8023,3,A,100.0,708.1388888888889
NTS,8023,3,B,100.0,763.8055555555555
NTS,8023,3,C,90.74074074074075,961.0648148148148
NTS,8024,1,A,81.25,836.3958333333334
NTS,8024,1,B,97.22222222222221,762.0833333333334
NTS,8024,1,C,89.16666666666667,986.6416666666667
NTS,8024,2,A,97.22222222222221,752.4722222222222
NTS,8024,2,B,94.44444444444444,823.5
NTS,8024,2,C,78.70370370370371,1096.861111111111
NTS,8026,1,A,97.22222222222221,604.1388888888889
NTS,8026,1,B,97.22222222222221,639.8055555555555
NTS,8026,1,C,78.70370370370371,1060.861111111111
NTS,8026,2,A,100.0,479.3888888888889
NTS,8026,2,B,97.22222222222221,547.3888888888889
NTS,8026,2,C,91.66666666666666,853.7407407407408
NTS,8026,3,A,100.0,479.80555555555554
NTS,8026,3,B,100.0,567.6666666666666
NTS,8026,3,C,85.18518518518519,795.074074074074
NTS,8027,1,A,88.88888888888889,740.6111111111111
NTS,8027,1,B,91.66666666666666,719.8055555555555
NTS,8027,1,C,82.5,1018.3083333333333
NTS,8027,2,A,97.22222222222221,698.8333333333334
NTS,8027,2,B,91.66666666666666,843.4166666666666
NTS,8027,2,C,79.62962962962963,1148.6944444444443
NTS,8030,1,A,94.44444444444444,796.1944444444445
NTS,8030,1,B,86.11111111111111,897.3611111111111
NTS,8030,1,C,79.62962962962963,992.9444444444445
NTS,8030,2,A,100.0,666.2222222222222
NTS,8030,2,B,91.66666666666666,744.8333333333334
NTS,8030,2,C,78.70370370370371,1055.0092592592594
NTS,8030,3,A,100.0,576.7777777777778
NTS,8030,3,B,88.88888888888889,708.9722222222222
NTS,8030,3,C,85.18518518518519,1052.712962962963
NTS,8031,1,A,91.66666666666666,761.8888888888889
NTS,8031,1,B,94.44444444444444,761.3611111111111
NTS,8031,1,C,73.33333333333333,1171.7583333333334
NTS,8031,2,A,100.0,653.0833333333334
NTS,8031,2,B,94.44444444444444,767.5277777777778
NTS,8031,2,C,87.96296296296296,1108.148148148148
NTS,8031,3,A,97.22222222222221,648.4166666666666
NTS,8031,3,B,100.0,713.9166666666666
NTS,8031,3,C,89.81481481481481,1048.6666666666667
NTS,8032,1,A,97.22222222222221,655.25
NTS,8032,1,B,91.66666666666666,786.0277777777778
NTS,8032,1,C,93.51851851851852,987.7407407407408
NTS,8032,2,A,97.22222222222221,545.8611111111111
NTS,8032,2,B,91.66666666666666,591.4166666666666
NTS,8032,2,C,92.5925925925926,822.9537037037037
NTS,8032,3,A,100.0,591.7222222222222
NTS,8032,3,B,100.0,726.2222222222222
NTS,8032,3,C,94.44444444444444,909.5370370370371
NTS,8034,1,A,94.44444444444444,710.9166666666666
NTS,8034,1,B,66.66666666666666,873.2083333333334
NTS,8034,1,C,51.66666666666667,1062.9
NTS,8035,1,A,75.0,964.7083333333334
NTS,8035,1,B,91.66666666666666,939.5555555555555
NTS,8035,1,C,70.83333333333334,1218.7833333333333
NTS,8035,2,A,91.66666666666666,799.3888888888889
NTS,8035,2,B,91.66666666666666,868.3888888888889
NTS,8035,2,C,82.4074074074074,1065.5925925925926
NTS,8035,3,A,97.22222222222221,724.9722222222222
NTS,8035,3,B,91.66666666666666,873.5555555555555
NTS,8035,3,C,80.55555555555556,1139.3333333333333
NTS,8036,1,A,91.66666666666666,885.4166666666666
NTS,8036,1,B,75.0,880.3888888888889
NTS,8036,1,C,59.166666666666664,1083.975
NTS,8036,2,A,100.0,796.8888888888889
NTS,8036,2,B,80.55555555555556,877.3888888888889
NTS,8036,2,C,66.66666666666666,1029.7583333333334
NTS,8036,3,A,97.22222222222221,808.5
NTS,8036,3,B,83.33333333333334,973.75
NTS,8036,3,C,71.21212121212122,907.6212121212121
NTS,8037,1,A,91.66666666666666,744.25
NTS,8037,1,B,83.33333333333334,834.5208333333334
NTS,8037,1,C,70.37037037037037,1096.2962962962963
NTS,8037,2,A,94.44444444444444,681.25
NTS,8037,2,B,94.44444444444444,728.0833333333334
NTS,8037,2,C,58.333333333333336,1263.689393939394
NTS,8037,3,A,100.0,703.5555555555555
NTS,8037,3,B,88.88888888888889,760.8333333333334
NTS,8037,3,C,84.25925925925925,949.7314814814815
NTS,8038,1,A,100.0,604.3611111111111
NTS,8038,1,B,94.44444444444444,606.4722222222222
NTS,8038,1,C,93.51851851851852,915.8611111111111
NTS,8038,2,A,94.44444444444444,585.3333333333334
NTS,8038,2,B,100.0,584.25
NTS,8038,2,C,93.51851851851852,793.4537037037037
NTS,8038,3,A,100.0,598.5555555555555
NTS,8038,3,B,100.0,577.6111111111111
NTS,8038,3,C,96.29629629629629,817.0462962962963
NTS,8039,1,A,94.44444444444444,491.27777777777777
NTS,8039,1,B,97.22222222222221,494.8333333333333
NTS,8039,1,C,61.66666666666667,968.6166666666667
NTS,8039,2,A,100.0,563.5833333333334
NTS,8039,2,B,100.0,581.5277777777778
NTS,8039,2,C,92.5925925925926,729.0648148148148
NTS,8039,3,A,100.0,484.8333333333333
NTS,8039,3,B,97.22222222222221,518.9722222222222
NTS,8039,3,C,95.37037037037037,659.3518518518518
NTS,8040,1,A,100.0,880.4444444444445
NTS,8040,1,B,91.66666666666666,945.7222222222222
NTS,8040,1,C,77.77777777777779,1187.6203703703704
NTS,8040,2,A,100.0,621.5
NTS,8040,2,B,94.44444444444444,695.1388888888889
NTS,8040,2,C,87.96296296296296,1024.5833333333333
NTS,8040,3,A,100.0,792.8055555555555
NTS,8040,3,B,100.0,867.0
NTS,8040,3,C,94.44444444444444,1039.9444444444443
NTS,8042,1,A,100.0,661.4166666666666
NTS,8042,1,B,83.33333333333334,803.8611111111111
NTS,8042,1,C,69.16666666666667,990.5333333333333
NTS,8046,1,A,94.44444444444444,676.1111111111111
NTS,8046,1,B,88.88888888888889,788.9722222222222
NTS,8046,1,C,72.22222222222221,1113.0185185185185
NTS,8046,2,A,100.0,676.3888888888889
NTS,8046,2,B,91.66666666666666,697.9166666666666
NTS,8046,2,C,92.5925925925926,986.3888888888889
NTS,8046,3,A,97.22222222222221,631.8333333333334
NTS,8046,3,B,100.0,689.5555555555555
NTS,8046,3,C,94.44444444444444,932.9351851851852
NTS,8047,1,A,100.0,684.1666666666666
NTS,8047,1,B,97.22222222222221,691.0555555555555
NTS,8047,1,C,73.33333333333333,1096.3583333333333
NTS,8047,2,A,100.0,582.5277777777778
NTS,8047,2,B,97.22222222222221,602.6944444444445
NTS,8047,2,C,80.55555555555556,1037.25
NTS,8047,3,A,100.0,605.8611111111111
NTS,8047,3,B,100.0,675.0
NTS,8047,3,C,83.33333333333334,1083.851851851852
NTS,8048,1,A,100.0,546.2222222222222
NTS,8048,1,B,91.66666666666666,621.0277777777778
NTS,8048,1,C,80.83333333333333,971.575
NTS,8048,2,A,94.44444444444444,632.1944444444445
NTS,8048,2,B,88.88888888888889,812.0555555555555
NTS,8048,2,C,91.66666666666666,907.9351851851852
NTS,8048,3,A,97.22222222222221,594.4166666666666
NTS,8048,3,B,97.22222222222221,632.0555555555555
NTS,8048,3,C,86.11111111111111,763.3703703703703
NTS,8050,1,A,91.66666666666666,661.2777777777778
NTS,8050,1,B,100.0,582.6944444444445
NTS,8050,1,C,88.88888888888889,1003.675925925926
NTS,8050,2,A,100.0,582.5
NTS,8050,2,B,100.0,613.1944444444445
NTS,8050,2,C,95.37037037037037,814.6111111111111
NTS,8051,1,A,94.44444444444444,550.8333333333334
NTS,8051,1,B,91.66666666666666,577.7222222222222
NTS,8051,1,C,96.29629629629629,847.0185185185185
NTS,8051,2,A,97.22222222222221,514.5277777777778
NTS,8051,2,B,88.88888888888889,592.1944444444445
NTS,8051,2,C,89.81481481481481,830.9074074074074
NTS,8051,3,A,94.44444444444444,495.1111111111111
NTS,8051,3,B,97.22222222222221,608.7777777777778
NTS,8051,3,C,87.03703703703704,848.1203703703703
NTS,8052,1,A,100.0,603.1111111111111
NTS,8052,1,B,94.44444444444444,691.9722222222222
NTS,8052,1,C,79.62962962962963,990.8148148148148
NTS,8052,2,A,100.0,538.2222222222222
NTS,8052,2,B,100.0,568.6388888888889
NTS,8052,2,C,85.18518518518519,890.9351851851852
NTS,8052,3,A,100.0,538.3888888888889
NTS,8052,3,B,94.44444444444444,681.1111111111111
NTS,8052,3,C,89.81481481481481,994.8055555555555
NTS,8053,1,A,94.44444444444444,867.75
NTS,8053,1,B,80.55555555555556,864.9166666666666
NTS,8053,1,C,89.81481481481481,1086.5833333333333
NTS,8053,2,A,100.0,666.4722222222222
NTS,8053,2,B,97.22222222222221,750.1666666666666
NTS,8053,2,C,95.37037037037037,961.4537037037037
NTS,8053,nan,A,100.0,567.2777777777778
NTS,8053,nan,B,94.44444444444444,650.9722222222222
NTS,8053,nan,C,91.66666666666666,861.0925925925926
NTS,8054,1,A,94.44444444444444,676.25
NTS,8054,1,B,100.0,759.4166666666666
NTS,8054,1,C,61.111111111111114,1137.537037037037
NTS,8054,2,A,100.0,641.7777777777778
NTS,8054,2,B,97.22222222222221,625.8055555555555
NTS,8054,2,C,84.25925925925925,1002.1203703703703
NTS,8056,1,A,97.22222222222221,702.5555555555555
NTS,8056,1,B,83.33333333333334,858.0833333333334
NTS,8056,1,C,78.70370370370371,1069.351851851852
NTS,8056,2,A,97.22222222222221,530.0555555555555
NTS,8056,2,B,88.88888888888889,636.0
NTS,8056,2,C,85.18518518518519,923.675925925926
NTS,8056,3,A,100.0,678.0555555555555
NTS,8056,3,B,88.88888888888889,752.5
NTS,8056,3,C,80.55555555555556,1045.9259259259259
NTS,8058,1,A,100.0,648.4444444444445
NTS,8058,1,B,97.22222222222221,836.0
NTS,8058,1,C,80.83333333333333,1037.5416666666667
NTS,8058,2,A,100.0,618.5
NTS,8058,2,B,94.44444444444444,724.3611111111111
NTS,8058,2,C,79.16666666666666,1019.7833333333333
NTS,8060,1,A,97.22222222222221,711.1111111111111
NTS,8060,1,B,97.22222222222221,767.75
NTS,8060,1,C,85.0,1047.475
NTS,8060,2,A,100.0,515.6388888888889
NTS,8060,2,B,97.22222222222221,530.0
NTS,8060,2,C,90.74074074074075,875.5185185185185
NTS,8060,3,A,97.22222222222221,614.0555555555555
NTS,8060,3,B,100.0,647.1111111111111
NTS,8060,3,C,93.51851851851852,886.0462962962963
NTS,8061,1,A,100.0,698.2222222222222
NTS,8061,1,B,94.44444444444444,741.3611111111111
NTS,8061,1,C,79.16666666666666,1148.8333333333333
NTS,8062,1,A,94.44444444444444,643.3888888888889
NTS,8062,1,B,100.0,693.6666666666666
NTS,8062,1,C,82.4074074074074,1127.4907407407406
NTS,8062,2,A,100.0,580.8888888888889
NTS,8062,2,B,100.0,615.1111111111111
NTS,8062,2,C,89.81481481481481,974.7407407407408
NTS,8063,1,A,100.0,629.9444444444445
NTS,8063,1,B,97.22222222222221,773.0277777777778
NTS,8063,1,C,84.25925925925925,1024.0648148148148
NTS,8063,2,A,100.0,562.25
NTS,8063,2,B,94.44444444444444,732.7777777777778
NTS,8063,2,C,91.66666666666666,902.3425925925926
NTS,8063,nan,A,100.0,594.2777777777778
NTS,8063,nan,B,100.0,674.6111111111111
NTS,8063,nan,C,89.81481481481481,882.0
NTS,8064,1,A,100.0,720.6388888888889
NTS,8064,1,B,100.0,844.8333333333334
NTS,8064,1,C,99.07407407407408,905.6481481481482
NTS,8064,2,A,97.22222222222221,747.0833333333334
NTS,8064,2,B,100.0,849.8055555555555
NTS,8064,2,C,94.44444444444444,942.7222222222222
NTS,8065,1,A,97.22222222222221,649.7777777777778
NTS,8065,1,B,97.22222222222221,608.4166666666666
NTS,8065,1,C,86.11111111111111,1014.4722222222222
NTS,8065,2,A,100.0,655.2777777777778
NTS,8065,2,B,97.22222222222221,719.1944444444445
NTS,8065,2,C,97.22222222222221,890.0370370370371
NTS,8065,nan,A,100.0,630.1388888888889
NTS,8065,nan,B,97.22222222222221,679.5
NTS,8065,nan,C,92.5925925925926,818.3148148148148
NTS,8066,2,A,100.0,629.9166666666666
NTS,8066,2,B,97.22222222222221,648.8611111111111
NTS,8066,2,C,92.5925925925926,863.25
NTS,8066,3,A,94.44444444444444,567.25
NTS,8066,3,B,100.0,633.5277777777778
NTS,8066,3,C,92.5925925925926,963.1018518518518
NTS,8067,1,A,100.0,710.6388888888889
NTS,8067,1,B,86.11111111111111,838.5555555555555
NTS,8067,1,C,68.51851851851852,1152.9907407407406
NTS,8068,1,A,91.66666666666666,860.2777777777778
NTS,8068,1,B,91.66666666666666,860.1111111111111
NTS,8068,1,C,55.00000000000001,1027.5
NTS,8068,2,A,80.55555555555556,978.4444444444445
NTS,8068,2,B,97.22222222222221,870.6388888888889
NTS,8068,2,C,70.37037037037037,1209.5648148148148
NTS,8068,nan,A,75.0,960.6458333333334
NTS,8068,nan,B,94.44444444444444,923.8611111111111
NTS,8068,nan,C,52.5,1220.9583333333333
NTS,8069,1,A,97.22222222222221,727.0
NTS,8069,1,B,86.11111111111111,872.1944444444445
NTS,8069,1,C,81.66666666666667,1130.2916666666667
NTS,8069,2,A,97.22222222222221,741.9444444444445
NTS,8069,2,B,100.0,765.4444444444445
NTS,8069,2,C,78.33333333333333,1063.9083333333333
NTS,8069,nan,A,100.0,682.75
NTS,8069,nan,B,97.22222222222221,838.5
NTS,8069,nan,C,84.25925925925925,985.824074074074
NTS,8070,1,A,97.22222222222221,534.5277777777778
NTS,8070,1,B,94.44444444444444,794.9722222222222
NTS,8070,1,C,91.66666666666666,964.8425925925926
NTS,8070,2,A,94.44444444444444,534.2222222222222
NTS,8070,2,B,94.44444444444444,599.4444444444445
NTS,8070,2,C,93.51851851851852,898.6944444444445
NTS,8070,nan,A,100.0,563.7222222222222
NTS,8070,nan,B,100.0,777.5833333333334
NTS,8070,nan,C,96.29629629629629,896.25
NTS,8072,1,A,100.0,735.1944444444445
NTS,8072,1,B,86.11111111111111,927.9444444444445
NTS,8072,1,C,45.0,1053.4
NTS,8072,2,A,86.11111111111111,547.7222222222222
NTS,8072,2,B,88.88888888888889,637.1111111111111
NTS,8072,2,C,71.66666666666667,954.9416666666667
NTS,8073,1,A,88.88888888888889,664.8611111111111
NTS,8073,1,B,97.22222222222221,581.75
NTS,8073,1,C,69.16666666666667,1102.1416666666667
NTS,8073,2,A,91.66666666666666,567.9722222222222
NTS,8073,2,B,100.0,557.5
NTS,8073,2,C,81.48148148148148,1026.2962962962963
NTS,8073,3,A,97.22222222222221,539.6388888888889
NTS,8073,3,B,97.22222222222221,580.8333333333334
NTS,8073,3,C,68.51851851851852,1048.1851851851852
NTS,8074,1,A,94.44444444444444,725.8888888888889
NTS,8074,1,B,94.44444444444444,804.2222222222222
NTS,8074,1,C,58.333333333333336,1114.7407407407406
NTS,8074,2,A,100.0,678.5555555555555
NTS,8074,2,B,94.44444444444444,794.2777777777778
NTS,8074,2,C,87.03703703703704,965.8888888888889
NTS,8074,nan,A,97.22222222222221,681.5
NTS,8074,nan,B,88.88888888888889,724.9166666666666
NTS,8074,nan,C,73.14814814814815,1049.3333333333333
NTS,8075,1,A,100.0,759.75
NTS,8075,1,B,94.44444444444444,797.5
NTS,8075,1,C,90.74074074074075,950.8703703703703
NTS,8075,3,A,94.44444444444444,601.6111111111111
NTS,8075,3,B,100.0,749.5277777777778
NTS,8075,3,C,92.5925925925926,849.7037037037037
NTS,8075,nan,A,100.0,569.9444444444445
NTS,8075,nan,B,94.44444444444444,749.7222222222222
NTS,8075,nan,C,92.5925925925926,891.0462962962963
NTS,8076,1,A,97.22222222222221,665.6666666666666
NTS,8076,1,B,94.44444444444444,705.8611111111111
NTS,8076,1,C,84.25925925925925,1085.0185185185185
NTS,8076,2,A,100.0,813.75
NTS,8076,2,B,94.44444444444444,877.25
NTS,8076,2,C,85.18518518518519,1004.8703703703703
NTS,8076,3,A,100.0,619.3055555555555
NTS,8076,3,B,94.44444444444444,770.0277777777778
NTS,8076,3,C,88.88888888888889,981.1388888888889
NTS,8078,1,A,97.22222222222221,873.5555555555555
NTS,8078,1,B,86.11111111111111,923.3333333333334
NTS,8078,1,C,65.15151515151516,1173.8257575757575
NTS,8078,2,A,88.88888888888889,832.4722222222222
NTS,8078,2,B,86.11111111111111,831.9444444444445
NTS,8078,2,C,78.33333333333333,1101.125
NTS,8078,3,A,94.44444444444444,712.4166666666666
NTS,8078,3,B,91.66666666666666,845.8333333333334
NTS,8078,3,C,77.77777777777779,1167.601851851852
NTS,8079,1,A,88.88888888888889,800.1388888888889
NTS,8079,1,B,97.22222222222221,814.1666666666666
NTS,8079,1,C,75.92592592592592,1009.25
NTS,8079,2,A,100.0,677.4444444444445
NTS,8079,2,B,86.11111111111111,806.7222222222222
NTS,8079,2,C,88.88888888888889,1048.2685185185185
NTS,8079,3,A,100.0,736.1388888888889
NTS,8079,3,B,100.0,842.5277777777778
NTS,8079,3,C,74.07407407407408,1122.1574074074074
NTS,8080,1,A,100.0,493.6388888888889
NTS,8080,1,B,88.88888888888889,518.1111111111111
NTS,8080,1,C,56.666666666666664,888.775
NTS,8080,2,A,97.22222222222221,548.3611111111111
NTS,8080,2,B,91.66666666666666,572.4444444444445
NTS,8080,2,C,69.16666666666667,904.0416666666666
NTS,8080,3,A,97.22222222222221,530.1111111111111
NTS,8080,3,B,91.66666666666666,576.9722222222222
NTS,8080,3,C,76.66666666666667,872.0416666666666
NTS,8081,1,A,94.44444444444444,623.25
NTS,8081,1,B,87.5,654.2291666666666
NTS,8081,1,C,74.07407407407408,1005.4444444444445
NTS,8081,2,A,100.0,528.3888888888889
NTS,8081,2,B,97.22222222222221,524.9722222222222
NTS,8081,2,C,75.0,924.7
NTS,8083,1,A,94.44444444444444,699.9444444444445
NTS,8083,1,B,91.66666666666666,737.0277777777778
NTS,8083,1,C,47.5,1182.2166666666667
NTS,8083,3,A,80.55555555555556,812.75
NTS,8083,3,B,94.44444444444444,690.7777777777778
NTS,8083,3,C,89.81481481481481,962.6944444444445
NTS,8083,nan,A,94.44444444444444,530.9166666666666
NTS,8083,nan,B,94.44444444444444,574.5
NTS,8083,nan,C,86.11111111111111,895.8425925925926
NTS,8084,1,A,91.66666666666666,676.8888888888889
NTS,8084,1,B,91.66666666666666,715.6666666666666
NTS,8084,1,C,43.333333333333336,1214.8583333333333
NTS,8084,2,A,94.44444444444444,750.6666666666666
NTS,8084,2,B,100.0,694.7777777777778
NTS,8084,2,C,75.92592592592592,1043.6574074074074
NTS,8084,3,A,94.44444444444444,645.1388888888889
NTS,8084,3,B,97.22222222222221,677.1666666666666
NTS,8084,3,C,83.33333333333334,964.9537037037037
NTS,8085,2,A,100.0,605.9444444444445
NTS,8085,2,B,100.0,720.5
NTS,8085,2,C,81.48148148148148,867.3796296296297
NTS,8087,1,A,97.22222222222221,656.4722222222222
NTS,8087,1,B,97.22222222222221,621.5277777777778
NTS,8087,1,C,91.66666666666666,962.3796296296297
NTS,8087,2,A,94.44444444444444,617.5555555555555
NTS,8087,2,B,100.0,593.7222222222222
NTS,8087,2,C,92.5925925925926,819.3425925925926
NTS,8087,3,A,100.0,611.9166666666666
NTS,8087,3,B,100.0,686.1111111111111
NTS,8087,3,C,95.37037037037037,762.0092592592592
NTS,8088,1,A,94.44444444444444,769.8333333333334
NTS,8088,1,B,83.33333333333334,785.2777777777778
NTS,8088,1,C,85.83333333333333,1018.7333333333333
NTS,8088,2,A,97.22222222222221,827.0555555555555
NTS,8088,2,B,100.0,794.5833333333334
NTS,8088,2,C,76.66666666666667,1074.2833333333333
NTS,8088,3,A,95.83333333333334,715.75
NTS,8088,3,B,77.08333333333334,901.9166666666666
NTS,8088,3,C,90.0,998.675
NTS,8090,1,A,100.0,662.1666666666666
NTS,8090,1,B,89.58333333333334,766.7083333333334
NTS,8090,1,C,73.33333333333333,1092.875
NTS,8092,1,A,94.44444444444444,794.3055555555555
NTS,8092,1,B,75.0,936.5277777777778
NTS,8092,1,C,61.66666666666667,1172.1666666666667
NTS,8092,3,A,100.0,718.8611111111111
NTS,8092,3,B,94.44444444444444,887.0833333333334
NTS,8092,3,C,73.14814814814815,1098.212962962963
NTS,8092,nan,A,100.0,894.3055555555555
NTS,8092,nan,B,83.33333333333334,961.5833333333334
NTS,8092,nan,C,75.0,1095.148148148148
NTS,8093,1,A,100.0,659.6944444444445
NTS,8093,1,B,100.0,834.6944444444445
NTS,8093,1,C,77.5,1025.4083333333333
NTS,8094,1,A,91.66666666666666,887.2777777777778
NTS,8094,1,B,91.66666666666666,675.0277777777778
NTS,8094,1,C,55.833333333333336,964.375
NTS,8094,2,A,91.66666666666666,604.0
NTS,8094,2,B,94.44444444444444,709.1666666666666
NTS,8094,2,C,68.33333333333333,806.0583333333333
NTS,8094,3,A,100.0,603.4444444444445
NTS,8094,3,B,94.44444444444444,806.0833333333334
NTS,8094,3,C,65.74074074074075,950.7685185185185
NTS,8095,1,A,94.44444444444444,693.5
NTS,8095,1,B,100.0,736.3888888888889
NTS,8095,1,C,77.77777777777779,1063.287037037037
NTS,8096,1,A,100.0,611.5555555555555
NTS,8096,1,B,100.0,666.0277777777778
NTS,8096,1,C,94.44444444444444,871.0
NTS,8096,2,A,100.0,582.4444444444445
NTS,8096,2,B,100.0,635.75
NTS,8096,2,C,95.37037037037037,870.925925925926
NTS,8096,3,A,100.0,615.3333333333334
NTS,8096,3,B,97.22222222222221,646.25
NTS,8096,3,C,98.14814814814815,750.2870370370371
NTS,8098,1,A,94.44444444444444,786.0833333333334
NTS,8098,1,B,88.88888888888889,928.6111111111111
NTS,8098,1,C,75.0,1107.3083333333334
NTS,8098,2,A,100.0,717.8333333333334
NTS,8098,2,B,91.66666666666666,806.6666666666666
NTS,8098,2,C,89.81481481481481,1013.6851851851852
NTS,8099,1,A,100.0,680.5555555555555
NTS,8099,1,B,91.66666666666666,718.4166666666666
NTS,8099,1,C,70.37037037037037,1058.2685185185185
NTS,8099,2,A,97.22222222222221,698.3333333333334
NTS,8099,2,B,100.0,688.5555555555555
NTS,8099,2,C,87.96296296296296,928.5648148148148
NTS,8100,1,A,100.0,684.75
NTS,8100,1,B,91.66666666666666,750.8611111111111
NTS,8100,1,C,75.0,1043.5648148148148
NTS,8100,2,A,100.0,587.6388888888889
NTS,8100,2,B,100.0,631.9444444444445
NTS,8100,2,C,88.88888888888889,809.9444444444445
NTS,8101,1,A,97.22222222222221,801.8888888888889
NTS,8101,1,B,80.55555555555556,968.25
NTS,8101,1,C,73.14814814814815,1196.1944444444443
NTS,8102,1,A,94.44444444444444,472.27777777777777
NTS,8102,1,B,72.22222222222221,509.6666666666667
NTS,8102,1,C,79.62962962962963,644.6111111111111
NTS,8103,1,A,91.66666666666666,826.3611111111111
NTS,8103,1,B,91.66666666666666,895.5555555555555
NTS,8103,1,C,69.44444444444444,1206.8333333333333
NTS,8103,2,A,97.22222222222221,623.8611111111111
NTS,8103,2,B,94.44444444444444,645.4166666666666
NTS,8103,2,C,77.77777777777779,1001.1296296296297
NTS,8104,1,A,100.0,620.0
NTS,8104,1,B,97.22222222222221,729.1666666666666
NTS,8104,1,C,75.83333333333333,991.6583333333333
NTS,8104,2,A,97.22222222222221,632.5833333333334
NTS,8104,2,B,97.22222222222221,733.3611111111111
NTS,8104,2,C,87.03703703703704,998.1203703703703
NTS,8106,1,A,66.66666666666666,636.8055555555555
NTS,8106,1,B,94.44444444444444,712.4444444444445
NTS,8106,1,C,78.33333333333333,1076.7083333333333
NTS,8106,2,A,86.11111111111111,654.8055555555555
NTS,8106,2,B,97.22222222222221,601.5277777777778
NTS,8106,2,C,87.96296296296296,977.324074074074
NTS,8107,1,A,88.88888888888889,715.2777777777778
NTS,8107,1,B,94.44444444444444,776.8333333333334
NTS,8107,1,C,78.70370370370371,962.175925925926
NTS,8107,3,A,91.66666666666666,711.3055555555555
NTS,8107,3,B,91.66666666666666,730.0
NTS,8107,3,C,80.55555555555556,1002.1574074074074
NTS,8108,1,A,100.0,628.8333333333334
NTS,8108,1,B,88.88888888888889,724.8888888888889
NTS,8108,1,C,80.55555555555556,1063.0185185185185
NTS,8108,2,A,100.0,660.5277777777778
NTS,8108,2,B,94.44444444444444,802.1111111111111
NTS,8108,2,C,87.96296296296296,891.2314814814815
NTS,8111,1,A,97.22222222222221,818.6666666666666
NTS,8111,1,B,89.58333333333334,982.5625
NTS,8111,1,C,67.5925925925926,1217.9074074074074
NTS,8112,1,A,100.0,855.0555555555555
NTS,8112,1,B,94.44444444444444,877.8055555555555
NTS,8112,1,C,79.16666666666666,1106.175
NTS,8113,1,A,100.0,690.2222222222222
NTS,8113,1,B,97.22222222222221,728.1944444444445
NTS,8113,1,C,86.66666666666667,1051.8833333333334
NTS,8114,1,A,100.0,528.4444444444445
NTS,8114,1,B,86.11111111111111,645.9444444444445
NTS,8114,1,C,87.96296296296296,1070.7592592592594
NTS,8114,2,A,97.22222222222221,781.9166666666666
NTS,8114,2,B,94.44444444444444,768.2222222222222
NTS,8114,2,C,84.25925925925925,1058.3055555555557
NTS,8115,1,A,89.58333333333334,658.8958333333334
NTS,8115,1,B,97.22222222222221,590.1944444444445
NTS,8115,1,C,60.60606060606061,1098.340909090909
NTS,8116,1,A,97.22222222222221,854.8611111111111
NTS,8116,1,B,94.44444444444444,987.9444444444445
NTS,8116,1,C,65.74074074074075,1283.462962962963
NTS,8116,2,A,97.22222222222221,846.1388888888889
NTS,8116,2,B,100.0,878.3888888888889
NTS,8116,2,C,81.48148148148148,1198.7037037037037
NTS,8118,1,A,97.22222222222221,664.5277777777778
NTS,8118,1,B,97.22222222222221,651.6111111111111
NTS,8118,1,C,48.333333333333336,906.6083333333333
NTS,8119,1,A,100.0,624.5
NTS,8119,1,B,91.66666666666666,803.8611111111111
NTS,8119,1,C,87.12121212121212,984.0984848484849
NTS,8120,1,A,94.44444444444444,656.3611111111111
NTS,8120,1,B,91.66666666666666,666.8611111111111
NTS,8120,1,C,48.333333333333336,1174.925
NTS,8120,2,A,91.66666666666666,677.0
NTS,8120,2,B,86.11111111111111,700.5
NTS,8120,2,C,71.29629629629629,1053.4259259259259
NTS,8121,1,A,100.0,650.7222222222222
NTS,8121,1,B,100.0,754.0277777777778
NTS,8121,1,C,92.5925925925926,948.0648148148148
NTS,8121,2,A,97.22222222222221,562.1944444444445
NTS,8121,2,B,91.66666666666666,684.9166666666666
NTS,8121,2,C,90.74074074074075,867.1388888888889
NTS,8123,1,A,100.0,567.9722222222222
NTS,8123,1,B,97.22222222222221,657.6944444444445
NTS,8123,1,C,72.22222222222221,1089.398148148148
NTS,8124,1,A,97.22222222222221,628.5
NTS,8124,1,B,100.0,648.4722222222222
NTS,8124,1,C,92.5925925925926,837.7962962962963
NTS,8125,1,A,100.0,710.3888888888889
NTS,8125,1,B,97.22222222222221,741.8055555555555
NTS,8125,1,C,93.51851851851852,959.1944444444445
NTS,8126,1,A,97.22222222222221,592.5555555555555
NTS,8126,1,B,100.0,586.1944444444445
NTS,8126,1,C,94.44444444444444,1002.2777777777778
NTS,8127,1,A,97.22222222222221,743.0277777777778
NTS,8127,1,B,100.0,730.25
NTS,8127,1,C,78.33333333333333,1084.925
NTS,8128,1,A,100.0,630.0833333333334
NTS,8128,1,B,91.66666666666666,692.3611111111111
NTS,8128,1,C,87.03703703703704,1030.1203703703704
NTS,8130,1,A,97.22222222222221,680.8333333333334
NTS,8130,1,B,100.0,737.8611111111111
NTS,8130,1,C,86.66666666666667,1049.175
NTS,8131,1,A,95.83333333333334,835.5625
NTS,8131,1,B,97.22222222222221,968.7777777777778
NTS,8131,1,C,80.83333333333333,1120.3416666666667
NTS,8132,1,A,97.22222222222221,748.6111111111111
NTS,8132,1,B,100.0,749.2777777777778
NTS,8132,1,C,86.11111111111111,1026.1574074074074
NTS,8136,1,A,94.44444444444444,813.75
NTS,8136,1,B,97.22222222222221,758.5
NTS,8136,1,C,93.51851851851852,1028.9351851851852
NTS,8138,1,A,94.44444444444444,667.25
NTS,8138,1,B,91.66666666666666,858.6944444444445
NTS,8138,1,C,85.83333333333333,1006.8333333333334
NTS,8139,1,A,94.44444444444444,747.0555555555555
NTS,8139,1,B,94.44444444444444,854.0
NTS,8139,1,C,84.25925925925925,1069.0925925925926
NTS,8140,1,A,94.44444444444444,826.8611111111111
NTS,8140,1,B,91.66666666666666,905.5
NTS,8140,1,C,80.55555555555556,1045.037037037037
NTS,8145,1,A,94.44444444444444,651.2222222222222
NTS,8145,1,B,94.44444444444444,754.9444444444445
NTS,8145,1,C,61.66666666666667,1194.1583333333333
NTS,8146,1,A,97.22222222222221,632.0833333333334
NTS,8146,1,B,100.0,696.8888888888889
NTS,8146,1,C,62.5,991.35
NTS,8149,1,A,100.0,529.3888888888889
NTS,8149,1,B,94.44444444444444,670.3333333333334
NTS,8149,1,C,88.88888888888889,920.0925925925926
NTS,83664,nan,A,98.61111111111111,605.6111111111111
NTS,83664,nan,B,89.58333333333334,860.6458333333334
NTS,83664,nan,C,75.0,964.275
NTS,9002,1,A,100.0,802.4722222222222
NTS,9002,1,B,97.22222222222221,959.7222222222222
NTS,9002,1,C,71.21212121212122,1158.310606060606
NTS,9002,3,A,97.22222222222221,795.5
NTS,9002,3,B,94.44444444444444,859.3611111111111
NTS,9002,3,C,81.66666666666667,1141.175
NTS,9003,1,A,97.22222222222221,588.5
NTS,9003,1,B,100.0,602.4444444444445
NTS,9003,1,C,84.25925925925925,1007.6296296296297
NTS,9003,3,A,100.0,527.75
NTS,9003,3,B,94.44444444444444,568.8055555555555
NTS,9003,3,C,81.66666666666667,954.3583333333333
NTS,9004,1,A,100.0,674.4722222222222
NTS,9004,1,B,91.66666666666666,824.7777777777778
NTS,9004,1,C,66.66666666666666,1210.6
NTS,9005,1,A,100.0,833.1388888888889
NTS,9005,1,B,97.22222222222221,876.8611111111111
NTS,9005,1,C,85.0,1153.5833333333333
NTS,9005,2,A,100.0,706.6944444444445
NTS,9005,2,B,97.22222222222221,799.8333333333334
NTS,9005,2,C,91.66666666666666,1074.9166666666667
NTS,9005,3,A,97.22222222222221,779.6944444444445
NTS,9005,3,B,94.44444444444444,832.0555555555555
NTS,9005,3,C,89.81481481481481,1038.9166666666667
NTS,9007,1,A,88.88888888888889,899.75
NTS,9007,1,B,88.88888888888889,939.6666666666666
NTS,9007,1,C,60.18518518518518,1236.1574074074074
NTS,9008,1,A,94.44444444444444,516.0833333333334
NTS,9008,1,B,88.88888888888889,677.7222222222222
NTS,9008,1,C,85.0,976.2083333333334
NTS,9009,1,A,100.0,695.5
NTS,9009,1,B,91.66666666666666,796.2777777777778
NTS,9009,1,C,85.18518518518519,1098.638888888889
NTS,9009,2,A,94.44444444444444,757.2777777777778
NTS,9009,2,B,97.22222222222221,829.9722222222222
NTS,9009,2,C,87.5,971.5833333333334
NTS,9009,3,A,100.0,749.0277777777778
NTS,9009,3,B,100.0,807.75
NTS,9009,3,C,88.88888888888889,928.4537037037037
NTS,9010,1,A,91.66666666666666,609.2777777777778
NTS,9010,1,B,94.44444444444444,764.4444444444445
NTS,9010,1,C,70.83333333333334,1079.975
NTS,9010,2,A,97.22222222222221,534.6388888888889
NTS,9010,2,B,97.22222222222221,726.5833333333334
NTS,9010,2,C,80.55555555555556,948.75
NTS,9010,nan,A,100.0,525.1388888888889
NTS,9010,nan,B,97.22222222222221,760.5833333333334
NTS,9010,nan,C,88.88888888888889,975.9351851851852
NTS,9011,1,A,97.22222222222221,686.0
NTS,9011,1,B,97.22222222222221,616.5277777777778
NTS,9011,1,C,91.66666666666666,903.7962962962963
NTS,9013,1,A,100.0,663.3055555555555
NTS,9013,1,B,94.44444444444444,672.3888888888889
NTS,9013,1,C,87.96296296296296,965.1296296296297
NTS,9013,2,A,97.22222222222221,695.1944444444445
NTS,9013,2,B,94.44444444444444,634.1388888888889
NTS,9013,2,C,77.77777777777779,837.2037037037037
NTS,9013,3,A,100.0,591.0277777777778
NTS,9013,3,B,100.0,648.8611111111111
NTS,9013,3,C,81.48148148148148,930.3425925925926
NTS,9014,1,A,94.44444444444444,775.7222222222222
NTS,9014,1,B,94.44444444444444,834.8888888888889
NTS,9014,1,C,62.96296296296296,1217.3333333333333
NTS,9015,1,A,100.0,609.8055555555555
NTS,9015,1,B,100.0,635.25
NTS,9015,1,C,85.83333333333333,988.4583333333334
NTS,9015,2,A,100.0,596.5833333333334
NTS,9015,2,B,94.44444444444444,555.4722222222222
NTS,9015,2,C,93.51851851851852,925.8148148148148
NTS,9015,3,A,94.44444444444444,596.75
NTS,9015,3,B,100.0,533.2777777777778
NTS,9015,3,C,95.37037037037037,903.4629629629629
NTS,9017,1,A,66.66666666666666,1099.3958333333333
NTS,9017,1,B,80.55555555555556,1015.7777777777778
NTS,9017,1,C,71.66666666666667,1110.0416666666667
NTS,9017,2,A,97.22222222222221,720.7222222222222
NTS,9017,2,B,97.22222222222221,696.8611111111111
NTS,9017,2,C,87.03703703703704,1004.2777777777778
NTS,9017,3,A,100.0,724.6388888888889
NTS,9017,3,B,94.44444444444444,729.1388888888889
NTS,9017,3,C,84.25925925925925,1012.1851851851852
NTS,9018,1,A,91.66666666666666,712.5833333333334
NTS,9018,1,B,94.44444444444444,684.1666666666666
NTS,9018,1,C,75.92592592592592,996.2129629629629
NTS,9019,1,A,100.0,634.1388888888889
NTS,9019,1,B,97.22222222222221,777.4166666666666
NTS,9019,1,C,91.66666666666666,1074.1296296296296
NTS,9019,2,A,97.22222222222221,646.8055555555555
NTS,9019,2,B,97.22222222222221,748.8055555555555
NTS,9019,2,C,85.0,1048.4833333333333
NTS,9019,3,A,100.0,618.25
NTS,9019,3,B,97.22222222222221,739.6111111111111
NTS,9019,3,C,87.96296296296296,1046.648148148148
NTS,9020,1,A,91.66666666666666,828.8333333333334
NTS,9020,1,B,100.0,708.0555555555555
NTS,9020,1,C,83.33333333333334,1138.4907407407406
NTS,9021,1,A,97.22222222222221,610.7222222222222
NTS,9021,1,B,80.55555555555556,675.5555555555555
NTS,9021,1,C,78.70370370370371,1010.4629629629629
NTS,9021,2,A,88.88888888888889,713.9166666666666
NTS,9021,2,B,97.22222222222221,733.8333333333334
NTS,9021,2,C,90.74074074074075,901.3981481481482
NTS,9021,3,A,97.22222222222221,655.2222222222222
NTS,9021,3,B,97.22222222222221,740.1111111111111
NTS,9021,3,C,89.81481481481481,889.9907407407408
NTS,9023,1,A,97.22222222222221,738.5277777777778
NTS,9023,1,B,80.55555555555556,808.7777777777778
NTS,9023,1,C,74.16666666666667,1106.75
NTS,9023,2,A,97.22222222222221,731.8888888888889
NTS,9023,2,B,94.44444444444444,789.7777777777778
NTS,9023,2,C,67.5,1143.1333333333334
NTS,9023,3,A,100.0,673.0555555555555
NTS,9023,3,B,97.22222222222221,819.7777777777778
NTS,9023,3,C,75.83333333333333,1141.875
NTS,9024,1,A,94.44444444444444,828.3055555555555
NTS,9024,1,B,72.22222222222221,1054.75
NTS,9024,1,C,50.0,1260.1203703703704
NTS,9024,2,A,94.44444444444444,723.3888888888889
NTS,9024,2,B,86.11111111111111,860.5555555555555
NTS,9024,2,C,76.66666666666667,1115.9416666666666
NTS,9024,3,A,100.0,793.7222222222222
NTS,9024,3,B,83.33333333333334,923.1666666666666
NTS,9024,3,C,72.5,1125.8583333333333
NTS,9028,1,A,88.88888888888889,771.7222222222222
NTS,9028,1,B,88.88888888888889,775.4444444444445
NTS,9028,1,C,42.5,1139.6083333333333
NTS,9028,2,A,97.22222222222221,661.1666666666666
NTS,9028,2,B,94.44444444444444,698.9722222222222
NTS,9028,2,C,73.33333333333333,1129.825
NTS,9028,3,A,100.0,739.3888888888889
NTS,9028,3,B,100.0,701.75
NTS,9028,3,C,85.18518518518519,1072.648148148148
NTS,9029,1,A,97.22222222222221,691.8888888888889
NTS,9029,1,B,97.22222222222221,690.4444444444445
NTS,9029,1,C,85.18518518518519,1011.8518518518518
NTS,9029,2,A,100.0,617.0555555555555
NTS,9029,2,B,100.0,610.3888888888889
NTS,9029,2,C,93.51851851851852,847.6203703703703
NTS,9029,3,A,94.44444444444444,648.6944444444445
NTS,9029,3,B,94.44444444444444,637.6944444444445
NTS,9029,3,C,96.29629629629629,905.2037037037037
NTS,9030,1,A,97.22222222222221,845.75
NTS,9030,1,B,91.66666666666666,939.75
NTS,9030,1,C,67.5,1266.075
NTS,9031,1,A,100.0,749.75
NTS,9031,1,B,100.0,783.0555555555555
NTS,9031,1,C,86.66666666666667,1098.8916666666667
NTS,9031,2,A,100.0,672.2777777777778
NTS,9031,2,B,97.22222222222221,779.8333333333334
NTS,9031,2,C,94.16666666666667,903.9333333333333
NTS,9031,3,A,100.0,687.5277777777778
NTS,9031,3,B,97.22222222222221,714.6666666666666
NTS,9031,3,C,93.51851851851852,932.7037037037037
NTS,9033,2,A,97.22222222222221,758.2777777777778
NTS,9033,2,B,91.66666666666666,853.7222222222222
NTS,9033,2,C,73.33333333333333,1201.0833333333333
NTS,9033,3,A,100.0,775.6111111111111
NTS,9033,3,B,80.55555555555556,900.0833333333334
NTS,9033,3,C,75.0,1196.361111111111
NTS,9033,nan,A,70.83333333333334,970.125
NTS,9033,nan,B,91.66666666666666,821.3055555555555
NTS,9033,nan,C,55.833333333333336,1213.3833333333334
NTS,9034,1,A,97.22222222222221,685.8333333333334
NTS,9034,1,B,97.22222222222221,724.4722222222222
NTS,9034,1,C,64.81481481481481,1150.8240740740741
NTS,9034,2,A,97.22222222222221,681.8888888888889
NTS,9034,2,B,91.66666666666666,694.6388888888889
NTS,9034,2,C,89.81481481481481,1018.2222222222222
NTS,9034,3,A,97.22222222222221,609.3055555555555
NTS,9034,3,B,94.44444444444444,654.9722222222222
NTS,9034,3,C,88.88888888888889,845.6018518518518
NTS,9035,1,A,72.22222222222221,762.0555555555555
NTS,9035,1,B,97.22222222222221,728.0277777777778
NTS,9035,1,C,79.16666666666666,972.0916666666667
NTS,9035,2,A,100.0,572.9166666666666
NTS,9035,2,B,97.22222222222221,575.0
NTS,9035,2,C,68.51851851851852,1102.2685185185185
NTS,9035,3,A,100.0,597.5
NTS,9035,3,B,97.22222222222221,562.1944444444445
NTS,9035,3,C,87.5,885.3166666666667
NTS,9038,1,A,91.66666666666666,689.3541666666666
NTS,9038,1,B,97.22222222222221,664.9722222222222
NTS,9038,1,C,76.66666666666667,951.8166666666667
NTS,9038,3,A,87.5,644.25
NTS,9038,3,B,91.66666666666666,595.0833333333334
NTS,9038,3,C,85.83333333333333,820.3416666666667
NTS,9045,1,A,88.88888888888889,710.6111111111111
NTS,9045,1,B,86.11111111111111,838.0
NTS,9045,1,C,61.66666666666667,1048.2083333333333
NTS,9045,2,A,91.66666666666666,669.4722222222222
NTS,9045,2,B,91.66666666666666,727.7777777777778
NTS,9045,2,C,75.83333333333333,1070.3
NTS,9045,3,A,88.88888888888889,720.5
NTS,9045,3,B,80.55555555555556,795.5555555555555
NTS,9045,3,C,72.22222222222221,1100.0833333333333
NTS,9047,1,A,94.44444444444444,670.8055555555555
NTS,9047,1,B,94.44444444444444,758.6944444444445
NTS,9047,1,C,56.666666666666664,1101.525
NTS,9047,2,A,97.22222222222221,655.7777777777778
NTS,9047,2,B,75.0,819.8611111111111
NTS,9047,2,C,69.16666666666667,1074.1
NTS,9048,1,A,75.0,977.5
NTS,9048,1,B,80.55555555555556,917.0
NTS,9048,1,C,55.00000000000001,985.9333333333333
NTS,9049,1,A,100.0,653.8888888888889
NTS,9049,1,B,86.11111111111111,732.25
NTS,9049,1,C,77.5,1046.9
NTS,9050,1,A,97.22222222222221,695.8333333333334
NTS,9050,1,B,94.44444444444444,740.6944444444445
NTS,9050,1,C,89.81481481481481,954.3333333333334
NTS,9051,1,A,100.0,792.0555555555555
NTS,9051,1,B,94.44444444444444,874.7222222222222
NTS,9051,1,C,78.70370370370371,1180.0185185185185
NTS,9053,1,A,83.33333333333334,693.1388888888889
NTS,9053,1,B,86.11111111111111,703.3611111111111
NTS,9053,1,C,51.85185185185185,985.074074074074
NTS,9054,1,A,97.22222222222221,741.2777777777778
NTS,9054,1,B,88.88888888888889,796.4166666666666
NTS,9054,1,C,74.16666666666667,1098.225
NTS,9054,2,A,97.22222222222221,695.9166666666666
NTS,9054,2,B,94.44444444444444,792.9444444444445
NTS,9054,2,C,78.70370370370371,1055.5925925925926
NTS,9054,3,A,94.44444444444444,826.5277777777778
NTS,9054,3,B,100.0,699.9722222222222
NTS,9054,3,C,86.11111111111111,1012.1018518518518
NTS,9056,1,A,94.44444444444444,644.8888888888889
NTS,9056,1,B,97.22222222222221,784.1388888888889
NTS,9056,1,C,83.33333333333334,1101.9351851851852
NTS,9057,1,A,97.22222222222221,703.8333333333334
NTS,9057,1,B,94.44444444444444,717.1666666666666
NTS,9057,1,C,66.66666666666666,1016.45
NTS,9057,2,A,100.0,685.2222222222222
NTS,9057,2,B,97.22222222222221,751.8611111111111
NTS,9057,2,C,75.83333333333333,1112.25
NTS,9059,1,A,100.0,770.7777777777778
NTS,9059,1,B,91.66666666666666,830.8888888888889
NTS,9059,1,C,50.83333333333333,1166.7916666666667
NTS,9059,2,A,88.88888888888889,742.2777777777778
NTS,9059,2,B,100.0,777.0277777777778
NTS,9059,2,C,83.33333333333334,1113.648148148148
NTS,9060,1,A,97.22222222222221,660.7777777777778
NTS,9060,1,B,91.66666666666666,781.9444444444445
NTS,9060,1,C,80.55555555555556,1072.388888888889
NTS,9062,1,A,91.66666666666666,743.1944444444445
NTS,9062,1,B,88.88888888888889,701.2222222222222
NTS,9062,1,C,68.51851851851852,1111.7222222222222
NTS,9062,2,A,100.0,540.5277777777778
NTS,9062,2,B,94.44444444444444,664.8611111111111
NTS,9062,2,C,84.25925925925925,1012.6388888888889
NTS,9064,1,A,100.0,648.8333333333334
NTS,9064,1,B,97.22222222222221,699.4722222222222
NTS,9064,1,C,78.33333333333333,1127.2166666666667
NTS,9067,1,A,97.22222222222221,746.2222222222222
NTS,9067,1,B,97.22222222222221,831.1111111111111
NTS,9067,1,C,83.33333333333334,1068.3916666666667
NTS,9067,2,A,97.22222222222221,677.8888888888889
NTS,9067,2,B,86.11111111111111,707.7222222222222
NTS,9067,2,C,78.70370370370371,967.9444444444445
NTS,9068,1,A,97.22222222222221,655.1944444444445
NTS,9068,1,B,97.22222222222221,672.3055555555555
NTS,9068,1,C,90.74074074074075,941.2222222222222
NTS,9068,2,A,97.22222222222221,543.9166666666666
NTS,9068,2,B,97.22222222222221,611.9722222222222
NTS,9068,2,C,90.74074074074075,911.3333333333334
NTS,9070,1,A,97.22222222222221,559.5277777777778
NTS,9070,1,B,89.58333333333334,736.5416666666666
NTS,9070,1,C,79.16666666666666,903.5666666666667
NTS,9070,2,A,91.66666666666666,691.5
NTS,9070,2,B,83.33333333333334,864.6388888888889
NTS,9070,2,C,81.48148148148148,891.4444444444445
NTS,9071,1,A,100.0,713.1111111111111
NTS,9071,1,B,91.66666666666666,837.8611111111111
NTS,9071,1,C,70.0,1159.4583333333333
NTS,9073,1,A,100.0,796.6388888888889
NTS,9073,1,B,89.58333333333334,867.0
NTS,9073,1,C,57.407407407407405,1214.7314814814815
NTS,9073,2,A,100.0,656.4722222222222
NTS,9073,2,B,97.22222222222221,792.8333333333334
NTS,9073,2,C,70.0,1126.9166666666667
NTS,9074,1,A,97.22222222222221,804.4166666666666
NTS,9074,1,B,88.88888888888889,784.4166666666666
NTS,9074,1,C,75.83333333333333,1109.1166666666666
NTS,9074,2,A,100.0,750.5833333333334
NTS,9074,2,B,88.88888888888889,856.9444444444445
NTS,9074,2,C,82.4074074074074,1022.2777777777778
NTS,9076,1,A,97.22222222222221,755.2222222222222
NTS,9076,1,B,97.22222222222221,750.8888888888889
NTS,9076,1,C,92.5925925925926,980.9444444444445
NTS,9076,2,A,91.66666666666666,764.0555555555555
NTS,9076,2,B,100.0,775.1944444444445
NTS,9076,2,C,76.85185185185185,1091.3425925925926
NTS,9077,1,A,100.0,657.6111111111111
NTS,9077,1,B,100.0,718.8333333333334
NTS,9077,1,C,57.49999999999999,1032.3833333333334
NTS,9078,1,A,91.66666666666666,862.7777777777778
NTS,9078,1,B,97.22222222222221,838.0
NTS,9078,1,C,73.14814814814815,1187.601851851852
NTS,9080,1,A,91.66666666666666,585.0277777777778
NTS,9080,1,B,86.11111111111111,804.0
NTS,9080,1,C,79.16666666666666,1072.2666666666667
NTS,9081,1,A,100.0,685.8055555555555
NTS,9081,1,B,88.88888888888889,729.0833333333334
NTS,9081,1,C,71.29629629629629,1113.3796296296296
NTS,9081,2,A,97.22222222222221,717.8333333333334
NTS,9081,2,B,97.22222222222221,797.6388888888889
NTS,9081,2,C,74.16666666666667,1085.5666666666666
NTS,9082,1,A,94.44444444444444,893.6111111111111
NTS,9082,1,B,97.22222222222221,869.2777777777778
NTS,9082,1,C,57.407407407407405,1265.3240740740741
NTS,9083,1,A,97.22222222222221,842.5833333333334
NTS,9083,1,B,97.22222222222221,906.1388888888889
NTS,9083,1,C,87.03703703703704,1076.25
NTS,9084,1,A,94.44444444444444,773.8611111111111
NTS,9084,1,B,85.41666666666666,930.625
NTS,9084,1,C,68.33333333333333,1183.7916666666667
NTS,9086,1,A,97.22222222222221,635.0833333333334
NTS,9086,1,B,86.11111111111111,839.8055555555555
NTS,9086,1,C,75.83333333333333,1169.5166666666667
NTS,9087,1,A,97.22222222222221,713.3611111111111
NTS,9087,1,B,97.22222222222221,706.2222222222222
NTS,9087,1,C,87.96296296296296,1069.212962962963
NTS,9088,1,A,97.22222222222221,621.7222222222222
NTS,9088,1,B,77.77777777777779,805.5555555555555
NTS,9088,1,C,85.18518518518519,1009.8518518518518
NTS,9090,1,A,94.44444444444444,906.9166666666666
NTS,9090,1,B,88.88888888888889,891.3055555555555
NTS,9090,1,C,63.33333333333333,1203.8333333333333
NTS,9092,1,A,97.22222222222221,587.5833333333334
NTS,9092,1,B,83.33333333333334,809.3055555555555
NTS,9092,1,C,66.66666666666666,1117.6333333333334
NTS,9093,1,A,100.0,773.9722222222222
NTS,9093,1,B,100.0,677.5
NTS,9093,1,C,83.33333333333334,1082.6574074074074
NTS,9094,1,A,100.0,756.3055555555555
NTS,9094,1,B,88.88888888888889,762.2222222222222
NTS,9094,1,C,77.77777777777779,1092.1851851851852
NTS,9999,1,A,100.0,634.2777777777778
NTS,9999,1,B,97.22222222222221,611.5277777777778
NTS,9999,1,C,86.11111111111111,819.9814814814815
NTS,9999,nan,A,100.0,551.8611111111111
NTS,9999,nan,B,97.22222222222221,653.3055555555555
NTS,9999,nan,C,92.5925925925926,772.6574074074074
NTS,NTS,,A,86.11111111111111,874.0555555555555
NTS,NTS,,B,88.88888888888889,720.6666666666666
NTS,NTS,,C,80.83333333333333,938.6916666666667
VNB,1,1,1-Back,83.33333333333334,1116.8921568627452
VNB,1,1,2-Back,52.22222222222223,1897.686274509804
VNB,1,nan,1-Back,93.75,798.1666666666666
VNB,1,nan,2-Back,82.22222222222221,953.8529411764706
VNB,1474,1,1-Back,74.76635514018692,1273.298245614035
VNB,1474,1,2-Back,74.44444444444444,1793.5196078431372
VNB,33333,nan,1-Back,87.5,1323.7941176470588
VNB,33333,nan,2-Back,67.77777777777779,1051.7549019607843
VNB,402736,nan,1-Back,86.04651162790698,1198.159420289855
VNB,402736,nan,2-Back,62.727272727272734,2573.6428571428573
VNB,7000,1,1-Back,73.83177570093457,1650.9561403508771
VNB,7000,1,2-Back,64.0,2325.6754385964914
VNB,7001,1,1-Back,96.875,897.0196078431372
VNB,7001,1,2-Back,75.55555555555556,1328.4313725490197
VNB,7002,1,1-Back,89.58333333333334,1456.735294117647
VNB,7002,1,2-Back,63.0,2074.535087719298
VNB,7003,1,1-Back,94.79166666666666,1081.8921568627452
VNB,7003,1,2-Back,66.66666666666666,1137.9117647058824
VNB,7004,1,1-Back,92.70833333333334,1369.6568627450981
VNB,7004,1,2-Back,70.0,1656.9803921568628
VNB,7005,1,1-Back,95.83333333333334,1227.4411764705883
VNB,7005,1,2-Back,61.0,2123.9473684210525
VNB,7006,1,1-Back,100.0,1340.7745098039215
VNB,7006,1,2-Back,86.66666666666667,2140.6666666666665
VNB,7007,1,1-Back,83.33333333333334,1357.7254901960785
VNB,7007,1,2-Back,53.333333333333336,2538.970588235294
VNB,7008,1,1-Back,93.75,1184.3529411764705
VNB,7008,1,2-Back,61.111111111111114,1654.049019607843
VNB,7009,1,1-Back,92.70833333333334,1446.1568627450981
VNB,7009,1,2-Back,72.22222222222221,2057.735294117647
VNB,7010,1,1-Back,97.91666666666666,977.5098039215686
VNB,7010,1,2-Back,74.44444444444444,1479.1176470588234
VNB,7012,1,1-Back,95.83333333333334,1644.2058823529412
VNB,7012,1,2-Back,85.55555555555556,2167.6862745098038
VNB,7013,1,1-Back,92.70833333333334,1143.950980392157
VNB,7013,1,2-Back,82.22222222222221,1414.9117647058824
VNB,7014,1,1-Back,71.875,1561.3823529411766
VNB,7014,1,2-Back,54.0,1884.140350877193
VNB,7015,1,1-Back,71.96261682242991,1592.8947368421052
VNB,7015,1,2-Back,60.0,1945.3508771929824
VNB,7016,1,1-Back,95.83333333333334,1594.0686274509803
VNB,7016,1,2-Back,83.33333333333334,2378.872549019608
VNB,7017,1,1-Back,76.04166666666666,1229.2549019607843
VNB,7017,1,2-Back,69.0,1618.3245614035088
VNB,7018,1,1-Back,89.58333333333334,1129.421568627451
VNB,7018,1,2-Back,72.22222222222221,1418.7058823529412
VNB,7019,1,1-Back,71.02803738317756,1544.6754385964912
VNB,7019,1,2-Back,70.0,1321.7105263157894
VNB,7020,1,1-Back,86.45833333333334,1059.049019607843
VNB,7020,1,2-Back,61.111111111111114,1488.078431372549
VNB,7021,1,1-Back,100.0,1240.578431372549
VNB,7021,1,2-Back,95.55555555555556,1506.6960784313726
VNB,7022,1,1-Back,95.83333333333334,1492.950980392157
VNB,7022,1,2-Back,81.0,1838.7719298245613
VNB,7023,1,1-Back,94.79166666666666,1401.8431372549019
VNB,7023,1,2-Back,72.0,1809.9649122807018
VNB,7024,1,1-Back,100.0,1155.9411764705883
VNB,7024,1,2-Back,74.0,2220.622807017544
VNB,7025,1,1-Back,92.70833333333334,1082.637254901961
VNB,7025,1,2-Back,67.0,1511.7105263157894
VNB,7026,1,1-Back,100.0,1085.8039215686274
VNB,7026,1,2-Back,92.22222222222223,1282.186274509804
VNB,7027,1,1-Back,95.83333333333334,1216.7156862745098
VNB,7027,1,2-Back,81.0,1599.657894736842
VNB,7028,1,1-Back,93.75,1378.9705882352941
VNB,7028,1,2-Back,74.44444444444444,1618.7745098039215
VNB,7029,1,1-Back,94.79166666666666,1250.7549019607843
VNB,7029,1,2-Back,50.0,1994.140350877193
VNB,7030,1,1-Back,88.78504672897196,1491.1491228070176
VNB,7030,1,2-Back,70.0,1967.8823529411766
VNB,7031,1,1-Back,91.66666666666666,1069.9607843137255
VNB,7031,1,2-Back,85.55555555555556,1244.362745098039
VNB,7032,1,1-Back,87.85046728971963,1534.719298245614
VNB,7032,1,2-Back,76.66666666666667,1809.1764705882354
VNB,7033,1,1-Back,100.0,1125.862745098039
VNB,7033,1,2-Back,67.0,1961.6491228070176
VNB,7034,1,1-Back,89.7196261682243,1240.2894736842106
VNB,7034,1,2-Back,51.0,1423.7719298245613
VNB,7035,1,1-Back,93.75,1126.9411764705883
VNB,7035,1,2-Back,56.00000000000001,1721.9561403508771
VNB,7037,1,1-Back,64.48598130841121,1189.780701754386
VNB,7037,1,2-Back,50.0,1394.3070175438597
VNB,7039,1,1-Back,98.95833333333334,1228.264705882353
VNB,7039,1,2-Back,56.99999999999999,1855.5701754385964
VNB,7040,1,1-Back,82.29166666666666,1383.8529411764705
VNB,7040,1,2-Back,69.0909090909091,1926.3650793650793
VNB,7041,1,1-Back,85.41666666666666,1221.1666666666667
VNB,7041,1,2-Back,76.66666666666667,1559.3921568627452
VNB,7042,1,1-Back,86.91588785046729,1559.9649122807018
VNB,7042,1,2-Back,62.22222222222222,1918.8529411764705
VNB,7043,1,1-Back,95.83333333333334,1226.5294117647059
VNB,7043,1,2-Back,74.44444444444444,1925.0196078431372
VNB,7044,1,1-Back,46.728971962616825,1604.140350877193
VNB,7044,1,2-Back,62.22222222222222,1082.9607843137255
VNB,7045,1,1-Back,85.41666666666666,1255.3235294117646
VNB,7045,1,2-Back,48.0,1977.5
VNB,7046,1,1-Back,97.91666666666666,985.3333333333334
VNB,7046,1,2-Back,88.88888888888889,1584.186274509804
VNB,7047,1,1-Back,94.79166666666666,1463.764705882353
VNB,7047,1,2-Back,60.0,1988.5263157894738
VNB,7048,1,1-Back,97.91666666666666,953.6176470588235
VNB,7048,1,2-Back,64.0,1580.9649122807018
VNB,7049,1,1-Back,82.2429906542056,1673.017543859649
VNB,7049,1,2-Back,63.0,1878.3245614035088
VNB,7050,1,1-Back,93.75,1143.6470588235295
VNB,7050,1,2-Back,76.66666666666667,1506.450980392157
VNB,7052,1,1-Back,97.91666666666666,1284.2941176470588
VNB,7052,1,2-Back,90.0,2157.274509803922
VNB,7053,1,1-Back,98.95833333333334,677.843137254902
VNB,7053,1,2-Back,77.77777777777779,859.3235294117648
VNB,7054,1,1-Back,94.79166666666666,1303.7156862745098
VNB,7054,1,2-Back,81.11111111111111,1792.9019607843138
VNB,7055,1,1-Back,91.66666666666666,1250.578431372549
VNB,7055,1,2-Back,56.00000000000001,1438.5526315789473
VNB,7056,1,1-Back,79.16666666666666,1622.0294117647059
VNB,7056,1,2-Back,50.0,1771.1960784313726
VNB,7057,1,1-Back,87.85046728971963,1593.342105263158
VNB,7057,1,2-Back,50.0,2713.1052631578946
VNB,7058,1,1-Back,89.58333333333334,1215.1568627450981
VNB,7058,1,2-Back,72.22222222222221,1416.1960784313726
VNB,7059,1,1-Back,100.0,1227.2941176470588
VNB,7059,1,2-Back,78.88888888888889,1672.764705882353
VNB,7060,1,1-Back,86.45833333333334,1381.0098039215686
VNB,7060,1,2-Back,41.11111111111111,1422.3725490196077
VNB,7061,1,1-Back,88.54166666666666,1537.0294117647059
VNB,7061,1,2-Back,71.11111111111111,2301.0882352941176
VNB,7062,1,1-Back,95.83333333333334,964.7450980392157
VNB,7062,1,2-Back,80.0,1694.2280701754387
VNB,7063,1,1-Back,87.85046728971963,1480.3333333333333
VNB,7063,1,2-Back,68.0,2203.0526315789475
VNB,7064,1,1-Back,76.04166666666666,1858.264705882353
VNB,7064,1,2-Back,54.0,2173.40350877193
VNB,7065,1,1-Back,95.83333333333334,1150.4803921568628
VNB,7065,1,2-Back,62.0,1443.6929824561403
VNB,7067,1,1-Back,86.45833333333334,1380.3529411764705
VNB,7067,1,2-Back,66.66666666666666,1895.921568627451
VNB,7068,1,1-Back,83.17757009345794,1479.622807017544
VNB,7068,1,2-Back,52.0,2225.535087719298
VNB,7069,1,1-Back,83.33333333333334,1637.6078431372548
VNB,7069,1,2-Back,67.0,2211.0526315789475
VNB,7070,1,1-Back,90.65420560747664,1410.719298245614
VNB,7070,1,2-Back,77.77777777777779,1792.6176470588234
VNB,7072,1,1-Back,97.91666666666666,1122.9313725490197
VNB,7072,1,2-Back,68.0,1687.8157894736842
VNB,7073,1,1-Back,89.58333333333334,1065.1176470588234
VNB,7073,1,2-Back,63.0,1413.0877192982457
VNB,7075,1,1-Back,93.75,1248.6470588235295
VNB,7075,1,2-Back,57.99999999999999,1690.4912280701753
VNB,7076,1,1-Back,100.0,1190.2450980392157
VNB,7076,1,2-Back,88.0,1664.3333333333333
VNB,7077,1,1-Back,98.95833333333334,1212.3039215686274
VNB,7077,1,2-Back,88.88888888888889,2117.264705882353
VNB,7078,1,1-Back,81.25,1331.450980392157
VNB,7078,1,2-Back,70.0,1884.421052631579
VNB,7079,1,1-Back,91.66666666666666,1086.0882352941176
VNB,7079,1,2-Back,61.0,1646.859649122807
VNB,7080,1,1-Back,98.95833333333334,1113.2549019607843
VNB,7080,1,2-Back,72.22222222222221,1608.4117647058824
VNB,7082,1,1-Back,90.625,1316.2941176470588
VNB,7082,1,2-Back,55.00000000000001,1576.6842105263158
VNB,7083,1,1-Back,97.91666666666666,1311.8235294117646
VNB,7083,1,2-Back,88.0,1525.9912280701753
VNB,7084,1,1-Back,97.91666666666666,1268.2745098039215
VNB,7084,1,2-Back,92.22222222222223,1533.764705882353
VNB,7085,1,1-Back,78.125,1053.6960784313726
VNB,7085,1,2-Back,61.0,1344.938596491228
VNB,7086,1,1-Back,96.875,1344.5980392156862
VNB,7086,1,2-Back,62.22222222222222,1595.3921568627452
VNB,7087,1,1-Back,98.95833333333334,1304.4607843137255
VNB,7087,1,2-Back,90.0,1813.7254901960785
VNB,7088,1,1-Back,93.75,1186.5980392156862
VNB,7088,1,2-Back,57.99999999999999,2042.938596491228
VNB,7089,1,1-Back,94.79166666666666,1068.549019607843
VNB,7089,1,2-Back,85.55555555555556,1510.186274509804
VNB,7090,1,1-Back,77.11864406779661,1637.0079365079366
VNB,7090,1,2-Back,58.88888888888889,2089.607843137255
VNB,7091,1,1-Back,67.28971962616822,1361.6754385964912
VNB,7091,1,2-Back,53.0,1859.5
VNB,7092,1,1-Back,89.58333333333334,1401.2745098039215
VNB,7092,1,2-Back,71.11111111111111,1827.3333333333333
VNB,7093,1,1-Back,98.95833333333334,1017.1960784313726
VNB,7093,1,2-Back,70.0,1842.2894736842106
VNB,7094,1,1-Back,90.65420560747664,1372.4298245614036
VNB,7094,1,2-Back,78.0,1640.1491228070176
VNB,7096,1,1-Back,83.33333333333334,1437.5686274509803
VNB,7096,1,2-Back,65.0,1829.8684210526317
VNB,7097,1,1-Back,90.625,1469.813725490196
VNB,7097,1,2-Back,83.33333333333334,1798.5686274509803
VNB,7098,1,1-Back,93.75,1170.9411764705883
VNB,7098,1,2-Back,71.0,1662.359649122807
VNB,7099,1,1-Back,97.91666666666666,972.8529411764706
VNB,7099,1,2-Back,88.88888888888889,1479.9901960784314
VNB,7102,1,1-Back,92.5233644859813,1219.9035087719299
VNB,7102,1,2-Back,66.66666666666666,1447.9705882352941
VNB,7103,1,1-Back,97.91666666666666,1147.5686274509803
VNB,7103,1,2-Back,80.0,1678.7941176470588
VNB,7104,1,1-Back,68.75,1424.2058823529412
VNB,7104,1,2-Back,48.0,1742.6666666666667
VNB,7105,1,1-Back,96.875,795.1176470588235
VNB,7105,1,2-Back,82.22222222222221,1235.5196078431372
VNB,7106,1,1-Back,94.79166666666666,1468.1274509803923
VNB,7106,1,2-Back,68.0,1826.1666666666667
VNB,7107,1,1-Back,93.75,936.1078431372549
VNB,7107,1,2-Back,67.77777777777779,1318.2549019607843
VNB,7108,1,1-Back,95.83333333333334,1309.6666666666667
VNB,7108,1,2-Back,78.88888888888889,1901.0196078431372
VNB,7109,1,1-Back,91.58878504672897,1063.5350877192982
VNB,7109,1,2-Back,81.0,1376.4736842105262
VNB,7110,1,1-Back,91.66666666666666,1069.5
VNB,7110,1,2-Back,66.66666666666666,1220.6960784313726
VNB,7111,1,1-Back,91.58878504672897,1340.0350877192982
VNB,7111,1,2-Back,57.99999999999999,1561.719298245614
VNB,7112,1,1-Back,62.616822429906534,1527.7280701754387
VNB,7112,1,2-Back,59.0,1258.1666666666667
VNB,7113,1,1-Back,89.7196261682243,1451.078947368421
VNB,7113,1,2-Back,52.0,2023.1315789473683
VNB,7114,1,1-Back,95.83333333333334,1127.0294117647059
VNB,7114,1,2-Back,79.0,1829.8508771929824
VNB,7115,1,1-Back,92.70833333333334,1385.0882352941176
VNB,7115,1,2-Back,86.66666666666667,1744.2549019607843
VNB,7116,1,1-Back,86.45833333333334,1568.4803921568628
VNB,7116,1,2-Back,53.333333333333336,2497.8823529411766
VNB,7117,1,1-Back,62.616822429906534,1755.2280701754387
VNB,7117,1,2-Back,38.0,2088.9473684210525
VNB,7118,1,1-Back,90.625,1282.9901960784314
VNB,7118,1,2-Back,67.77777777777779,1561.8333333333333
VNB,7120,1,1-Back,76.63551401869158,1567.4649122807018
VNB,7120,1,2-Back,48.0,1955.4298245614036
VNB,7122,1,1-Back,62.616822429906534,1527.7280701754387
VNB,7122,1,2-Back,59.0,1258.1666666666667
VNB,7123,1,1-Back,92.70833333333334,1339.6274509803923
VNB,7123,1,2-Back,77.0,2138.3070175438597
VNB,7124,1,1-Back,42.99065420560748,1444.859649122807
VNB,7124,1,2-Back,50.0,2987.126984126984
VNB,7125,1,1-Back,71.96261682242991,1656.201754385965
VNB,7125,1,2-Back,50.0,2058.2894736842104
VNB,7126,1,1-Back,83.33333333333334,1362.137254901961
VNB,7126,1,2-Back,53.0,1921.6315789473683
VNB,7128,1,1-Back,80.37383177570094,1266.578947368421
VNB,7128,1,2-Back,64.0,1886.201754385965
VNB,7129,1,1-Back,95.83333333333334,1570.4411764705883
VNB,7129,1,2-Back,55.55555555555556,2211.872549019608
VNB,7130,1,1-Back,94.79166666666666,1364.7549019607843
VNB,7130,1,2-Back,67.0,1887.3859649122808
VNB,7131,1,1-Back,85.98130841121495,1472.8684210526317
VNB,7131,1,2-Back,64.44444444444444,1713.7549019607843
VNB,7132,1,1-Back,93.75,878.6176470588235
VNB,7132,1,2-Back,95.55555555555556,1096.450980392157
VNB,7133,1,1-Back,90.625,1209.5588235294117
VNB,7133,1,2-Back,67.77777777777779,1648.8921568627452
VNB,7134,1,1-Back,89.58333333333334,972.7156862745098
VNB,7134,1,2-Back,86.66666666666667,1223.9411764705883
VNB,7136,1,1-Back,86.91588785046729,1489.842105263158
VNB,7136,1,2-Back,51.66666666666667,1860.5507246376812
VNB,7137,1,1-Back,95.32710280373831,1134.2894736842106
VNB,7137,1,2-Back,48.888888888888886,1730.235294117647
VNB,7138,1,1-Back,96.875,1214.2254901960785
VNB,7138,1,2-Back,57.27272727272727,2029.3968253968253
VNB,7139,1,1-Back,85.98130841121495,1284.938596491228
VNB,7139,1,2-Back,60.0,1711.5392156862745
VNB,7140,1,1-Back,90.65420560747664,1044.4298245614036
VNB,7140,1,2-Back,93.33333333333333,1126.8333333333333
VNB,7141,1,1-Back,89.7196261682243,1145.5964912280701
VNB,7141,1,2-Back,62.0,1585.6929824561403
VNB,7142,1,1-Back,96.875,1068.9117647058824
VNB,7142,1,2-Back,85.55555555555556,1605.5098039215686
VNB,7143,1,1-Back,64.58333333333334,987.5882352941177
VNB,7143,1,2-Back,60.0,1345.3333333333333
VNB,7145,1,1-Back,92.5233644859813,1112.5877192982457
VNB,7145,1,2-Back,70.0,1367.9313725490197
VNB,7146,1,1-Back,89.7196261682243,1103.4122807017543
VNB,7146,1,2-Back,73.0,1705.4736842105262
VNB,7147,1,1-Back,88.54166666666666,1340.2745098039215
VNB,7147,1,2-Back,45.0,1986.3333333333333
VNB,7150,1,1-Back,87.5,1183.235294117647
VNB,7150,1,2-Back,54.0,1750.6140350877192
VNB,7151,1,1-Back,58.87850467289719,1067.140350877193
VNB,7151,1,2-Back,53.0,1616.0877192982457
VNB,7152,1,1-Back,96.875,1089.8039215686274
VNB,7152,1,2-Back,52.22222222222223,1278.6568627450981
VNB,7153,1,1-Back,85.98130841121495,1481.7719298245613
VNB,7153,1,2-Back,65.0,1895.7280701754387
VNB,7155,1,1-Back,87.5,1484.8333333333333
VNB,7155,1,2-Back,49.0,1836.1842105263158
VNB,7156,1,1-Back,90.625,1194.2254901960785
VNB,7156,1,2-Back,74.44444444444444,1661.9607843137255
VNB,7157,1,1-Back,83.33333333333334,1180.5686274509803
VNB,7157,1,2-Back,83.33333333333334,1142.1568627450981
VNB,7158,1,1-Back,96.875,956.8039215686274
VNB,7158,1,2-Back,77.0,1356.6842105263158
VNB,7159,1,1-Back,89.58333333333334,1183.6568627450981
VNB,7159,1,2-Back,54.54545454545454,1626.3095238095239
VNB,7160,1,1-Back,84.11214953271028,1331.798245614035
VNB,7160,1,2-Back,66.66666666666666,1704.862745098039
VNB,7161,1,1-Back,92.70833333333334,1813.578431372549
VNB,7161,1,2-Back,49.166666666666664,1787.268115942029
VNB,7164,1,1-Back,84.375,1396.862745098039
VNB,7164,1,2-Back,61.111111111111114,1876.4117647058824
VNB,7165,1,1-Back,93.45794392523365,1169.3157894736842
VNB,7165,1,2-Back,85.55555555555556,1443.3529411764705
VNB,7166,1,1-Back,89.58333333333334,1514.1274509803923
VNB,7166,1,2-Back,82.22222222222221,1881.6960784313726
VNB,7167,1,1-Back,93.45794392523365,1045.7368421052631
VNB,7167,1,2-Back,76.36363636363637,1448.142857142857
VNB,7168,1,1-Back,84.375,1196.8235294117646
VNB,7168,1,2-Back,62.0,1600.6842105263158
VNB,7170,1,1-Back,87.5,1134.8235294117646
VNB,7170,1,2-Back,61.0,1742.6666666666667
VNB,7171,1,1-Back,98.95833333333334,1064.4411764705883
VNB,7171,1,2-Back,96.66666666666667,1015.2058823529412
VNB,7172,1,1-Back,86.45833333333334,1234.9607843137255
VNB,7172,1,2-Back,69.0,1802.6666666666667
VNB,7173,1,1-Back,94.79166666666666,1181.3725490196077
VNB,7173,1,2-Back,69.0,1641.5350877192982
VNB,7174,1,1-Back,57.009345794392516,1288.280701754386
VNB,7174,1,2-Back,35.45454545454545,1747.9920634920634
VNB,7175,1,1-Back,96.875,1204.8529411764705
VNB,7175,1,2-Back,71.0,2168.219298245614
VNB,7176,1,1-Back,88.54166666666666,1124.2156862745098
VNB,7176,1,2-Back,54.0,1889.0263157894738
VNB,7177,1,1-Back,73.83177570093457,1494.201754385965
VNB,7177,1,2-Back,69.0,1870.9122807017543
VNB,7178,1,1-Back,97.91666666666666,1175.4411764705883
VNB,7178,1,2-Back,60.0,1756.6052631578948
VNB,7180,1,1-Back,96.875,1263.5098039215686
VNB,7180,1,2-Back,90.0,1865.7156862745098
VNB,7181,1,1-Back,96.875,1073.5392156862745
VNB,7181,1,2-Back,72.0,1355.4561403508771
VNB,7182,1,1-Back,83.17757009345794,1567.3157894736842
VNB,7182,1,2-Back,47.0,2346.219298245614
VNB,7183,1,1-Back,78.125,1275.5196078431372
VNB,7183,1,2-Back,64.0,1506.938596491228
VNB,7186,1,1-Back,94.79166666666666,1263.7549019607843
VNB,7186,1,2-Back,61.0,1670.3070175438597
VNB,7187,1,1-Back,95.83333333333334,1160.0294117647059
VNB,7187,1,2-Back,77.0,1933.157894736842
VNB,7188,1,1-Back,93.75,1341.5980392156862
VNB,7188,1,2-Back,76.66666666666667,1689.5392156862745
VNB,7189,1,1-Back,91.66666666666666,1061.5196078431372
VNB,7189,1,2-Back,67.77777777777779,1168.5
VNB,7190,1,1-Back,78.125,1375.5882352941176
VNB,7190,1,2-Back,60.0,1649.4473684210527
VNB,7191,1,1-Back,87.5,1194.4411764705883
VNB,7191,1,2-Back,56.00000000000001,1915.1140350877192
VNB,7192,1,1-Back,76.04166666666666,1068.7843137254902
VNB,7192,1,2-Back,56.00000000000001,1477.8245614035088
VNB,7194,1,1-Back,98.95833333333334,1577.578431372549
VNB,7194,1,2-Back,86.66666666666667,1512.735294117647
VNB,7195,1,1-Back,93.75,1096.2254901960785
VNB,7195,1,2-Back,75.0,2051.5877192982457
VNB,7196,1,1-Back,49.532710280373834,1860.9122807017543
VNB,7196,1,2-Back,35.0,1989.8157894736842
VNB,7197,1,1-Back,92.70833333333334,985.9117647058823
VNB,7197,1,2-Back,54.0,1714.3245614035088
VNB,7199,1,1-Back,87.5,1461.1176470588234
VNB,7199,1,2-Back,63.33333333333333,1701.4019607843138
VNB,7200,1,1-Back,94.79166666666666,1188.4117647058824
VNB,7200,1,2-Back,88.0,1495.3684210526317
VNB,7201,1,1-Back,90.625,1353.6078431372548
VNB,7201,1,2-Back,69.0,2022.3070175438597
VNB,7202,1,1-Back,94.79166666666666,903.0980392156863
VNB,7202,1,2-Back,82.22222222222221,1258.8333333333333
VNB,7203,1,1-Back,64.48598130841121,1550.0526315789473
VNB,7203,1,2-Back,31.0,1893.9122807017543
VNB,7204,1,1-Back,96.875,1082.313725490196
VNB,7204,1,2-Back,60.0,1641.7549019607843
VNB,7205,1,1-Back,71.02803738317756,1382.7456140350878
VNB,7205,1,2-Back,44.0,2354.0438596491226
VNB,7206,1,1-Back,89.7196261682243,1532.7105263157894
VNB,7206,1,2-Back,64.0,2103.4473684210525
VNB,7207,1,1-Back,89.58333333333334,1134.3431372549019
VNB,7207,1,2-Back,59.0,2050.842105263158
VNB,7208,1,1-Back,93.75,1246.6176470588234
VNB,7208,1,2-Back,62.0,2020.3333333333333
VNB,7209,1,1-Back,92.70833333333334,885.1372549019608
VNB,7209,1,2-Back,64.0,1082.3684210526317
VNB,7211,1,1-Back,90.65420560747664,957.078947368421
VNB,7211,1,2-Back,67.0,1210.6666666666667
VNB,7212,1,1-Back,91.66666666666666,1204.2254901960785
VNB,7212,1,2-Back,71.11111111111111,1718.0686274509803
VNB,7213,1,1-Back,92.70833333333334,1059.3921568627452
VNB,7213,1,2-Back,54.0,1606.982456140351
VNB,7214,1,1-Back,98.95833333333334,1084.9705882352941
VNB,7214,1,2-Back,86.66666666666667,1471.2156862745098
VNB,7215,1,1-Back,92.70833333333334,1097.4901960784314
VNB,7215,1,2-Back,63.0,1577.9561403508771
VNB,7216,1,1-Back,81.25,1273.7254901960785
VNB,7216,1,2-Back,56.00000000000001,1495.7105263157894
VNB,7218,1,1-Back,55.08474576271186,1622.3253968253969
VNB,7218,1,2-Back,50.0,1567.938596491228
VNB,7219,1,1-Back,87.85046728971963,1705.1666666666667
VNB,7219,1,2-Back,48.0,2138.8596491228072
VNB,7220,1,1-Back,89.7196261682243,1145.421052631579
VNB,7220,1,2-Back,71.0,1447.6929824561403
VNB,7222,1,1-Back,91.66666666666666,1175.235294117647
VNB,7222,1,2-Back,71.11111111111111,1355.5686274509803
VNB,7223,1,1-Back,88.54166666666666,1232.7549019607843
VNB,7223,1,2-Back,65.55555555555556,1359.2745098039215
VNB,7225,1,1-Back,95.83333333333334,1153.4313725490197
VNB,7225,1,2-Back,61.111111111111114,1114.2745098039215
VNB,7226,1,1-Back,89.58333333333334,1101.5196078431372
VNB,7226,1,2-Back,91.11111111111111,1256.2254901960785
VNB,7227,1,1-Back,94.79166666666666,1262.6666666666667
VNB,7227,1,2-Back,70.0,1555.8529411764705
VNB,7229,1,1-Back,100.0,1363.2549019607843
VNB,7229,1,2-Back,91.11111111111111,2100.5
VNB,7230,1,1-Back,76.04166666666666,1438.5196078431372
VNB,7230,1,2-Back,41.0,2240.90350877193
VNB,7231,1,1-Back,88.54166666666666,1076.5588235294117
VNB,7231,1,2-Back,77.0,1497.5350877192982
VNB,7232,1,1-Back,94.79166666666666,856.7058823529412
VNB,7232,1,2-Back,57.77777777777777,1300.5882352941176
VNB,7233,1,1-Back,91.66666666666666,1111.5098039215686
VNB,7233,1,2-Back,56.99999999999999,2202.09649122807
VNB,7234,1,1-Back,93.75,1055.764705882353
VNB,7234,1,2-Back,86.66666666666667,1634.1568627450981
VNB,7235,1,1-Back,95.83333333333334,949.9313725490196
VNB,7235,1,2-Back,66.66666666666666,1550.9803921568628
VNB,7237,1,1-Back,89.7196261682243,1415.2631578947369
VNB,7237,1,2-Back,78.0,1937.622807017544
VNB,7238,1,1-Back,85.98130841121495,1240.5438596491229
VNB,7238,1,2-Back,64.44444444444444,1669.8529411764705
VNB,7239,1,1-Back,93.75,1196.9117647058824
VNB,7239,1,2-Back,88.88888888888889,1594.4607843137255
VNB,7240,nan,1-Back,97.91666666666666,744.8823529411765
VNB,7240,nan,2-Back,63.0,1320.140350877193
VNB,7241,1,1-Back,98.95833333333334,1027.7549019607843
VNB,7241,1,2-Back,77.77777777777779,1386.637254901961
VNB,7242,1,1-Back,88.54166666666666,914.7352941176471
VNB,7242,1,2-Back,67.0,1384.5087719298247
VNB,7243,1,1-Back,96.875,1134.0
VNB,7243,1,2-Back,74.44444444444444,1735.8725490196077
VNB,7246,nan,1-Back,88.54166666666666,1680.578431372549
VNB,7246,nan,2-Back,42.0,2140.5175438596493
VNB,7248,1,1-Back,96.875,932.2745098039215
VNB,7248,1,2-Back,75.55555555555556,1373.4901960784314
VNB,7249,1,1-Back,97.91666666666666,938.7843137254902
VNB,7249,1,2-Back,74.44444444444444,1754.4705882352941
VNB,7251,1,1-Back,75.70093457943925,1337.7105263157894
VNB,7251,1,2-Back,69.0909090909091,1675.9444444444443
VNB,7252,1,1-Back,94.79166666666666,796.1078431372549
VNB,7252,1,2-Back,78.88888888888889,1107.2254901960785
VNB,7254,1,1-Back,98.95833333333334,905.2450980392157
VNB,7254,1,2-Back,73.33333333333333,1983.6470588235295
VNB,7255,1,1-Back,92.70833333333334,910.3725490196078
VNB,7255,1,2-Back,70.0,1347.0686274509803
VNB,7700,1,1-Back,87.5,1389.549019607843
VNB,7700,1,2-Back,73.0,1692.1315789473683
VNB,7701,1,1-Back,84.11214953271028,1505.298245614035
VNB,7701,1,2-Back,44.0,2325.9561403508774
VNB,7702,1,1-Back,82.2429906542056,1275.482456140351
VNB,7702,1,2-Back,53.333333333333336,1275.0882352941176
VNB,7703,1,1-Back,48.95833333333333,1174.8823529411766
VNB,7703,1,2-Back,46.0,1717.3333333333333
VNB,7704,nan,1-Back,87.85046728971963,1656.7105263157894
VNB,7704,nan,2-Back,48.0,2206.59649122807
VNB,7705,1,1-Back,91.66666666666666,938.2745098039215
VNB,7705,1,2-Back,74.44444444444444,1255.637254901961
VNB,7706,1,1-Back,67.70833333333334,1164.8039215686274
VNB,7706,1,2-Back,41.81818181818181,1649.6984126984128
VNB,7707,1,1-Back,60.747663551401864,1680.8333333333333
VNB,7708,1,1-Back,85.04672897196261,1137.1315789473683
VNB,7708,1,2-Back,57.77777777777777,1439.2058823529412
VNB,7709,1,1-Back,85.04672897196261,1243.2368421052631
VNB,7709,1,2-Back,48.18181818181818,2694.9920634920636
VNB,7710,1,1-Back,61.240310077519375,1507.5217391304348
VNB,7710,1,2-Back,50.0,1611.7028985507247
VNB,7712,1,1-Back,75.70093457943925,1783.3684210526317
VNB,7712,1,2-Back,51.53846153846153,2310.9733333333334
VNB,7713,nan,1-Back,62.616822429906534,1584.1754385964912
VNB,7713,nan,2-Back,47.0,1770.0701754385964
VNB,7714,1,1-Back,86.91588785046729,1741.4035087719299
VNB,7714,1,2-Back,64.0,3310.3333333333335
VNB,7715,1,1-Back,74.76635514018692,1273.298245614035
VNB,7715,1,2-Back,74.44444444444444,1793.5196078431372
VNB,7716,1,1-Back,82.29166666666666,1087.4117647058824
VNB,7716,1,2-Back,58.88888888888889,1482.362745098039
VNB,7717,nan,1-Back,87.85046728971963,1335.1140350877192
VNB,7717,nan,2-Back,59.0,1751.157894736842
VNB,7718,1,1-Back,84.375,1392.2156862745098
VNB,7718,1,2-Back,55.00000000000001,1760.7368421052631
VNB,7721,nan,1-Back,79.43925233644859,1077.9298245614036
VNB,7721,nan,2-Back,61.0,1561.3859649122808
VNB,7722,1,1-Back,82.2429906542056,1282.7105263157894
VNB,7722,1,2-Back,56.00000000000001,1498.8333333333333
VNB,7723,nan,1-Back,87.5,1055.5882352941176
VNB,7723,nan,2-Back,67.77777777777779,1379.2254901960785
VNB,7724,1,1-Back,86.45833333333334,1850.1568627450981
VNB,7724,1,2-Back,66.0,2859.5263157894738
VNB,7725,1,1-Back,78.125,1015.8725490196078
VNB,7725,1,2-Back,51.11111111111111,1325.7156862745098
VNB,7727,1,1-Back,87.5,1504.9607843137255
VNB,7727,1,2-Back,61.0,1890.3684210526317
VNB,7728,1,1-Back,88.54166666666666,1295.0294117647059
VNB,7728,1,2-Back,51.0,1884.1491228070176
VNB,7729,1,1-Back,62.5,1630.7254901960785
VNB,7729,1,2-Back,40.0,2013.637254901961
VNB,7730,1,1-Back,66.35514018691589,1463.4298245614036
VNB,7730,1,2-Back,46.666666666666664,1507.049019607843
VNB,7733,1,1-Back,86.91588785046729,1456.0
VNB,7733,1,2-Back,59.166666666666664,1894.0797101449275
VNB,7734,1,1-Back,61.016949152542374,1432.547619047619
VNB,7734,1,2-Back,65.0,1580.3070175438597
VNB,7735,1,1-Back,89.7196261682243,1781.2543859649122
VNB,7735,1,2-Back,66.0,2514.4122807017543
VNB,7736,1,1-Back,85.04672897196261,1270.859649122807
VNB,7736,1,2-Back,71.0,3087.6052631578946
VNB,7738,1,1-Back,90.625,1088.8235294117646
VNB,7738,1,2-Back,70.0,1307.9473684210527
VNB,7739,1,1-Back,83.33333333333334,1386.764705882353
VNB,7739,1,2-Back,50.90909090909091,1715.484126984127
VNB,7740,1,1-Back,89.92248062015504,1362.9130434782608
VNB,7740,1,2-Back,51.81818181818182,1646.404761904762
VNB,7741,1,1-Back,82.29166666666666,1578.7058823529412
VNB,7741,1,2-Back,41.0,1463.5526315789473
VNB,7742,1,1-Back,87.5,1421.0294117647059
VNB,7742,1,2-Back,48.0,2106.254385964912
VNB,7743,1,1-Back,78.8135593220339,1240.6746031746031
VNB,7743,1,2-Back,46.0,1700.0350877192982
VNB,7744,1,1-Back,96.875,1237.5
VNB,7744,1,2-Back,56.00000000000001,1897.3333333333333
VNB,7745,1,1-Back,84.11214953271028,1222.3070175438597
VNB,7745,1,2-Back,48.0,1663.4649122807018
VNB,7746,1,1-Back,86.45833333333334,1453.9117647058824
VNB,7746,1,2-Back,85.55555555555556,1736.0392156862745
VNB,7747,1,1-Back,74.57627118644068,1656.936507936508
VNB,7747,1,2-Back,61.111111111111114,1712.3529411764705
VNB,7748,1,1-Back,93.75,1765.4607843137255
VNB,7748,1,2-Back,64.54545454545455,4373.809523809524
VNB,7749,1,1-Back,84.11214953271028,1449.219298245614
VNB,7749,1,2-Back,64.44444444444444,1648.0980392156862
VNB,7750,1,1-Back,89.7196261682243,996.2982456140351
VNB,7750,1,2-Back,84.0,1279.3859649122808
VNB,7751,1,1-Back,83.33333333333334,1287.7450980392157
VNB,7751,1,2-Back,46.0,1942.3333333333333
VNB,7752,1,1-Back,91.66666666666666,1331.5294117647059
VNB,7752,1,2-Back,32.22222222222222,1682.2058823529412
VNB,7753,1,1-Back,93.75,1136.3039215686274
VNB,7753,1,2-Back,63.0,1503.0701754385964
VNB,7754,1,1-Back,95.83333333333334,974.5098039215686
VNB,7754,1,2-Back,64.44444444444444,1528.235294117647
VNB,7755,nan,1-Back,76.63551401869158,2100.9298245614036
VNB,7755,nan,2-Back,55.00000000000001,3600.5877192982457
VNB,7756,1,1-Back,89.7196261682243,1257.3947368421052
VNB,7756,1,2-Back,74.44444444444444,1722.0196078431372
VNB,7757,1,1-Back,73.72881355932203,1143.8015873015872
VNB,7757,1,2-Back,62.0,1068.517543859649
VNB,7758,1,1-Back,91.66666666666666,1028.2843137254902
VNB,7758,1,2-Back,66.66666666666666,1357.3921568627452
VNB,7759,1,1-Back,73.95833333333334,1355.450980392157
VNB,7759,1,2-Back,70.0,1607.3245614035088
VNB,7760,nan,1-Back,80.37383177570094,1430.017543859649
VNB,7760,nan,2-Back,40.0,2174.2719298245615
VNB,7761,1,1-Back,79.43925233644859,1306.3245614035088
VNB,7761,1,2-Back,63.0,1410.2894736842106
VNB,7762,1,1-Back,85.41666666666666,1753.0882352941176
VNB,7762,1,2-Back,66.66666666666666,2153.2843137254904
VNB,7763,1,1-Back,95.32710280373831,1367.2456140350878
VNB,7763,1,2-Back,70.0,1892.5882352941176
VNB,7764,1,1-Back,73.83177570093457,1451.0087719298247
VNB,7764,1,2-Back,55.00000000000001,1654.719298245614
VNB,7765,1,1-Back,85.04672897196261,1444.421052631579
VNB,7765,1,2-Back,71.11111111111111,1938.186274509804
VNB,7766,nan,1-Back,90.625,1217.9411764705883
VNB,7766,nan,2-Back,64.0,2308.9473684210525
VNB,7767,1,1-Back,68.22429906542055,1529.1666666666667
VNB,7767,1,2-Back,43.0,1869.0087719298247
VNB,7768,1,1-Back,71.96261682242991,1456.6754385964912
VNB,7768,1,2-Back,72.72727272727273,1686.9920634920634
VNB,7769,1,1-Back,97.91666666666666,1253.5
VNB,7769,1,2-Back,78.88888888888889,1616.0980392156862
VNB,7770,1,1-Back,97.91666666666666,1058.5980392156862
VNB,7770,1,2-Back,83.33333333333334,1369.9607843137255
VNB,7771,nan,1-Back,61.6822429906542,1599.5526315789473
VNB,7771,nan,2-Back,44.44444444444444,1887.1960784313726
VNB,7772,1,1-Back,92.5233644859813,1376.2105263157894
VNB,7772,1,2-Back,65.0,1849.2894736842106
VNB,7773,1,1-Back,91.58878504672897,1137.780701754386
VNB,7773,1,2-Back,65.45454545454545,1894.888888888889
VNB,7774,1,1-Back,65.625,1416.764705882353
VNB,7774,1,2-Back,45.55555555555556,2120.9803921568628
VNB,7775,1,1-Back,62.71186440677966,1813.3492063492063
VNB,7775,1,2-Back,46.666666666666664,2497.2450980392155
VNB,7776,1,1-Back,87.85046728971963,1303.421052631579
VNB,7776,1,2-Back,77.77777777777779,1407.6078431372548
VNB,7777,1,1-Back,73.95833333333334,1680.5
VNB,7777,1,2-Back,53.333333333333336,1970.862745098039
VNB,7778,1,1-Back,77.08333333333334,1457.9901960784314
VNB,7778,1,2-Back,51.11111111111111,1670.3529411764705
VNB,7779,1,1-Back,73.95833333333334,1485.3529411764705
VNB,7779,1,2-Back,56.36363636363636,1924.2063492063492
VNB,7780,1,1-Back,94.39252336448598,1260.5964912280701
VNB,7780,1,2-Back,81.0,1732.421052631579
VNB,7781,1,1-Back,84.7457627118644,1428.984126984127
VNB,7781,1,2-Back,56.36363636363636,1916.7539682539682
VNB,7782,1,1-Back,91.66666666666666,1256.0098039215686
VNB,7782,1,2-Back,57.77777777777777,5980.745098039216
VNB,7783,1,1-Back,87.5,1120.1470588235295
VNB,7783,1,2-Back,55.55555555555556,1230.2254901960785
VNB,7784,1,1-Back,89.7196261682243,1462.859649122807
VNB,7784,1,2-Back,45.55555555555556,1126.9705882352941
VNB,7786,1,1-Back,84.7457627118644,1323.8492063492063
VNB,7786,1,2-Back,61.0,1717.342105263158
VNB,7787,1,1-Back,65.11627906976744,2061.5289855072465
VNB,7787,1,2-Back,46.666666666666664,4940.36231884058
VNB,7788,1,1-Back,83.05084745762711,1598.388888888889
VNB,7788,1,2-Back,61.53846153846154,2341.9333333333334
VNB,7789,1,1-Back,82.2429906542056,1372.8070175438597
VNB,7789,1,2-Back,49.0,1656.8508771929824
VNB,7790,1,1-Back,79.06976744186046,1431.5434782608695
VNB,7790,1,2-Back,51.81818181818182,2156.3253968253966
VNB,7791,1,1-Back,84.11214953271028,1302.8157894736842
VNB,7791,1,2-Back,58.88888888888889,1623.0882352941176
VNB,7792,1,1-Back,92.70833333333334,1087.5686274509803
VNB,7792,1,2-Back,52.22222222222223,1429.450980392157
VNB,7793,1,1-Back,80.37383177570094,1502.2719298245613
VNB,7793,1,2-Back,46.36363636363636,2809.8333333333335
VNB,7794,1,1-Back,65.42056074766354,1369.157894736842
VNB,7794,1,2-Back,37.77777777777778,1471.5980392156862
VNB,7795,1,1-Back,55.81395348837209,1989.3115942028985
VNB,7795,1,2-Back,43.0,1866.2719298245613
VNB,7797,1,1-Back,97.91666666666666,1397.8725490196077
VNB,7797,1,2-Back,63.0,1895.842105263158
VNB,7798,1,1-Back,75.70093457943925,1536.5350877192982
VNB,7798,1,2-Back,48.888888888888886,1977.7058823529412
VNB,7799,1,1-Back,84.375,1366.6274509803923
VNB,7799,1,2-Back,56.99999999999999,1405.4649122807018
VNB,7800,1,1-Back,69.1588785046729,1556.921052631579
VNB,7800,1,2-Back,57.99999999999999,1541.982456140351
VNB,7801,1,1-Back,95.83333333333334,1007.6372549019608
VNB,7801,1,2-Back,64.44444444444444,1430.0196078431372
VNB,7802,1,1-Back,90.625,1084.7745098039215
VNB,7802,1,2-Back,55.45454545454545,1658.1507936507937
VNB,7803,1,1-Back,68.22429906542055,1590.0350877192982
VNB,7803,1,2-Back,44.0,1916.5877192982457
VNB,7805,1,1-Back,86.91588785046729,1211.0087719298247
VNB,7805,1,2-Back,83.0,1458.2456140350878
VNB,7806,1,1-Back,90.625,1431.9019607843138
VNB,7806,1,2-Back,59.09090909090909,2691.0158730158732
VNB,7807,1,1-Back,94.79166666666666,1026.8921568627452
VNB,7807,1,2-Back,68.0,1308.6315789473683
VNB,7808,1,1-Back,83.05084745762711,1259.436507936508
VNB,7808,1,2-Back,71.11111111111111,1557.2058823529412
VNB,7810,1,1-Back,79.16666666666666,1248.9705882352941
VNB,7810,1,2-Back,55.00000000000001,1649.8508771929824
VNB,8000,1,1-Back,95.83333333333334,1243.1470588235295
VNB,8000,1,2-Back,69.0,1735.938596491228
VNB,8000,2,1-Back,96.875,1203.0882352941176
VNB,8000,2,2-Back,83.33333333333334,1617.3431372549019
VNB,8000,3,1-Back,97.91666666666666,1045.6078431372548
VNB,8000,3,2-Back,86.66666666666667,1507.2058823529412
VNB,8001,1,1-Back,94.79166666666666,1264.7549019607843
VNB,8001,1,2-Back,52.0,2139.9298245614036
VNB,8002,1,1-Back,98.95833333333334,1230.2843137254902
VNB,8002,1,2-Back,80.0,2212.684210526316
VNB,8002,2,1-Back,100.0,1123.6568627450981
VNB,8002,2,2-Back,83.0,2223.6491228070176
VNB,8002,3,1-Back,98.13084112149532,1047.622807017544
VNB,8002,3,2-Back,84.44444444444444,1590.8529411764705
VNB,8003,1,1-Back,85.41666666666666,1050.735294117647
VNB,8003,1,2-Back,73.0,1693.017543859649
VNB,8003,2,1-Back,92.70833333333334,890.8333333333334
VNB,8003,2,2-Back,72.22222222222221,1554.6176470588234
VNB,8003,3,1-Back,94.79166666666666,944.1176470588235
VNB,8003,3,2-Back,70.0,2061.9298245614036
VNB,8004,1,1-Back,98.95833333333334,1207.7941176470588
VNB,8004,1,2-Back,70.0,1686.0686274509803
VNB,8004,2,1-Back,100.0,1196.1960784313726
VNB,8004,2,2-Back,76.66666666666667,1749.6568627450981
VNB,8004,3,1-Back,98.95833333333334,1047.235294117647
VNB,8004,3,2-Back,76.0,1599.5964912280701
VNB,8005,1,1-Back,100.0,1005.1666666666666
VNB,8005,1,2-Back,85.55555555555556,1427.8823529411766
VNB,8005,2,1-Back,95.83333333333334,819.4215686274509
VNB,8005,2,2-Back,93.33333333333333,1151.5
VNB,8006,1,1-Back,93.75,1002.0196078431372
VNB,8006,1,2-Back,61.111111111111114,1325.3039215686274
VNB,8006,2,1-Back,98.95833333333334,787.3039215686274
VNB,8006,2,2-Back,80.0,1006.9313725490196
VNB,8006,3,1-Back,95.83333333333334,820.0686274509804
VNB,8006,3,2-Back,82.0,1117.4649122807018
VNB,8007,1,1-Back,75.70093457943925,1542.6842105263158
VNB,8007,1,2-Back,45.0,1865.2894736842106
VNB,8008,1,1-Back,96.875,1431.9313725490197
VNB,8008,1,2-Back,57.99999999999999,2471.9298245614036
VNB,8008,2,1-Back,97.91666666666666,1111.7450980392157
VNB,8008,2,2-Back,68.88888888888889,1459.9901960784314
VNB,8008,3,1-Back,97.91666666666666,1167.1568627450981
VNB,8008,3,2-Back,71.0,1609.4122807017543
VNB,8009,1,1-Back,94.79166666666666,865.7254901960785
VNB,8009,1,2-Back,70.0,1414.0350877192982
VNB,8009,2,1-Back,90.65420560747664,1028.9298245614036
VNB,8009,2,2-Back,90.0,1302.6274509803923
VNB,8011,1,1-Back,95.83333333333334,936.2450980392157
VNB,8011,1,2-Back,86.66666666666667,1275.421568627451
VNB,8011,2,1-Back,96.875,734.1666666666666
VNB,8011,2,2-Back,90.0,985.7352941176471
VNB,8011,3,1-Back,100.0,720.6372549019608
VNB,8011,3,2-Back,87.77777777777777,1084.1666666666667
VNB,8012,1,1-Back,97.91666666666666,1269.637254901961
VNB,8012,1,2-Back,91.11111111111111,1635.686274509804
VNB,8012,2,1-Back,100.0,1047.4607843137255
VNB,8012,2,2-Back,93.33333333333333,1586.137254901961
VNB,8014,1,1-Back,96.875,1381.578431372549
VNB,8014,1,2-Back,62.0,1979.6315789473683
VNB,8014,2,1-Back,96.875,1128.0588235294117
VNB,8014,2,2-Back,52.22222222222223,1380.4607843137255
VNB,8014,3,1-Back,93.75,1152.7549019607843
VNB,8014,3,2-Back,60.0,1626.2368421052631
VNB,8015,1,1-Back,83.17757009345794,1189.8157894736842
VNB,8015,1,2-Back,55.00000000000001,1528.1929824561403
VNB,8016,1,1-Back,94.79166666666666,1335.735294117647
VNB,8016,1,2-Back,56.00000000000001,1647.0701754385964
VNB,8016,2,1-Back,93.75,1203.3235294117646
VNB,8016,2,2-Back,65.0,1656.2894736842106
VNB,8016,3,1-Back,90.625,1205.1568627450981
VNB,8016,3,2-Back,68.88888888888889,1419.2941176470588
VNB,8017,1,1-Back,97.91666666666666,889.0196078431372
VNB,8017,1,2-Back,77.77777777777779,1250.6568627450981
VNB,8017,2,1-Back,89.58333333333334,855.0490196078431
VNB,8017,2,2-Back,81.0,1297.0877192982457
VNB,8017,3,1-Back,96.875,723.0098039215686
VNB,8017,3,2-Back,76.66666666666667,1053.9901960784314
VNB,8018,1,1-Back,68.75,1648.0588235294117
VNB,8018,1,2-Back,59.0,2111.2631578947367
VNB,8018,3,1-Back,71.875,1526.9901960784314
VNB,8018,3,2-Back,55.55555555555556,1695.2058823529412
VNB,8019,1,1-Back,96.875,1149.7549019607843
VNB,8019,1,2-Back,58.88888888888889,1585.3431372549019
VNB,8019,2,1-Back,96.875,1099.4607843137255
VNB,8019,2,2-Back,73.0,1489.1491228070176
VNB,8020,2,1-Back,85.41666666666666,1337.3039215686274
VNB,8020,2,2-Back,56.666666666666664,1530.5882352941176
VNB,8021,1,1-Back,88.54166666666666,1549.5294117647059
VNB,8021,1,2-Back,45.0,1933.3070175438597
VNB,8021,2,1-Back,59.32203389830508,1419.0873015873017
VNB,8021,2,2-Back,55.55555555555556,1333.3725490196077
VNB,8022,1,1-Back,88.54166666666666,1334.5196078431372
VNB,8022,1,2-Back,66.0,1779.9561403508771
VNB,8022,2,1-Back,97.91666666666666,1180.049019607843
VNB,8022,2,2-Back,67.0,1895.3070175438597
VNB,8022,3,1-Back,95.83333333333334,1193.4313725490197
VNB,8022,3,2-Back,67.0,1832.7719298245613
VNB,8023,1,1-Back,78.125,1464.7156862745098
VNB,8023,1,2-Back,35.0,2585.7368421052633
VNB,8023,2,1-Back,94.79166666666666,1199.8431372549019
VNB,8023,2,2-Back,48.0,2808.6491228070176
VNB,8024,1,1-Back,86.45833333333334,1219.6568627450981
VNB,8024,1,2-Back,66.66666666666666,1226.0196078431372
VNB,8026,1,1-Back,92.5233644859813,1378.657894736842
VNB,8026,1,2-Back,65.0,1803.7894736842106
VNB,8026,3,1-Back,95.83333333333334,870.9803921568628
VNB,8026,3,2-Back,72.22222222222221,1275.235294117647
VNB,8027,1,1-Back,85.41666666666666,1221.1666666666667
VNB,8027,1,2-Back,76.66666666666667,1559.3921568627452
VNB,8027,2,1-Back,85.98130841121495,978.9035087719299
VNB,8027,2,2-Back,78.0,1390.078947368421
VNB,8030,1,1-Back,86.91588785046729,1566.0087719298247
VNB,8030,1,2-Back,43.0,2107.9824561403507
VNB,8030,2,1-Back,85.98130841121495,1271.6140350877192
VNB,8030,2,2-Back,61.0,1787.1842105263158
VNB,8030,3,1-Back,87.5,1259.7254901960785
VNB,8030,3,2-Back,70.0,1591.9705882352941
VNB,8031,1,1-Back,92.70833333333334,945.5098039215686
VNB,8031,1,2-Back,83.33333333333334,1244.3823529411766
VNB,8031,2,1-Back,96.875,1040.7450980392157
VNB,8031,2,2-Back,71.11111111111111,1441.1960784313726
VNB,8032,1,1-Back,78.50467289719626,1868.8245614035088
VNB,8032,1,2-Back,62.22222222222222,2203.372549019608
VNB,8032,3,1-Back,94.79166666666666,1554.7941176470588
VNB,8032,3,2-Back,70.0,1789.813725490196
VNB,8034,1,1-Back,92.70833333333334,925.9313725490196
VNB,8034,1,2-Back,63.33333333333333,1661.450980392157
VNB,8035,1,1-Back,91.66666666666666,1222.4705882352941
VNB,8035,1,2-Back,56.666666666666664,1663.0392156862745
VNB,8035,2,1-Back,87.5,1056.362745098039
VNB,8035,2,2-Back,54.0,1453.2631578947369
VNB,8035,3,1-Back,92.70833333333334,1079.078431372549
VNB,8035,3,2-Back,64.44444444444444,1503.5980392156862
VNB,8036,1,1-Back,74.76635514018692,1403.3859649122808
VNB,8036,1,2-Back,48.888888888888886,1254.6960784313726
VNB,8036,3,1-Back,86.45833333333334,1257.7156862745098
VNB,8036,3,2-Back,60.0,1259.2745098039215
VNB,8037,1,1-Back,84.375,1007.8333333333334
VNB,8037,1,2-Back,66.0,1380.5263157894738
VNB,8037,2,1-Back,88.54166666666666,1112.7058823529412
VNB,8037,2,2-Back,70.0,1700.2543859649122
VNB,8038,1,1-Back,97.91666666666666,842.4313725490196
VNB,8038,1,2-Back,90.0,1345.9019607843138
VNB,8038,2,1-Back,98.95833333333334,779.3235294117648
VNB,8038,2,2-Back,84.44444444444444,1214.5196078431372
VNB,8039,1,1-Back,97.91666666666666,771.3039215686274
VNB,8039,1,2-Back,90.0,1104.3921568627452
VNB,8039,2,1-Back,100.0,764.4901960784314
VNB,8039,2,2-Back,94.44444444444444,1367.3725490196077
VNB,8039,3,1-Back,96.875,1081.3529411764705
VNB,8039,3,2-Back,87.77777777777777,1541.2941176470588
VNB,8040,1,1-Back,91.66666666666666,1359.637254901961
VNB,8040,1,2-Back,71.11111111111111,1811.921568627451
VNB,8040,2,1-Back,96.875,1303.5392156862745
VNB,8040,2,2-Back,84.44444444444444,1665.186274509804
VNB,8040,3,1-Back,96.875,1170.9901960784314
VNB,8040,3,2-Back,84.44444444444444,1472.450980392157
VNB,8042,1,1-Back,85.41666666666666,1134.1078431372548
VNB,8042,1,2-Back,57.77777777777777,1596.2843137254902
VNB,8046,2,1-Back,90.625,916.1372549019608
VNB,8046,2,2-Back,81.11111111111111,1189.0
VNB,8046,3,1-Back,96.875,1158.3725490196077
VNB,8046,3,2-Back,87.77777777777777,1499.4607843137255
VNB,8047,1,1-Back,95.83333333333334,1354.5098039215686
VNB,8047,1,2-Back,63.33333333333333,2040.0098039215686
VNB,8047,2,1-Back,94.79166666666666,1182.7745098039215
VNB,8047,2,2-Back,84.44444444444444,1625.6274509803923
VNB,8048,1,1-Back,92.70833333333334,883.6666666666666
VNB,8048,1,2-Back,62.0,1400.482456140351
VNB,8048,2,1-Back,96.875,1011.9901960784314
VNB,8048,2,2-Back,71.11111111111111,1451.3235294117646
VNB,8050,1,1-Back,97.91666666666666,974.7549019607843
VNB,8050,1,2-Back,94.44444444444444,1687.5588235294117
VNB,8050,2,1-Back,96.875,828.1960784313726
VNB,8050,2,2-Back,90.0,1312.078431372549
VNB,8051,1,1-Back,91.66666666666666,1143.686274509804
VNB,8051,1,2-Back,81.11111111111111,1515.137254901961
VNB,8051,2,1-Back,84.375,1058.921568627451
VNB,8051,2,2-Back,79.0,1495.5
VNB,8051,3,1-Back,95.83333333333334,1021.9509803921569
VNB,8051,3,2-Back,86.66666666666667,1527.1666666666667
VNB,8052,1,1-Back,83.17757009345794,1083.3070175438597
VNB,8052,1,2-Back,68.0,1806.157894736842
VNB,8052,2,1-Back,92.70833333333334,792.6470588235294
VNB,8052,2,2-Back,80.0,1264.3921568627452
VNB,8052,3,1-Back,96.875,976.3039215686274
VNB,8052,3,2-Back,85.55555555555556,1235.6960784313726
VNB,8053,2,1-Back,98.95833333333334,846.7647058823529
VNB,8053,2,2-Back,74.54545454545455,1343.1904761904761
VNB,8053,nan,1-Back,96.875,941.156862745098
VNB,8053,nan,2-Back,85.0,1440.061403508772
VNB,8054,2,1-Back,95.83333333333334,876.2450980392157
VNB,8054,2,2-Back,78.88888888888889,1157.3823529411766
VNB,8056,1,1-Back,90.65420560747664,1224.6491228070176
VNB,8056,1,2-Back,72.0,1361.4298245614036
VNB,8056,2,1-Back,95.83333333333334,915.0392156862745
VNB,8056,2,2-Back,68.88888888888889,1237.2058823529412
VNB,8056,3,1-Back,90.625,1096.5686274509803
VNB,8056,3,2-Back,63.33333333333333,1366.0588235294117
VNB,8058,1,1-Back,96.875,1230.4117647058824
VNB,8058,1,2-Back,75.55555555555556,1783.950980392157
VNB,8058,2,1-Back,94.79166666666666,1164.4607843137255
VNB,8058,2,2-Back,76.0,2045.377192982456
VNB,8060,1,1-Back,97.91666666666666,829.7156862745098
VNB,8060,1,2-Back,87.77777777777777,1742.4117647058824
VNB,8060,2,1-Back,96.875,721.8235294117648
VNB,8060,2,2-Back,85.55555555555556,1296.5294117647059
VNB,8062,1,1-Back,91.66666666666666,1060.1960784313726
VNB,8062,1,2-Back,74.0,1385.2631578947369
VNB,8062,2,1-Back,95.83333333333334,898.343137254902
VNB,8062,2,2-Back,72.22222222222221,988.0784313725491
VNB,8063,1,1-Back,95.83333333333334,1107.735294117647
VNB,8063,1,2-Back,65.0,1355.842105263158
VNB,8063,2,1-Back,95.83333333333334,841.7058823529412
VNB,8063,2,2-Back,81.11111111111111,1015.2941176470588
VNB,8063,nan,1-Back,93.75,826.7941176470588
VNB,8063,nan,2-Back,78.88888888888889,947.0686274509804
VNB,8064,1,1-Back,87.85046728971963,1199.561403508772
VNB,8064,1,2-Back,59.0,1410.0350877192982
VNB,8064,2,1-Back,98.95833333333334,991.8921568627451
VNB,8064,2,2-Back,68.88888888888889,1195.921568627451
VNB,8065,2,1-Back,98.95833333333334,748.4607843137255
VNB,8065,2,2-Back,71.11111111111111,1253.3333333333333
VNB,8065,nan,1-Back,100.0,619.0490196078431
VNB,8065,nan,2-Back,71.11111111111111,1033.3725490196077
VNB,8066,2,1-Back,93.75,1302.1470588235295
VNB,8066,2,2-Back,72.22222222222221,1972.0
VNB,8066,3,1-Back,97.91666666666666,955.3039215686274
VNB,8066,3,2-Back,69.0,1385.061403508772
VNB,8067,1,1-Back,81.30841121495327,1419.7280701754387
VNB,8067,1,2-Back,60.0,1483.2156862745098
VNB,8068,1,1-Back,72.89719626168224,1553.1315789473683
VNB,8068,1,2-Back,41.0,1842.8947368421052
VNB,8068,nan,1-Back,82.2429906542056,1510.5964912280701
VNB,8068,nan,2-Back,54.0,1610.6666666666667
VNB,8069,1,1-Back,76.04166666666666,1198.578431372549
VNB,8069,1,2-Back,54.44444444444444,1467.078431372549
VNB,8069,2,1-Back,94.79166666666666,1006.1764705882352
VNB,8069,2,2-Back,60.0,1259.5294117647059
VNB,8070,1,1-Back,92.70833333333334,1015.5588235294117
VNB,8070,1,2-Back,83.33333333333334,1513.0
VNB,8070,nan,1-Back,98.95833333333334,716.3333333333334
VNB,8070,nan,2-Back,90.0,993.9705882352941
VNB,8072,2,1-Back,94.79166666666666,955.7254901960785
VNB,8072,2,2-Back,61.0,1378.7456140350878
VNB,8073,3,1-Back,97.91666666666666,980.0980392156863
VNB,8073,3,2-Back,76.66666666666667,1759.4803921568628
VNB,8073,nan,1-Back,94.79166666666666,1545.7450980392157
VNB,8073,nan,2-Back,63.0,2764.2280701754385
VNB,8074,1,1-Back,88.54166666666666,1489.450980392157
VNB,8074,1,2-Back,70.0,2112.127450980392
VNB,8074,nan,1-Back,96.875,1274.950980392157
VNB,8074,nan,2-Back,72.22222222222221,1664.4411764705883
VNB,8075,1,1-Back,90.65420560747664,1402.8070175438597
VNB,8075,1,2-Back,64.0,1603.5350877192982
VNB,8075,3,1-Back,95.83333333333334,964.4019607843137
VNB,8075,3,2-Back,91.11111111111111,1357.8039215686274
VNB,8076,2,1-Back,95.83333333333334,922.0882352941177
VNB,8076,2,2-Back,84.44444444444444,1278.549019607843
VNB,8076,3,1-Back,97.91666666666666,1055.3725490196077
VNB,8076,3,2-Back,85.55555555555556,1980.3921568627452
VNB,8078,1,1-Back,71.02803738317756,1382.7456140350878
VNB,8078,1,2-Back,44.0,2354.0438596491226
VNB,8078,2,1-Back,71.875,1353.1470588235295
VNB,8078,2,2-Back,31.11111111111111,1791.235294117647
VNB,8078,3,1-Back,79.16666666666666,1173.0588235294117
VNB,8078,3,2-Back,41.11111111111111,1512.8333333333333
VNB,8079,1,1-Back,91.66666666666666,1175.235294117647
VNB,8079,1,2-Back,71.11111111111111,1355.5686274509803
VNB,8079,2,1-Back,96.875,1014.2058823529412
VNB,8079,2,2-Back,85.55555555555556,1147.450980392157
VNB,8080,1,1-Back,82.29166666666666,1095.0392156862745
VNB,8080,1,2-Back,52.0,1366.9649122807018
VNB,8080,2,1-Back,88.54166666666666,1281.4313725490197
VNB,8080,2,2-Back,67.77777777777779,1676.5196078431372
VNB,8080,3,1-Back,81.25,1158.4705882352941
VNB,8080,3,2-Back,56.99999999999999,1446.3947368421052
VNB,8081,1,1-Back,89.7196261682243,1240.2894736842106
VNB,8081,1,2-Back,51.0,1423.7719298245613
VNB,8081,2,1-Back,80.50847457627118,1348.1666666666667
VNB,8081,2,2-Back,55.00000000000001,1812.8947368421052
VNB,8083,1,1-Back,85.04672897196261,1202.1140350877192
VNB,8083,1,2-Back,65.55555555555556,1418.6666666666667
VNB,8083,nan,1-Back,87.5,1015.9803921568628
VNB,8083,nan,2-Back,64.0,1381.4736842105262
VNB,8084,2,1-Back,95.83333333333334,963.3137254901961
VNB,8084,2,2-Back,75.0,1388.9473684210527
VNB,8084,3,1-Back,98.95833333333334,875.9509803921569
VNB,8084,3,2-Back,78.0,1176.9561403508771
VNB,8085,1,1-Back,89.58333333333334,1129.1960784313726
VNB,8085,1,2-Back,80.0,1592.342105263158
VNB,8087,1,1-Back,94.79166666666666,796.1078431372549
VNB,8087,1,2-Back,78.88888888888889,1107.2254901960785
VNB,8087,2,1-Back,95.83333333333334,755.7549019607843
VNB,8087,2,2-Back,81.11111111111111,937.5294117647059
VNB,8087,3,1-Back,93.75,780.9803921568628
VNB,8087,3,2-Back,80.0,1005.9509803921569
VNB,8088,2,1-Back,89.58333333333334,1244.0
VNB,8088,2,2-Back,70.0,2170.6372549019607
VNB,8088,3,1-Back,90.625,1169.0196078431372
VNB,8088,3,2-Back,61.0,2289.535087719298
VNB,8090,1,1-Back,97.91666666666666,1234.5
VNB,8090,1,2-Back,61.111111111111114,1929.862745098039
VNB,8092,3,1-Back,82.29166666666666,1129.2156862745098
VNB,8092,3,2-Back,64.44444444444444,1142.9705882352941
VNB,8092,nan,1-Back,90.625,1140.9019607843138
VNB,8092,nan,2-Back,70.0,1186.862745098039
VNB,8093,1,1-Back,80.37383177570094,1716.2280701754387
VNB,8093,1,2-Back,58.88888888888889,2066.401960784314
VNB,8094,1,1-Back,92.70833333333334,910.3725490196078
VNB,8094,1,2-Back,70.0,1347.0686274509803
VNB,8094,2,1-Back,87.5,1163.6470588235295
VNB,8094,2,2-Back,68.88888888888889,1397.921568627451
VNB,8094,3,1-Back,85.41666666666666,1100.9019607843138
VNB,8094,3,2-Back,46.666666666666664,1499.313725490196
VNB,8095,1,1-Back,98.95833333333334,1027.7549019607843
VNB,8095,1,2-Back,77.77777777777779,1386.637254901961
VNB,8096,1,1-Back,98.95833333333334,905.2450980392157
VNB,8096,1,2-Back,73.33333333333333,1983.6470588235295
VNB,8096,2,1-Back,98.95833333333334,1088.9803921568628
VNB,8096,2,2-Back,94.44444444444444,1851.1078431372548
VNB,8096,3,1-Back,97.91666666666666,919.2058823529412
VNB,8096,3,2-Back,95.55555555555556,1358.9313725490197
VNB,8098,2,1-Back,89.58333333333334,1297.7058823529412
VNB,8098,2,2-Back,64.44444444444444,1366.8333333333333
VNB,8099,1,1-Back,91.66666666666666,1089.0392156862745
VNB,8099,1,2-Back,78.88888888888889,1659.1960784313726
VNB,8100,1,1-Back,77.57009345794393,1471.2543859649122
VNB,8100,1,2-Back,52.22222222222223,1659.6764705882354
VNB,8100,2,1-Back,90.65420560747664,918.6491228070175
VNB,8100,2,2-Back,67.0,1332.8508771929824
VNB,8101,1,1-Back,95.83333333333334,1137.1176470588234
VNB,8101,1,2-Back,45.0,2035.1140350877192
VNB,8102,1,1-Back,93.45794392523365,1140.8333333333333
VNB,8102,1,2-Back,62.727272727272734,1629.079365079365
VNB,8102,2,1-Back,96.875,939.4019607843137
VNB,8102,2,2-Back,74.44444444444444,1171.1274509803923
VNB,8103,1,1-Back,89.58333333333334,1235.578431372549
VNB,8103,1,2-Back,53.333333333333336,1570.1960784313726
VNB,8104,1,1-Back,94.39252336448598,1156.3684210526317
VNB,8104,1,2-Back,70.0,2003.2105263157894
VNB,8104,2,1-Back,94.79166666666666,767.0980392156863
VNB,8104,2,2-Back,81.11111111111111,1171.0980392156862
VNB,8106,2,1-Back,92.70833333333334,918.9215686274509
VNB,8106,2,2-Back,78.88888888888889,1080.7549019607843
VNB,8107,3,1-Back,93.75,679.7745098039215
VNB,8107,3,2-Back,85.55555555555556,859.8137254901961
VNB,8108,1,1-Back,93.75,797.3627450980392
VNB,8108,1,2-Back,87.77777777777777,1384.8529411764705
VNB,8108,2,1-Back,96.875,749.343137254902
VNB,8108,2,2-Back,92.22222222222223,1072.0392156862745
VNB,8111,1,1-Back,90.625,1079.4117647058824
VNB,8111,1,2-Back,78.0,1572.780701754386
VNB,8112,1,1-Back,100.0,1006.5686274509804
VNB,8112,1,2-Back,91.11111111111111,1269.549019607843
VNB,8113,1,1-Back,94.79166666666666,1006.5392156862745
VNB,8113,1,2-Back,83.33333333333334,1300.2156862745098
VNB,8114,1,1-Back,86.91588785046729,1101.5438596491229
VNB,8114,1,2-Back,66.0,1509.6315789473683
VNB,8114,2,1-Back,87.85046728971963,886.4912280701755
VNB,8114,2,2-Back,92.22222222222223,1135.637254901961
VNB,8115,1,1-Back,87.5,898.5588235294117
VNB,8115,1,2-Back,72.0,1199.517543859649
VNB,8116,1,1-Back,86.45833333333334,1392.0392156862745
VNB,8116,1,2-Back,58.88888888888889,1609.7549019607843
VNB,8119,1,1-Back,97.91666666666666,1521.0980392156862
VNB,8119,1,2-Back,77.0,1684.2894736842106
VNB,8120,1,1-Back,60.16949152542372,1384.095238095238
VNB,8120,1,2-Back,41.0,1446.280701754386
VNB,8120,2,1-Back,63.55140186915887,1328.982456140351
VNB,8120,2,2-Back,57.77777777777777,1346.5
VNB,8121,1,1-Back,98.95833333333334,942.9705882352941
VNB,8121,1,2-Back,82.22222222222221,1188.7745098039215
VNB,8121,2,1-Back,97.91666666666666,785.3039215686274
VNB,8121,2,2-Back,85.55555555555556,955.1176470588235
VNB,8123,1,1-Back,97.91666666666666,1033.4803921568628
VNB,8123,1,2-Back,73.0,1612.5964912280701
VNB,8124,1,1-Back,97.91666666666666,965.9019607843137
VNB,8124,1,2-Back,86.0,1158.0263157894738
VNB,8125,1,1-Back,98.95833333333334,1066.9313725490197
VNB,8125,1,2-Back,74.44444444444444,1303.2549019607843
VNB,8126,1,1-Back,96.26168224299066,931.4298245614035
VNB,8126,1,2-Back,94.44444444444444,973.8137254901961
VNB,8128,1,1-Back,95.83333333333334,1143.1274509803923
VNB,8128,1,2-Back,88.88888888888889,1384.078431372549
VNB,8130,1,1-Back,91.66666666666666,999.4803921568628
VNB,8130,1,2-Back,57.77777777777777,1209.9313725490197
VNB,8132,1,1-Back,88.78504672897196,1127.701754385965
VNB,8132,1,2-Back,61.111111111111114,1425.9313725490197
VNB,8136,1,1-Back,100.0,1216.4705882352941
VNB,8136,1,2-Back,76.66666666666667,1297.5196078431372
VNB,8138,1,1-Back,97.91666666666666,1006.343137254902
VNB,8138,1,2-Back,77.77777777777779,1389.450980392157
VNB,8140,1,1-Back,88.54166666666666,1171.9705882352941
VNB,8140,1,2-Back,85.55555555555556,1446.421568627451
VNB,8145,1,1-Back,91.66666666666666,1229.9019607843138
VNB,8145,1,2-Back,47.0,1826.2631578947369
VNB,8146,1,1-Back,65.42056074766354,1357.7456140350878
VNB,8146,1,2-Back,47.27272727272727,5667.658730158731
VNB,8149,1,1-Back,94.79166666666666,1005.4215686274509
VNB,8149,1,2-Back,81.11111111111111,1554.9705882352941
VNB,9002,1,1-Back,83.89830508474576,1608.2142857142858
VNB,9002,1,2-Back,67.0,1863.9298245614036
VNB,9002,3,1-Back,92.70833333333334,1368.313725490196
VNB,9002,3,2-Back,68.0,1981.122807017544
VNB,9003,1,1-Back,98.95833333333334,1017.3823529411765
VNB,9003,1,2-Back,64.0,1650.921052631579
VNB,9003,3,1-Back,100.0,1125.450980392157
VNB,9003,3,2-Back,81.11111111111111,1779.0882352941176
VNB,9004,1,1-Back,87.85046728971963,1463.657894736842
VNB,9004,1,2-Back,64.0,1881.5526315789473
VNB,9005,1,1-Back,82.2429906542056,1903.4035087719299
VNB,9005,1,2-Back,61.0,2508.6929824561403
VNB,9005,2,1-Back,98.95833333333334,1099.5588235294117
VNB,9005,2,2-Back,66.0,3006.2982456140353
VNB,9007,1,1-Back,90.625,1598.9803921568628
VNB,9007,1,2-Back,42.22222222222222,1610.4803921568628
VNB,9008,1,1-Back,85.98130841121495,1397.517543859649
VNB,9008,1,2-Back,44.0,2228.1052631578946
VNB,9009,1,1-Back,71.02803738317756,1298.298245614035
VNB,9009,1,2-Back,63.33333333333333,1940.9607843137255
VNB,9009,3,1-Back,97.91666666666666,1077.0
VNB,9009,3,2-Back,84.44444444444444,1499.4803921568628
VNB,9010,1,1-Back,95.83333333333334,1420.7843137254902
VNB,9010,1,2-Back,68.88888888888889,1783.3823529411766
VNB,9010,2,1-Back,91.66666666666666,1393.450980392157
VNB,9010,2,2-Back,77.77777777777779,1863.049019607843
VNB,9010,3,1-Back,93.75,935.8823529411765
VNB,9010,3,2-Back,75.55555555555556,1679.4803921568628
VNB,9011,1,1-Back,96.875,1324.0196078431372
VNB,9011,1,2-Back,69.0,2118.6491228070176
VNB,9013,1,1-Back,90.65420560747664,1256.9649122807018
VNB,9013,1,2-Back,74.0,1947.7543859649122
VNB,9013,3,1-Back,92.70833333333334,1068.2058823529412
VNB,9013,3,2-Back,62.727272727272734,1757.873015873016
VNB,9014,1,1-Back,94.79166666666666,973.0196078431372
VNB,9014,1,2-Back,56.666666666666664,1799.813725490196
VNB,9015,1,1-Back,75.70093457943925,1376.859649122807
VNB,9015,1,2-Back,48.0,2672.6315789473683
VNB,9015,3,1-Back,98.95833333333334,856.9607843137255
VNB,9015,3,2-Back,67.77777777777779,1665.8725490196077
VNB,9017,1,1-Back,86.45833333333334,1859.6666666666667
VNB,9017,1,2-Back,49.0,2417.59649122807
VNB,9017,2,1-Back,94.79166666666666,1262.450980392157
VNB,9017,2,2-Back,67.77777777777779,1862.2058823529412
VNB,9018,1,1-Back,92.70833333333334,1272.8039215686274
VNB,9018,1,2-Back,73.0,1813.9736842105262
VNB,9019,1,1-Back,89.7196261682243,1522.561403508772
VNB,9019,1,2-Back,70.0,2002.2549019607843
VNB,9019,2,1-Back,96.875,1303.7941176470588
VNB,9019,2,2-Back,81.11111111111111,1623.8529411764705
VNB,9020,1,1-Back,82.2429906542056,1554.7543859649122
VNB,9020,1,2-Back,70.0,2460.7017543859647
VNB,9021,3,1-Back,92.70833333333334,1275.1960784313726
VNB,9021,3,2-Back,82.22222222222221,1805.764705882353
VNB,9023,2,1-Back,92.70833333333334,1469.450980392157
VNB,9023,2,2-Back,77.77777777777779,1942.5098039215686
VNB,9023,3,1-Back,90.625,1358.3529411764705
VNB,9023,3,2-Back,65.55555555555556,1785.813725490196
VNB,9024,2,1-Back,88.78504672897196,1410.4736842105262
VNB,9024,2,2-Back,53.0,1938.2368421052631
VNB,9024,3,1-Back,69.1588785046729,1596.2631578947369
VNB,9024,3,2-Back,39.0,2014.780701754386
VNB,9028,3,1-Back,94.79166666666666,1346.7549019607843
VNB,9028,3,2-Back,91.11111111111111,1794.7156862745098
VNB,9029,2,1-Back,96.875,1029.3235294117646
VNB,9029,2,2-Back,74.44444444444444,1593.313725490196
VNB,9030,1,1-Back,90.65420560747664,1485.157894736842
VNB,9030,1,2-Back,39.0,2320.7631578947367
VNB,9031,1,1-Back,89.58333333333334,1591.5980392156862
VNB,9031,1,2-Back,69.0,1911.0263157894738
VNB,9033,3,1-Back,80.37383177570094,1360.4649122807018
VNB,9033,3,2-Back,67.77777777777779,1991.6666666666667
VNB,9034,2,1-Back,95.83333333333334,1174.2450980392157
VNB,9034,2,2-Back,81.11111111111111,1607.8725490196077
VNB,9034,3,1-Back,93.75,1055.450980392157
VNB,9034,3,2-Back,85.55555555555556,1010.843137254902
VNB,9035,3,1-Back,94.79166666666666,933.9117647058823
VNB,9035,3,2-Back,87.77777777777777,1264.5686274509803
VNB,9038,3,1-Back,91.66666666666666,1220.1960784313726
VNB,9038,3,2-Back,56.99999999999999,1946.3684210526317
VNB,9045,1,1-Back,87.85046728971963,3065.09649122807
VNB,9045,1,2-Back,68.88888888888889,1417.3823529411766
VNB,9045,3,1-Back,74.76635514018692,1086.482456140351
VNB,9045,3,2-Back,60.0,1071.7450980392157
VNB,9047,1,1-Back,80.37383177570094,1245.140350877193
VNB,9047,1,2-Back,63.33333333333333,1638.450980392157
VNB,9047,2,1-Back,93.75,1176.2058823529412
VNB,9047,2,2-Back,76.66666666666667,1649.7058823529412
VNB,9048,1,1-Back,34.57943925233645,1986.9298245614036
VNB,9048,1,2-Back,14.000000000000002,2114.4210526315787
VNB,9050,1,1-Back,95.83333333333334,869.4313725490196
VNB,9050,1,2-Back,65.55555555555556,1405.5098039215686
VNB,9051,1,1-Back,83.17757009345794,1597.6929824561403
VNB,9051,1,2-Back,50.0,2174.6140350877195
VNB,9054,1,1-Back,95.83333333333334,1139.362745098039
VNB,9054,1,2-Back,64.0,1641.6315789473683
VNB,9054,3,1-Back,96.875,1048.7058823529412
VNB,9054,3,2-Back,63.33333333333333,1466.0980392156862
VNB,9056,1,1-Back,97.91666666666666,1289.3039215686274
VNB,9056,1,2-Back,86.66666666666667,1641.6764705882354
VNB,9057,1,1-Back,91.58878504672897,1307.0438596491229
VNB,9057,1,2-Back,51.11111111111111,1707.1568627450981
VNB,9059,1,1-Back,62.616822429906534,1568.7631578947369
VNB,9059,1,2-Back,60.0,1798.2456140350878
VNB,9060,1,1-Back,82.2429906542056,1678.5701754385964
VNB,9060,1,2-Back,49.0,2003.719298245614
VNB,9062,1,1-Back,87.85046728971963,1265.201754385965
VNB,9062,1,2-Back,55.00000000000001,1616.804347826087
VNB,9062,2,1-Back,89.58333333333334,1012.0196078431372
VNB,9062,2,2-Back,66.66666666666666,1478.6078431372548
VNB,9067,1,1-Back,76.04166666666666,1483.4705882352941
VNB,9067,1,2-Back,66.0,1608.0526315789473
VNB,9067,2,1-Back,88.54166666666666,1307.5
VNB,9067,2,2-Back,66.0,1903.4298245614036
VNB,9068,2,1-Back,97.91666666666666,1040.5196078431372
VNB,9068,2,2-Back,86.66666666666667,1407.7254901960785
VNB,9073,1,1-Back,89.7196261682243,1430.7631578947369
VNB,9073,1,2-Back,64.44444444444444,1747.0098039215686
VNB,9074,1,1-Back,86.45833333333334,1283.578431372549
VNB,9074,1,2-Back,54.0,1878.8333333333333
VNB,9076,1,1-Back,92.5233644859813,1178.0350877192982
VNB,9076,1,2-Back,94.44444444444444,1408.8039215686274
VNB,9076,2,1-Back,83.33333333333334,1245.049019607843
VNB,9076,2,2-Back,93.33333333333333,1620.1666666666667
VNB,9078,1,1-Back,77.08333333333334,1554.421568627451
VNB,9078,1,2-Back,36.0,2166.6140350877195
VNB,9081,1,1-Back,97.91666666666666,1238.6960784313726
VNB,9081,1,2-Back,78.88888888888889,2463.235294117647
VNB,9083,1,1-Back,98.95833333333334,1437.2941176470588
VNB,9083,1,2-Back,85.55555555555556,2674.3627450980393
VNB,9086,1,1-Back,92.70833333333334,1310.4019607843138
VNB,9086,1,2-Back,61.111111111111114,2084.549019607843
VNB,9087,1,1-Back,94.79166666666666,1334.0882352941176
VNB,9087,1,2-Back,68.0,1909.6754385964912
VNB,9088,1,1-Back,96.875,1061.9019607843138
VNB,9088,1,2-Back,76.66666666666667,1828.735294117647
VNB,9090,1,1-Back,93.75,1481.4803921568628
VNB,9090,1,2-Back,46.0,1913.8859649122808
VNB,9093,1,1-Back,97.91666666666666,1234.6078431372548
VNB,9093,1,2-Back,79.0,1902.1052631578948
VNB,9999,1,1-Back,92.70833333333334,920.3627450980392
VNB,9999,1,2-Back,55.55555555555556,992.9509803921569
VNB,9999,nan,1-Back,94.79166666666666,789.0882352941177
VNB,9999,nan,2-Back,86.66666666666667,934.7941176470588
VNB,VNB,,1-Back,96.875,795.0
VNB,VNB,,2-Back,78.88888888888889,1126.2058823529412
