block_c,block_dur,condition,countdown,datetime,endtime,list,multichar_response,project,response,response_time,session_number,start_end,starttime,subject_id,task,task_vers,trial
,,,,Tue Aug 25 2026 15:40:12 GMT-0500 (Central Daylight Time),,,,I,space,491,3,,,8096,WL,A,
prac,,0,,Tue Aug 25 2026 15:40:12 GMT-0500 (Central Daylight Time),,NA,b,I,b,661,3,,,8096,WL,A,1.0
prac,,0,,Tue Aug 25 2026 15:40:12 GMT-0500 (Central Daylight Time),,NA,bo,I,o,109,3,,,8096,WL,A,1.0
prac,,0,,Tue Aug 25 2026 15:40:12 GMT-0500 (Central Daylight Time),,NA,boo,I,o,130,3,,,8096,WL,A,1.0
prac,,0,,Tue Aug 25 2026 15:40:12 GMT-0500 (Central Daylight Time),,NA,boos,I,s,59,3,,,8096,WL,A,1.0
prac,,0,,Tue Aug 25 2026 15:40:12 GMT-0500 (Central Daylight Time),,NA,boost,I,t,57,3,,,8096,WL,A,1.0
prac,,0,,Tue Aug 25 2026 15:40:12 GMT-0500 (Central Daylight Time),,NA,boostenter,I,enter,1150,3,,,8096,WL,A,1.0
1,0.75,learn,59250.0,Tue Aug 25 2026 15:40:12 GMT-0500 (Central Daylight Time),126374.5,A,f,I,f,731,3,749.5,125625.0,8096,WL,A,1.0
1,0.8329999446868896,learn,59167.00005531311,Tue Aug 25 2026 15:40:12 GMT-0500 (Central Daylight Time),126457.59999999404,A,fl,I,l,75,3,832.5999999940395,125625.0,8096,WL,A,1.0
1,0.999000072479248,learn,59000.99992752075,Tue Aug 25 2026 15:40:12 GMT-0500 (Central Daylight Time),126624.19999998808,A,flo,I,o,161,3,999.1999999880791,125625.0,8096,WL,A,1.0
1,1.0490000247955322,learn,58950.99997520447,Tue Aug 25 2026 15:40:12 GMT-0500 (Central Daylight Time),126674.09999999404,A,flow,I,w,42,3,1049.0999999940395,125625.0,8096,WL,A,1.0
1,1.1159999370574951,learn,58884.000062942505,Tue Aug 25 2026 15:40:12 GMT-0500 (Central Daylight Time),126741.19999998808,A,flowe,I,e,57,3,1116.199999988079,125625.0,8096,WL,A,1.0
1,1.184000015258789,learn,58815.99998474121,Tue Aug 25 2026 15:40:12 GMT-0500 (Central Daylight Time),126808.69999998808,A,flower,I,r,45,3,1183.699999988079,125625.0,8096,WL,A,1.0
1,2.2170000076293945,learn,57782.999992370605,Tue Aug 25 2026 15:40:12 GMT-0500 (Central Daylight Time),127841.59999999404,A,flowerenter,I,enter,1018,3,2216.5999999940395,125625.0,8096,WL,A,1.0
1,2.5490000247955322,learn,57450.99997520447,Tue Aug 25 2026 15:40:12 GMT-0500 (Central Daylight Time),128174.0,A,m,I,m,319,3,331.59999999403954,127842.40000000596,8096,WL,A,2.0
1,2.631999969482422,learn,57368.00003051758,Tue Aug 25 2026 15:40:12 GMT-0500 (Central Daylight Time),128256.90000000596,A,me,I,e,61,3,414.5,127842.40000000596,8096,WL,A,2.0
1,2.7149999141693115,learn,57285.00008583069,Tue Aug 25 2026 15:40:12 GMT-0500 (Central Daylight Time),128340.19999998808,A,mea,I,a,74,3,497.7999999821186,127842.40000000596,8096,WL,A,2.0
1,3.0160000324249268,learn,56983.99996757507,Tue Aug 25 2026 15:40:12 GMT-0500 (Central Daylight Time),128640.59999999404,A,mead,I,d,277,3,798.1999999880791,127842.40000000596,8096,WL,A,2.0
1,3.131999969482422,learn,56868.00003051758,Tue Aug 25 2026 15:40:12 GMT-0500 (Central Daylight Time),128756.59999999404,A,meado,I,o,98,3,914.1999999880791,127842.40000000596,8096,WL,A,2.0
1,3.3320000171661377,learn,56667.99998283386,Tue Aug 25 2026 15:40:12 GMT-0500 (Central Daylight Time),128956.80000001192,A,meadow,I,w,182,3,1114.4000000059605,127842.40000000596,8096,WL,A,2.0
1,3.565000057220459,learn,56434.99994277954,Tue Aug 25 2026 15:40:12 GMT-0500 (Central Daylight Time),129190.09999999404,A,meadowenter,I,enter,223,3,1347.699999988079,127842.40000000596,8096,WL,A,2.0
1,3.815000057220459,learn,56184.99994277954,Tue Aug 25 2026 15:40:12 GMT-0500 (Central Daylight Time),129440.0,A,b,I,b,237,3,249.30000001192093,129190.69999998808,8096,WL,A,3.0
1,3.931999921798706,learn,56068.000078201294,Tue Aug 25 2026 15:40:12 GMT-0500 (Central Daylight Time),129556.80000001192,A,bo,I,o,106,3,366.10000002384186,129190.69999998808,8096,WL,A,3.0
1,4.0980000495910645,learn,55901.999950408936,Tue Aug 25 2026 15:40:12 GMT-0500 (Central Daylight Time),129723.30000001192,A,boo,I,o,159,3,532.6000000238419,129190.69999998808,8096,WL,A,3.0
1,4.197999954223633,learn,55802.00004577637,Tue Aug 25 2026 15:40:12 GMT-0500 (Central Daylight Time),129823.30000001192,A,book,I,k,87,3,632.6000000238419,129190.69999998808,8096,WL,A,3.0
1,4.497999906539917,learn,55502.00009346008,Tue Aug 25 2026 15:40:12 GMT-0500 (Central Daylight Time),130123.19999998808,A,bookenter,I,enter,292,3,932.5,129190.69999998808,8096,WL,A,3.0
1,5.765000104904175,learn,54234.999895095825,Tue Aug 25 2026 15:40:12 GMT-0500 (Central Daylight Time),131389.69999998808,A,t,I,t,1248,3,1266.0,130123.69999998808,8096,WL,A,4.0
1,5.88100004196167,learn,54118.99995803833,Tue Aug 25 2026 15:40:12 GMT-0500 (Central Daylight Time),131506.0,A,tr,I,r,110,3,1382.300000011921,130123.69999998808,8096,WL,A,4.0
1,5.980999946594238,learn,54019.00005340576,Tue Aug 25 2026 15:40:12 GMT-0500 (Central Daylight Time),131606.09999999404,A,tra,I,a,82,3,1482.4000000059605,130123.69999998808,8096,WL,A,4.0
1,6.049000024795532,learn,53950.99997520447,Tue Aug 25 2026 15:40:12 GMT-0500 (Central Daylight Time),131673.80000001192,A,trai,I,i,61,3,1550.1000000238419,130123.69999998808,8096,WL,A,4.0
1,6.0980000495910645,learn,53901.999950408936,Tue Aug 25 2026 15:40:12 GMT-0500 (Central Daylight Time),131722.5,A,train,I,n,41,3,1598.800000011921,130123.69999998808,8096,WL,A,4.0
1,6.531000137329102,learn,53468.9998626709,Tue Aug 25 2026 15:40:12 GMT-0500 (Central Daylight Time),132155.59999999404,A,trainenter,I,enter,416,3,2031.9000000059605,130123.69999998808,8096,WL,A,4.0
1,6.864000082015991,learn,53135.99991798401,Tue Aug 25 2026 15:40:12 GMT-0500 (Central Daylight Time),132489.09999999404,A,l,I,l,319,3,333.19999998807907,132155.90000000596,8096,WL,A,5.0
1,7.031000137329102,learn,52968.9998626709,Tue Aug 25 2026 15:40:12 GMT-0500 (Central Daylight Time),132655.69999998808,A,lo,I,o,153,3,499.7999999821186,132155.90000000596,8096,WL,A,5.0
1,7.13100004196167,learn,52868.99995803833,Tue Aug 25 2026 15:40:12 GMT-0500 (Central Daylight Time),132755.90000000596,A,log,I,g,83,3,600.0,132155.90000000596,8096,WL,A,5.0
1,7.281000137329102,learn,52718.9998626709,Tue Aug 25 2026 15:40:12 GMT-0500 (Central Daylight Time),132905.5,A,logenter,I,enter,136,3,749.5999999940395,132155.90000000596,8096,WL,A,5.0
1,7.829999923706055,learn,52170.000076293945,Tue Aug 25 2026 15:40:12 GMT-0500 (Central Daylight Time),133455.40000000596,A,k,I,k,530,3,549.4000000059605,132906.0,8096,WL,A,6.0
1,7.96399998664856,learn,52036.00001335144,Tue Aug 25 2026 15:40:12 GMT-0500 (Central Daylight Time),133588.90000000596,A,ke,I,e,124,3,682.9000000059605,132906.0,8096,WL,A,6.0
1,8.079999923706055,learn,51920.000076293945,Tue Aug 25 2026 15:40:12 GMT-0500 (Central Daylight Time),133705.30000001192,A,key,I,y,102,3,799.3000000119209,132906.0,8096,WL,A,6.0
1,8.27999997138977,learn,51720.00002861023,Tue Aug 25 2026 15:40:12 GMT-0500 (Central Daylight Time),133905.19999998808,A,keyenter,I,enter,187,3,999.1999999880791,132906.0,8096,WL,A,6.0
1,8.564000129699707,learn,51435.99987030029,Tue Aug 25 2026 15:40:12 GMT-0500 (Central Daylight Time),134188.69999998808,A,a,I,a,275,3,283.19999998807907,133905.5,8096,WL,A,7.0
1,8.69700002670288,learn,51302.99997329712,Tue Aug 25 2026 15:40:12 GMT-0500 (Central Daylight Time),134322.0,A,ap,I,p,118,3,416.5,133905.5,8096,WL,A,7.0
1,8.829999923706055,learn,51170.000076293945,Tue Aug 25 2026 15:40:12 GMT-0500 (Central Daylight Time),134455.09999999404,A,app,I,p,122,3,549.5999999940395,133905.5,8096,WL,A,7.0
1,8.897000074386597,learn,51102.9999256134,Tue Aug 25 2026 15:40:12 GMT-0500 (Central Daylight Time),134521.5,A,appl,I,l,61,3,616.0,133905.5,8096,WL,A,7.0
1,9.02999997138977,learn,50970.00002861023,Tue Aug 25 2026 15:40:12 GMT-0500 (Central Daylight Time),134654.90000000596,A,apple,I,e,114,3,749.4000000059605,133905.5,8096,WL,A,7.0
1,9.147000074386597,learn,50852.9999256134,Tue Aug 25 2026 15:40:12 GMT-0500 (Central Daylight Time),134771.59999999404,A,appleenter,I,enter,100,3,866.0999999940395,133905.5,8096,WL,A,7.0
1,9.963000059127808,learn,50036.99994087219,Tue Aug 25 2026 15:40:12 GMT-0500 (Central Daylight Time),135588.19999998808,A,t,I,t,800,3,816.2999999821186,134771.90000000596,8096,WL,A,8.0
1,10.263000011444092,learn,49736.99998855591,Tue Aug 25 2026 15:40:12 GMT-0500 (Central Daylight Time),135888.0,A,,I,backspace,288,3,1116.0999999940395,134771.90000000596,8096,WL,A,8.0
1,10.329999923706055,learn,49670.000076293945,Tue Aug 25 2026 15:40:12 GMT-0500 (Central Daylight Time),135954.80000001192,A,r,I,r,60,3,1182.9000000059605,134771.90000000596,8096,WL,A,8.0
1,10.44700002670288,learn,49552.99997329712,Tue Aug 25 2026 15:40:12 GMT-0500 (Central Daylight Time),136071.5,A,ra,I,a,96,3,1299.5999999940395,134771.90000000596,8096,WL,A,8.0
1,10.52999997138977,learn,49470.00002861023,Tue Aug 25 2026 15:40:12 GMT-0500 (Central Daylight Time),136154.69999998808,A,rat,I,t,69,3,1382.7999999821186,134771.90000000596,8096,WL,A,8.0
1,10.663000106811523,learn,49336.99989318848,Tue Aug 25 2026 15:40:12 GMT-0500 (Central Daylight Time),136287.90000000596,A,ratt,I,t,120,3,1516.0,134771.90000000596,8096,WL,A,8.0
1,10.77999997138977,learn,49220.00002861023,Tue Aug 25 2026 15:40:12 GMT-0500 (Central Daylight Time),136404.5,A,rattl,I,l,99,3,1632.5999999940395,134771.90000000596,8096,WL,A,8.0
1,10.880000114440918,learn,49119.99988555908,Tue Aug 25 2026 15:40:12 GMT-0500 (Central Daylight Time),136504.5,A,rattle,I,e,79,3,1732.5999999940395,134771.90000000596,8096,WL,A,8.0
1,11.013000011444092,learn,48986.99998855591,Tue Aug 25 2026 15:40:12 GMT-0500 (Central Daylight Time),136637.69999998808,A,rattleenter,I,enter,115,3,1865.7999999821186,134771.90000000596,8096,WL,A,8.0
1,13.745000123977661,learn,46254.99987602234,Tue Aug 25 2026 15:40:12 GMT-0500 (Central Daylight Time),139370.30000001192,A,g,I,g,2718,3,2732.100000023842,136638.19999998808,8096,WL,A,9.0
1,13.812000036239624,learn,46187.999963760376,Tue Aug 25 2026 15:40:12 GMT-0500 (Central Daylight Time),139436.90000000596,A,go,I,o,57,3,2798.7000000178814,136638.19999998808,8096,WL,A,9.0
1,13.979000091552734,learn,46020.999908447266,Tue Aug 25 2026 15:40:12 GMT-0500 (Central Daylight Time),139603.40000000596,A,gol,I,l,150,3,2965.2000000178814,136638.19999998808,8096,WL,A,9.0
1,14.095999956130981,learn,45904.00004386902,Tue Aug 25 2026 15:40:12 GMT-0500 (Central Daylight Time),139721.19999998808,A,gold,I,d,96,3,3083.0,136638.19999998808,8096,WL,A,9.0
1,14.229000091552734,learn,45770.999908447266,Tue Aug 25 2026 15:40:12 GMT-0500 (Central Daylight Time),139853.59999999404,A,goldenter,I,enter,122,3,3215.4000000059605,136638.19999998808,8096,WL,A,9.0
1,14.930000066757202,learn,45069.9999332428,Tue Aug 25 2026 15:40:12 GMT-0500 (Central Daylight Time),140554.30000001192,A,b,I,b,686,3,700.5,139853.80000001192,8096,WL,A,10.0
1,15.013000011444092,learn,44986.99998855591,Tue Aug 25 2026 15:40:12 GMT-0500 (Central Daylight Time),140637.5,A,bu,I,u,66,3,783.6999999880791,139853.80000001192,8096,WL,A,10.0
1,15.111999988555908,learn,44888.00001144409,Tue Aug 25 2026 15:40:12 GMT-0500 (Central Daylight Time),140736.30000001192,A,but,I,t,85,3,882.5,139853.80000001192,8096,WL,A,10.0
1,15.26200008392334,learn,44737.99991607666,Tue Aug 25 2026 15:40:12 GMT-0500 (Central Daylight Time),140886.59999999404,A,butt,I,t,131,3,1032.7999999821186,139853.80000001192,8096,WL,A,10.0
1,15.34500002861023,learn,44654.99997138977,Tue Aug 25 2026 15:40:12 GMT-0500 (Central Daylight Time),140969.90000000596,A,butto,I,o,69,3,1116.0999999940395,139853.80000001192,8096,WL,A,10.0
1,15.378000020980835,learn,44621.999979019165,Tue Aug 25 2026 15:40:12 GMT-0500 (Central Daylight Time),141003.0,A,button,I,n,27,3,1149.199999988079,139853.80000001192,8096,WL,A,10.0
1,15.562000036239624,learn,44437.999963760376,Tue Aug 25 2026 15:40:12 GMT-0500 (Central Daylight Time),141186.40000000596,A,buttonenter,I,enter,169,3,1332.5999999940395,139853.80000001192,8096,WL,A,10.0
1,22.377000093460083,learn,37622.99990653992,Tue Aug 25 2026 15:40:12 GMT-0500 (Central Daylight Time),148001.90000000596,A,a,I,a,6809,3,6815.0,141186.90000000596,8096,WL,A,11.0
1,22.493000030517578,learn,37506.99996948242,Tue Aug 25 2026 15:40:12 GMT-0500 (Central Daylight Time),148117.30000001192,A,ap,I,p,97,3,6930.4000000059605,141186.90000000596,8096,WL,A,11.0
1,22.64300012588501,learn,37356.99987411499,Tue Aug 25 2026 15:40:12 GMT-0500 (Central Daylight Time),148267.59999999404,A,app,I,p,143,3,7080.699999988079,141186.90000000596,8096,WL,A,11.0
1,22.759000062942505,learn,37240.999937057495,Tue Aug 25 2026 15:40:12 GMT-0500 (Central Daylight Time),148383.90000000596,A,appl,I,l,96,3,7197.0,141186.90000000596,8096,WL,A,11.0
1,22.875999927520752,learn,37124.00007247925,Tue Aug 25 2026 15:40:12 GMT-0500 (Central Daylight Time),148500.90000000596,A,apple,I,e,99,3,7314.0,141186.90000000596,8096,WL,A,11.0
1,23.075999975204468,learn,36924.00002479553,Tue Aug 25 2026 15:40:12 GMT-0500 (Central Daylight Time),148700.80000001192,A,appleenter,I,enter,191,3,7513.9000000059605,141186.90000000596,8096,WL,A,11.0
1,41.03699994087219,learn,18963.000059127808,Tue Aug 25 2026 15:40:12 GMT-0500 (Central Daylight Time),166661.90000000596,A,enter,I,enter,17952,3,17960.80000001192,148701.09999999404,8096,WL,A,12.0
1,41.28699994087219,learn,18713.000059127808,Tue Aug 25 2026 15:40:12 GMT-0500 (Central Daylight Time),166911.80000001192,A,enter,I,enter,229,3,249.60000002384186,166662.19999998808,8096,WL,A,13.0
1,41.45300006866455,learn,18546.99993133545,Tue Aug 25 2026 15:40:12 GMT-0500 (Central Daylight Time),167078.19999998808,A,enter,I,enter,156,3,166.0,166912.19999998808,8096,WL,A,14.0
1,42.12000012397766,learn,17879.99987602234,Tue Aug 25 2026 15:40:12 GMT-0500 (Central Daylight Time),167744.69999998808,A,enter,I,enter,652,3,666.0,167078.69999998808,8096,WL,A,15.0
2,1.315999984741211,learn,58684.00001525879,Tue Aug 25 2026 15:40:12 GMT-0500 (Central Daylight Time),235273.5,A,a,I,a,1295,3,1316.199999988079,233957.30000001192,8096,WL,A,1.0
2,1.3989999294281006,learn,58601.0000705719,Tue Aug 25 2026 15:40:12 GMT-0500 (Central Daylight Time),235357.0,A,ap,I,p,65,3,1399.699999988079,233957.30000001192,8096,WL,A,1.0
2,1.565999984741211,learn,58434.00001525879,Tue Aug 25 2026 15:40:12 GMT-0500 (Central Daylight Time),235523.5,A,app,I,p,159,3,1566.199999988079,233957.30000001192,8096,WL,A,1.0
2,1.6489999294281006,learn,58351.0000705719,Tue Aug 25 2026 15:40:12 GMT-0500 (Central Daylight Time),235607.0,A,appl,I,l,72,3,1649.699999988079,233957.30000001192,8096,WL,A,1.0
2,1.8499999046325684,learn,58150.00009536743,Tue Aug 25 2026 15:40:12 GMT-0500 (Central Daylight Time),235807.5,A,apple,I,e,188,3,1850.199999988079,233957.30000001192,8096,WL,A,1.0
2,2.681999921798706,learn,57318.000078201294,Tue Aug 25 2026 15:40:12 GMT-0500 (Central Daylight Time),236639.80000001192,A,appleenter,I,enter,820,3,2682.5,233957.30000001192,8096,WL,A,1.0
2,2.8989999294281006,learn,57101.0000705719,Tue Aug 25 2026 15:40:12 GMT-0500 (Central Daylight Time),236856.40000000596,A,b,I,b,204,3,216.2000000178814,236640.19999998808,8096,WL,A,2.0
2,3.0169999599456787,learn,56983.00004005432,Tue Aug 25 2026 15:40:12 GMT-0500 (Central Daylight Time),236974.5,A,bu,I,u,99,3,334.30000001192093,236640.19999998808,8096,WL,A,2.0
2,3.115000009536743,learn,56884.99999046326,Tue Aug 25 2026 15:40:12 GMT-0500 (Central Daylight Time),237072.90000000596,A,but,I,t,94,3,432.7000000178814,236640.19999998808,8096,WL,A,2.0
2,3.265000104904175,learn,56734.999895095825,Tue Aug 25 2026 15:40:12 GMT-0500 (Central Daylight Time),237222.90000000596,A,butt,I,t,138,3,582.7000000178814,236640.19999998808,8096,WL,A,2.0
2,3.3489999771118164,learn,56651.00002288818,Tue Aug 25 2026 15:40:12 GMT-0500 (Central Daylight Time),237306.19999998808,A,butto,I,o,77,3,666.0,236640.19999998808,8096,WL,A,2.0
2,3.4149999618530273,learn,56585.00003814697,Tue Aug 25 2026 15:40:12 GMT-0500 (Central Daylight Time),237372.90000000596,A,button,I,n,57,3,732.7000000178814,236640.19999998808,8096,WL,A,2.0
2,3.7320001125335693,learn,56267.99988746643,Tue Aug 25 2026 15:40:12 GMT-0500 (Central Daylight Time),237689.19999998808,A,buttonenter,I,enter,311,3,1049.0,236640.19999998808,8096,WL,A,2.0
2,3.9649999141693115,learn,56035.00008583069,Tue Aug 25 2026 15:40:12 GMT-0500 (Central Daylight Time),237922.69999998808,A,r,I,r,226,3,233.2999999821186,237689.40000000596,8096,WL,A,3.0
2,4.148999929428101,learn,55851.0000705719,Tue Aug 25 2026 15:40:12 GMT-0500 (Central Daylight Time),238106.40000000596,A,ra,I,a,177,3,417.0,237689.40000000596,8096,WL,A,3.0
2,4.247999906539917,learn,55752.00009346008,Tue Aug 25 2026 15:40:12 GMT-0500 (Central Daylight Time),238205.90000000596,A,rat,I,t,81,3,516.5,237689.40000000596,8096,WL,A,3.0
2,4.398000001907349,learn,55601.99999809265,Tue Aug 25 2026 15:40:12 GMT-0500 (Central Daylight Time),238355.69999998808,A,ratt,I,t,133,3,666.2999999821186,237689.40000000596,8096,WL,A,3.0
2,4.482000112533569,learn,55517.99988746643,Tue Aug 25 2026 15:40:12 GMT-0500 (Central Daylight Time),238439.5,A,rattl,I,l,64,3,750.0999999940395,237689.40000000596,8096,WL,A,3.0
2,4.582000017166138,learn,55417.99998283386,Tue Aug 25 2026 15:40:12 GMT-0500 (Central Daylight Time),238539.0,A,rattle,I,e,92,3,849.5999999940395,237689.40000000596,8096,WL,A,3.0
2,4.747999906539917,learn,55252.00009346008,Tue Aug 25 2026 15:40:12 GMT-0500 (Central Daylight Time),238705.5,A,rattleenter,I,enter,160,3,1016.0999999940395,237689.40000000596,8096,WL,A,3.0
2,5.0320000648498535,learn,54967.99993515015,Tue Aug 25 2026 15:40:12 GMT-0500 (Central Daylight Time),238989.19999998808,A,a,I,a,275,3,283.5,238705.69999998808,8096,WL,A,4.0
2,5.381999969482422,learn,54618.00003051758,Tue Aug 25 2026 15:40:12 GMT-0500 (Central Daylight Time),239339.09999999404,A,,I,backspace,341,3,633.4000000059605,238705.69999998808,8096,WL,A,4.0
2,5.523999929428101,learn,54476.0000705719,Tue Aug 25 2026 15:40:12 GMT-0500 (Central Daylight Time),239481.40000000596,A,s,I,s,137,3,775.7000000178814,238705.69999998808,8096,WL,A,4.0
2,5.568000078201294,learn,54431.999921798706,Tue Aug 25 2026 15:40:12 GMT-0500 (Central Daylight Time),239525.0,A,sa,I,a,25,3,819.3000000119209,238705.69999998808,8096,WL,A,4.0
2,5.664999961853027,learn,54335.00003814697,Tue Aug 25 2026 15:40:12 GMT-0500 (Central Daylight Time),239622.09999999404,A,sal,I,l,84,3,916.4000000059605,238705.69999998808,8096,WL,A,4.0
2,5.79800009727478,learn,54201.99990272522,Tue Aug 25 2026 15:40:12 GMT-0500 (Central Daylight Time),239755.5,A,salt,I,t,125,3,1049.800000011921,238705.69999998808,8096,WL,A,4.0
2,5.997999906539917,learn,54002.00009346008,Tue Aug 25 2026 15:40:12 GMT-0500 (Central Daylight Time),239955.30000001192,A,saltenter,I,enter,192,3,1249.6000000238419,238705.69999998808,8096,WL,A,4.0
2,6.21399998664856,learn,53786.00001335144,Tue Aug 25 2026 15:40:12 GMT-0500 (Central Daylight Time),240171.59999999404,A,g,I,g,208,3,215.90000000596046,239955.69999998808,8096,WL,A,5.0
2,6.29800009727478,learn,53701.99990272522,Tue Aug 25 2026 15:40:12 GMT-0500 (Central Daylight Time),240255.59999999404,A,go,I,o,72,3,299.90000000596046,239955.69999998808,8096,WL,A,5.0
2,6.480999946594238,learn,53519.00005340576,Tue Aug 25 2026 15:40:12 GMT-0500 (Central Daylight Time),240438.69999998808,A,gol,I,l,173,3,483.0,239955.69999998808,8096,WL,A,5.0
2,6.581000089645386,learn,53418.999910354614,Tue Aug 25 2026 15:40:12 GMT-0500 (Central Daylight Time),240538.69999998808,A,gold,I,d,85,3,583.0,239955.69999998808,8096,WL,A,5.0
2,6.730999946594238,learn,53269.00005340576,Tue Aug 25 2026 15:40:12 GMT-0500 (Central Daylight Time),240688.69999998808,A,goldenter,I,enter,137,3,733.0,239955.69999998808,8096,WL,A,5.0
2,6.930999994277954,learn,53069.000005722046,Tue Aug 25 2026 15:40:12 GMT-0500 (Central Daylight Time),240888.30000001192,A,k,I,k,195,3,199.2000000178814,240689.09999999404,8096,WL,A,6.0
2,7.013999938964844,learn,52986.000061035156,Tue Aug 25 2026 15:40:12 GMT-0500 (Central Daylight Time),240971.69999998808,A,ke,I,e,75,3,282.59999999403954,240689.09999999404,8096,WL,A,6.0
2,7.147000074386597,learn,52852.9999256134,Tue Aug 25 2026 15:40:12 GMT-0500 (Central Daylight Time),241104.80000001192,A,key,I,y,119,3,415.7000000178814,240689.09999999404,8096,WL,A,6.0
2,7.331000089645386,learn,52668.999910354614,Tue Aug 25 2026 15:40:12 GMT-0500 (Central Daylight Time),241288.40000000596,A,keyenter,I,enter,170,3,599.3000000119209,240689.09999999404,8096,WL,A,6.0
2,8.880000114440918,learn,51119.99988555908,Tue Aug 25 2026 15:40:12 GMT-0500 (Central Daylight Time),242837.80000001192,A,c,I,c,1539,3,1549.1000000238419,241288.69999998808,8096,WL,A,7.0
2,8.980999946594238,learn,51019.00005340576,Tue Aug 25 2026 15:40:12 GMT-0500 (Central Daylight Time),242938.0,A,ch,I,h,86,3,1649.300000011921,241288.69999998808,8096,WL,A,7.0
2,9.44700002670288,learn,50552.99997329712,Tue Aug 25 2026 15:40:12 GMT-0500 (Central Daylight Time),243404.30000001192,A,chi,I,i,450,3,2115.600000023842,241288.69999998808,8096,WL,A,7.0
2,9.630000114440918,learn,50369.99988555908,Tue Aug 25 2026 15:40:12 GMT-0500 (Central Daylight Time),243587.59999999404,A,chim,I,m,167,3,2298.9000000059605,241288.69999998808,8096,WL,A,7.0
2,9.812999963760376,learn,50187.000036239624,Tue Aug 25 2026 15:40:12 GMT-0500 (Central Daylight Time),243770.59999999404,A,chimn,I,n,168,3,2481.9000000059605,241288.69999998808,8096,WL,A,7.0
2,9.897000074386597,learn,50102.9999256134,Tue Aug 25 2026 15:40:12 GMT-0500 (Central Daylight Time),243854.30000001192,A,chimne,I,e,73,3,2565.600000023842,241288.69999998808,8096,WL,A,7.0
2,9.996999979019165,learn,50003.000020980835,Tue Aug 25 2026 15:40:12 GMT-0500 (Central Daylight Time),243954.09999999404,A,chimney,I,y,94,3,2665.4000000059605,241288.69999998808,8096,WL,A,7.0
2,10.27999997138977,learn,49720.00002861023,Tue Aug 25 2026 15:40:12 GMT-0500 (Central Daylight Time),244237.30000001192,A,chimneyenter,I,enter,274,3,2948.600000023842,241288.69999998808,8096,WL,A,7.0
2,10.61299991607666,learn,49387.00008392334,Tue Aug 25 2026 15:40:12 GMT-0500 (Central Daylight Time),244570.69999998808,A,r,I,r,318,3,333.09999999403954,244237.59999999404,8096,WL,A,8.0
2,10.680000066757202,learn,49319.9999332428,Tue Aug 25 2026 15:40:12 GMT-0500 (Central Daylight Time),244637.30000001192,A,ru,I,u,57,3,399.7000000178814,244237.59999999404,8096,WL,A,8.0
2,11.079999923706055,learn,48920.000076293945,Tue Aug 25 2026 15:40:12 GMT-0500 (Central Daylight Time),245037.0,A,rug,I,g,382,3,799.4000000059605,244237.59999999404,8096,WL,A,8.0
2,11.263000011444092,learn,48736.99998855591,Tue Aug 25 2026 15:40:12 GMT-0500 (Central Daylight Time),245220.59999999404,A,rugenter,I,enter,166,3,983.0,244237.59999999404,8096,WL,A,8.0
2,11.678999900817871,learn,48321.00009918213,Tue Aug 25 2026 15:40:12 GMT-0500 (Central Daylight Time),245636.90000000596,A,f,I,f,407,3,416.0,245220.90000000596,8096,WL,A,9.0
2,11.746000051498413,learn,48253.99994850159,Tue Aug 25 2026 15:40:12 GMT-0500 (Central Daylight Time),245703.59999999404,A,fl,I,l,55,3,482.69999998807907,245220.90000000596,8096,WL,A,9.0
2,11.913000106811523,learn,48086.99989318848,Tue Aug 25 2026 15:40:12 GMT-0500 (Central Daylight Time),245870.19999998808,A,flo,I,o,148,3,649.2999999821186,245220.90000000596,8096,WL,A,9.0
2,11.996999979019165,learn,48003.000020980835,Tue Aug 25 2026 15:40:12 GMT-0500 (Central Daylight Time),245954.59999999404,A,flow,I,w,77,3,733.6999999880791,245220.90000000596,8096,WL,A,9.0
2,12.114000082015991,learn,47885.99991798401,Tue Aug 25 2026 15:40:12 GMT-0500 (Central Daylight Time),246071.30000001192,A,flowe,I,e,97,3,850.4000000059605,245220.90000000596,8096,WL,A,9.0
2,12.196000099182129,learn,47803.99990081787,Tue Aug 25 2026 15:40:12 GMT-0500 (Central Daylight Time),246153.80000001192,A,flower,I,r,69,3,932.9000000059605,245220.90000000596,8096,WL,A,9.0
2,12.729000091552734,learn,47270.999908447266,Tue Aug 25 2026 15:40:12 GMT-0500 (Central Daylight Time),246686.80000001192,A,flowerenter,I,enter,521,3,1465.9000000059605,245220.90000000596,8096,WL,A,9.0
2,14.01200008392334,learn,45987.99991607666,Tue Aug 25 2026 15:40:12 GMT-0500 (Central Daylight Time),247969.59999999404,A,b,I,b,1269,3,1282.4000000059605,246687.19999998808,8096,WL,A,10.0
2,14.11299991607666,learn,45887.00008392334,Tue Aug 25 2026 15:40:12 GMT-0500 (Central Daylight Time),248069.90000000596,A,bo,I,o,83,3,1382.7000000178814,246687.19999998808,8096,WL,A,10.0
2,14.295000076293945,learn,45704.999923706055,Tue Aug 25 2026 15:40:12 GMT-0500 (Central Daylight Time),248252.59999999404,A,boo,I,o,165,3,1565.4000000059605,246687.19999998808,8096,WL,A,10.0
2,14.361999988555908,learn,45638.00001144409,Tue Aug 25 2026 15:40:12 GMT-0500 (Central Daylight Time),248319.19999998808,A,book,I,k,55,3,1632.0,246687.19999998808,8096,WL,A,10.0
2,14.59500002861023,learn,45404.99997138977,Tue Aug 25 2026 15:40:12 GMT-0500 (Central Daylight Time),248552.59999999404,A,bookenter,I,enter,227,3,1865.4000000059605,246687.19999998808,8096,WL,A,10.0
2,15.17799997329712,learn,44822.00002670288,Tue Aug 25 2026 15:40:12 GMT-0500 (Central Daylight Time),249135.90000000596,A,t,I,t,563,3,583.0999999940395,248552.80000001192,8096,WL,A,11.0
2,15.34500002861023,learn,44654.99997138977,Tue Aug 25 2026 15:40:12 GMT-0500 (Central Daylight Time),249302.40000000596,A,tr,I,r,147,3,749.5999999940395,248552.80000001192,8096,WL,A,11.0
2,15.42799997329712,learn,44572.00002670288,Tue Aug 25 2026 15:40:12 GMT-0500 (Central Daylight Time),249385.90000000596,A,tra,I,a,69,3,833.0999999940395,248552.80000001192,8096,WL,A,11.0
2,15.545000076293945,learn,44454.999923706055,Tue Aug 25 2026 15:40:12 GMT-0500 (Central Daylight Time),249502.40000000596,A,trai,I,i,97,3,949.5999999940395,248552.80000001192,8096,WL,A,11.0
2,15.59500002861023,learn,44404.99997138977,Tue Aug 25 2026 15:40:12 GMT-0500 (Central Daylight Time),249552.5,A,train,I,n,37,3,999.6999999880791,248552.80000001192,8096,WL,A,11.0
2,15.92799997329712,learn,44072.00002670288,Tue Aug 25 2026 15:40:12 GMT-0500 (Central Daylight Time),249885.5,A,trainenter,I,enter,315,3,1332.699999988079,248552.80000001192,8096,WL,A,11.0
2,16.244999885559082,learn,43755.00011444092,Tue Aug 25 2026 15:40:12 GMT-0500 (Central Daylight Time),250202.19999998808,A,l,I,l,303,3,316.39999997615814,249885.80000001192,8096,WL,A,12.0
2,16.41100001335144,learn,43588.99998664856,Tue Aug 25 2026 15:40:12 GMT-0500 (Central Daylight Time),250368.80000001192,A,lo,I,o,153,3,483.0,249885.80000001192,8096,WL,A,12.0
2,16.545000076293945,learn,43454.999923706055,Tue Aug 25 2026 15:40:12 GMT-0500 (Central Daylight Time),250502.0,A,log,I,g,115,3,616.1999999880791,249885.80000001192,8096,WL,A,12.0
2,16.67799997329712,learn,43322.00002670288,Tue Aug 25 2026 15:40:12 GMT-0500 (Central Daylight Time),250635.5,A,logenter,I,enter,118,3,749.6999999880791,249885.80000001192,8096,WL,A,12.0
2,22.377000093460083,learn,37622.99990653992,Tue Aug 25 2026 15:40:12 GMT-0500 (Central Daylight Time),256334.80000001192,A,h,I,h,5680,3,5698.9000000059605,250635.90000000596,8096,WL,A,13.0
2,22.477999925613403,learn,37522.0000743866,Tue Aug 25 2026 15:40:12 GMT-0500 (Central Daylight Time),256435.0,A,ha,I,a,84,3,5799.0999999940395,250635.90000000596,8096,WL,A,13.0
2,22.542999982833862,learn,37457.00001716614,Tue Aug 25 2026 15:40:12 GMT-0500 (Central Daylight Time),256500.09999999404,A,har,I,r,48,3,5864.199999988079,250635.90000000596,8096,WL,A,13.0
2,22.80900001525879,learn,37190.99998474121,Tue Aug 25 2026 15:40:12 GMT-0500 (Central Daylight Time),256766.80000001192,A,harp,I,p,255,3,6130.9000000059605,250635.90000000596,8096,WL,A,13.0
2,24.05900001525879,learn,35940.99998474121,Tue Aug 25 2026 15:40:12 GMT-0500 (Central Daylight Time),258016.19999998808,A,harpenter,I,enter,1229,3,7380.299999982119,250635.90000000596,8096,WL,A,13.0
2,24.55900001525879,learn,35440.99998474121,Tue Aug 25 2026 15:40:12 GMT-0500 (Central Daylight Time),258516.40000000596,A,f,I,f,482,3,499.90000000596046,258016.5,8096,WL,A,14.0
2,24.64199995994568,learn,35358.00004005432,Tue Aug 25 2026 15:40:12 GMT-0500 (Central Daylight Time),258599.59999999404,A,fi,I,i,71,3,583.0999999940395,258016.5,8096,WL,A,14.0
2,24.70900011062622,learn,35290.99988937378,Tue Aug 25 2026 15:40:12 GMT-0500 (Central Daylight Time),258666.19999998808,A,fin,I,n,59,3,649.6999999880791,258016.5,8096,WL,A,14.0
2,24.80999994277954,learn,35190.00005722046,Tue Aug 25 2026 15:40:12 GMT-0500 (Central Daylight Time),258767.40000000596,A,fing,I,g,89,3,750.9000000059605,258016.5,8096,WL,A,14.0
2,24.943000078201294,learn,35056.999921798706,Tue Aug 25 2026 15:40:12 GMT-0500 (Central Daylight Time),258900.19999998808,A,finge,I,e,123,3,883.6999999880791,258016.5,8096,WL,A,14.0
2,24.992000102996826,learn,35007.999897003174,Tue Aug 25 2026 15:40:12 GMT-0500 (Central Daylight Time),258949.19999998808,A,finger,I,r,40,3,932.6999999880791,258016.5,8096,WL,A,14.0
2,25.22499990463257,learn,34775.00009536743,Tue Aug 25 2026 15:40:12 GMT-0500 (Central Daylight Time),259182.59999999404,A,fingerenter,I,enter,222,3,1166.0999999940395,258016.5,8096,WL,A,14.0
2,29.973000049591064,learn,30026.999950408936,Tue Aug 25 2026 15:40:12 GMT-0500 (Central Daylight Time),263931.0,A,enter,I,enter,4732,3,4748.0999999940395,259182.90000000596,8096,WL,A,15.0
3,0.36700010299682617,learn,59632.999897003174,Tue Aug 25 2026 15:40:12 GMT-0500 (Central Daylight Time),328694.40000000596,A,a,I,a,349,3,366.5,328327.90000000596,8096,WL,A,1.0
3,0.5500001907348633,learn,59449.99980926514,Tue Aug 25 2026 15:40:12 GMT-0500 (Central Daylight Time),328877.40000000596,A,ap,I,p,172,3,549.5,328327.90000000596,8096,WL,A,1.0
3,0.7160000801086426,learn,59283.99991989136,Tue Aug 25 2026 15:40:12 GMT-0500 (Central Daylight Time),329044.09999999404,A,app,I,p,150,3,716.1999999880791,328327.90000000596,8096,WL,A,1.0
3,0.75,learn,59250.0,Tue Aug 25 2026 15:40:12 GMT-0500 (Central Daylight Time),329077.5,A,appl,I,l,15,3,749.5999999940395,328327.90000000596,8096,WL,A,1.0
3,0.8660001754760742,learn,59133.999824523926,Tue Aug 25 2026 15:40:12 GMT-0500 (Central Daylight Time),329194.09999999404,A,apple,I,e,110,3,866.1999999880791,328327.90000000596,8096,WL,A,1.0
3,1.1820001602172852,learn,58817.999839782715,Tue Aug 25 2026 15:40:12 GMT-0500 (Central Daylight Time),329510.3000000119,A,appleenter,I,enter,305,3,1182.4000000059605,328327.90000000596,8096,WL,A,1.0
3,1.3990001678466797,learn,58600.99983215332,Tue Aug 25 2026 15:40:12 GMT-0500 (Central Daylight Time),329727.1999999881,A,b,I,b,206,3,216.59999999403954,329510.59999999404,8096,WL,A,2.0
3,1.4830000400543213,learn,58516.99995994568,Tue Aug 25 2026 15:40:12 GMT-0500 (Central Daylight Time),329810.6999999881,A,bu,I,u,75,3,300.09999999403954,329510.59999999404,8096,WL,A,2.0
3,1.633000135421753,learn,58366.99986457825,Tue Aug 25 2026 15:40:12 GMT-0500 (Central Daylight Time),329960.40000000596,A,but,I,t,144,3,449.80000001192093,329510.59999999404,8096,WL,A,2.0
3,1.81600022315979,learn,58183.99977684021,Tue Aug 25 2026 15:40:12 GMT-0500 (Central Daylight Time),330144.0,A,butt,I,t,163,3,633.4000000059605,329510.59999999404,8096,WL,A,2.0
3,1.883000135421753,learn,58116.99986457825,Tue Aug 25 2026 15:40:12 GMT-0500 (Central Daylight Time),330211.0,A,butto,I,o,59,3,700.4000000059605,329510.59999999404,8096,WL,A,2.0
3,1.9490001201629639,learn,58050.999879837036,Tue Aug 25 2026 15:40:12 GMT-0500 (Central Daylight Time),330277.09999999404,A,button,I,n,48,3,766.5,329510.59999999404,8096,WL,A,2.0
3,2.2330000400543213,learn,57766.99995994568,Tue Aug 25 2026 15:40:12 GMT-0500 (Central Daylight Time),330560.5,A,buttonenter,I,enter,262,3,1049.9000000059605,329510.59999999404,8096,WL,A,2.0
3,2.382000207901001,learn,57617.999792099,Tue Aug 25 2026 15:40:12 GMT-0500 (Central Daylight Time),330710.1999999881,A,r,I,r,139,3,149.39999997615814,330560.8000000119,8096,WL,A,3.0
3,2.5,learn,57500.0,Tue Aug 25 2026 15:40:12 GMT-0500 (Central Daylight Time),330827.40000000596,A,ra,I,a,101,3,266.59999999403954,330560.8000000119,8096,WL,A,3.0
3,2.5830001831054688,learn,57416.99981689453,Tue Aug 25 2026 15:40:12 GMT-0500 (Central Daylight Time),330910.59999999404,A,rat,I,t,64,3,349.7999999821186,330560.8000000119,8096,WL,A,3.0
3,2.7160000801086426,learn,57283.99991989136,Tue Aug 25 2026 15:40:12 GMT-0500 (Central Daylight Time),331043.6999999881,A,ratt,I,t,125,3,482.89999997615814,330560.8000000119,8096,WL,A,3.0
3,2.8000001907348633,learn,57199.99980926514,Tue Aug 25 2026 15:40:12 GMT-0500 (Central Daylight Time),331127.59999999404,A,rattl,I,l,72,3,566.7999999821186,330560.8000000119,8096,WL,A,3.0
3,2.8990001678466797,learn,57100.99983215332,Tue Aug 25 2026 15:40:12 GMT-0500 (Central Daylight Time),331226.90000000596,A,rattle,I,e,84,3,666.0999999940395,330560.8000000119,8096,WL,A,3.0
3,3.132000207901001,learn,56867.999792099,Tue Aug 25 2026 15:40:12 GMT-0500 (Central Daylight Time),331460.09999999404,A,rattleenter,I,enter,225,3,899.2999999821186,330560.8000000119,8096,WL,A,3.0
3,3.3330001831054688,learn,56666.99981689453,Tue Aug 25 2026 15:40:12 GMT-0500 (Central Daylight Time),331661.1999999881,A,s,I,s,183,3,200.7999999821186,331460.40000000596,8096,WL,A,4.0
3,3.449000120162964,learn,56550.999879837036,Tue Aug 25 2026 15:40:12 GMT-0500 (Central Daylight Time),331776.6999999881,A,sa,I,a,95,3,316.2999999821186,331460.40000000596,8096,WL,A,4.0
3,3.5320000648498535,learn,56467.99993515015,Tue Aug 25 2026 15:40:12 GMT-0500 (Central Daylight Time),331860.09999999404,A,sal,I,l,74,3,399.69999998807907,331460.40000000596,8096,WL,A,4.0
3,3.6490001678466797,learn,56350.99983215332,Tue Aug 25 2026 15:40:12 GMT-0500 (Central Daylight Time),331976.40000000596,A,salt,I,t,111,3,516.0,331460.40000000596,8096,WL,A,4.0
3,3.865000009536743,learn,56134.99999046326,Tue Aug 25 2026 15:40:12 GMT-0500 (Central Daylight Time),332193.1999999881,A,saltenter,I,enter,204,3,732.7999999821186,331460.40000000596,8096,WL,A,4.0
3,4.0320000648498535,learn,55967.99993515015,Tue Aug 25 2026 15:40:12 GMT-0500 (Central Daylight Time),332359.90000000596,A,g,I,g,154,3,166.30000001192093,332193.59999999404,8096,WL,A,5.0
3,4.115000009536743,learn,55884.99999046326,Tue Aug 25 2026 15:40:12 GMT-0500 (Central Daylight Time),332443.0,A,go,I,o,76,3,249.40000000596046,332193.59999999404,8096,WL,A,5.0
3,4.299000024795532,learn,55700.99997520447,Tue Aug 25 2026 15:40:12 GMT-0500 (Central Daylight Time),332626.59999999404,A,gol,I,l,168,3,433.0,332193.59999999404,8096,WL,A,5.0
3,4.4150002002716064,learn,55584.99979972839,Tue Aug 25 2026 15:40:12 GMT-0500 (Central Daylight Time),332742.90000000596,A,gold,I,d,97,3,549.3000000119209,332193.59999999404,8096,WL,A,5.0
3,4.5320000648498535,learn,55467.99993515015,Tue Aug 25 2026 15:40:12 GMT-0500 (Central Daylight Time),332859.59999999404,A,goldenter,I,enter,101,3,666.0,332193.59999999404,8096,WL,A,5.0
3,4.715000152587891,learn,55284.99984741211,Tue Aug 25 2026 15:40:12 GMT-0500 (Central Daylight Time),333042.90000000596,A,k,I,k,177,3,182.90000000596046,332860.0,8096,WL,A,6.0
3,4.815000057220459,learn,55184.99994277954,Tue Aug 25 2026 15:40:12 GMT-0500 (Central Daylight Time),333142.90000000596,A,ke,I,e,80,3,282.90000000596046,332860.0,8096,WL,A,6.0
3,4.948000192642212,learn,55051.99980735779,Tue Aug 25 2026 15:40:12 GMT-0500 (Central Daylight Time),333276.09999999404,A,key,I,y,125,3,416.09999999403954,332860.0,8096,WL,A,6.0
3,5.27400016784668,learn,54725.99983215332,Tue Aug 25 2026 15:40:12 GMT-0500 (Central Daylight Time),333601.90000000596,A,keyenter,I,enter,183,3,741.9000000059605,332860.0,8096,WL,A,6.0
3,5.9150002002716064,learn,54084.99979972839,Tue Aug 25 2026 15:40:12 GMT-0500 (Central Daylight Time),334242.6999999881,A,f,I,f,624,3,640.3999999761581,333602.3000000119,8096,WL,A,7.0
3,6.015000104904175,learn,53984.999895095825,Tue Aug 25 2026 15:40:12 GMT-0500 (Central Daylight Time),334342.40000000596,A,fl,I,l,80,3,740.0999999940395,333602.3000000119,8096,WL,A,7.0
3,6.148000001907349,learn,53851.99999809265,Tue Aug 25 2026 15:40:12 GMT-0500 (Central Daylight Time),334476.0,A,flo,I,o,117,3,873.6999999880791,333602.3000000119,8096,WL,A,7.0
3,6.198000192642212,learn,53801.99980735779,Tue Aug 25 2026 15:40:12 GMT-0500 (Central Daylight Time),334525.8000000119,A,flow,I,w,31,3,923.5,333602.3000000119,8096,WL,A,7.0
3,6.249000072479248,learn,53750.99992752075,Tue Aug 25 2026 15:40:12 GMT-0500 (Central Daylight Time),334576.3000000119,A,flowe,I,e,30,3,974.0,333602.3000000119,8096,WL,A,7.0
3,6.281000137329102,learn,53718.9998626709,Tue Aug 25 2026 15:40:12 GMT-0500 (Central Daylight Time),334608.6999999881,A,flower,I,r,27,3,1006.3999999761581,333602.3000000119,8096,WL,A,7.0
3,6.648000001907349,learn,53351.99999809265,Tue Aug 25 2026 15:40:12 GMT-0500 (Central Daylight Time),334975.59999999404,A,flowerenter,I,enter,347,3,1373.2999999821186,333602.3000000119,8096,WL,A,7.0
3,6.831000089645386,learn,53168.999910354614,Tue Aug 25 2026 15:40:12 GMT-0500 (Central Daylight Time),335158.6999999881,A,b,I,b,172,3,182.7999999821186,334975.90000000596,8096,WL,A,8.0
3,6.948000192642212,learn,53051.99980735779,Tue Aug 25 2026 15:40:12 GMT-0500 (Central Daylight Time),335275.40000000596,A,bo,I,o,101,3,299.5,334975.90000000596,8096,WL,A,8.0
3,7.114000082015991,learn,52885.99991798401,Tue Aug 25 2026 15:40:12 GMT-0500 (Central Daylight Time),335441.8000000119,A,boo,I,o,160,3,465.90000000596046,334975.90000000596,8096,WL,A,8.0
3,7.199000120162964,learn,52800.999879837036,Tue Aug 25 2026 15:40:12 GMT-0500 (Central Daylight Time),335526.59999999404,A,book,I,k,66,3,550.6999999880791,334975.90000000596,8096,WL,A,8.0
3,7.481000185012817,learn,52518.99981498718,Tue Aug 25 2026 15:40:12 GMT-0500 (Central Daylight Time),335808.5,A,bookenter,I,enter,277,3,832.5999999940395,334975.90000000596,8096,WL,A,8.0
3,8.231000185012817,learn,51768.99981498718,Tue Aug 25 2026 15:40:12 GMT-0500 (Central Daylight Time),336558.5,A,r,I,r,731,3,749.8000000119209,335808.6999999881,8096,WL,A,9.0
3,8.332000017166138,learn,51667.99998283386,Tue Aug 25 2026 15:40:12 GMT-0500 (Central Daylight Time),336659.6999999881,A,ru,I,u,93,3,851.0,335808.6999999881,8096,WL,A,9.0
3,8.497000217437744,learn,51502.999782562256,Tue Aug 25 2026 15:40:12 GMT-0500 (Central Daylight Time),336825.1999999881,A,rug,I,g,151,3,1016.5,335808.6999999881,8096,WL,A,9.0
3,8.664000034332275,learn,51335.999965667725,Tue Aug 25 2026 15:40:12 GMT-0500 (Central Daylight Time),336991.6999999881,A,rugenter,I,enter,154,3,1183.0,335808.6999999881,8096,WL,A,9.0
3,9.19700002670288,learn,50802.99997329712,Tue Aug 25 2026 15:40:12 GMT-0500 (Central Daylight Time),337524.8000000119,A,c,I,c,516,3,532.7000000178814,336992.09999999404,8096,WL,A,10.0
3,9.247000217437744,learn,50752.999782562256,Tue Aug 25 2026 15:40:12 GMT-0500 (Central Daylight Time),337575.1999999881,A,ch,I,h,39,3,583.0999999940395,336992.09999999404,8096,WL,A,10.0
3,9.364000082015991,learn,50635.99991798401,Tue Aug 25 2026 15:40:12 GMT-0500 (Central Daylight Time),337691.5,A,chi,I,i,109,3,699.4000000059605,336992.09999999404,8096,WL,A,10.0
3,9.78000020980835,learn,50219.99979019165,Tue Aug 25 2026 15:40:12 GMT-0500 (Central Daylight Time),338107.90000000596,A,chim,I,m,400,3,1115.800000011921,336992.09999999404,8096,WL,A,10.0
3,10.380000114440918,learn,49619.99988555908,Tue Aug 25 2026 15:40:12 GMT-0500 (Central Daylight Time),338707.90000000596,A,chimn,I,n,592,3,1715.800000011921,336992.09999999404,8096,WL,A,10.0
3,10.480000019073486,learn,49519.999980926514,Tue Aug 25 2026 15:40:12 GMT-0500 (Central Daylight Time),338807.6999999881,A,chimne,I,e,79,3,1815.5999999940395,336992.09999999404,8096,WL,A,10.0
3,10.580000162124634,learn,49419.999837875366,Tue Aug 25 2026 15:40:12 GMT-0500 (Central Daylight Time),338907.59999999404,A,chimney,I,y,92,3,1915.5,336992.09999999404,8096,WL,A,10.0
3,10.746000051498413,learn,49253.99994850159,Tue Aug 25 2026 15:40:12 GMT-0500 (Central Daylight Time),339074.3000000119,A,chimneyenter,I,enter,161,3,2082.2000000178814,336992.09999999404,8096,WL,A,10.0
3,12.230000019073486,learn,47769.999980926514,Tue Aug 25 2026 15:40:12 GMT-0500 (Central Daylight Time),340558.09999999404,A,h,I,h,1465,3,1483.5,339074.59999999404,8096,WL,A,11.0
3,12.34600019454956,learn,47653.99980545044,Tue Aug 25 2026 15:40:12 GMT-0500 (Central Daylight Time),340673.90000000596,A,ha,I,a,101,3,1599.300000011921,339074.59999999404,8096,WL,A,11.0
3,12.446000099182129,learn,47553.99990081787,Tue Aug 25 2026 15:40:12 GMT-0500 (Central Daylight Time),340773.8000000119,A,hap,I,p,89,3,1699.2000000178814,339074.59999999404,8096,WL,A,11.0
3,12.86300015449524,learn,47136.99984550476,Tue Aug 25 2026 15:40:12 GMT-0500 (Central Daylight Time),341190.3000000119,A,ha,I,backspace,405,3,2115.7000000178814,339074.59999999404,8096,WL,A,11.0
3,12.979000091552734,learn,47020.999908447266,Tue Aug 25 2026 15:40:12 GMT-0500 (Central Daylight Time),341307.0,A,har,I,r,101,3,2232.4000000059605,339074.59999999404,8096,WL,A,11.0
3,13.09600019454956,learn,46903.99980545044,Tue Aug 25 2026 15:40:12 GMT-0500 (Central Daylight Time),341423.3000000119,A,harp,I,p,97,3,2348.7000000178814,339074.59999999404,8096,WL,A,11.0
3,13.379000186920166,learn,46620.999813079834,Tue Aug 25 2026 15:40:12 GMT-0500 (Central Daylight Time),341706.8000000119,A,harpenter,I,enter,276,3,2632.2000000178814,339074.59999999404,8096,WL,A,11.0
3,13.696000099182129,learn,46303.99990081787,Tue Aug 25 2026 15:40:12 GMT-0500 (Central Daylight Time),342023.5,A,f,I,f,296,3,316.40000000596046,341707.09999999404,8096,WL,A,12.0
3,13.76200008392334,learn,46237.99991607666,Tue Aug 25 2026 15:40:12 GMT-0500 (Central Daylight Time),342090.09999999404,A,fi,I,i,60,3,383.0,341707.09999999404,8096,WL,A,12.0
3,13.829000234603882,learn,46170.99976539612,Tue Aug 25 2026 15:40:12 GMT-0500 (Central Daylight Time),342156.8000000119,A,fin,I,n,58,3,449.7000000178814,341707.09999999404,8096,WL,A,12.0
3,13.912000179290771,learn,46087.99982070923,Tue Aug 25 2026 15:40:12 GMT-0500 (Central Daylight Time),342239.8000000119,A,fing,I,g,62,3,532.7000000178814,341707.09999999404,8096,WL,A,12.0
3,14.01200008392334,learn,45987.99991607666,Tue Aug 25 2026 15:40:12 GMT-0500 (Central Daylight Time),342340.09999999404,A,finge,I,e,92,3,633.0,341707.09999999404,8096,WL,A,12.0
3,14.079000234603882,learn,45920.99976539612,Tue Aug 25 2026 15:40:12 GMT-0500 (Central Daylight Time),342406.8000000119,A,finger,I,r,57,3,699.7000000178814,341707.09999999404,8096,WL,A,12.0
3,14.196000099182129,learn,45803.99990081787,Tue Aug 25 2026 15:40:12 GMT-0500 (Central Daylight Time),342523.40000000596,A,fingerenter,I,enter,102,3,816.3000000119209,341707.09999999404,8096,WL,A,12.0
3,15.045000076293945,learn,44954.999923706055,Tue Aug 25 2026 15:40:12 GMT-0500 (Central Daylight Time),343373.09999999404,A,t,I,t,832,3,849.1999999880791,342523.90000000596,8096,WL,A,13.0
3,15.17900013923645,learn,44820.99986076355,Tue Aug 25 2026 15:40:12 GMT-0500 (Central Daylight Time),343506.6999999881,A,tr,I,r,119,3,982.7999999821186,342523.90000000596,8096,WL,A,13.0
3,15.230000019073486,learn,44769.999980926514,Tue Aug 25 2026 15:40:12 GMT-0500 (Central Daylight Time),343557.8000000119,A,tre,I,e,41,3,1033.9000000059605,342523.90000000596,8096,WL,A,13.0
3,15.329000234603882,learn,44670.99976539612,Tue Aug 25 2026 15:40:12 GMT-0500 (Central Daylight Time),343656.40000000596,A,trea,I,a,85,3,1132.5,342523.90000000596,8096,WL,A,13.0
3,15.462000131607056,learn,44537.999868392944,Tue Aug 25 2026 15:40:12 GMT-0500 (Central Daylight Time),343789.5,A,treai,I,i,123,3,1265.5999999940395,342523.90000000596,8096,WL,A,13.0
3,15.51200008392334,learn,44487.99991607666,Tue Aug 25 2026 15:40:12 GMT-0500 (Central Daylight Time),343839.59999999404,A,treain,I,n,38,3,1315.699999988079,342523.90000000596,8096,WL,A,13.0
3,15.878000020980835,learn,44121.999979019165,Tue Aug 25 2026 15:40:12 GMT-0500 (Central Daylight Time),344206.09999999404,A,treai,I,backspace,348,3,1682.199999988079,342523.90000000596,8096,WL,A,13.0
3,16.011000156402588,learn,43988.99984359741,Tue Aug 25 2026 15:40:12 GMT-0500 (Central Daylight Time),344339.3000000119,A,trea,I,backspace,125,3,1815.4000000059605,342523.90000000596,8096,WL,A,13.0
3,16.195000171661377,learn,43804.99982833862,Tue Aug 25 2026 15:40:12 GMT-0500 (Central Daylight Time),344522.59999999404,A,tre,I,backspace,176,3,1998.699999988079,342523.90000000596,8096,WL,A,13.0
3,16.361000061035156,learn,43638.999938964844,Tue Aug 25 2026 15:40:12 GMT-0500 (Central Daylight Time),344688.90000000596,A,tr,I,backspace,146,3,2165.0,342523.90000000596,8096,WL,A,13.0
3,16.4280002117157,learn,43571.9997882843,Tue Aug 25 2026 15:40:12 GMT-0500 (Central Daylight Time),344755.90000000596,A,tra,I,a,50,3,2232.0,342523.90000000596,8096,WL,A,13.0
3,16.528000116348267,learn,43471.99988365173,Tue Aug 25 2026 15:40:12 GMT-0500 (Central Daylight Time),344856.0,A,trai,I,i,88,3,2332.0999999940395,342523.90000000596,8096,WL,A,13.0
3,16.545000076293945,learn,43454.999923706055,Tue Aug 25 2026 15:40:12 GMT-0500 (Central Daylight Time),344872.3000000119,A,train,I,n,11,3,2348.4000000059605,342523.90000000596,8096,WL,A,13.0
3,16.761000156402588,learn,43238.99984359741,Tue Aug 25 2026 15:40:12 GMT-0500 (Central Daylight Time),345088.8000000119,A,trainenter,I,enter,195,3,2564.9000000059605,342523.90000000596,8096,WL,A,13.0
3,17.028000116348267,learn,42971.99988365173,Tue Aug 25 2026 15:40:12 GMT-0500 (Central Daylight Time),345355.59999999404,A,m,I,m,251,3,266.5,345089.09999999404,8096,WL,A,14.0
3,17.09600019454956,learn,42903.99980545044,Tue Aug 25 2026 15:40:12 GMT-0500 (Central Daylight Time),345423.90000000596,A,me,I,e,48,3,334.80000001192093,345089.09999999404,8096,WL,A,14.0
3,17.1780002117157,learn,42821.9997882843,Tue Aug 25 2026 15:40:12 GMT-0500 (Central Daylight Time),345505.59999999404,A,mea,I,a,67,3,416.5,345089.09999999404,8096,WL,A,14.0
3,17.294000148773193,learn,42705.99985122681,Tue Aug 25 2026 15:40:12 GMT-0500 (Central Daylight Time),345622.1999999881,A,mean,I,n,98,3,533.0999999940395,345089.09999999404,8096,WL,A,14.0
3,17.4280002117157,learn,42571.9997882843,Tue Aug 25 2026 15:40:12 GMT-0500 (Central Daylight Time),345755.59999999404,A,meand,I,d,118,3,666.5,345089.09999999404,8096,WL,A,14.0
3,17.628000020980835,learn,42371.999979019165,Tue Aug 25 2026 15:40:12 GMT-0500 (Central Daylight Time),345955.8000000119,A,meando,I,o,184,3,866.7000000178814,345089.09999999404,8096,WL,A,14.0
3,17.9280002117157,learn,42071.9997882843,Tue Aug 25 2026 15:40:12 GMT-0500 (Central Daylight Time),346255.40000000596,A,meand,I,backspace,280,3,1166.300000011921,345089.09999999404,8096,WL,A,14.0
3,18.094000101089478,learn,41905.99989891052,Tue Aug 25 2026 15:40:12 GMT-0500 (Central Daylight Time),346422.0,A,mean,I,backspace,148,3,1332.9000000059605,345089.09999999404,8096,WL,A,14.0
3,18.24400019645691,learn,41755.99980354309,Tue Aug 25 2026 15:40:12 GMT-0500 (Central Daylight Time),346571.90000000596,A,mea,I,backspace,133,3,1482.800000011921,345089.09999999404,8096,WL,A,14.0
3,18.361000061035156,learn,41638.999938964844,Tue Aug 25 2026 15:40:12 GMT-0500 (Central Daylight Time),346688.5,A,mead,I,d,104,3,1599.4000000059605,345089.09999999404,8096,WL,A,14.0
3,18.478000164031982,learn,41521.99983596802,Tue Aug 25 2026 15:40:12 GMT-0500 (Central Daylight Time),346805.40000000596,A,meado,I,o,107,3,1716.300000011921,345089.09999999404,8096,WL,A,14.0
3,18.544000148773193,learn,41455.99985122681,Tue Aug 25 2026 15:40:12 GMT-0500 (Central Daylight Time),346871.90000000596,A,meadow,I,w,46,3,1782.800000011921,345089.09999999404,8096,WL,A,14.0
3,18.72699999809265,learn,41273.00000190735,Tue Aug 25 2026 15:40:12 GMT-0500 (Central Daylight Time),347055.09999999404,A,meadowenter,I,enter,164,3,1966.0,345089.09999999404,8096,WL,A,14.0
3,20.177000045776367,learn,39822.99995422363,Tue Aug 25 2026 15:40:12 GMT-0500 (Central Daylight Time),348504.8000000119,A,l,I,l,1437,3,1449.300000011921,347055.5,8096,WL,A,15.0
3,20.344000101089478,learn,39655.99989891052,Tue Aug 25 2026 15:40:12 GMT-0500 (Central Daylight Time),348671.3000000119,A,lo,I,o,147,3,1615.800000011921,347055.5,8096,WL,A,15.0
3,20.5770001411438,learn,39422.9998588562,Tue Aug 25 2026 15:40:12 GMT-0500 (Central Daylight Time),348904.3000000119,A,log,I,g,212,3,1848.800000011921,347055.5,8096,WL,A,15.0
3,20.79300022125244,learn,39206.99977874756,Tue Aug 25 2026 15:40:12 GMT-0500 (Central Daylight Time),349121.09999999404,A,logenter,I,enter,211,3,2065.5999999940395,347055.5,8096,WL,A,15.0
4,0.3819999694824219,learn,59618.00003051758,Tue Aug 25 2026 15:40:12 GMT-0500 (Central Daylight Time),413817.3000000119,A,a,I,a,377,3,382.10000002384186,413435.1999999881,8096,WL,A,1.0
4,0.5820000171661377,learn,59417.99998283386,Tue Aug 25 2026 15:40:12 GMT-0500 (Central Daylight Time),414017.40000000596,A,ap,I,p,186,3,582.2000000178814,413435.1999999881,8096,WL,A,1.0
4,0.749000072479248,learn,59250.99992752075,Tue Aug 25 2026 15:40:12 GMT-0500 (Central Daylight Time),414184.3000000119,A,app,I,p,154,3,749.1000000238419,413435.1999999881,8096,WL,A,1.0
4,0.7660000324249268,learn,59233.99996757507,Tue Aug 25 2026 15:40:12 GMT-0500 (Central Daylight Time),414200.8000000119,A,appl,I,l,0,3,765.6000000238419,413435.1999999881,8096,WL,A,1.0
4,1.2980000972747803,learn,58701.99990272522,Tue Aug 25 2026 15:40:12 GMT-0500 (Central Daylight Time),414733.59999999404,A,appll,I,l,523,3,1298.4000000059605,413435.1999999881,8096,WL,A,1.0
4,1.7650001049041748,learn,58234.999895095825,Tue Aug 25 2026 15:40:12 GMT-0500 (Central Daylight Time),415200.5,A,applle,I,e,446,3,1765.300000011921,413435.1999999881,8096,WL,A,1.0
4,2.2820000648498535,learn,57717.99993515015,Tue Aug 25 2026 15:40:12 GMT-0500 (Central Daylight Time),415717.09999999404,A,appll,I,backspace,498,3,2281.9000000059605,413435.1999999881,8096,WL,A,1.0
4,2.447999954223633,learn,57552.00004577637,Tue Aug 25 2026 15:40:12 GMT-0500 (Central Daylight Time),415883.59999999404,A,appl,I,backspace,159,3,2448.4000000059605,413435.1999999881,8096,WL,A,1.0
4,2.5810000896453857,learn,57418.999910354614,Tue Aug 25 2026 15:40:12 GMT-0500 (Central Daylight Time),416016.5,A,apple,I,e,128,3,2581.300000011921,413435.1999999881,8096,WL,A,1.0
4,2.947999954223633,learn,57052.00004577637,Tue Aug 25 2026 15:40:12 GMT-0500 (Central Daylight Time),416383.40000000596,A,appleenter,I,enter,355,3,2948.2000000178814,413435.1999999881,8096,WL,A,1.0
4,3.1480000019073486,learn,56851.99999809265,Tue Aug 25 2026 15:40:12 GMT-0500 (Central Daylight Time),416583.3000000119,A,s,I,s,189,3,199.5,416383.8000000119,8096,WL,A,2.0
4,3.2309999465942383,learn,56769.00005340576,Tue Aug 25 2026 15:40:12 GMT-0500 (Central Daylight Time),416666.6999999881,A,sa,I,a,76,3,282.89999997615814,416383.8000000119,8096,WL,A,2.0
4,3.3310000896453857,learn,56668.999910354614,Tue Aug 25 2026 15:40:12 GMT-0500 (Central Daylight Time),416766.90000000596,A,sal,I,l,89,3,383.09999999403954,416383.8000000119,8096,WL,A,2.0
4,3.431999921798706,learn,56568.000078201294,Tue Aug 25 2026 15:40:12 GMT-0500 (Central Daylight Time),416867.59999999404,A,salt,I,t,93,3,483.7999999821186,416383.8000000119,8096,WL,A,2.0
4,3.63100004196167,learn,56368.99995803833,Tue Aug 25 2026 15:40:12 GMT-0500 (Central Daylight Time),417066.8000000119,A,saltenter,I,enter,184,3,683.0,416383.8000000119,8096,WL,A,2.0
4,4.331000089645386,learn,55668.999910354614,Tue Aug 25 2026 15:40:12 GMT-0500 (Central Daylight Time),417766.3000000119,A,b,I,b,690,3,699.0,417067.3000000119,8096,WL,A,3.0
4,4.447999954223633,learn,55552.00004577637,Tue Aug 25 2026 15:40:12 GMT-0500 (Central Daylight Time),417883.0,A,bu,I,u,109,3,815.6999999880791,417067.3000000119,8096,WL,A,3.0
4,4.549000024795532,learn,55450.99997520447,Tue Aug 25 2026 15:40:12 GMT-0500 (Central Daylight Time),417984.0,A,but,I,t,80,3,916.6999999880791,417067.3000000119,8096,WL,A,3.0
4,4.680999994277954,learn,55319.000005722046,Tue Aug 25 2026 15:40:12 GMT-0500 (Central Daylight Time),418116.09999999404,A,butt,I,t,115,3,1048.7999999821186,417067.3000000119,8096,WL,A,3.0
4,4.796999931335449,learn,55203.00006866455,Tue Aug 25 2026 15:40:12 GMT-0500 (Central Daylight Time),418232.90000000596,A,butto,I,o,103,3,1165.5999999940395,417067.3000000119,8096,WL,A,3.0
4,4.8470001220703125,learn,55152.99987792969,Tue Aug 25 2026 15:40:12 GMT-0500 (Central Daylight Time),418282.6999999881,A,button,I,n,42,3,1215.3999999761581,417067.3000000119,8096,WL,A,3.0
4,5.3470001220703125,learn,54652.99987792969,Tue Aug 25 2026 15:40:12 GMT-0500 (Central Daylight Time),418782.59999999404,A,buttonenter,I,enter,481,3,1715.2999999821186,417067.3000000119,8096,WL,A,3.0
4,5.763999938964844,learn,54236.000061035156,Tue Aug 25 2026 15:40:12 GMT-0500 (Central Daylight Time),419199.1999999881,A,r,I,r,405,3,416.19999998807907,418783.0,8096,WL,A,4.0
4,5.897000074386597,learn,54102.9999256134,Tue Aug 25 2026 15:40:12 GMT-0500 (Central Daylight Time),419332.40000000596,A,ra,I,a,116,3,549.4000000059605,418783.0,8096,WL,A,4.0
4,6.013000011444092,learn,53986.99998855591,Tue Aug 25 2026 15:40:12 GMT-0500 (Central Daylight Time),419448.90000000596,A,rat,I,t,103,3,665.9000000059605,418783.0,8096,WL,A,4.0
4,6.147000074386597,learn,53852.9999256134,Tue Aug 25 2026 15:40:12 GMT-0500 (Central Daylight Time),419582.59999999404,A,ratt,I,t,124,3,799.5999999940395,418783.0,8096,WL,A,4.0
4,6.263999938964844,learn,53736.000061035156,Tue Aug 25 2026 15:40:12 GMT-0500 (Central Daylight Time),419699.09999999404,A,rattl,I,l,101,3,916.0999999940395,418783.0,8096,WL,A,4.0
4,6.380000114440918,learn,53619.99988555908,Tue Aug 25 2026 15:40:12 GMT-0500 (Central Daylight Time),419815.59999999404,A,rattle,I,e,96,3,1032.5999999940395,418783.0,8096,WL,A,4.0
4,6.46399998664856,learn,53536.00001335144,Tue Aug 25 2026 15:40:12 GMT-0500 (Central Daylight Time),419899.09999999404,A,rattleenter,I,enter,77,3,1116.0999999940395,418783.0,8096,WL,A,4.0
4,7.0980000495910645,learn,52901.999950408936,Tue Aug 25 2026 15:40:12 GMT-0500 (Central Daylight Time),420533.1999999881,A,g,I,g,616,3,633.7999999821186,419899.40000000596,8096,WL,A,5.0
4,7.164000034332275,learn,52835.999965667725,Tue Aug 25 2026 15:40:12 GMT-0500 (Central Daylight Time),420598.90000000596,A,go,I,o,55,3,699.5,419899.40000000596,8096,WL,A,5.0
4,7.3470001220703125,learn,52652.99987792969,Tue Aug 25 2026 15:40:12 GMT-0500 (Central Daylight Time),420782.1999999881,A,gol,I,l,164,3,882.7999999821186,419899.40000000596,8096,WL,A,5.0
4,7.413000106811523,learn,52586.99989318848,Tue Aug 25 2026 15:40:12 GMT-0500 (Central Daylight Time),420848.40000000596,A,gold,I,d,46,3,949.0,419899.40000000596,8096,WL,A,5.0
4,7.579999923706055,learn,52420.000076293945,Tue Aug 25 2026 15:40:12 GMT-0500 (Central Daylight Time),421015.40000000596,A,goldenter,I,enter,156,3,1116.0,419899.40000000596,8096,WL,A,5.0
4,7.7809998989105225,learn,52219.00010108948,Tue Aug 25 2026 15:40:12 GMT-0500 (Central Daylight Time),421216.09999999404,A,k,I,k,188,3,200.2999999821186,421015.8000000119,8096,WL,A,6.0
4,7.86299991607666,learn,52137.00008392334,Tue Aug 25 2026 15:40:12 GMT-0500 (Central Daylight Time),421298.5,A,ke,I,e,75,3,282.69999998807907,421015.8000000119,8096,WL,A,6.0
4,8.013000011444092,learn,51986.99998855591,Tue Aug 25 2026 15:40:12 GMT-0500 (Central Daylight Time),421448.5,A,key,I,y,129,3,432.69999998807907,421015.8000000119,8096,WL,A,6.0
4,8.180000066757202,learn,51819.9999332428,Tue Aug 25 2026 15:40:12 GMT-0500 (Central Daylight Time),421615.09999999404,A,keyenter,I,enter,155,3,599.2999999821186,421015.8000000119,8096,WL,A,6.0
4,9.614000082015991,learn,50385.99991798401,Tue Aug 25 2026 15:40:12 GMT-0500 (Central Daylight Time),423049.09999999404,A,h,I,h,1412,3,1433.5999999940395,421615.5,8096,WL,A,7.0
4,9.729000091552734,learn,50270.999908447266,Tue Aug 25 2026 15:40:12 GMT-0500 (Central Daylight Time),423164.6999999881,A,ha,I,a,98,3,1549.199999988079,421615.5,8096,WL,A,7.0
4,9.812999963760376,learn,50187.000036239624,Tue Aug 25 2026 15:40:12 GMT-0500 (Central Daylight Time),423248.09999999404,A,har,I,r,62,3,1632.5999999940395,421615.5,8096,WL,A,7.0
4,9.963000059127808,learn,50036.99994087219,Tue Aug 25 2026 15:40:12 GMT-0500 (Central Daylight Time),423398.0,A,harp,I,p,139,3,1782.5,421615.5,8096,WL,A,7.0
4,10.229000091552734,learn,49770.999908447266,Tue Aug 25 2026 15:40:12 GMT-0500 (Central Daylight Time),423664.40000000596,A,harpenter,I,enter,245,3,2048.9000000059605,421615.5,8096,WL,A,7.0
4,10.496000051498413,learn,49503.99994850159,Tue Aug 25 2026 15:40:12 GMT-0500 (Central Daylight Time),423931.09999999404,A,f,I,f,251,3,266.5,423664.59999999404,8096,WL,A,8.0
4,10.578999996185303,learn,49421.0000038147,Tue Aug 25 2026 15:40:12 GMT-0500 (Central Daylight Time),424014.1999999881,A,fi,I,i,72,3,349.59999999403954,423664.59999999404,8096,WL,A,8.0
4,10.645999908447266,learn,49354.000091552734,Tue Aug 25 2026 15:40:12 GMT-0500 (Central Daylight Time),424081.6999999881,A,fin,I,n,52,3,417.09999999403954,423664.59999999404,8096,WL,A,8.0
4,10.746000051498413,learn,49253.99994850159,Tue Aug 25 2026 15:40:12 GMT-0500 (Central Daylight Time),424181.0,A,fing,I,g,82,3,516.4000000059605,423664.59999999404,8096,WL,A,8.0
4,10.861999988555908,learn,49138.00001144409,Tue Aug 25 2026 15:40:12 GMT-0500 (Central Daylight Time),424297.3000000119,A,finge,I,e,111,3,632.7000000178814,423664.59999999404,8096,WL,A,8.0
4,10.961999893188477,learn,49038.00010681152,Tue Aug 25 2026 15:40:12 GMT-0500 (Central Daylight Time),424397.8000000119,A,finger,I,r,82,3,733.2000000178814,423664.59999999404,8096,WL,A,8.0
4,11.078999996185303,learn,48921.0000038147,Tue Aug 25 2026 15:40:12 GMT-0500 (Central Daylight Time),424514.3000000119,A,fingerenter,I,enter,102,3,849.7000000178814,423664.59999999404,8096,WL,A,8.0
4,12.361999988555908,learn,47638.00001144409,Tue Aug 25 2026 15:40:12 GMT-0500 (Central Daylight Time),425797.1999999881,A,r,I,r,1266,3,1282.5999999940395,424514.59999999404,8096,WL,A,9.0
4,12.461999893188477,learn,47538.00010681152,Tue Aug 25 2026 15:40:12 GMT-0500 (Central Daylight Time),425897.40000000596,A,ru,I,u,86,3,1382.800000011921,424514.59999999404,8096,WL,A,9.0
4,12.628000020980835,learn,47371.999979019165,Tue Aug 25 2026 15:40:12 GMT-0500 (Central Daylight Time),426063.8000000119,A,run,I,n,155,3,1549.2000000178814,424514.59999999404,8096,WL,A,9.0
4,12.878999948501587,learn,47121.00005149841,Tue Aug 25 2026 15:40:12 GMT-0500 (Central Daylight Time),426314.8000000119,A,runenter,I,enter,236,3,1800.2000000178814,424514.59999999404,8096,WL,A,9.0
4,14.927000045776367,learn,45072.99995422363,Tue Aug 25 2026 15:40:12 GMT-0500 (Central Daylight Time),428362.90000000596,A,c,I,c,2040,3,2047.7000000178814,426315.1999999881,8096,WL,A,10.0
4,15.010999917984009,learn,44989.00008201599,Tue Aug 25 2026 15:40:12 GMT-0500 (Central Daylight Time),428446.09999999404,A,ch,I,h,64,3,2130.9000000059605,426315.1999999881,8096,WL,A,10.0
4,15.111000061035156,learn,44888.999938964844,Tue Aug 25 2026 15:40:12 GMT-0500 (Central Daylight Time),428546.1999999881,A,chi,I,i,94,3,2231.0,426315.1999999881,8096,WL,A,10.0
4,15.32699990272522,learn,44673.00009727478,Tue Aug 25 2026 15:40:12 GMT-0500 (Central Daylight Time),428762.90000000596,A,chim,I,m,201,3,2447.7000000178814,426315.1999999881,8096,WL,A,10.0
4,15.49399995803833,learn,44506.00004196167,Tue Aug 25 2026 15:40:12 GMT-0500 (Central Daylight Time),428929.5,A,chimn,I,n,161,3,2614.300000011921,426315.1999999881,8096,WL,A,10.0
4,15.561000108718872,learn,44438.99989128113,Tue Aug 25 2026 15:40:12 GMT-0500 (Central Daylight Time),428996.1999999881,A,chimne,I,e,58,3,2681.0,426315.1999999881,8096,WL,A,10.0
4,15.726999998092651,learn,44273.00000190735,Tue Aug 25 2026 15:40:12 GMT-0500 (Central Daylight Time),429162.59999999404,A,chimney,I,y,151,3,2847.4000000059605,426315.1999999881,8096,WL,A,10.0
4,16.026999950408936,learn,43973.000049591064,Tue Aug 25 2026 15:40:12 GMT-0500 (Central Daylight Time),429462.59999999404,A,chimneyenter,I,enter,290,3,3147.4000000059605,426315.1999999881,8096,WL,A,10.0
4,17.16000008583069,learn,42839.99991416931,Tue Aug 25 2026 15:40:12 GMT-0500 (Central Daylight Time),430595.59999999404,A,f,I,f,1116,3,1132.5999999940395,429463.0,8096,WL,A,11.0
4,17.293999910354614,learn,42706.000089645386,Tue Aug 25 2026 15:40:12 GMT-0500 (Central Daylight Time),430729.0,A,fl,I,l,119,3,1266.0,429463.0,8096,WL,A,11.0
4,17.443000078201294,learn,42556.999921798706,Tue Aug 25 2026 15:40:12 GMT-0500 (Central Daylight Time),430878.8000000119,A,flo,I,o,130,3,1415.800000011921,429463.0,8096,WL,A,11.0
4,17.509999990463257,learn,42490.00000953674,Tue Aug 25 2026 15:40:12 GMT-0500 (Central Daylight Time),430945.40000000596,A,flow,I,w,53,3,1482.4000000059605,429463.0,8096,WL,A,11.0
4,17.55999994277954,learn,42440.00005722046,Tue Aug 25 2026 15:40:12 GMT-0500 (Central Daylight Time),430995.5,A,flowe,I,e,42,3,1532.5,429463.0,8096,WL,A,11.0
4,17.592999935150146,learn,42407.00006484985,Tue Aug 25 2026 15:40:12 GMT-0500 (Central Daylight Time),431028.8000000119,A,flower,I,r,16,3,1565.800000011921,429463.0,8096,WL,A,11.0
4,17.710000038146973,learn,42289.99996185303,Tue Aug 25 2026 15:40:12 GMT-0500 (Central Daylight Time),431145.40000000596,A,flowerenter,I,enter,111,3,1682.4000000059605,429463.0,8096,WL,A,11.0
4,18.026999950408936,learn,41973.000049591064,Tue Aug 25 2026 15:40:12 GMT-0500 (Central Daylight Time),431461.90000000596,A,b,I,b,298,3,316.2000000178814,431145.6999999881,8096,WL,A,12.0
4,18.109999895095825,learn,41890.000104904175,Tue Aug 25 2026 15:40:12 GMT-0500 (Central Daylight Time),431545.0,A,bo,I,o,69,3,399.30000001192093,431145.6999999881,8096,WL,A,12.0
4,18.292999982833862,learn,41707.00001716614,Tue Aug 25 2026 15:40:12 GMT-0500 (Central Daylight Time),431728.59999999404,A,boo,I,o,163,3,582.9000000059605,431145.6999999881,8096,WL,A,12.0
4,18.342999935150146,learn,41657.00006484985,Tue Aug 25 2026 15:40:12 GMT-0500 (Central Daylight Time),431778.5,A,book,I,k,43,3,632.8000000119209,431145.6999999881,8096,WL,A,12.0
4,18.592999935150146,learn,41407.00006484985,Tue Aug 25 2026 15:40:12 GMT-0500 (Central Daylight Time),432028.5,A,bookenter,I,enter,242,3,882.8000000119209,431145.6999999881,8096,WL,A,12.0
4,18.9760000705719,learn,41023.9999294281,Tue Aug 25 2026 15:40:12 GMT-0500 (Central Daylight Time),432411.8000000119,A,t,I,t,367,3,383.0,432028.8000000119,8096,WL,A,13.0
4,19.109999895095825,learn,40890.000104904175,Tue Aug 25 2026 15:40:12 GMT-0500 (Central Daylight Time),432544.90000000596,A,tr,I,r,128,3,516.0999999940395,432028.8000000119,8096,WL,A,13.0
4,19.193000078201294,learn,40806.999921798706,Tue Aug 25 2026 15:40:12 GMT-0500 (Central Daylight Time),432628.40000000596,A,tra,I,a,74,3,599.5999999940395,432028.8000000119,8096,WL,A,13.0
4,19.243000030517578,learn,40756.99996948242,Tue Aug 25 2026 15:40:12 GMT-0500 (Central Daylight Time),432678.40000000596,A,trai,I,i,31,3,649.5999999940395,432028.8000000119,8096,WL,A,13.0
4,19.325999975204468,learn,40674.00002479553,Tue Aug 25 2026 15:40:12 GMT-0500 (Central Daylight Time),432761.90000000596,A,train,I,n,62,3,733.0999999940395,432028.8000000119,8096,WL,A,13.0
4,19.7260000705719,learn,40273.9999294281,Tue Aug 25 2026 15:40:12 GMT-0500 (Central Daylight Time),433161.3000000119,A,trainenter,I,enter,393,3,1132.5,432028.8000000119,8096,WL,A,13.0
4,19.943000078201294,learn,40056.999921798706,Tue Aug 25 2026 15:40:12 GMT-0500 (Central Daylight Time),433378.09999999404,A,m,I,m,210,3,216.5,433161.59999999404,8096,WL,A,14.0
4,20.009000062942505,learn,39990.999937057495,Tue Aug 25 2026 15:40:12 GMT-0500 (Central Daylight Time),433444.6999999881,A,me,I,e,57,3,283.09999999403954,433161.59999999404,8096,WL,A,14.0
4,20.108999967575073,learn,39891.00003242493,Tue Aug 25 2026 15:40:12 GMT-0500 (Central Daylight Time),433544.6999999881,A,mea,I,a,87,3,383.09999999403954,433161.59999999404,8096,WL,A,14.0
4,20.243000030517578,learn,39756.99996948242,Tue Aug 25 2026 15:40:12 GMT-0500 (Central Daylight Time),433678.0,A,mead,I,d,114,3,516.4000000059605,433161.59999999404,8096,WL,A,14.0
4,20.342000007629395,learn,39657.999992370605,Tue Aug 25 2026 15:40:12 GMT-0500 (Central Daylight Time),433777.90000000596,A,meado,I,o,86,3,616.3000000119209,433161.59999999404,8096,WL,A,14.0
4,20.4760000705719,learn,39523.9999294281,Tue Aug 25 2026 15:40:12 GMT-0500 (Central Daylight Time),433911.1999999881,A,meadow,I,w,122,3,749.5999999940395,433161.59999999404,8096,WL,A,14.0
4,20.80900001525879,learn,39190.99998474121,Tue Aug 25 2026 15:40:12 GMT-0500 (Central Daylight Time),434244.1999999881,A,meadowenter,I,enter,324,3,1082.5999999940395,433161.59999999404,8096,WL,A,14.0
4,21.325999975204468,learn,38674.00002479553,Tue Aug 25 2026 15:40:12 GMT-0500 (Central Daylight Time),434761.0,A,l,I,l,496,3,516.5,434244.5,8096,WL,A,15.0
4,21.493000030517578,learn,38506.99996948242,Tue Aug 25 2026 15:40:12 GMT-0500 (Central Daylight Time),434928.09999999404,A,lo,I,o,162,3,683.5999999940395,434244.5,8096,WL,A,15.0
4,21.64199995994568,learn,38358.00004005432,Tue Aug 25 2026 15:40:12 GMT-0500 (Central Daylight Time),435077.5,A,log,I,g,140,3,833.0,434244.5,8096,WL,A,15.0
4,21.80900001525879,learn,38190.99998474121,Tue Aug 25 2026 15:40:12 GMT-0500 (Central Daylight Time),435244.1999999881,A,logenter,I,enter,150,3,999.6999999880791,434244.5,8096,WL,A,15.0
5,0.3840000629425049,learn,60000.0,Tue Aug 25 2026 15:40:12 GMT-0500 (Central Daylight Time),500990.40000000596,A,a,I,a,365,3,383.2000000178814,500607.1999999881,8096,WL,A,1.0
5,0.5169999599456787,learn,60000.0,Tue Aug 25 2026 15:40:12 GMT-0500 (Central Daylight Time),501123.5,A,ap,I,p,126,3,516.3000000119209,500607.1999999881,8096,WL,A,1.0
5,0.6830000877380371,learn,60000.0,Tue Aug 25 2026 15:40:12 GMT-0500 (Central Daylight Time),501290.09999999404,A,app,I,p,152,3,682.9000000059605,500607.1999999881,8096,WL,A,1.0
5,0.8329999446868896,learn,60000.0,Tue Aug 25 2026 15:40:12 GMT-0500 (Central Daylight Time),501440.09999999404,A,appl,I,l,138,3,832.9000000059605,500607.1999999881,8096,WL,A,1.0
5,0.9670000076293945,learn,60000.0,Tue Aug 25 2026 15:40:12 GMT-0500 (Central Daylight Time),501573.5,A,apple,I,e,115,3,966.3000000119209,500607.1999999881,8096,WL,A,1.0
5,1.1329998970031738,learn,60000.0,Tue Aug 25 2026 15:40:12 GMT-0500 (Central Daylight Time),501739.90000000596,A,appleenter,I,enter,158,3,1132.7000000178814,500607.1999999881,8096,WL,A,1.0
5,1.315999984741211,learn,60000.0,Tue Aug 25 2026 15:40:12 GMT-0500 (Central Daylight Time),501923.09999999404,A,s,I,s,175,3,182.7999999821186,501740.3000000119,8096,WL,A,2.0
5,1.4000000953674316,learn,60000.0,Tue Aug 25 2026 15:40:12 GMT-0500 (Central Daylight Time),502006.5,A,sa,I,a,72,3,266.19999998807907,501740.3000000119,8096,WL,A,2.0
5,1.5329999923706055,learn,60000.0,Tue Aug 25 2026 15:40:12 GMT-0500 (Central Daylight Time),502139.8000000119,A,sal,I,l,125,3,399.5,501740.3000000119,8096,WL,A,2.0
5,1.683000087738037,learn,60000.0,Tue Aug 25 2026 15:40:12 GMT-0500 (Central Daylight Time),502289.6999999881,A,salt,I,t,143,3,549.3999999761581,501740.3000000119,8096,WL,A,2.0
5,1.8499999046325684,learn,60000.0,Tue Aug 25 2026 15:40:12 GMT-0500 (Central Daylight Time),502456.3000000119,A,saltenter,I,enter,161,3,716.0,501740.3000000119,8096,WL,A,2.0
5,2.049999952316284,learn,60000.0,Tue Aug 25 2026 15:40:12 GMT-0500 (Central Daylight Time),502656.1999999881,A,r,I,r,179,3,199.69999998807907,502456.5,8096,WL,A,3.0
5,2.132999897003174,learn,60000.0,Tue Aug 25 2026 15:40:12 GMT-0500 (Central Daylight Time),502739.59999999404,A,ra,I,a,75,3,283.09999999403954,502456.5,8096,WL,A,3.0
5,2.249000072479248,learn,60000.0,Tue Aug 25 2026 15:40:12 GMT-0500 (Central Daylight Time),502856.3000000119,A,rat,I,t,104,3,399.80000001192093,502456.5,8096,WL,A,3.0
5,2.3989999294281006,learn,60000.0,Tue Aug 25 2026 15:40:12 GMT-0500 (Central Daylight Time),503006.0,A,ratt,I,t,139,3,549.5,502456.5,8096,WL,A,3.0
5,2.4839999675750732,learn,60000.0,Tue Aug 25 2026 15:40:12 GMT-0500 (Central Daylight Time),503090.59999999404,A,rattl,I,l,77,3,634.0999999940395,502456.5,8096,WL,A,3.0
5,2.5999999046325684,learn,60000.0,Tue Aug 25 2026 15:40:12 GMT-0500 (Central Daylight Time),503206.3000000119,A,rattle,I,e,104,3,749.8000000119209,502456.5,8096,WL,A,3.0
5,2.75,learn,60000.0,Tue Aug 25 2026 15:40:12 GMT-0500 (Central Daylight Time),503356.1999999881,A,rattleenter,I,enter,142,3,899.6999999880791,502456.5,8096,WL,A,3.0
5,2.9489998817443848,learn,60000.0,Tue Aug 25 2026 15:40:12 GMT-0500 (Central Daylight Time),503556.09999999404,A,b,I,b,183,3,199.59999999403954,503356.5,8096,WL,A,4.0
5,3.0329999923706055,learn,60000.0,Tue Aug 25 2026 15:40:12 GMT-0500 (Central Daylight Time),503639.40000000596,A,bu,I,u,71,3,282.90000000596046,503356.5,8096,WL,A,4.0
5,3.1489999294281006,learn,60000.0,Tue Aug 25 2026 15:40:12 GMT-0500 (Central Daylight Time),503756.0,A,but,I,t,100,3,399.5,503356.5,8096,WL,A,4.0
5,3.2829999923706055,learn,60000.0,Tue Aug 25 2026 15:40:12 GMT-0500 (Central Daylight Time),503889.3000000119,A,butt,I,t,126,3,532.8000000119209,503356.5,8096,WL,A,4.0
5,3.365999937057495,learn,60000.0,Tue Aug 25 2026 15:40:12 GMT-0500 (Central Daylight Time),503972.59999999404,A,butto,I,o,75,3,616.0999999940395,503356.5,8096,WL,A,4.0
5,3.4660000801086426,learn,60000.0,Tue Aug 25 2026 15:40:12 GMT-0500 (Central Daylight Time),504072.8000000119,A,button,I,n,79,3,716.3000000119209,503356.5,8096,WL,A,4.0
5,3.683000087738037,learn,60000.0,Tue Aug 25 2026 15:40:12 GMT-0500 (Central Daylight Time),504290.1999999881,A,buttonenter,I,enter,211,3,933.6999999880791,503356.5,8096,WL,A,4.0
5,4.065999984741211,learn,60000.0,Tue Aug 25 2026 15:40:12 GMT-0500 (Central Daylight Time),504672.5,A,g,I,g,361,3,381.90000000596046,504290.59999999404,8096,WL,A,5.0
5,4.148999929428101,learn,60000.0,Tue Aug 25 2026 15:40:12 GMT-0500 (Central Daylight Time),504755.8000000119,A,go,I,o,75,3,465.2000000178814,504290.59999999404,8096,WL,A,5.0
5,4.348999977111816,learn,60000.0,Tue Aug 25 2026 15:40:12 GMT-0500 (Central Daylight Time),504955.6999999881,A,gol,I,l,192,3,665.0999999940395,504290.59999999404,8096,WL,A,5.0
5,4.466000080108643,learn,60000.0,Tue Aug 25 2026 15:40:12 GMT-0500 (Central Daylight Time),505072.1999999881,A,gold,I,d,112,3,781.5999999940395,504290.59999999404,8096,WL,A,5.0
5,4.582000017166138,learn,60000.0,Tue Aug 25 2026 15:40:12 GMT-0500 (Central Daylight Time),505188.8000000119,A,goldenter,I,enter,100,3,898.2000000178814,504290.59999999404,8096,WL,A,5.0
5,4.815999984741211,learn,60000.0,Tue Aug 25 2026 15:40:12 GMT-0500 (Central Daylight Time),505422.1999999881,A,k,I,k,215,3,233.09999999403954,505189.09999999404,8096,WL,A,6.0
5,4.948999881744385,learn,60000.0,Tue Aug 25 2026 15:40:12 GMT-0500 (Central Daylight Time),505555.40000000596,A,ke,I,e,125,3,366.30000001192093,505189.09999999404,8096,WL,A,6.0
5,5.098999977111816,learn,60000.0,Tue Aug 25 2026 15:40:12 GMT-0500 (Central Daylight Time),505705.1999999881,A,key,I,y,143,3,516.0999999940395,505189.09999999404,8096,WL,A,6.0
5,5.299000024795532,learn,60000.0,Tue Aug 25 2026 15:40:12 GMT-0500 (Central Daylight Time),505905.1999999881,A,keyenter,I,enter,186,3,716.0999999940395,505189.09999999404,8096,WL,A,6.0
5,6.414999961853027,learn,60000.0,Tue Aug 25 2026 15:40:12 GMT-0500 (Central Daylight Time),507021.59999999404,A,h,I,h,1099,3,1116.0999999940395,505905.5,8096,WL,A,7.0
5,6.5320000648498535,learn,60000.0,Tue Aug 25 2026 15:40:12 GMT-0500 (Central Daylight Time),507138.3000000119,A,ha,I,a,110,3,1232.800000011921,505905.5,8096,WL,A,7.0
5,6.631999969482422,learn,60000.0,Tue Aug 25 2026 15:40:12 GMT-0500 (Central Daylight Time),507238.1999999881,A,har,I,r,89,3,1332.699999988079,505905.5,8096,WL,A,7.0
5,6.765000104904175,learn,60000.0,Tue Aug 25 2026 15:40:12 GMT-0500 (Central Daylight Time),507371.59999999404,A,harp,I,p,126,3,1466.0999999940395,505905.5,8096,WL,A,7.0
5,7.0309998989105225,learn,60000.0,Tue Aug 25 2026 15:40:12 GMT-0500 (Central Daylight Time),507638.09999999404,A,harpenter,I,enter,248,3,1732.5999999940395,505905.5,8096,WL,A,7.0
5,7.180999994277954,learn,60000.0,Tue Aug 25 2026 15:40:12 GMT-0500 (Central Daylight Time),507788.09999999404,A,f,I,f,133,3,149.59999999403954,507638.5,8096,WL,A,8.0
5,7.265000104904175,learn,60000.0,Tue Aug 25 2026 15:40:12 GMT-0500 (Central Daylight Time),507871.59999999404,A,fi,I,i,63,3,233.09999999403954,507638.5,8096,WL,A,8.0
5,7.331000089645386,learn,60000.0,Tue Aug 25 2026 15:40:12 GMT-0500 (Central Daylight Time),507937.8000000119,A,fin,I,n,61,3,299.30000001192093,507638.5,8096,WL,A,8.0
5,7.430999994277954,learn,60000.0,Tue Aug 25 2026 15:40:12 GMT-0500 (Central Daylight Time),508037.8000000119,A,fing,I,g,89,3,399.30000001192093,507638.5,8096,WL,A,8.0
5,7.549000024795532,learn,60000.0,Tue Aug 25 2026 15:40:12 GMT-0500 (Central Daylight Time),508155.6999999881,A,finge,I,e,102,3,517.1999999880791,507638.5,8096,WL,A,8.0
5,7.63100004196167,learn,60000.0,Tue Aug 25 2026 15:40:12 GMT-0500 (Central Daylight Time),508237.8000000119,A,finger,I,r,64,3,599.3000000119209,507638.5,8096,WL,A,8.0
5,7.765000104904175,learn,60000.0,Tue Aug 25 2026 15:40:12 GMT-0500 (Central Daylight Time),508371.3000000119,A,fingerenter,I,enter,126,3,732.8000000119209,507638.5,8096,WL,A,8.0
5,8.398000001907349,learn,60000.0,Tue Aug 25 2026 15:40:12 GMT-0500 (Central Daylight Time),509004.1999999881,A,r,I,r,616,3,632.5999999940395,508371.59999999404,8096,WL,A,9.0
5,8.530999898910522,learn,60000.0,Tue Aug 25 2026 15:40:12 GMT-0500 (Central Daylight Time),509137.59999999404,A,ru,I,u,119,3,766.0,508371.59999999404,8096,WL,A,9.0
5,8.71399998664856,learn,60000.0,Tue Aug 25 2026 15:40:12 GMT-0500 (Central Daylight Time),509320.6999999881,A,rug,I,g,177,3,949.0999999940395,508371.59999999404,8096,WL,A,9.0
5,9.030999898910522,learn,60000.0,Tue Aug 25 2026 15:40:12 GMT-0500 (Central Daylight Time),509637.5,A,rugenter,I,enter,307,3,1265.9000000059605,508371.59999999404,8096,WL,A,9.0
5,9.430999994277954,learn,60000.0,Tue Aug 25 2026 15:40:12 GMT-0500 (Central Daylight Time),510037.5,A,c,I,c,391,3,399.59999999403954,509637.90000000596,8096,WL,A,10.0
5,9.513999938964844,learn,60000.0,Tue Aug 25 2026 15:40:12 GMT-0500 (Central Daylight Time),510120.8000000119,A,ch,I,h,70,3,482.90000000596046,509637.90000000596,8096,WL,A,10.0
5,9.614000082015991,learn,60000.0,Tue Aug 25 2026 15:40:12 GMT-0500 (Central Daylight Time),510220.59999999404,A,chi,I,i,92,3,582.6999999880791,509637.90000000596,8096,WL,A,10.0
5,9.763999938964844,learn,60000.0,Tue Aug 25 2026 15:40:12 GMT-0500 (Central Daylight Time),510370.90000000596,A,chim,I,m,135,3,733.0,509637.90000000596,8096,WL,A,10.0
5,9.947999954223633,learn,60000.0,Tue Aug 25 2026 15:40:12 GMT-0500 (Central Daylight Time),510554.90000000596,A,chimn,I,n,176,3,917.0,509637.90000000596,8096,WL,A,10.0
5,10.013999938964844,learn,60000.0,Tue Aug 25 2026 15:40:12 GMT-0500 (Central Daylight Time),510620.59999999404,A,chimne,I,e,58,3,982.6999999880791,509637.90000000596,8096,WL,A,10.0
5,10.164000034332275,learn,60000.0,Tue Aug 25 2026 15:40:12 GMT-0500 (Central Daylight Time),510770.40000000596,A,chimney,I,y,144,3,1132.5,509637.90000000596,8096,WL,A,10.0
5,10.364000082015991,learn,60000.0,Tue Aug 25 2026 15:40:12 GMT-0500 (Central Daylight Time),510970.40000000596,A,chimneyenter,I,enter,185,3,1332.5,509637.90000000596,8096,WL,A,10.0
5,11.096999883651733,learn,60000.0,Tue Aug 25 2026 15:40:12 GMT-0500 (Central Daylight Time),511703.40000000596,A,f,I,f,721,3,732.7000000178814,510970.6999999881,8096,WL,A,11.0
5,11.145999908447266,learn,60000.0,Tue Aug 25 2026 15:40:12 GMT-0500 (Central Daylight Time),511753.09999999404,A,fl,I,l,36,3,782.4000000059605,510970.6999999881,8096,WL,A,11.0
5,11.329999923706055,learn,60000.0,Tue Aug 25 2026 15:40:12 GMT-0500 (Central Daylight Time),511936.6999999881,A,flo,I,o,178,3,966.0,510970.6999999881,8096,WL,A,11.0
5,11.397000074386597,learn,60000.0,Tue Aug 25 2026 15:40:12 GMT-0500 (Central Daylight Time),512003.40000000596,A,flow,I,w,60,3,1032.7000000178814,510970.6999999881,8096,WL,A,11.0
5,11.44700002670288,learn,60000.0,Tue Aug 25 2026 15:40:12 GMT-0500 (Central Daylight Time),512053.40000000596,A,flowe,I,e,41,3,1082.7000000178814,510970.6999999881,8096,WL,A,11.0
5,11.530999898910522,learn,60000.0,Tue Aug 25 2026 15:40:12 GMT-0500 (Central Daylight Time),512137.6999999881,A,flower,I,r,70,3,1167.0,510970.6999999881,8096,WL,A,11.0
5,11.829999923706055,learn,60000.0,Tue Aug 25 2026 15:40:12 GMT-0500 (Central Daylight Time),512436.6999999881,A,flowerenter,I,enter,282,3,1466.0,510970.6999999881,8096,WL,A,11.0
5,12.446000099182129,learn,60000.0,Tue Aug 25 2026 15:40:12 GMT-0500 (Central Daylight Time),513052.90000000596,A,b,I,b,598,3,615.9000000059605,512437.0,8096,WL,A,12.0
5,12.562999963760376,learn,60000.0,Tue Aug 25 2026 15:40:12 GMT-0500 (Central Daylight Time),513169.59999999404,A,bo,I,o,103,3,732.5999999940395,512437.0,8096,WL,A,12.0
5,12.730000019073486,learn,60000.0,Tue Aug 25 2026 15:40:12 GMT-0500 (Central Daylight Time),513336.40000000596,A,boo,I,o,155,3,899.4000000059605,512437.0,8096,WL,A,12.0
5,12.77999997138977,learn,60000.0,Tue Aug 25 2026 15:40:12 GMT-0500 (Central Daylight Time),513386.3000000119,A,book,I,k,43,3,949.3000000119209,512437.0,8096,WL,A,12.0
5,13.046000003814697,learn,60000.0,Tue Aug 25 2026 15:40:12 GMT-0500 (Central Daylight Time),513653.0,A,bookenter,I,enter,258,3,1216.0,512437.0,8096,WL,A,12.0
5,13.529000043869019,learn,60000.0,Tue Aug 25 2026 15:40:12 GMT-0500 (Central Daylight Time),514136.09999999404,A,t,I,t,471,3,482.7999999821186,513653.3000000119,8096,WL,A,13.0
5,13.678999900817871,learn,60000.0,Tue Aug 25 2026 15:40:12 GMT-0500 (Central Daylight Time),514286.0,A,tr,I,r,140,3,632.6999999880791,513653.3000000119,8096,WL,A,13.0
5,13.796000003814697,learn,60000.0,Tue Aug 25 2026 15:40:12 GMT-0500 (Central Daylight Time),514402.59999999404,A,tra,I,a,109,3,749.2999999821186,513653.3000000119,8096,WL,A,13.0
5,13.878999948501587,learn,60000.0,Tue Aug 25 2026 15:40:12 GMT-0500 (Central Daylight Time),514486.0,A,trai,I,i,73,3,832.6999999880791,513653.3000000119,8096,WL,A,13.0
5,13.946000099182129,learn,60000.0,Tue Aug 25 2026 15:40:12 GMT-0500 (Central Daylight Time),514552.3000000119,A,train,I,n,62,3,899.0,513653.3000000119,8096,WL,A,13.0
5,14.211999893188477,learn,60000.0,Tue Aug 25 2026 15:40:12 GMT-0500 (Central Daylight Time),514819.1999999881,A,trainenter,I,enter,259,3,1165.8999999761581,513653.3000000119,8096,WL,A,13.0
5,14.645999908447266,learn,60000.0,Tue Aug 25 2026 15:40:12 GMT-0500 (Central Daylight Time),515252.5,A,m,I,m,425,3,433.0,514819.5,8096,WL,A,14.0
5,14.779000043869019,learn,60000.0,Tue Aug 25 2026 15:40:12 GMT-0500 (Central Daylight Time),515385.8000000119,A,me,I,e,119,3,566.3000000119209,514819.5,8096,WL,A,14.0
5,14.878999948501587,learn,60000.0,Tue Aug 25 2026 15:40:12 GMT-0500 (Central Daylight Time),515485.8000000119,A,mea,I,a,91,3,666.3000000119209,514819.5,8096,WL,A,14.0
5,15.428999900817871,learn,60000.0,Tue Aug 25 2026 15:40:12 GMT-0500 (Central Daylight Time),516035.5,A,mead,I,d,534,3,1216.0,514819.5,8096,WL,A,14.0
5,15.529000043869019,learn,60000.0,Tue Aug 25 2026 15:40:12 GMT-0500 (Central Daylight Time),516135.8000000119,A,meado,I,o,88,3,1316.300000011921,514819.5,8096,WL,A,14.0
5,15.628999948501587,learn,60000.0,Tue Aug 25 2026 15:40:12 GMT-0500 (Central Daylight Time),516235.5,A,meadow,I,w,84,3,1416.0,514819.5,8096,WL,A,14.0
5,15.944999933242798,learn,60000.0,Tue Aug 25 2026 15:40:12 GMT-0500 (Central Daylight Time),516551.90000000596,A,meadowenter,I,enter,304,3,1732.4000000059605,514819.5,8096,WL,A,14.0
5,17.91100001335144,learn,60000.0,Tue Aug 25 2026 15:40:12 GMT-0500 (Central Daylight Time),518518.0,A,l,I,l,1955,3,1965.800000011921,516552.1999999881,8096,WL,A,15.0
5,18.07800006866455,learn,60000.0,Tue Aug 25 2026 15:40:12 GMT-0500 (Central Daylight Time),518684.8000000119,A,lo,I,o,149,3,2132.600000023842,516552.1999999881,8096,WL,A,15.0
5,18.194999933242798,learn,60000.0,Tue Aug 25 2026 15:40:12 GMT-0500 (Central Daylight Time),518801.3000000119,A,log,I,g,102,3,2249.100000023842,516552.1999999881,8096,WL,A,15.0
5,18.295000076293945,learn,60000.0,Tue Aug 25 2026 15:40:12 GMT-0500 (Central Daylight Time),518901.1999999881,A,logenter,I,enter,82,3,2349.0,516552.1999999881,8096,WL,A,15.0
6,0.8840000629425049,distr,59115.999937057495,Tue Aug 25 2026 15:40:12 GMT-0500 (Central Daylight Time),587046.599999994,B,j,I,j,865,3,883.0999999940395,586163.5,8096,WL,A,1.0
6,1.1500000953674316,distr,58849.99990463257,Tue Aug 25 2026 15:40:12 GMT-0500 (Central Daylight Time),587313.099999994,B,ju,I,u,244,3,1149.5999999940395,586163.5,8096,WL,A,1.0
6,1.2000000476837158,distr,58799.999952316284,Tue Aug 25 2026 15:40:12 GMT-0500 (Central Daylight Time),587363.0,B,jud,I,d,34,3,1199.5,586163.5,8096,WL,A,1.0
6,1.3329999446868896,distr,58667.00005531311,Tue Aug 25 2026 15:40:12 GMT-0500 (Central Daylight Time),587496.099999994,B,judg,I,g,128,3,1332.5999999940395,586163.5,8096,WL,A,1.0
6,1.5169999599456787,distr,58483.00004005432,Tue Aug 25 2026 15:40:12 GMT-0500 (Central Daylight Time),587679.8000000119,B,judge,I,e,162,3,1516.300000011921,586163.5,8096,WL,A,1.0
6,1.8499999046325684,distr,58150.00009536743,Tue Aug 25 2026 15:40:12 GMT-0500 (Central Daylight Time),588013.0,B,judgeenter,I,enter,316,3,1849.5,586163.5,8096,WL,A,1.0
6,2.2829999923706055,distr,57717.000007629395,Tue Aug 25 2026 15:40:12 GMT-0500 (Central Daylight Time),588446.1999999881,B,c,I,c,415,3,432.89999997615814,588013.3000000119,8096,WL,A,2.0
6,2.367000102996826,distr,57632.999897003174,Tue Aug 25 2026 15:40:12 GMT-0500 (Central Daylight Time),588530.3000000119,B,ch,I,h,69,3,517.0,588013.3000000119,8096,WL,A,2.0
6,2.4660000801086426,distr,57533.99991989136,Tue Aug 25 2026 15:40:12 GMT-0500 (Central Daylight Time),588629.3000000119,B,cha,I,a,90,3,616.0,588013.3000000119,8096,WL,A,2.0
6,2.566999912261963,distr,57433.00008773804,Tue Aug 25 2026 15:40:12 GMT-0500 (Central Daylight Time),588730.3000000119,B,chai,I,i,94,3,717.0,588013.3000000119,8096,WL,A,2.0
6,2.632999897003174,distr,57367.000102996826,Tue Aug 25 2026 15:40:12 GMT-0500 (Central Daylight Time),588796.099999994,B,chain,I,n,57,3,782.7999999821186,588013.3000000119,8096,WL,A,2.0
6,3.1500000953674316,distr,56849.99990463257,Tue Aug 25 2026 15:40:12 GMT-0500 (Central Daylight Time),589312.400000006,B,chai,I,backspace,511,3,1299.0999999940395,588013.3000000119,8096,WL,A,2.0
6,3.3489999771118164,distr,56651.00002288818,Tue Aug 25 2026 15:40:12 GMT-0500 (Central Daylight Time),589512.5,B,chair,I,r,179,3,1499.199999988079,588013.3000000119,8096,WL,A,2.0
6,3.5490000247955322,distr,56450.99997520447,Tue Aug 25 2026 15:40:12 GMT-0500 (Central Daylight Time),589712.3000000119,B,chairenter,I,enter,187,3,1699.0,588013.3000000119,8096,WL,A,2.0
6,4.431999921798706,distr,55568.000078201294,Tue Aug 25 2026 15:40:12 GMT-0500 (Central Daylight Time),590595.3000000119,B,b,I,b,876,3,882.7000000178814,589712.599999994,8096,WL,A,3.0
6,4.549000024795532,distr,55450.99997520447,Tue Aug 25 2026 15:40:12 GMT-0500 (Central Daylight Time),590712.099999994,B,bo,I,o,105,3,999.5,589712.599999994,8096,WL,A,3.0
6,4.648999929428101,distr,55351.0000705719,Tue Aug 25 2026 15:40:12 GMT-0500 (Central Daylight Time),590812.0,B,bow,I,w,83,3,1099.4000000059605,589712.599999994,8096,WL,A,3.0
6,4.7829999923706055,distr,55217.000007629395,Tue Aug 25 2026 15:40:12 GMT-0500 (Central Daylight Time),590946.3000000119,B,bowl,I,l,127,3,1233.7000000178814,589712.599999994,8096,WL,A,3.0
6,5.049000024795532,distr,54950.99997520447,Tue Aug 25 2026 15:40:12 GMT-0500 (Central Daylight Time),591212.0,B,bowlenter,I,enter,258,3,1499.4000000059605,589712.599999994,8096,WL,A,3.0
6,5.615000009536743,distr,54384.99999046326,Tue Aug 25 2026 15:40:12 GMT-0500 (Central Daylight Time),591778.3000000119,B,s,I,s,553,3,566.1000000238419,591212.1999999881,8096,WL,A,4.0
6,5.7820000648498535,distr,54217.99993515015,Tue Aug 25 2026 15:40:12 GMT-0500 (Central Daylight Time),591944.8000000119,B,sh,I,h,145,3,732.6000000238419,591212.1999999881,8096,WL,A,4.0
6,5.966000080108643,distr,54033.99991989136,Tue Aug 25 2026 15:40:12 GMT-0500 (Central Daylight Time),592129.400000006,B,she,I,e,164,3,917.2000000178814,591212.1999999881,8096,WL,A,4.0
6,6.099999904632568,distr,53900.00009536743,Tue Aug 25 2026 15:40:12 GMT-0500 (Central Daylight Time),592262.900000006,B,shee,I,e,113,3,1050.7000000178814,591212.1999999881,8096,WL,A,4.0
6,6.181999921798706,distr,53818.000078201294,Tue Aug 25 2026 15:40:12 GMT-0500 (Central Daylight Time),592344.8000000119,B,sheep,I,p,69,3,1132.6000000238419,591212.1999999881,8096,WL,A,4.0
6,6.449000120162964,distr,53550.999879837036,Tue Aug 25 2026 15:40:12 GMT-0500 (Central Daylight Time),592611.599999994,B,sheepenter,I,enter,259,3,1399.4000000059605,591212.1999999881,8096,WL,A,4.0
6,6.729000091552734,distr,53270.999908447266,Tue Aug 25 2026 15:40:12 GMT-0500 (Central Daylight Time),592892.3000000119,B,c,I,c,276,3,280.40000000596046,592611.900000006,8096,WL,A,5.0
6,6.875999927520752,distr,53124.00007247925,Tue Aug 25 2026 15:40:12 GMT-0500 (Central Daylight Time),593039.1999999881,B,co,I,o,141,3,427.2999999821186,592611.900000006,8096,WL,A,5.0
6,6.930999994277954,distr,53069.000005722046,Tue Aug 25 2026 15:40:12 GMT-0500 (Central Daylight Time),593094.400000006,B,coa,I,a,35,3,482.5,592611.900000006,8096,WL,A,5.0
6,7.132999897003174,distr,52867.000102996826,Tue Aug 25 2026 15:40:12 GMT-0500 (Central Daylight Time),593296.0,B,coat,I,t,189,3,684.0999999940395,592611.900000006,8096,WL,A,5.0
6,7.581000089645386,distr,52418.999910354614,Tue Aug 25 2026 15:40:12 GMT-0500 (Central Daylight Time),593744.5,B,coatenter,I,enter,435,3,1132.5999999940395,592611.900000006,8096,WL,A,5.0
6,11.329999923706055,distr,48670.000076293945,Tue Aug 25 2026 15:40:12 GMT-0500 (Central Daylight Time),597493.3000000119,B,g,I,g,3731,3,3748.600000023842,593744.6999999881,8096,WL,A,6.0
6,11.52999997138977,distr,48470.00002861023,Tue Aug 25 2026 15:40:12 GMT-0500 (Central Daylight Time),597693.1999999881,B,gr,I,r,182,3,3948.5,593744.6999999881,8096,WL,A,6.0
6,12.013000011444092,distr,47986.99998855591,Tue Aug 25 2026 15:40:12 GMT-0500 (Central Daylight Time),598176.599999994,B,gra,I,a,471,3,4431.9000000059605,593744.6999999881,8096,WL,A,6.0
6,12.19700002670288,distr,47802.99997329712,Tue Aug 25 2026 15:40:12 GMT-0500 (Central Daylight Time),598359.8000000119,B,gran,I,n,171,3,4615.100000023842,593744.6999999881,8096,WL,A,6.0
6,12.329999923706055,distr,47670.000076293945,Tue Aug 25 2026 15:40:12 GMT-0500 (Central Daylight Time),598493.099999994,B,grant,I,t,116,3,4748.4000000059605,593744.6999999881,8096,WL,A,6.0
6,12.696000099182129,distr,47303.99990081787,Tue Aug 25 2026 15:40:12 GMT-0500 (Central Daylight Time),598859.400000006,B,grantenter,I,enter,351,3,5114.700000017881,593744.6999999881,8096,WL,A,6.0
6,13.013000011444092,distr,46986.99998855591,Tue Aug 25 2026 15:40:12 GMT-0500 (Central Daylight Time),599176.0,B,g,I,g,296,3,316.19999998807907,598859.8000000119,8096,WL,A,7.0
6,13.263000011444092,distr,46736.99998855591,Tue Aug 25 2026 15:40:12 GMT-0500 (Central Daylight Time),599425.900000006,B,,I,backspace,243,3,566.0999999940395,598859.8000000119,8096,WL,A,7.0
6,13.413000106811523,distr,46586.99989318848,Tue Aug 25 2026 15:40:12 GMT-0500 (Central Daylight Time),599576.099999994,B,c,I,c,130,3,716.2999999821186,598859.8000000119,8096,WL,A,7.0
6,13.513000011444092,distr,46486.99998855591,Tue Aug 25 2026 15:40:12 GMT-0500 (Central Daylight Time),599676.3000000119,B,co,I,o,83,3,816.5,598859.8000000119,8096,WL,A,7.0
6,13.578999996185303,distr,46421.0000038147,Tue Aug 25 2026 15:40:12 GMT-0500 (Central Daylight Time),599742.5,B,cou,I,u,47,3,882.6999999880791,598859.8000000119,8096,WL,A,7.0
6,13.746000051498413,distr,46253.99994850159,Tue Aug 25 2026 15:40:12 GMT-0500 (Central Daylight Time),599908.900000006,B,coun,I,n,149,3,1049.0999999940395,598859.8000000119,8096,WL,A,7.0
6,14.178999900817871,distr,45821.00009918213,Tue Aug 25 2026 15:40:12 GMT-0500 (Central Daylight Time),600342.400000006,B,count,I,t,414,3,1482.5999999940395,598859.8000000119,8096,WL,A,7.0
6,14.562000036239624,distr,45437.999963760376,Tue Aug 25 2026 15:40:12 GMT-0500 (Central Daylight Time),600725.3000000119,B,county,I,y,365,3,1865.5,598859.8000000119,8096,WL,A,7.0
6,14.894999980926514,distr,45105.000019073486,Tue Aug 25 2026 15:40:12 GMT-0500 (Central Daylight Time),601058.6999999881,B,countyenter,I,enter,318,3,2198.899999976158,598859.8000000119,8096,WL,A,7.0
6,16.062000036239624,distr,43937.999963760376,Tue Aug 25 2026 15:40:12 GMT-0500 (Central Daylight Time),602225.0,B,p,I,p,1162,3,1166.0,601059.0,8096,WL,A,8.0
6,16.17899990081787,distr,43821.00009918213,Tue Aug 25 2026 15:40:12 GMT-0500 (Central Daylight Time),602341.900000006,B,pe,I,e,99,3,1282.9000000059605,601059.0,8096,WL,A,8.0
6,16.24500012397766,distr,43754.99987602234,Tue Aug 25 2026 15:40:12 GMT-0500 (Central Daylight Time),602408.599999994,B,pea,I,a,54,3,1349.5999999940395,601059.0,8096,WL,A,8.0
6,16.461999893188477,distr,43538.00010681152,Tue Aug 25 2026 15:40:12 GMT-0500 (Central Daylight Time),602624.900000006,B,peac,I,c,203,3,1565.9000000059605,601059.0,8096,WL,A,8.0
6,16.57800006866455,distr,43421.99993133545,Tue Aug 25 2026 15:40:12 GMT-0500 (Central Daylight Time),602741.599999994,B,peach,I,h,106,3,1682.5999999940395,601059.0,8096,WL,A,8.0
6,16.944999933242798,distr,43055.0000667572,Tue Aug 25 2026 15:40:12 GMT-0500 (Central Daylight Time),603107.900000006,B,peachenter,I,enter,357,3,2048.9000000059605,601059.0,8096,WL,A,8.0
6,17.24500012397766,distr,42754.99987602234,Tue Aug 25 2026 15:40:12 GMT-0500 (Central Daylight Time),603408.1999999881,B,s,I,s,279,3,300.0,603108.1999999881,8096,WL,A,9.0
6,17.545000076293945,distr,42454.999923706055,Tue Aug 25 2026 15:40:12 GMT-0500 (Central Daylight Time),603708.099999994,B,se,I,e,291,3,599.9000000059605,603108.1999999881,8096,WL,A,9.0
6,17.67799997329712,distr,42322.00002670288,Tue Aug 25 2026 15:40:12 GMT-0500 (Central Daylight Time),603841.3000000119,B,see,I,e,120,3,733.1000000238419,603108.1999999881,8096,WL,A,9.0
6,17.894999980926514,distr,42105.000019073486,Tue Aug 25 2026 15:40:12 GMT-0500 (Central Daylight Time),604057.8000000119,B,seed,I,d,210,3,949.6000000238419,603108.1999999881,8096,WL,A,9.0
6,18.07800006866455,distr,41921.99993133545,Tue Aug 25 2026 15:40:12 GMT-0500 (Central Daylight Time),604240.900000006,B,seedenter,I,enter,178,3,1132.7000000178814,603108.1999999881,8096,WL,A,9.0
6,18.628000020980835,distr,41371.999979019165,Tue Aug 25 2026 15:40:12 GMT-0500 (Central Daylight Time),604791.099999994,B,m,I,m,538,3,550.0,604241.099999994,8096,WL,A,10.0
6,18.710999965667725,distr,41289.000034332275,Tue Aug 25 2026 15:40:12 GMT-0500 (Central Daylight Time),604874.400000006,B,me,I,e,77,3,633.3000000119209,604241.099999994,8096,WL,A,10.0
6,18.944000005722046,distr,41055.999994277954,Tue Aug 25 2026 15:40:12 GMT-0500 (Central Daylight Time),605107.599999994,B,mea,I,a,217,3,866.5,604241.099999994,8096,WL,A,10.0
6,19.49399995803833,distr,40506.00004196167,Tue Aug 25 2026 15:40:12 GMT-0500 (Central Daylight Time),605657.3000000119,B,meal,I,l,545,3,1416.2000000178814,604241.099999994,8096,WL,A,10.0
6,19.710999965667725,distr,40289.000034332275,Tue Aug 25 2026 15:40:12 GMT-0500 (Central Daylight Time),605874.099999994,B,mealenter,I,enter,203,3,1633.0,604241.099999994,8096,WL,A,10.0
6,24.276000022888184,distr,35723.99997711182,Tue Aug 25 2026 15:40:12 GMT-0500 (Central Daylight Time),610439.099999994,B,enter,I,enter,4554,3,4564.5999999940395,605874.5,8096,WL,A,11.0
6,24.426000118255615,distr,35573.999881744385,Tue Aug 25 2026 15:40:12 GMT-0500 (Central Daylight Time),610589.1999999881,B,enter,I,enter,140,3,149.7999999821186,610439.400000006,8096,WL,A,12.0
6,24.625999927520752,distr,35374.00007247925,Tue Aug 25 2026 15:40:12 GMT-0500 (Central Daylight Time),610789.1999999881,B,enter,I,enter,181,3,199.5,610589.6999999881,8096,WL,A,13.0
6,24.924999952316284,distr,35075.000047683716,Tue Aug 25 2026 15:40:12 GMT-0500 (Central Daylight Time),611088.6999999881,B,enter,I,enter,286,3,299.09999999403954,610789.599999994,8096,WL,A,14.0
6,25.344000101089478,distr,34655.99989891052,Tue Aug 25 2026 15:40:12 GMT-0500 (Central Daylight Time),611507.3000000119,B,enter,I,enter,411,3,418.30000001192093,611089.0,8096,WL,A,15.0
7,7.114000082015991,immed,52885.99991798401,Tue Aug 25 2026 15:40:12 GMT-0500 (Central Daylight Time),620086.3000000119,A,a,I,a,7097,3,7114.300000011921,612972.0,8096,WL,A,1.0
7,7.180999994277954,immed,52819.000005722046,Tue Aug 25 2026 15:40:12 GMT-0500 (Central Daylight Time),620153.0,A,ap,I,p,62,3,7181.0,612972.0,8096,WL,A,1.0
7,7.364000082015991,immed,52635.99991798401,Tue Aug 25 2026 15:40:12 GMT-0500 (Central Daylight Time),620336.099999994,A,app,I,p,171,3,7364.0999999940395,612972.0,8096,WL,A,1.0
7,7.496999979019165,immed,52503.000020980835,Tue Aug 25 2026 15:40:12 GMT-0500 (Central Daylight Time),620469.5,A,appl,I,l,124,3,7497.5,612972.0,8096,WL,A,1.0
7,7.629999876022339,immed,52370.00012397766,Tue Aug 25 2026 15:40:12 GMT-0500 (Central Daylight Time),620602.6999999881,A,apple,I,e,125,3,7630.699999988079,612972.0,8096,WL,A,1.0
7,7.864000082015991,immed,52135.99991798401,Tue Aug 25 2026 15:40:12 GMT-0500 (Central Daylight Time),620836.099999994,A,appleenter,I,enter,216,3,7864.0999999940395,612972.0,8096,WL,A,1.0
7,11.163000106811523,immed,48836.99989318848,Tue Aug 25 2026 15:40:12 GMT-0500 (Central Daylight Time),624135.099999994,A,s,I,s,3279,3,3298.699999988079,620836.400000006,8096,WL,A,2.0
7,11.279000043869019,immed,48720.99995613098,Tue Aug 25 2026 15:40:12 GMT-0500 (Central Daylight Time),624251.3000000119,A,sa,I,a,100,3,3414.9000000059605,620836.400000006,8096,WL,A,2.0
7,11.395999908447266,immed,48604.000091552734,Tue Aug 25 2026 15:40:12 GMT-0500 (Central Daylight Time),624367.900000006,A,sal,I,l,96,3,3531.5,620836.400000006,8096,WL,A,2.0
7,11.51200008392334,immed,48487.99991607666,Tue Aug 25 2026 15:40:12 GMT-0500 (Central Daylight Time),624484.6999999881,A,salt,I,t,100,3,3648.2999999821186,620836.400000006,8096,WL,A,2.0
7,11.711999893188477,immed,48288.00010681152,Tue Aug 25 2026 15:40:12 GMT-0500 (Central Daylight Time),624684.6999999881,A,saltenter,I,enter,190,3,3848.2999999821186,620836.400000006,8096,WL,A,2.0
7,13.062000036239624,immed,46937.999963760376,Tue Aug 25 2026 15:40:12 GMT-0500 (Central Daylight Time),626034.5,A,g,I,g,1335,3,1349.5,624685.0,8096,WL,A,3.0
7,13.145999908447266,immed,46854.000091552734,Tue Aug 25 2026 15:40:12 GMT-0500 (Central Daylight Time),626117.8000000119,A,go,I,o,73,3,1432.800000011921,624685.0,8096,WL,A,3.0
7,13.312000036239624,immed,46687.999963760376,Tue Aug 25 2026 15:40:12 GMT-0500 (Central Daylight Time),626284.400000006,A,gol,I,l,149,3,1599.4000000059605,624685.0,8096,WL,A,3.0
7,13.394999980926514,immed,46605.000019073486,Tue Aug 25 2026 15:40:12 GMT-0500 (Central Daylight Time),626367.5,A,gold,I,d,71,3,1682.5,624685.0,8096,WL,A,3.0
7,13.529000043869019,immed,46470.99995613098,Tue Aug 25 2026 15:40:12 GMT-0500 (Central Daylight Time),626500.900000006,A,goldenter,I,enter,124,3,1815.9000000059605,624685.0,8096,WL,A,3.0
7,13.779000043869019,immed,46220.99995613098,Tue Aug 25 2026 15:40:12 GMT-0500 (Central Daylight Time),626750.8000000119,A,k,I,k,239,3,249.60000002384186,626501.1999999881,8096,WL,A,4.0
7,13.879999876022339,immed,46120.00012397766,Tue Aug 25 2026 15:40:12 GMT-0500 (Central Daylight Time),626851.8000000119,A,ke,I,e,85,3,350.60000002384186,626501.1999999881,8096,WL,A,4.0
7,13.977999925613403,immed,46022.0000743866,Tue Aug 25 2026 15:40:12 GMT-0500 (Central Daylight Time),626950.599999994,A,key,I,y,80,3,449.40000000596046,626501.1999999881,8096,WL,A,4.0
7,14.144999980926514,immed,45855.000019073486,Tue Aug 25 2026 15:40:12 GMT-0500 (Central Daylight Time),627117.3000000119,A,keyenter,I,enter,149,3,616.1000000238419,626501.1999999881,8096,WL,A,4.0
7,15.878000020980835,immed,44121.999979019165,Tue Aug 25 2026 15:40:12 GMT-0500 (Central Daylight Time),628850.099999994,A,r,I,r,1719,3,1732.5,627117.599999994,8096,WL,A,5.0
7,16.01099991798401,immed,43989.00008201599,Tue Aug 25 2026 15:40:12 GMT-0500 (Central Daylight Time),628983.5,A,ra,I,a,122,3,1865.9000000059605,627117.599999994,8096,WL,A,5.0
7,16.543999910354614,immed,43456.000089645386,Tue Aug 25 2026 15:40:12 GMT-0500 (Central Daylight Time),629516.6999999881,A,rat,I,t,525,3,2399.0999999940395,627117.599999994,8096,WL,A,5.0
7,16.694000005722046,immed,43305.999994277954,Tue Aug 25 2026 15:40:12 GMT-0500 (Central Daylight Time),629666.6999999881,A,ratt,I,t,135,3,2549.0999999940395,627117.599999994,8096,WL,A,5.0
7,16.793999910354614,immed,43206.000089645386,Tue Aug 25 2026 15:40:12 GMT-0500 (Central Daylight Time),629766.5,A,rattl,I,l,89,3,2648.9000000059605,627117.599999994,8096,WL,A,5.0
7,16.91100001335144,immed,43088.99998664856,Tue Aug 25 2026 15:40:12 GMT-0500 (Central Daylight Time),629883.099999994,A,rattle,I,e,101,3,2765.5,627117.599999994,8096,WL,A,5.0
7,17.027999877929688,immed,42972.00012207031,Tue Aug 25 2026 15:40:12 GMT-0500 (Central Daylight Time),629999.8000000119,A,rattleenter,I,enter,96,3,2882.2000000178814,627117.599999994,8096,WL,A,5.0
7,17.210999965667725,immed,42789.000034332275,Tue Aug 25 2026 15:40:12 GMT-0500 (Central Daylight Time),630183.0,A,b,I,b,163,3,182.80000001192093,630000.1999999881,8096,WL,A,6.0
7,17.311000108718872,immed,42688.99989128113,Tue Aug 25 2026 15:40:12 GMT-0500 (Central Daylight Time),630283.1999999881,A,bu,I,u,85,3,283.0,630000.1999999881,8096,WL,A,6.0
7,17.41100001335144,immed,42588.99998664856,Tue Aug 25 2026 15:40:12 GMT-0500 (Central Daylight Time),630383.099999994,A,but,I,t,80,3,382.90000000596046,630000.1999999881,8096,WL,A,6.0
7,17.526999950408936,immed,42473.000049591064,Tue Aug 25 2026 15:40:12 GMT-0500 (Central Daylight Time),630499.599999994,A,butt,I,t,109,3,499.40000000596046,630000.1999999881,8096,WL,A,6.0
7,17.628999948501587,immed,42371.00005149841,Tue Aug 25 2026 15:40:12 GMT-0500 (Central Daylight Time),630600.900000006,A,butto,I,o,88,3,600.7000000178814,630000.1999999881,8096,WL,A,6.0
7,17.66100001335144,immed,42338.99998664856,Tue Aug 25 2026 15:40:12 GMT-0500 (Central Daylight Time),630632.8000000119,A,button,I,n,28,3,632.6000000238419,630000.1999999881,8096,WL,A,6.0
7,17.861000061035156,immed,42138.999938964844,Tue Aug 25 2026 15:40:12 GMT-0500 (Central Daylight Time),630832.6999999881,A,buttonenter,I,enter,196,3,832.5,630000.1999999881,8096,WL,A,6.0
7,21.042999982833862,immed,38957.00001716614,Tue Aug 25 2026 15:40:12 GMT-0500 (Central Daylight Time),634015.3000000119,A,c,I,c,3172,3,3182.2000000178814,630833.099999994,8096,WL,A,7.0
7,21.158999919891357,immed,38841.00008010864,Tue Aug 25 2026 15:40:12 GMT-0500 (Central Daylight Time),634131.6999999881,A,ch,I,h,108,3,3298.5999999940395,630833.099999994,8096,WL,A,7.0
7,21.358999967575073,immed,38641.00003242493,Tue Aug 25 2026 15:40:12 GMT-0500 (Central Daylight Time),634331.599999994,A,chi,I,i,184,3,3498.5,630833.099999994,8096,WL,A,7.0
7,21.675999879837036,immed,38324.000120162964,Tue Aug 25 2026 15:40:12 GMT-0500 (Central Daylight Time),634648.400000006,A,chim,I,m,296,3,3815.300000011921,630833.099999994,8096,WL,A,7.0
7,21.89299988746643,immed,38107.00011253357,Tue Aug 25 2026 15:40:12 GMT-0500 (Central Daylight Time),634864.900000006,A,chimn,I,n,204,3,4031.800000011921,630833.099999994,8096,WL,A,7.0
7,22.026000022888184,immed,37973.99997711182,Tue Aug 25 2026 15:40:12 GMT-0500 (Central Daylight Time),634998.3000000119,A,chimne,I,e,115,3,4165.200000017881,630833.099999994,8096,WL,A,7.0
7,22.276000022888184,immed,37723.99997711182,Tue Aug 25 2026 15:40:12 GMT-0500 (Central Daylight Time),635248.3000000119,A,chimney,I,y,229,3,4415.200000017881,630833.099999994,8096,WL,A,7.0
7,22.575999975204468,immed,37424.00002479553,Tue Aug 25 2026 15:40:12 GMT-0500 (Central Daylight Time),635547.900000006,A,chimneyenter,I,enter,283,3,4714.800000011921,630833.099999994,8096,WL,A,7.0
7,22.858999967575073,immed,37141.00003242493,Tue Aug 25 2026 15:40:12 GMT-0500 (Central Daylight Time),635831.400000006,A,r,I,r,272,3,283.2000000178814,635548.1999999881,8096,WL,A,8.0
7,22.941999912261963,immed,37058.00008773804,Tue Aug 25 2026 15:40:12 GMT-0500 (Central Daylight Time),635914.599999994,A,ru,I,u,76,3,366.40000000596046,635548.1999999881,8096,WL,A,8.0
7,23.191999912261963,immed,36808.00008773804,Tue Aug 25 2026 15:40:12 GMT-0500 (Central Daylight Time),636164.599999994,A,rug,I,g,242,3,616.4000000059605,635548.1999999881,8096,WL,A,8.0
7,23.45899987220764,immed,36541.00012779236,Tue Aug 25 2026 15:40:12 GMT-0500 (Central Daylight Time),636430.900000006,A,rugenter,I,enter,255,3,882.7000000178814,635548.1999999881,8096,WL,A,8.0
7,23.992000102996826,immed,36007.999897003174,Tue Aug 25 2026 15:40:12 GMT-0500 (Central Daylight Time),636964.1999999881,A,f,I,f,525,3,532.8999999761581,636431.3000000119,8096,WL,A,9.0
7,24.10800004005432,immed,35891.99995994568,Tue Aug 25 2026 15:40:12 GMT-0500 (Central Daylight Time),637080.6999999881,A,fi,I,i,95,3,649.3999999761581,636431.3000000119,8096,WL,A,9.0
7,24.191999912261963,immed,35808.00008773804,Tue Aug 25 2026 15:40:12 GMT-0500 (Central Daylight Time),637164.400000006,A,fin,I,n,67,3,733.0999999940395,636431.3000000119,8096,WL,A,9.0
7,24.243000030517578,immed,35756.99996948242,Tue Aug 25 2026 15:40:12 GMT-0500 (Central Daylight Time),637215.599999994,A,fing,I,g,47,3,784.2999999821186,636431.3000000119,8096,WL,A,9.0
7,24.39199995994568,immed,35608.00004005432,Tue Aug 25 2026 15:40:12 GMT-0500 (Central Daylight Time),637364.099999994,A,finge,I,e,140,3,932.7999999821186,636431.3000000119,8096,WL,A,9.0
7,24.45899987220764,immed,35541.00012779236,Tue Aug 25 2026 15:40:12 GMT-0500 (Central Daylight Time),637430.900000006,A,finger,I,r,47,3,999.5999999940395,636431.3000000119,8096,WL,A,9.0
7,24.575000047683716,immed,35424.999952316284,Tue Aug 25 2026 15:40:12 GMT-0500 (Central Daylight Time),637547.1999999881,A,fingerenter,I,enter,108,3,1115.8999999761581,636431.3000000119,8096,WL,A,9.0
7,24.77500009536743,immed,35224.99990463257,Tue Aug 25 2026 15:40:12 GMT-0500 (Central Daylight Time),637747.099999994,A,h,I,h,184,3,199.59999999403954,637547.5,8096,WL,A,10.0
7,25.007999897003174,immed,34992.000102996826,Tue Aug 25 2026 15:40:12 GMT-0500 (Central Daylight Time),637980.5,A,ha,I,a,216,3,433.0,637547.5,8096,WL,A,10.0
7,25.157999992370605,immed,34842.000007629395,Tue Aug 25 2026 15:40:12 GMT-0500 (Central Daylight Time),638130.400000006,A,har,I,r,144,3,582.9000000059605,637547.5,8096,WL,A,10.0
7,25.375,immed,34625.0,Tue Aug 25 2026 15:40:12 GMT-0500 (Central Daylight Time),638347.099999994,A,harp,I,p,209,3,799.5999999940395,637547.5,8096,WL,A,10.0
7,25.657999992370605,immed,34342.000007629395,Tue Aug 25 2026 15:40:12 GMT-0500 (Central Daylight Time),638630.400000006,A,harpenter,I,enter,265,3,1082.9000000059605,637547.5,8096,WL,A,10.0
7,26.075000047683716,immed,33924.999952316284,Tue Aug 25 2026 15:40:12 GMT-0500 (Central Daylight Time),639046.900000006,A,f,I,f,405,3,416.2000000178814,638630.6999999881,8096,WL,A,11.0
7,26.174999952316284,immed,33825.000047683716,Tue Aug 25 2026 15:40:12 GMT-0500 (Central Daylight Time),639147.099999994,A,fl,I,l,84,3,516.4000000059605,638630.6999999881,8096,WL,A,11.0
7,26.341000080108643,immed,33658.99991989136,Tue Aug 25 2026 15:40:12 GMT-0500 (Central Daylight Time),639313.5,A,flo,I,o,152,3,682.8000000119209,638630.6999999881,8096,WL,A,11.0
7,26.374000072479248,immed,33625.99992752075,Tue Aug 25 2026 15:40:12 GMT-0500 (Central Daylight Time),639346.6999999881,A,flow,I,w,26,3,716.0,638630.6999999881,8096,WL,A,11.0
7,26.44099998474121,immed,33559.00001525879,Tue Aug 25 2026 15:40:12 GMT-0500 (Central Daylight Time),639413.5,A,flowe,I,e,57,3,782.8000000119209,638630.6999999881,8096,WL,A,11.0
7,26.507999897003174,immed,33492.000102996826,Tue Aug 25 2026 15:40:12 GMT-0500 (Central Daylight Time),639480.0,A,flower,I,r,46,3,849.3000000119209,638630.6999999881,8096,WL,A,11.0
7,26.674999952316284,immed,33325.000047683716,Tue Aug 25 2026 15:40:12 GMT-0500 (Central Daylight Time),639646.900000006,A,flowerenter,I,enter,148,3,1016.2000000178814,638630.6999999881,8096,WL,A,11.0
7,27.18499994277954,immed,32815.00005722046,Tue Aug 25 2026 15:40:12 GMT-0500 (Central Daylight Time),640156.8000000119,A,o,I,o,364,3,509.5,639647.3000000119,8096,WL,A,12.0
7,27.19000005722046,immed,32809.99994277954,Tue Aug 25 2026 15:40:12 GMT-0500 (Central Daylight Time),640162.599999994,A,oo,I,o,0,3,515.2999999821186,639647.3000000119,8096,WL,A,12.0
7,27.27500009536743,immed,32724.99990463257,Tue Aug 25 2026 15:40:12 GMT-0500 (Central Daylight Time),640247.3000000119,A,ook,I,k,73,3,600.0,639647.3000000119,8096,WL,A,12.0
7,27.891000032424927,immed,32108.999967575073,Tue Aug 25 2026 15:40:12 GMT-0500 (Central Daylight Time),640863.0,A,oo,I,backspace,594,3,1215.699999988079,639647.3000000119,8096,WL,A,12.0
7,28.056999921798706,immed,31943.000078201294,Tue Aug 25 2026 15:40:12 GMT-0500 (Central Daylight Time),641029.400000006,A,o,I,backspace,148,3,1382.0999999940395,639647.3000000119,8096,WL,A,12.0
7,28.207000017166138,immed,31792.999982833862,Tue Aug 25 2026 15:40:12 GMT-0500 (Central Daylight Time),641179.599999994,A,,I,backspace,134,3,1532.2999999821186,639647.3000000119,8096,WL,A,12.0
7,28.54200005531311,immed,31457.99994468689,Tue Aug 25 2026 15:40:12 GMT-0500 (Central Daylight Time),641513.900000006,A,b,I,b,313,3,1866.5999999940395,639647.3000000119,8096,WL,A,12.0
7,28.707000017166138,immed,31292.999982833862,Tue Aug 25 2026 15:40:12 GMT-0500 (Central Daylight Time),641679.3000000119,A,bo,I,o,145,3,2032.0,639647.3000000119,8096,WL,A,12.0
7,28.874000072479248,immed,31125.999927520752,Tue Aug 25 2026 15:40:12 GMT-0500 (Central Daylight Time),641845.900000006,A,boo,I,o,148,3,2198.5999999940395,639647.3000000119,8096,WL,A,12.0
7,28.95799994468689,immed,31042.00005531311,Tue Aug 25 2026 15:40:12 GMT-0500 (Central Daylight Time),641930.0,A,book,I,k,62,3,2282.699999988079,639647.3000000119,8096,WL,A,12.0
7,29.325000047683716,immed,30674.999952316284,Tue Aug 25 2026 15:40:12 GMT-0500 (Central Daylight Time),642297.0,A,bookenter,I,enter,353,3,2649.699999988079,639647.3000000119,8096,WL,A,12.0
7,31.622999906539917,immed,28377.000093460083,Tue Aug 25 2026 15:40:12 GMT-0500 (Central Daylight Time),644594.900000006,A,t,I,t,2290,3,2297.5999999940395,642297.3000000119,8096,WL,A,13.0
7,31.789999961853027,immed,28210.000038146973,Tue Aug 25 2026 15:40:12 GMT-0500 (Central Daylight Time),644761.8000000119,A,tr,I,r,152,3,2464.5,642297.3000000119,8096,WL,A,13.0
7,31.890000104904175,immed,28109.999895095825,Tue Aug 25 2026 15:40:12 GMT-0500 (Central Daylight Time),644862.0,A,tra,I,a,81,3,2564.699999988079,642297.3000000119,8096,WL,A,13.0
7,32.02300000190735,immed,27976.99999809265,Tue Aug 25 2026 15:40:12 GMT-0500 (Central Daylight Time),644995.099999994,A,trai,I,i,127,3,2697.7999999821186,642297.3000000119,8096,WL,A,13.0
7,32.07200002670288,immed,27927.99997329712,Tue Aug 25 2026 15:40:12 GMT-0500 (Central Daylight Time),645044.8000000119,A,train,I,n,40,3,2747.5,642297.3000000119,8096,WL,A,13.0
7,32.52300000190735,immed,27476.99999809265,Tue Aug 25 2026 15:40:12 GMT-0500 (Central Daylight Time),645495.0,A,trainenter,I,enter,439,3,3197.699999988079,642297.3000000119,8096,WL,A,13.0
7,32.75600004196167,immed,27243.99995803833,Tue Aug 25 2026 15:40:12 GMT-0500 (Central Daylight Time),645728.400000006,A,m,I,m,212,3,233.09999999403954,645495.3000000119,8096,WL,A,14.0
7,32.82299995422363,immed,27177.000045776367,Tue Aug 25 2026 15:40:12 GMT-0500 (Central Daylight Time),645795.099999994,A,me,I,e,51,3,299.7999999821186,645495.3000000119,8096,WL,A,14.0
7,32.92300009727478,immed,27076.99990272522,Tue Aug 25 2026 15:40:12 GMT-0500 (Central Daylight Time),645894.900000006,A,mea,I,a,89,3,399.59999999403954,645495.3000000119,8096,WL,A,14.0
7,33.055999994277954,immed,26944.000005722046,Tue Aug 25 2026 15:40:12 GMT-0500 (Central Daylight Time),646028.099999994,A,mead,I,d,126,3,532.7999999821186,645495.3000000119,8096,WL,A,14.0
7,33.15599989891052,immed,26844.000101089478,Tue Aug 25 2026 15:40:12 GMT-0500 (Central Daylight Time),646128.3000000119,A,meado,I,o,88,3,633.0,645495.3000000119,8096,WL,A,14.0
7,33.25600004196167,immed,26743.99995803833,Tue Aug 25 2026 15:40:12 GMT-0500 (Central Daylight Time),646227.900000006,A,meadow,I,w,83,3,732.5999999940395,645495.3000000119,8096,WL,A,14.0
7,33.47199988365173,immed,26528.000116348267,Tue Aug 25 2026 15:40:12 GMT-0500 (Central Daylight Time),646444.599999994,A,meadowenter,I,enter,207,3,949.2999999821186,645495.3000000119,8096,WL,A,14.0
7,33.723000049591064,immed,26276.999950408936,Tue Aug 25 2026 15:40:12 GMT-0500 (Central Daylight Time),646695.0,A,l,I,l,239,3,250.0,646445.0,8096,WL,A,15.0
7,33.888999938964844,immed,26111.000061035156,Tue Aug 25 2026 15:40:12 GMT-0500 (Central Daylight Time),646861.3000000119,A,lo,I,o,156,3,416.30000001192093,646445.0,8096,WL,A,15.0
7,33.98900008201599,immed,26010.99991798401,Tue Aug 25 2026 15:40:12 GMT-0500 (Central Daylight Time),646961.0,A,log,I,g,86,3,516.0,646445.0,8096,WL,A,15.0
7,34.23900008201599,immed,25760.99991798401,Tue Aug 25 2026 15:40:12 GMT-0500 (Central Daylight Time),647211.0,A,logenter,I,enter,242,3,766.0,646445.0,8096,WL,A,15.0
