block_c,block_dur,condition,countdown,datetime,endtime,list,multichar_response,project,response,response_time,session_number,start_end,starttime,subject_id,task,task_vers,trial
,,,,Sun Jun 07 2026 18:23:56 GMT-0500 (Central Daylight Time),,,,I,space,1802,,,,402736,WL,A,
prac,,0,,Sun Jun 07 2026 18:23:56 GMT-0500 (Central Daylight Time),,NA,b,I,b,3746,,,,402736,WL,A,1.0
prac,,0,,Sun Jun 07 2026 18:23:56 GMT-0500 (Central Daylight Time),,NA,bo,I,o,285,,,,402736,WL,A,1.0
prac,,0,,Sun Jun 07 2026 18:23:56 GMT-0500 (Central Daylight Time),,NA,boo,I,o,132,,,,402736,WL,A,1.0
prac,,0,,Sun Jun 07 2026 18:23:56 GMT-0500 (Central Daylight Time),,NA,boos,I,s,309,,,,402736,WL,A,1.0
prac,,0,,Sun Jun 07 2026 18:23:56 GMT-0500 (Central Daylight Time),,NA,boost,I,t,222,,,,402736,WL,A,1.0
prac,,0,,Sun Jun 07 2026 18:23:56 GMT-0500 (Central Daylight Time),,NA,boostenter,I,enter,867,,,,402736,WL,A,1.0
1,4.811000108718872,learn,55188.99989128113,Sun Jun 07 2026 18:23:56 GMT-0500 (Central Daylight Time),157643.5,A,b,I,b,4787,,4810.89999961853,152832.60000038147,402736,WL,A,1.0
1,5.077000141143799,learn,54922.9998588562,Sun Jun 07 2026 18:23:56 GMT-0500 (Central Daylight Time),157909.80000019073,A,bo,I,o,254,,5077.199999809265,152832.60000038147,402736,WL,A,1.0
1,5.244000196456909,learn,54755.99980354309,Sun Jun 07 2026 18:23:56 GMT-0500 (Central Daylight Time),158076.30000019073,A,boo,I,o,148,,5243.699999809265,152832.60000038147,402736,WL,A,1.0
1,5.328999996185303,learn,54671.0000038147,Sun Jun 07 2026 18:23:56 GMT-0500 (Central Daylight Time),158161.0,A,book,I,k,75,,5328.39999961853,152832.60000038147,402736,WL,A,1.0
1,5.8440001010894775,learn,54155.99989891052,Sun Jun 07 2026 18:23:56 GMT-0500 (Central Daylight Time),158676.39999961853,A,bookenter,I,enter,491,,5843.799999237061,152832.60000038147,402736,WL,A,1.0
1,7.059000015258789,learn,52940.99998474121,Sun Jun 07 2026 18:23:56 GMT-0500 (Central Daylight Time),159891.10000038147,A,f,I,f,1198,,1213.6000003814697,158677.5,402736,WL,A,2.0
1,7.142000198364258,learn,52857.99980163574,Sun Jun 07 2026 18:23:56 GMT-0500 (Central Daylight Time),159975.0,A,fl,I,l,62,,1297.5,158677.5,402736,WL,A,2.0
1,7.308000087738037,learn,52691.99991226196,Sun Jun 07 2026 18:23:56 GMT-0500 (Central Daylight Time),160140.80000019073,A,flo,I,o,147,,1463.3000001907349,158677.5,402736,WL,A,2.0
1,7.391000032424927,learn,52608.99996757507,Sun Jun 07 2026 18:23:56 GMT-0500 (Central Daylight Time),160223.89999961853,A,flow,I,w,69,,1546.3999996185303,158677.5,402736,WL,A,2.0
1,7.492000102996826,learn,52507.999897003174,Sun Jun 07 2026 18:23:56 GMT-0500 (Central Daylight Time),160324.30000019073,A,flowe,I,e,91,,1646.8000001907349,158677.5,402736,WL,A,2.0
1,7.708000183105469,learn,52291.99981689453,Sun Jun 07 2026 18:23:56 GMT-0500 (Central Daylight Time),160540.30000019073,A,flower,I,r,194,,1862.8000001907349,158677.5,402736,WL,A,2.0
1,7.874000072479248,learn,52125.99992752075,Sun Jun 07 2026 18:23:56 GMT-0500 (Central Daylight Time),160706.30000019073,A,flowerenter,I,enter,150,,2028.8000001907349,158677.5,402736,WL,A,2.0
1,8.341000080108643,learn,51658.99991989136,Sun Jun 07 2026 18:23:56 GMT-0500 (Central Daylight Time),161173.30000019073,A,t,I,t,443,,466.4000005722046,160706.89999961853,402736,WL,A,3.0
1,8.508000135421753,learn,51491.99986457825,Sun Jun 07 2026 18:23:56 GMT-0500 (Central Daylight Time),161340.89999961853,A,tr,I,r,155,,634.0,160706.89999961853,402736,WL,A,3.0
1,8.657000064849854,learn,51342.99993515015,Sun Jun 07 2026 18:23:56 GMT-0500 (Central Daylight Time),161489.19999980927,A,tra,I,a,127,,782.3000001907349,160706.89999961853,402736,WL,A,3.0
1,8.773000001907349,learn,51226.99999809265,Sun Jun 07 2026 18:23:56 GMT-0500 (Central Daylight Time),161605.5,A,trai,I,i,94,,898.6000003814697,160706.89999961853,402736,WL,A,3.0
1,8.823000192642212,learn,51176.99980735779,Sun Jun 07 2026 18:23:56 GMT-0500 (Central Daylight Time),161655.5,A,train,I,n,30,,948.6000003814697,160706.89999961853,402736,WL,A,3.0
1,9.123000144958496,learn,50876.999855041504,Sun Jun 07 2026 18:23:56 GMT-0500 (Central Daylight Time),161955.19999980927,A,trainenter,I,enter,279,,1248.3000001907349,160706.89999961853,402736,WL,A,3.0
1,9.440000057220459,learn,50559.99994277954,Sun Jun 07 2026 18:23:56 GMT-0500 (Central Daylight Time),162272.10000038147,A,m,I,m,302,,316.1000003814697,161956.0,402736,WL,A,4.0
1,9.540000200271606,learn,50459.99979972839,Sun Jun 07 2026 18:23:56 GMT-0500 (Central Daylight Time),162372.0,A,me,I,e,88,,416.0,161956.0,402736,WL,A,4.0
1,9.67300009727478,learn,50326.99990272522,Sun Jun 07 2026 18:23:56 GMT-0500 (Central Daylight Time),162505.60000038147,A,mea,I,a,124,,549.6000003814697,161956.0,402736,WL,A,4.0
1,9.85700011253357,learn,50142.99988746643,Sun Jun 07 2026 18:23:56 GMT-0500 (Central Daylight Time),162689.0,A,mead,I,d,173,,733.0,161956.0,402736,WL,A,4.0
1,9.972000122070312,learn,50027.99987792969,Sun Jun 07 2026 18:23:56 GMT-0500 (Central Daylight Time),162804.89999961853,A,meado,I,o,106,,848.8999996185303,161956.0,402736,WL,A,4.0
1,10.055000066757202,learn,49944.9999332428,Sun Jun 07 2026 18:23:56 GMT-0500 (Central Daylight Time),162887.89999961853,A,meadow,I,w,71,,931.8999996185303,161956.0,402736,WL,A,4.0
1,10.257000207901001,learn,49742.999792099,Sun Jun 07 2026 18:23:56 GMT-0500 (Central Daylight Time),163089.39999961853,A,meadowenter,I,enter,190,,1133.3999996185303,161956.0,402736,WL,A,4.0
1,10.606000185012817,learn,49393.99981498718,Sun Jun 07 2026 18:23:56 GMT-0500 (Central Daylight Time),163438.5,A,h,I,h,337,,348.5,163090.0,402736,WL,A,5.0
1,10.739000082015991,learn,49260.99991798401,Sun Jun 07 2026 18:23:56 GMT-0500 (Central Daylight Time),163571.10000038147,A,ha,I,a,119,,481.1000003814697,163090.0,402736,WL,A,5.0
1,10.872000217437744,learn,49127.999782562256,Sun Jun 07 2026 18:23:56 GMT-0500 (Central Daylight Time),163704.10000038147,A,har,I,r,119,,614.1000003814697,163090.0,402736,WL,A,5.0
1,11.022000074386597,learn,48977.9999256134,Sun Jun 07 2026 18:23:56 GMT-0500 (Central Daylight Time),163853.89999961853,A,harp,I,p,140,,763.8999996185303,163090.0,402736,WL,A,5.0
1,11.271000146865845,learn,48728.999853134155,Sun Jun 07 2026 18:23:56 GMT-0500 (Central Daylight Time),164103.39999961853,A,harpenter,I,enter,231,,1013.3999996185303,163090.0,402736,WL,A,5.0
1,11.55400013923645,learn,48445.99986076355,Sun Jun 07 2026 18:23:56 GMT-0500 (Central Daylight Time),164386.60000038147,A,s,I,s,263,,282.5,164104.10000038147,402736,WL,A,6.0
1,11.703999996185303,learn,48296.0000038147,Sun Jun 07 2026 18:23:56 GMT-0500 (Central Daylight Time),164536.19999980927,A,sa,I,a,138,,432.0999994277954,164104.10000038147,402736,WL,A,6.0
1,11.837000131607056,learn,48162.999868392944,Sun Jun 07 2026 18:23:56 GMT-0500 (Central Daylight Time),164669.60000038147,A,sal,I,l,123,,565.5,164104.10000038147,402736,WL,A,6.0
1,11.97000002861023,learn,48029.99997138977,Sun Jun 07 2026 18:23:56 GMT-0500 (Central Daylight Time),164802.80000019073,A,salt,I,t,109,,698.6999998092651,164104.10000038147,402736,WL,A,6.0
1,12.103000164031982,learn,47896.99983596802,Sun Jun 07 2026 18:23:56 GMT-0500 (Central Daylight Time),164935.69999980927,A,saltenter,I,enter,112,,831.5999994277954,164104.10000038147,402736,WL,A,6.0
1,12.353000164031982,learn,47646.99983596802,Sun Jun 07 2026 18:23:56 GMT-0500 (Central Daylight Time),165185.89999961853,A,f,I,f,233,,249.69999980926514,164936.19999980927,402736,WL,A,7.0
1,12.486999988555908,learn,47513.00001144409,Sun Jun 07 2026 18:23:56 GMT-0500 (Central Daylight Time),165319.89999961853,A,fi,I,i,113,,383.69999980926514,164936.19999980927,402736,WL,A,7.0
1,12.553000211715698,learn,47446.9997882843,Sun Jun 07 2026 18:23:56 GMT-0500 (Central Daylight Time),165385.19999980927,A,fin,I,n,45,,449.0,164936.19999980927,402736,WL,A,7.0
1,12.653000116348267,learn,47346.99988365173,Sun Jun 07 2026 18:23:56 GMT-0500 (Central Daylight Time),165485.39999961853,A,fing,I,g,83,,549.1999998092651,164936.19999980927,402736,WL,A,7.0
1,12.78600001335144,learn,47213.99998664856,Sun Jun 07 2026 18:23:56 GMT-0500 (Central Daylight Time),165618.89999961853,A,finge,I,e,113,,682.6999998092651,164936.19999980927,402736,WL,A,7.0
1,12.871000051498413,learn,47128.99994850159,Sun Jun 07 2026 18:23:56 GMT-0500 (Central Daylight Time),165703.0,A,finger,I,r,73,,766.8000001907349,164936.19999980927,402736,WL,A,7.0
1,13.03600001335144,learn,46963.99998664856,Sun Jun 07 2026 18:23:56 GMT-0500 (Central Daylight Time),165868.69999980927,A,fingerenter,I,enter,146,,932.5,164936.19999980927,402736,WL,A,7.0
1,13.336000204086304,learn,46663.999795913696,Sun Jun 07 2026 18:23:56 GMT-0500 (Central Daylight Time),166168.69999980927,A,a,I,a,276,,299.3999996185303,165869.30000019073,402736,WL,A,8.0
1,13.469000101089478,learn,46530.99989891052,Sun Jun 07 2026 18:23:56 GMT-0500 (Central Daylight Time),166301.10000038147,A,ap,I,p,123,,431.80000019073486,165869.30000019073,402736,WL,A,8.0
1,13.636000156402588,learn,46363.99984359741,Sun Jun 07 2026 18:23:56 GMT-0500 (Central Daylight Time),166468.39999961853,A,app,I,p,143,,599.0999994277954,165869.30000019073,402736,WL,A,8.0
1,13.736000061035156,learn,46263.999938964844,Sun Jun 07 2026 18:23:56 GMT-0500 (Central Daylight Time),166568.39999961853,A,appl,I,l,87,,699.0999994277954,165869.30000019073,402736,WL,A,8.0
1,13.86900019645691,learn,46130.99980354309,Sun Jun 07 2026 18:23:56 GMT-0500 (Central Daylight Time),166701.30000019073,A,apple,I,e,110,,832.0,165869.30000019073,402736,WL,A,8.0
1,14.101999998092651,learn,45898.00000190735,Sun Jun 07 2026 18:23:56 GMT-0500 (Central Daylight Time),166934.39999961853,A,appleenter,I,enter,209,,1065.0999994277954,165869.30000019073,402736,WL,A,8.0
1,14.701000213623047,learn,45298.99978637695,Sun Jun 07 2026 18:23:56 GMT-0500 (Central Daylight Time),167533.89999961853,A,c,I,c,581,,599.0,166934.89999961853,402736,WL,A,9.0
1,14.819000005722046,learn,45180.999994277954,Sun Jun 07 2026 18:23:56 GMT-0500 (Central Daylight Time),167651.30000019073,A,ch,I,h,97,,716.4000005722046,166934.89999961853,402736,WL,A,9.0
1,15.100000143051147,learn,44899.99985694885,Sun Jun 07 2026 18:23:56 GMT-0500 (Central Daylight Time),167932.89999961853,A,chi,I,i,263,,998.0,166934.89999961853,402736,WL,A,9.0
1,15.25,learn,44750.0,Sun Jun 07 2026 18:23:56 GMT-0500 (Central Daylight Time),168082.80000019073,A,chim,I,m,138,,1147.9000005722046,166934.89999961853,402736,WL,A,9.0
1,15.467000007629395,learn,44532.999992370605,Sun Jun 07 2026 18:23:56 GMT-0500 (Central Daylight Time),168299.0,A,chimn,I,n,202,,1364.1000003814697,166934.89999961853,402736,WL,A,9.0
1,15.550000190734863,learn,44449.99980926514,Sun Jun 07 2026 18:23:56 GMT-0500 (Central Daylight Time),168382.19999980927,A,chimne,I,e,62,,1447.3000001907349,166934.89999961853,402736,WL,A,9.0
1,15.75,learn,44250.0,Sun Jun 07 2026 18:23:56 GMT-0500 (Central Daylight Time),168582.10000038147,A,chimney,I,y,181,,1647.2000007629395,166934.89999961853,402736,WL,A,9.0
1,15.966000080108643,learn,44033.99991989136,Sun Jun 07 2026 18:23:56 GMT-0500 (Central Daylight Time),168798.5,A,chimneyenter,I,enter,199,,1863.6000003814697,166934.89999961853,402736,WL,A,9.0
1,19.79700016975403,learn,40202.99983024597,Sun Jun 07 2026 18:23:56 GMT-0500 (Central Daylight Time),172629.19999980927,A,k,I,k,3808,,3830.300000190735,168798.89999961853,402736,WL,A,10.0
1,19.880000114440918,learn,40119.99988555908,Sun Jun 07 2026 18:23:56 GMT-0500 (Central Daylight Time),172712.5,A,ke,I,e,65,,3913.6000003814697,168798.89999961853,402736,WL,A,10.0
1,20.046000003814697,learn,39953.9999961853,Sun Jun 07 2026 18:23:56 GMT-0500 (Central Daylight Time),172878.5,A,key,I,y,149,,4079.6000003814697,168798.89999961853,402736,WL,A,10.0
1,20.629000186920166,learn,39370.999813079834,Sun Jun 07 2026 18:23:56 GMT-0500 (Central Daylight Time),173461.69999980927,A,keyenter,I,enter,568,,4662.800000190735,168798.89999961853,402736,WL,A,10.0
1,21.378000020980835,learn,38621.999979019165,Sun Jun 07 2026 18:23:56 GMT-0500 (Central Daylight Time),174210.10000038147,A,l,I,l,738,,747.8000001907349,173462.30000019073,402736,WL,A,11.0
1,21.561000108718872,learn,38438.99989128113,Sun Jun 07 2026 18:23:56 GMT-0500 (Central Daylight Time),174393.5,A,lo,I,o,161,,931.1999998092651,173462.30000019073,402736,WL,A,11.0
1,21.66100001335144,learn,38338.99998664856,Sun Jun 07 2026 18:23:56 GMT-0500 (Central Daylight Time),174493.19999980927,A,log,I,g,81,,1030.8999996185303,173462.30000019073,402736,WL,A,11.0
1,21.861000061035156,learn,38138.999938964844,Sun Jun 07 2026 18:23:56 GMT-0500 (Central Daylight Time),174693.69999980927,A,logenter,I,enter,191,,1231.3999996185303,173462.30000019073,402736,WL,A,11.0
1,24.808000087738037,learn,35191.99991226196,Sun Jun 07 2026 18:23:56 GMT-0500 (Central Daylight Time),177640.60000038147,A,f,I,f,2932,,2946.7000007629395,174693.89999961853,402736,WL,A,12.0
1,24.94099998474121,learn,35059.00001525879,Sun Jun 07 2026 18:23:56 GMT-0500 (Central Daylight Time),177773.39999961853,A,fi,I,i,119,,3079.5,174693.89999961853,402736,WL,A,12.0
1,25.04100012779236,learn,34958.99987220764,Sun Jun 07 2026 18:23:56 GMT-0500 (Central Daylight Time),177873.10000038147,A,fin,I,n,80,,3179.2000007629395,174693.89999961853,402736,WL,A,12.0
1,25.157999992370605,learn,34842.000007629395,Sun Jun 07 2026 18:23:56 GMT-0500 (Central Daylight Time),177990.80000019073,A,fing,I,g,99,,3296.9000005722046,174693.89999961853,402736,WL,A,12.0
1,25.375,learn,34625.0,Sun Jun 07 2026 18:23:56 GMT-0500 (Central Daylight Time),178207.0,A,finge,I,e,192,,3513.1000003814697,174693.89999961853,402736,WL,A,12.0
1,25.457000017166138,learn,34542.99998283386,Sun Jun 07 2026 18:23:56 GMT-0500 (Central Daylight Time),178289.69999980927,A,finger,I,r,70,,3595.800000190735,174693.89999961853,402736,WL,A,12.0
1,25.891000032424927,learn,34108.99996757507,Sun Jun 07 2026 18:23:56 GMT-0500 (Central Daylight Time),178723.30000019073,A,fingerenter,I,enter,416,,4029.4000005722046,174693.89999961853,402736,WL,A,12.0
1,32.26700019836426,learn,27732.999801635742,Sun Jun 07 2026 18:23:56 GMT-0500 (Central Daylight Time),185100.0,A,b,I,b,6359,,6376.10000038147,178723.89999961853,402736,WL,A,13.0
1,32.40000009536743,learn,27599.99990463257,Sun Jun 07 2026 18:23:56 GMT-0500 (Central Daylight Time),185232.60000038147,A,bu,I,u,108,,6508.700000762939,178723.89999961853,402736,WL,A,13.0
1,32.53400015830994,learn,27465.999841690063,Sun Jun 07 2026 18:23:56 GMT-0500 (Central Daylight Time),185366.19999980927,A,but,I,t,120,,6642.300000190735,178723.89999961853,402736,WL,A,13.0
1,32.700000047683716,learn,27299.999952316284,Sun Jun 07 2026 18:23:56 GMT-0500 (Central Daylight Time),185532.89999961853,A,butt,I,t,154,,6809.0,178723.89999961853,402736,WL,A,13.0
1,32.76800012588501,learn,27231.99987411499,Sun Jun 07 2026 18:23:56 GMT-0500 (Central Daylight Time),185600.69999980927,A,butto,I,o,56,,6876.800000190735,178723.89999961853,402736,WL,A,13.0
1,32.85000014305115,learn,27149.999856948853,Sun Jun 07 2026 18:23:56 GMT-0500 (Central Daylight Time),185682.19999980927,A,button,I,n,69,,6958.300000190735,178723.89999961853,402736,WL,A,13.0
1,33.099000215530396,learn,26900.999784469604,Sun Jun 07 2026 18:23:56 GMT-0500 (Central Daylight Time),185931.89999961853,A,buttonenter,I,enter,225,,7208.0,178723.89999961853,402736,WL,A,13.0
1,50.068000078201294,learn,9931.999921798706,Sun Jun 07 2026 18:23:56 GMT-0500 (Central Daylight Time),202900.39999961853,A,l,I,l,16952,,16968.199999809265,185932.19999980927,402736,WL,A,14.0
1,50.23300004005432,learn,9766.999959945679,Sun Jun 07 2026 18:23:56 GMT-0500 (Central Daylight Time),203065.39999961853,A,lo,I,o,156,,17133.199999809265,185932.19999980927,402736,WL,A,14.0
1,50.349000215530396,learn,9650.999784469604,Sun Jun 07 2026 18:23:56 GMT-0500 (Central Daylight Time),203181.80000019073,A,log,I,g,105,,17249.60000038147,185932.19999980927,402736,WL,A,14.0
1,50.56700015068054,learn,9432.999849319458,Sun Jun 07 2026 18:23:56 GMT-0500 (Central Daylight Time),203399.60000038147,A,logenter,I,enter,198,,17467.400000572205,185932.19999980927,402736,WL,A,14.0
1,60.007000207901,learn,-7.000207901000977,Sun Jun 07 2026 18:23:56 GMT-0500 (Central Daylight Time),212839.69999980927,A,None,I,None,9433,,9439.599999427795,203400.10000038147,402736,WL,A,15.0
2,0.25,learn,59750.0,Sun Jun 07 2026 18:23:56 GMT-0500 (Central Daylight Time),280008.0,A,b,I,b,233,,249.60000038146973,279758.39999961853,402736,WL,A,1.0
2,0.40000009536743164,learn,59599.99990463257,Sun Jun 07 2026 18:23:56 GMT-0500 (Central Daylight Time),280158.10000038147,A,bo,I,o,132,,399.70000076293945,279758.39999961853,402736,WL,A,1.0
2,0.5329999923706055,learn,59467.000007629395,Sun Jun 07 2026 18:23:56 GMT-0500 (Central Daylight Time),280291.0,A,boo,I,o,116,,532.6000003814697,279758.39999961853,402736,WL,A,1.0
2,0.5820000171661377,learn,59417.99998283386,Sun Jun 07 2026 18:23:56 GMT-0500 (Central Daylight Time),280340.5,A,book,I,k,34,,582.1000003814697,279758.39999961853,402736,WL,A,1.0
2,0.8489999771118164,learn,59151.00002288818,Sun Jun 07 2026 18:23:56 GMT-0500 (Central Daylight Time),280607.5,A,bookenter,I,enter,247,,849.1000003814697,279758.39999961853,402736,WL,A,1.0
2,1.0829999446868896,learn,58917.00005531311,Sun Jun 07 2026 18:23:56 GMT-0500 (Central Daylight Time),280841.80000019073,A,f,I,f,219,,233.80000019073486,280608.0,402736,WL,A,2.0
2,1.1979999542236328,learn,58802.00004577637,Sun Jun 07 2026 18:23:56 GMT-0500 (Central Daylight Time),280956.69999980927,A,fl,I,l,93,,348.69999980926514,280608.0,402736,WL,A,2.0
2,1.3499999046325684,learn,58650.00009536743,Sun Jun 07 2026 18:23:56 GMT-0500 (Central Daylight Time),281108.10000038147,A,flo,I,o,138,,500.1000003814697,280608.0,402736,WL,A,2.0
2,1.430999994277954,learn,58569.000005722046,Sun Jun 07 2026 18:23:56 GMT-0500 (Central Daylight Time),281189.69999980927,A,flow,I,w,67,,581.6999998092651,280608.0,402736,WL,A,2.0
2,1.5149998664855957,learn,58485.000133514404,Sun Jun 07 2026 18:23:56 GMT-0500 (Central Daylight Time),281273.30000019073,A,flowe,I,e,72,,665.3000001907349,280608.0,402736,WL,A,2.0
2,1.7309999465942383,learn,58269.00005340576,Sun Jun 07 2026 18:23:56 GMT-0500 (Central Daylight Time),281489.89999961853,A,flower,I,r,195,,881.8999996185303,280608.0,402736,WL,A,2.0
2,1.8310000896453857,learn,58168.999910354614,Sun Jun 07 2026 18:23:56 GMT-0500 (Central Daylight Time),281589.69999980927,A,flowerenter,I,enter,85,,981.6999998092651,280608.0,402736,WL,A,2.0
2,2.0490000247955322,learn,57950.99997520447,Sun Jun 07 2026 18:23:56 GMT-0500 (Central Daylight Time),281807.39999961853,A,r,I,r,207,,217.29999923706055,281590.10000038147,402736,WL,A,3.0
2,2.197000026702881,learn,57802.99997329712,Sun Jun 07 2026 18:23:56 GMT-0500 (Central Daylight Time),281955.89999961853,A,ra,I,a,131,,365.79999923706055,281590.10000038147,402736,WL,A,3.0
2,2.4149999618530273,learn,57585.00003814697,Sun Jun 07 2026 18:23:56 GMT-0500 (Central Daylight Time),282173.0,A,rat,I,t,206,,582.8999996185303,281590.10000038147,402736,WL,A,3.0
2,2.563999891281128,learn,57436.00010871887,Sun Jun 07 2026 18:23:56 GMT-0500 (Central Daylight Time),282322.5,A,ratt,I,t,135,,732.3999996185303,281590.10000038147,402736,WL,A,3.0
2,2.6459999084472656,learn,57354.000091552734,Sun Jun 07 2026 18:23:56 GMT-0500 (Central Daylight Time),282404.89999961853,A,rattl,I,l,62,,814.7999992370605,281590.10000038147,402736,WL,A,3.0
2,2.7639999389648438,learn,57236.000061035156,Sun Jun 07 2026 18:23:56 GMT-0500 (Central Daylight Time),282522.10000038147,A,rattle,I,e,106,,932.0,281590.10000038147,402736,WL,A,3.0
2,2.879999876022339,learn,57120.00012397766,Sun Jun 07 2026 18:23:56 GMT-0500 (Central Daylight Time),282638.89999961853,A,rattleenter,I,enter,99,,1048.7999992370605,281590.10000038147,402736,WL,A,3.0
2,3.062999963760376,learn,56937.000036239624,Sun Jun 07 2026 18:23:56 GMT-0500 (Central Daylight Time),282822.0,A,h,I,h,170,,182.69999980926514,282639.30000019073,402736,WL,A,4.0
2,3.246999979019165,learn,56753.000020980835,Sun Jun 07 2026 18:23:56 GMT-0500 (Central Daylight Time),283005.10000038147,A,ha,I,a,167,,365.80000019073486,282639.30000019073,402736,WL,A,4.0
2,3.3970000743865967,learn,56602.9999256134,Sun Jun 07 2026 18:23:56 GMT-0500 (Central Daylight Time),283155.5,A,har,I,r,137,,516.1999998092651,282639.30000019073,402736,WL,A,4.0
2,3.513000011444092,learn,56486.99998855591,Sun Jun 07 2026 18:23:56 GMT-0500 (Central Daylight Time),283271.60000038147,A,harp,I,p,101,,632.3000001907349,282639.30000019073,402736,WL,A,4.0
2,3.7130000591278076,learn,56286.99994087219,Sun Jun 07 2026 18:23:56 GMT-0500 (Central Daylight Time),283471.80000019073,A,harpenter,I,enter,183,,832.5,282639.30000019073,402736,WL,A,4.0
2,3.879999876022339,learn,56120.00012397766,Sun Jun 07 2026 18:23:56 GMT-0500 (Central Daylight Time),283638.0,A,s,I,s,143,,165.60000038146973,283472.39999961853,402736,WL,A,5.0
2,3.996000051498413,learn,56003.99994850159,Sun Jun 07 2026 18:23:56 GMT-0500 (Central Daylight Time),283754.0,A,sa,I,a,107,,281.6000003814697,283472.39999961853,402736,WL,A,5.0
2,4.145999908447266,learn,55854.000091552734,Sun Jun 07 2026 18:23:56 GMT-0500 (Central Daylight Time),283904.10000038147,A,sal,I,l,134,,431.70000076293945,283472.39999961853,402736,WL,A,5.0
2,4.26200008392334,learn,55737.99991607666,Sun Jun 07 2026 18:23:56 GMT-0500 (Central Daylight Time),284020.5,A,salt,I,t,100,,548.1000003814697,283472.39999961853,402736,WL,A,5.0
2,4.361999988555908,learn,55638.00001144409,Sun Jun 07 2026 18:23:56 GMT-0500 (Central Daylight Time),284120.39999961853,A,saltenter,I,enter,88,,648.0,283472.39999961853,402736,WL,A,5.0
2,4.5950000286102295,learn,55404.99997138977,Sun Jun 07 2026 18:23:56 GMT-0500 (Central Daylight Time),284353.80000019073,A,k,I,k,209,,233.0,284120.80000019073,402736,WL,A,6.0
2,4.711999893188477,learn,55288.00010681152,Sun Jun 07 2026 18:23:56 GMT-0500 (Central Daylight Time),284470.10000038147,A,ke,I,e,100,,349.30000019073486,284120.80000019073,402736,WL,A,6.0
2,4.927999973297119,learn,55072.00002670288,Sun Jun 07 2026 18:23:56 GMT-0500 (Central Daylight Time),284686.39999961853,A,key,I,y,208,,565.5999994277954,284120.80000019073,402736,WL,A,6.0
2,5.210999965667725,learn,54789.000034332275,Sun Jun 07 2026 18:23:56 GMT-0500 (Central Daylight Time),284969.89999961853,A,keyenter,I,enter,268,,849.0999994277954,284120.80000019073,402736,WL,A,6.0
2,5.49399995803833,learn,54506.00004196167,Sun Jun 07 2026 18:23:56 GMT-0500 (Central Daylight Time),285252.89999961853,A,l,I,l,261,,282.5,284970.39999961853,402736,WL,A,7.0
2,5.677000045776367,learn,54322.99995422363,Sun Jun 07 2026 18:23:56 GMT-0500 (Central Daylight Time),285435.60000038147,A,lo,I,o,166,,465.20000076293945,284970.39999961853,402736,WL,A,7.0
2,5.793999910354614,learn,54206.000089645386,Sun Jun 07 2026 18:23:56 GMT-0500 (Central Daylight Time),285552.19999980927,A,log,I,g,98,,581.8000001907349,284970.39999961853,402736,WL,A,7.0
2,5.927000045776367,learn,54072.99995422363,Sun Jun 07 2026 18:23:56 GMT-0500 (Central Daylight Time),285685.10000038147,A,logenter,I,enter,114,,714.7000007629395,284970.39999961853,402736,WL,A,7.0
2,6.193000078201294,learn,53806.999921798706,Sun Jun 07 2026 18:23:56 GMT-0500 (Central Daylight Time),285951.5,A,m,I,m,243,,266.1000003814697,285685.39999961853,402736,WL,A,8.0
2,6.309999942779541,learn,53690.00005722046,Sun Jun 07 2026 18:23:56 GMT-0500 (Central Daylight Time),286068.10000038147,A,me,I,e,94,,382.70000076293945,285685.39999961853,402736,WL,A,8.0
2,6.476000070571899,learn,53523.9999294281,Sun Jun 07 2026 18:23:56 GMT-0500 (Central Daylight Time),286234.5,A,mea,I,a,147,,549.1000003814697,285685.39999961853,402736,WL,A,8.0
2,6.6600000858306885,learn,53339.99991416931,Sun Jun 07 2026 18:23:56 GMT-0500 (Central Daylight Time),286418.39999961853,A,mead,I,d,171,,733.0,285685.39999961853,402736,WL,A,8.0
2,6.7769999504089355,learn,53223.000049591064,Sun Jun 07 2026 18:23:56 GMT-0500 (Central Daylight Time),286535.0,A,meado,I,o,103,,849.6000003814697,285685.39999961853,402736,WL,A,8.0
2,6.859999895095825,learn,53140.000104904175,Sun Jun 07 2026 18:23:56 GMT-0500 (Central Daylight Time),286618.5,A,meadow,I,w,64,,933.1000003814697,285685.39999961853,402736,WL,A,8.0
2,7.059999942779541,learn,52940.00005722046,Sun Jun 07 2026 18:23:56 GMT-0500 (Central Daylight Time),286818.19999980927,A,meadowenter,I,enter,184,,1132.8000001907349,285685.39999961853,402736,WL,A,8.0
2,7.359999895095825,learn,52640.000104904175,Sun Jun 07 2026 18:23:56 GMT-0500 (Central Daylight Time),287118.10000038147,A,t,I,t,284,,299.4000005722046,286818.69999980927,402736,WL,A,9.0
2,7.575999975204468,learn,52424.00002479553,Sun Jun 07 2026 18:23:56 GMT-0500 (Central Daylight Time),287334.30000019073,A,tr,I,r,207,,515.6000003814697,286818.69999980927,402736,WL,A,9.0
2,7.759000062942505,learn,52240.999937057495,Sun Jun 07 2026 18:23:56 GMT-0500 (Central Daylight Time),287517.39999961853,A,tra,I,a,163,,698.6999998092651,286818.69999980927,402736,WL,A,9.0
2,7.825999975204468,learn,52174.00002479553,Sun Jun 07 2026 18:23:56 GMT-0500 (Central Daylight Time),287584.10000038147,A,trai,I,i,58,,765.4000005722046,286818.69999980927,402736,WL,A,9.0
2,7.891999959945679,learn,52108.00004005432,Sun Jun 07 2026 18:23:56 GMT-0500 (Central Daylight Time),287650.19999980927,A,train,I,n,59,,831.5,286818.69999980927,402736,WL,A,9.0
2,8.141999959945679,learn,51858.00004005432,Sun Jun 07 2026 18:23:56 GMT-0500 (Central Daylight Time),287900.60000038147,A,trainenter,I,enter,234,,1081.9000005722046,286818.69999980927,402736,WL,A,9.0
2,11.704999923706055,learn,48295.000076293945,Sun Jun 07 2026 18:23:56 GMT-0500 (Central Daylight Time),291463.60000038147,A,l,I,l,3549,,3562.7000007629395,287900.89999961853,402736,WL,A,10.0
2,11.871999979019165,learn,48128.000020980835,Sun Jun 07 2026 18:23:56 GMT-0500 (Central Daylight Time),291630.30000019073,A,lo,I,o,145,,3729.4000005722046,287900.89999961853,402736,WL,A,10.0
2,11.98799991607666,learn,48012.00008392334,Sun Jun 07 2026 18:23:56 GMT-0500 (Central Daylight Time),291746.60000038147,A,log,I,g,94,,3845.7000007629395,287900.89999961853,402736,WL,A,10.0
2,12.104000091552734,learn,47895.999908447266,Sun Jun 07 2026 18:23:56 GMT-0500 (Central Daylight Time),291862.89999961853,A,logenter,I,enter,101,,3962.0,287900.89999961853,402736,WL,A,10.0
2,12.354000091552734,learn,47645.999908447266,Sun Jun 07 2026 18:23:56 GMT-0500 (Central Daylight Time),292112.5,A,k,I,k,241,,249.30000019073486,291863.19999980927,402736,WL,A,11.0
2,12.486999988555908,learn,47513.00001144409,Sun Jun 07 2026 18:23:56 GMT-0500 (Central Daylight Time),292246.0,A,ke,I,e,117,,382.80000019073486,291863.19999980927,402736,WL,A,11.0
2,12.654000043869019,learn,47345.99995613098,Sun Jun 07 2026 18:23:56 GMT-0500 (Central Daylight Time),292412.5,A,key,I,y,142,,549.3000001907349,291863.19999980927,402736,WL,A,11.0
2,13.071000099182129,learn,46928.99990081787,Sun Jun 07 2026 18:23:56 GMT-0500 (Central Daylight Time),292829.30000019073,A,keyenter,I,enter,401,,966.1000003814697,291863.19999980927,402736,WL,A,11.0
2,15.252000093460083,learn,44747.99990653992,Sun Jun 07 2026 18:23:56 GMT-0500 (Central Daylight Time),295010.10000038147,A,g,I,g,2161,,2180.2000007629395,292829.89999961853,402736,WL,A,12.0
2,15.418999910354614,learn,44581.000089645386,Sun Jun 07 2026 18:23:56 GMT-0500 (Central Daylight Time),295177.60000038147,A,gi,I,i,157,,2347.7000007629395,292829.89999961853,402736,WL,A,12.0
2,15.800999879837036,learn,44199.000120162964,Sun Jun 07 2026 18:23:56 GMT-0500 (Central Daylight Time),295559.69999980927,A,g,I,backspace,370,,2729.800000190735,292829.89999961853,402736,WL,A,12.0
2,15.950999975204468,learn,44049.00002479553,Sun Jun 07 2026 18:23:56 GMT-0500 (Central Daylight Time),295709.30000019073,A,,I,backspace,132,,2879.4000005722046,292829.89999961853,402736,WL,A,12.0
2,16.200999975204468,learn,43799.00002479553,Sun Jun 07 2026 18:23:56 GMT-0500 (Central Daylight Time),295959.0,A,f,I,f,227,,3129.1000003814697,292829.89999961853,402736,WL,A,12.0
2,16.300999879837036,learn,43699.000120162964,Sun Jun 07 2026 18:23:56 GMT-0500 (Central Daylight Time),296059.60000038147,A,fi,I,i,78,,3229.7000007629395,292829.89999961853,402736,WL,A,12.0
2,16.366999864578247,learn,43633.00013542175,Sun Jun 07 2026 18:23:56 GMT-0500 (Central Daylight Time),296125.60000038147,A,fin,I,n,52,,3295.7000007629395,292829.89999961853,402736,WL,A,12.0
2,16.467000007629395,learn,43532.999992370605,Sun Jun 07 2026 18:23:56 GMT-0500 (Central Daylight Time),296225.19999980927,A,fing,I,g,81,,3395.300000190735,292829.89999961853,402736,WL,A,12.0
2,16.65000009536743,learn,43349.99990463257,Sun Jun 07 2026 18:23:56 GMT-0500 (Central Daylight Time),296408.69999980927,A,finge,I,e,160,,3578.800000190735,292829.89999961853,402736,WL,A,12.0
2,16.700000047683716,learn,43299.999952316284,Sun Jun 07 2026 18:23:56 GMT-0500 (Central Daylight Time),296458.69999980927,A,finger,I,r,39,,3628.800000190735,292829.89999961853,402736,WL,A,12.0
2,16.90000009536743,learn,43099.99990463257,Sun Jun 07 2026 18:23:56 GMT-0500 (Central Daylight Time),296658.39999961853,A,fingerenter,I,enter,182,,3828.5,292829.89999961853,402736,WL,A,12.0
2,17.066999912261963,learn,42933.00008773804,Sun Jun 07 2026 18:23:56 GMT-0500 (Central Daylight Time),296825.39999961853,A,a,I,a,149,,166.5,296658.89999961853,402736,WL,A,13.0
2,17.382999897003174,learn,42617.000102996826,Sun Jun 07 2026 18:23:56 GMT-0500 (Central Daylight Time),297141.39999961853,A,ap,I,p,291,,482.5,296658.89999961853,402736,WL,A,13.0
2,17.749000072479248,learn,42250.99992752075,Sun Jun 07 2026 18:23:56 GMT-0500 (Central Daylight Time),297507.69999980927,A,app,I,p,347,,848.8000001907349,296658.89999961853,402736,WL,A,13.0
2,17.948999881744385,learn,42051.000118255615,Sun Jun 07 2026 18:23:56 GMT-0500 (Central Daylight Time),297707.39999961853,A,appl,I,l,184,,1048.5,296658.89999961853,402736,WL,A,13.0
2,18.06500005722046,learn,41934.99994277954,Sun Jun 07 2026 18:23:56 GMT-0500 (Central Daylight Time),297823.69999980927,A,apple,I,e,98,,1164.8000001907349,296658.89999961853,402736,WL,A,13.0
2,18.23300004005432,learn,41766.99995994568,Sun Jun 07 2026 18:23:56 GMT-0500 (Central Daylight Time),297991.80000019073,A,appleenter,I,enter,145,,1332.9000005722046,296658.89999961853,402736,WL,A,13.0
2,24.743000030517578,learn,35256.99996948242,Sun Jun 07 2026 18:23:56 GMT-0500 (Central Daylight Time),304501.19999980927,A,d,I,d,6501,,6508.89999961853,297992.30000019073,402736,WL,A,14.0
2,25.02500009536743,learn,34974.99990463257,Sun Jun 07 2026 18:23:56 GMT-0500 (Central Daylight Time),304783.60000038147,A,da,I,a,268,,6791.300000190735,297992.30000019073,402736,WL,A,14.0
2,25.191999912261963,learn,34808.00008773804,Sun Jun 07 2026 18:23:56 GMT-0500 (Central Daylight Time),304950.39999961853,A,dam,I,m,152,,6958.099999427795,297992.30000019073,402736,WL,A,14.0
2,25.27500009536743,learn,34724.99990463257,Sun Jun 07 2026 18:23:56 GMT-0500 (Central Daylight Time),305033.19999980927,A,dama,I,a,63,,7040.89999961853,297992.30000019073,402736,WL,A,14.0
2,25.491999864578247,learn,34508.00013542175,Sun Jun 07 2026 18:23:56 GMT-0500 (Central Daylight Time),305250.10000038147,A,damag,I,g,196,,7257.800000190735,297992.30000019073,402736,WL,A,14.0
2,25.70799994468689,learn,34292.00005531311,Sun Jun 07 2026 18:23:56 GMT-0500 (Central Daylight Time),305466.69999980927,A,damage,I,e,199,,7474.39999961853,297992.30000019073,402736,WL,A,14.0
2,25.924999952316284,learn,34075.000047683716,Sun Jun 07 2026 18:23:56 GMT-0500 (Central Daylight Time),305683.0,A,damageenter,I,enter,197,,7690.699999809265,297992.30000019073,402736,WL,A,14.0
2,60.02500009536743,learn,-25.00009536743164,Sun Jun 07 2026 18:23:56 GMT-0500 (Central Daylight Time),339783.0,A,None,I,None,34088,,34099.39999961853,305683.60000038147,402736,WL,A,15.0
3,0.5160000324249268,learn,59483.99996757507,Sun Jun 07 2026 18:23:56 GMT-0500 (Central Daylight Time),410913.30000019073,A,g,I,g,504,,515.8000001907349,410397.5,402736,WL,A,1.0
3,0.6159999370574951,learn,59384.000062942505,Sun Jun 07 2026 18:23:56 GMT-0500 (Central Daylight Time),411013.30000019073,A,go,I,o,92,,615.8000001907349,410397.5,402736,WL,A,1.0
3,0.7990000247955322,learn,59200.99997520447,Sun Jun 07 2026 18:23:56 GMT-0500 (Central Daylight Time),411196.69999980927,A,gol,I,l,173,,799.1999998092651,410397.5,402736,WL,A,1.0
3,0.9509999752044678,learn,59049.00002479553,Sun Jun 07 2026 18:23:56 GMT-0500 (Central Daylight Time),411348.60000038147,A,gold,I,d,81,,951.1000003814697,410397.5,402736,WL,A,1.0
3,1.0490000247955322,learn,58950.99997520447,Sun Jun 07 2026 18:23:56 GMT-0500 (Central Daylight Time),411446.19999980927,A,goldenter,I,enter,76,,1048.6999998092651,410397.5,402736,WL,A,1.0
3,1.249000072479248,learn,58750.99992752075,Sun Jun 07 2026 18:23:56 GMT-0500 (Central Daylight Time),411646.10000038147,A,c,I,c,162,,199.70000076293945,411446.39999961853,402736,WL,A,2.0
3,1.3480000495910645,learn,58651.999950408936,Sun Jun 07 2026 18:23:56 GMT-0500 (Central Daylight Time),411746.0,A,ch,I,h,85,,299.6000003814697,411446.39999961853,402736,WL,A,2.0
3,1.565999984741211,learn,58434.00001525879,Sun Jun 07 2026 18:23:56 GMT-0500 (Central Daylight Time),411963.30000019073,A,chi,I,i,208,,516.9000005722046,411446.39999961853,402736,WL,A,2.0
3,1.6649999618530273,learn,58335.00003814697,Sun Jun 07 2026 18:23:56 GMT-0500 (Central Daylight Time),412062.39999961853,A,chim,I,m,80,,616.0,411446.39999961853,402736,WL,A,2.0
3,1.8650000095367432,learn,58134.99999046326,Sun Jun 07 2026 18:23:56 GMT-0500 (Central Daylight Time),412262.19999980927,A,chimn,I,n,190,,815.8000001907349,411446.39999961853,402736,WL,A,2.0
3,1.9809999465942383,learn,58019.00005340576,Sun Jun 07 2026 18:23:56 GMT-0500 (Central Daylight Time),412378.80000019073,A,chimne,I,e,93,,932.4000005722046,411446.39999961853,402736,WL,A,2.0
3,2.064000129699707,learn,57935.99987030029,Sun Jun 07 2026 18:23:56 GMT-0500 (Central Daylight Time),412461.89999961853,A,chimney,I,y,61,,1015.5,411446.39999961853,402736,WL,A,2.0
3,2.3310000896453857,learn,57668.999910354614,Sun Jun 07 2026 18:23:56 GMT-0500 (Central Daylight Time),412728.30000019073,A,chimneyenter,I,enter,247,,1281.9000005722046,411446.39999961853,402736,WL,A,2.0
3,2.496999979019165,learn,57503.000020980835,Sun Jun 07 2026 18:23:56 GMT-0500 (Central Daylight Time),412894.60000038147,A,r,I,r,153,,166.0,412728.60000038147,402736,WL,A,3.0
3,2.614000082015991,learn,57385.99991798401,Sun Jun 07 2026 18:23:56 GMT-0500 (Central Daylight Time),413011.39999961853,A,ra,I,a,101,,282.79999923706055,412728.60000038147,402736,WL,A,3.0
3,2.7799999713897705,learn,57220.00002861023,Sun Jun 07 2026 18:23:56 GMT-0500 (Central Daylight Time),413177.80000019073,A,rat,I,t,157,,449.19999980926514,412728.60000038147,402736,WL,A,3.0
3,2.930000066757202,learn,57069.9999332428,Sun Jun 07 2026 18:23:56 GMT-0500 (Central Daylight Time),413327.60000038147,A,ratt,I,t,134,,599.0,412728.60000038147,402736,WL,A,3.0
3,3.046999931335449,learn,56953.00006866455,Sun Jun 07 2026 18:23:56 GMT-0500 (Central Daylight Time),413444.19999980927,A,rattl,I,l,97,,715.5999994277954,412728.60000038147,402736,WL,A,3.0
3,3.1470000743865967,learn,56852.9999256134,Sun Jun 07 2026 18:23:56 GMT-0500 (Central Daylight Time),413544.19999980927,A,rattle,I,e,80,,815.5999994277954,412728.60000038147,402736,WL,A,3.0
3,3.2799999713897705,learn,56720.00002861023,Sun Jun 07 2026 18:23:56 GMT-0500 (Central Daylight Time),413677.39999961853,A,rattleenter,I,enter,109,,948.7999992370605,412728.60000038147,402736,WL,A,3.0
3,3.446000099182129,learn,56553.99990081787,Sun Jun 07 2026 18:23:56 GMT-0500 (Central Daylight Time),413843.89999961853,A,f,I,f,148,,166.0999994277954,413677.80000019073,402736,WL,A,4.0
3,3.562999963760376,learn,56437.000036239624,Sun Jun 07 2026 18:23:56 GMT-0500 (Central Daylight Time),413960.39999961853,A,fl,I,l,103,,282.5999994277954,413677.80000019073,402736,WL,A,4.0
3,3.746000051498413,learn,56253.99994850159,Sun Jun 07 2026 18:23:56 GMT-0500 (Central Daylight Time),414143.5,A,flo,I,o,166,,465.69999980926514,413677.80000019073,402736,WL,A,4.0
3,3.8630001544952393,learn,56136.99984550476,Sun Jun 07 2026 18:23:56 GMT-0500 (Central Daylight Time),414260.0,A,flow,I,w,102,,582.1999998092651,413677.80000019073,402736,WL,A,4.0
3,3.9630000591278076,learn,56036.99994087219,Sun Jun 07 2026 18:23:56 GMT-0500 (Central Daylight Time),414360.0,A,flowe,I,e,80,,682.1999998092651,413677.80000019073,402736,WL,A,4.0
3,4.161999940872192,learn,55838.00005912781,Sun Jun 07 2026 18:23:56 GMT-0500 (Central Daylight Time),414559.89999961853,A,flower,I,r,178,,882.0999994277954,413677.80000019073,402736,WL,A,4.0
3,4.2790000438690186,learn,55720.99995613098,Sun Jun 07 2026 18:23:56 GMT-0500 (Central Daylight Time),414676.19999980927,A,flowerenter,I,enter,95,,998.3999996185303,413677.80000019073,402736,WL,A,4.0
3,4.479000091552734,learn,55520.999908447266,Sun Jun 07 2026 18:23:56 GMT-0500 (Central Daylight Time),414876.10000038147,A,t,I,t,181,,199.60000038146973,414676.5,402736,WL,A,5.0
3,4.628999948501587,learn,55371.00005149841,Sun Jun 07 2026 18:23:56 GMT-0500 (Central Daylight Time),415026.10000038147,A,tr,I,r,143,,349.6000003814697,414676.5,402736,WL,A,5.0
3,4.812000036239624,learn,55187.999963760376,Sun Jun 07 2026 18:23:56 GMT-0500 (Central Daylight Time),415209.19999980927,A,tra,I,a,162,,532.6999998092651,414676.5,402736,WL,A,5.0
3,4.894999980926514,learn,55105.000019073486,Sun Jun 07 2026 18:23:56 GMT-0500 (Central Daylight Time),415292.39999961853,A,trai,I,i,61,,615.8999996185303,414676.5,402736,WL,A,5.0
3,4.962000131607056,learn,55037.999868392944,Sun Jun 07 2026 18:23:56 GMT-0500 (Central Daylight Time),415359.0,A,train,I,n,48,,682.5,414676.5,402736,WL,A,5.0
3,5.177999973297119,learn,54822.00002670288,Sun Jun 07 2026 18:23:56 GMT-0500 (Central Daylight Time),415575.5,A,trainenter,I,enter,208,,899.0,414676.5,402736,WL,A,5.0
3,5.361000061035156,learn,54638.999938964844,Sun Jun 07 2026 18:23:56 GMT-0500 (Central Daylight Time),415758.60000038147,A,b,I,b,169,,182.80000019073486,415575.80000019073,402736,WL,A,6.0
3,5.51200008392334,learn,54487.99991607666,Sun Jun 07 2026 18:23:56 GMT-0500 (Central Daylight Time),415909.5,A,bo,I,o,128,,333.69999980926514,415575.80000019073,402736,WL,A,6.0
3,5.644999980926514,learn,54355.000019073486,Sun Jun 07 2026 18:23:56 GMT-0500 (Central Daylight Time),416042.10000038147,A,boo,I,o,116,,466.30000019073486,415575.80000019073,402736,WL,A,6.0
3,5.726999998092651,learn,54273.00000190735,Sun Jun 07 2026 18:23:56 GMT-0500 (Central Daylight Time),416124.89999961853,A,book,I,k,69,,549.0999994277954,415575.80000019073,402736,WL,A,6.0
3,5.91100001335144,learn,54088.99998664856,Sun Jun 07 2026 18:23:56 GMT-0500 (Central Daylight Time),416308.10000038147,A,bookenter,I,enter,170,,732.3000001907349,415575.80000019073,402736,WL,A,6.0
3,6.111000061035156,learn,53888.999938964844,Sun Jun 07 2026 18:23:56 GMT-0500 (Central Daylight Time),416508.60000038147,A,l,I,l,187,,200.20000076293945,416308.39999961853,402736,WL,A,7.0
3,6.361000061035156,learn,53638.999938964844,Sun Jun 07 2026 18:23:56 GMT-0500 (Central Daylight Time),416758.10000038147,A,lo,I,o,226,,449.70000076293945,416308.39999961853,402736,WL,A,7.0
3,6.5269999504089355,learn,53473.000049591064,Sun Jun 07 2026 18:23:56 GMT-0500 (Central Daylight Time),416924.69999980927,A,log,I,g,144,,616.3000001907349,416308.39999961853,402736,WL,A,7.0
3,6.64300012588501,learn,53356.99987411499,Sun Jun 07 2026 18:23:56 GMT-0500 (Central Daylight Time),417040.89999961853,A,logenter,I,enter,93,,732.5,416308.39999961853,402736,WL,A,7.0
3,6.927000045776367,learn,53072.99995422363,Sun Jun 07 2026 18:23:56 GMT-0500 (Central Daylight Time),417324.19999980927,A,k,I,k,271,,282.80000019073486,417041.39999961853,402736,WL,A,8.0
3,7.0929999351501465,learn,52907.00006484985,Sun Jun 07 2026 18:23:56 GMT-0500 (Central Daylight Time),417490.30000019073,A,ke,I,e,156,,448.9000005722046,417041.39999961853,402736,WL,A,8.0
3,7.210000038146973,learn,52789.99996185303,Sun Jun 07 2026 18:23:56 GMT-0500 (Central Daylight Time),417607.0,A,key,I,y,100,,565.6000003814697,417041.39999961853,402736,WL,A,8.0
3,7.476000070571899,learn,52523.9999294281,Sun Jun 07 2026 18:23:56 GMT-0500 (Central Daylight Time),417873.19999980927,A,keyenter,I,enter,256,,831.8000001907349,417041.39999961853,402736,WL,A,8.0
3,7.809000015258789,learn,52190.99998474121,Sun Jun 07 2026 18:23:56 GMT-0500 (Central Daylight Time),418206.30000019073,A,m,I,m,312,,332.80000019073486,417873.5,402736,WL,A,9.0
3,7.891999959945679,learn,52108.00004005432,Sun Jun 07 2026 18:23:56 GMT-0500 (Central Daylight Time),418289.5,A,me,I,e,60,,416.0,417873.5,402736,WL,A,9.0
3,8.025000095367432,learn,51974.99990463257,Sun Jun 07 2026 18:23:56 GMT-0500 (Central Daylight Time),418422.69999980927,A,mea,I,a,117,,549.1999998092651,417873.5,402736,WL,A,9.0
3,8.275000095367432,learn,51724.99990463257,Sun Jun 07 2026 18:23:56 GMT-0500 (Central Daylight Time),418672.39999961853,A,mead,I,d,236,,798.8999996185303,417873.5,402736,WL,A,9.0
3,8.375,learn,51625.0,Sun Jun 07 2026 18:23:56 GMT-0500 (Central Daylight Time),418772.69999980927,A,meado,I,o,79,,899.1999998092651,417873.5,402736,WL,A,9.0
3,8.490999937057495,learn,51509.000062942505,Sun Jun 07 2026 18:23:56 GMT-0500 (Central Daylight Time),418888.89999961853,A,meadow,I,w,95,,1015.3999996185303,417873.5,402736,WL,A,9.0
3,8.625,learn,51375.0,Sun Jun 07 2026 18:23:56 GMT-0500 (Central Daylight Time),419022.10000038147,A,meadowenter,I,enter,113,,1148.6000003814697,417873.5,402736,WL,A,9.0
3,8.874000072479248,learn,51125.99992752075,Sun Jun 07 2026 18:23:56 GMT-0500 (Central Daylight Time),419271.89999961853,A,t,I,t,229,,249.5,419022.39999961853,402736,WL,A,10.0
3,9.041000127792358,learn,50958.99987220764,Sun Jun 07 2026 18:23:56 GMT-0500 (Central Daylight Time),419438.39999961853,A,tr,I,r,157,,416.0,419022.39999961853,402736,WL,A,10.0
3,9.190999984741211,learn,50809.00001525879,Sun Jun 07 2026 18:23:56 GMT-0500 (Central Daylight Time),419588.19999980927,A,tra,I,a,139,,565.8000001907349,419022.39999961853,402736,WL,A,10.0
3,9.324000120162964,learn,50675.999879837036,Sun Jun 07 2026 18:23:56 GMT-0500 (Central Daylight Time),419721.89999961853,A,trai,I,i,108,,699.5,419022.39999961853,402736,WL,A,10.0
3,9.391000032424927,learn,50608.99996757507,Sun Jun 07 2026 18:23:56 GMT-0500 (Central Daylight Time),419788.10000038147,A,train,I,n,54,,765.7000007629395,419022.39999961853,402736,WL,A,10.0
3,9.624000072479248,learn,50375.99992752075,Sun Jun 07 2026 18:23:56 GMT-0500 (Central Daylight Time),420021.5,A,trainenter,I,enter,218,,999.1000003814697,419022.39999961853,402736,WL,A,10.0
3,12.388000011444092,learn,47611.99998855591,Sun Jun 07 2026 18:23:56 GMT-0500 (Central Daylight Time),422785.19999980927,A,p,I,p,2740,,2763.300000190735,420021.89999961853,402736,WL,A,11.0
3,12.470999956130981,learn,47529.00004386902,Sun Jun 07 2026 18:23:56 GMT-0500 (Central Daylight Time),422868.39999961853,A,po,I,o,60,,2846.5,420021.89999961853,402736,WL,A,11.0
3,12.571000099182129,learn,47428.99990081787,Sun Jun 07 2026 18:23:56 GMT-0500 (Central Daylight Time),422968.30000019073,A,pot,I,t,85,,2946.4000005722046,420021.89999961853,402736,WL,A,11.0
3,13.319999933242798,learn,46680.0000667572,Sun Jun 07 2026 18:23:56 GMT-0500 (Central Daylight Time),423717.5,A,potenter,I,enter,737,,3695.6000003814697,420021.89999961853,402736,WL,A,11.0
3,14.519000053405762,learn,45480.99994659424,Sun Jun 07 2026 18:23:56 GMT-0500 (Central Daylight Time),424916.5,A,k,I,k,1173,,1198.6000003814697,423717.89999961853,402736,WL,A,12.0
3,14.634999990463257,learn,45365.00000953674,Sun Jun 07 2026 18:23:56 GMT-0500 (Central Daylight Time),425033.0,A,ke,I,e,101,,1315.1000003814697,423717.89999961853,402736,WL,A,12.0
3,14.802000045776367,learn,45197.99995422363,Sun Jun 07 2026 18:23:56 GMT-0500 (Central Daylight Time),425199.5,A,key,I,y,146,,1481.6000003814697,423717.89999961853,402736,WL,A,12.0
3,15.102999925613403,learn,44897.0000743866,Sun Jun 07 2026 18:23:56 GMT-0500 (Central Daylight Time),425500.5,A,keyenter,I,enter,286,,1782.6000003814697,423717.89999961853,402736,WL,A,12.0
3,15.83400011062622,learn,44165.99988937378,Sun Jun 07 2026 18:23:56 GMT-0500 (Central Daylight Time),426231.69999980927,A,b,I,b,708,,730.8999996185303,425500.80000019073,402736,WL,A,13.0
3,15.917999982833862,learn,44082.00001716614,Sun Jun 07 2026 18:23:56 GMT-0500 (Central Daylight Time),426315.10000038147,A,bo,I,o,73,,814.3000001907349,425500.80000019073,402736,WL,A,13.0
3,16.068000078201294,learn,43931.999921798706,Sun Jun 07 2026 18:23:56 GMT-0500 (Central Daylight Time),426465.19999980927,A,boo,I,o,131,,964.3999996185303,425500.80000019073,402736,WL,A,13.0
3,16.134000062942505,learn,43865.999937057495,Sun Jun 07 2026 18:23:56 GMT-0500 (Central Daylight Time),426531.60000038147,A,book,I,k,48,,1030.8000001907349,425500.80000019073,402736,WL,A,13.0
3,16.368000030517578,learn,43631.99996948242,Sun Jun 07 2026 18:23:56 GMT-0500 (Central Daylight Time),426764.89999961853,A,bookenter,I,enter,211,,1264.0999994277954,425500.80000019073,402736,WL,A,13.0
3,16.76699995994568,learn,43233.00004005432,Sun Jun 07 2026 18:23:56 GMT-0500 (Central Daylight Time),427164.5,A,f,I,f,381,,399.1000003814697,426765.39999961853,402736,WL,A,14.0
3,16.850000143051147,learn,43149.99985694885,Sun Jun 07 2026 18:23:56 GMT-0500 (Central Daylight Time),427247.5,A,fl,I,l,68,,482.1000003814697,426765.39999961853,402736,WL,A,14.0
3,17.0,learn,43000.0,Sun Jun 07 2026 18:23:56 GMT-0500 (Central Daylight Time),427397.19999980927,A,flo,I,o,130,,631.8000001907349,426765.39999961853,402736,WL,A,14.0
3,17.100000143051147,learn,42899.99985694885,Sun Jun 07 2026 18:23:56 GMT-0500 (Central Daylight Time),427497.19999980927,A,flow,I,w,91,,731.8000001907349,426765.39999961853,402736,WL,A,14.0
3,17.183000087738037,learn,42816.99991226196,Sun Jun 07 2026 18:23:56 GMT-0500 (Central Daylight Time),427580.5,A,flowe,I,e,62,,815.1000003814697,426765.39999961853,402736,WL,A,14.0
3,17.41600012779236,learn,42583.99987220764,Sun Jun 07 2026 18:23:56 GMT-0500 (Central Daylight Time),427813.80000019073,A,flower,I,r,222,,1048.4000005722046,426765.39999961853,402736,WL,A,14.0
3,17.6489999294281,learn,42351.0000705719,Sun Jun 07 2026 18:23:56 GMT-0500 (Central Daylight Time),428046.69999980927,A,flowerenter,I,enter,219,,1281.3000001907349,426765.39999961853,402736,WL,A,14.0
3,18.131999969482422,learn,41868.00003051758,Sun Jun 07 2026 18:23:56 GMT-0500 (Central Daylight Time),428529.60000038147,A,t,I,t,461,,482.70000076293945,428046.89999961853,402736,WL,A,15.0
3,18.332000017166138,learn,41667.99998283386,Sun Jun 07 2026 18:23:56 GMT-0500 (Central Daylight Time),428729.5,A,tr,I,r,181,,682.6000003814697,428046.89999961853,402736,WL,A,15.0
3,18.48200011253357,learn,41517.99988746643,Sun Jun 07 2026 18:23:56 GMT-0500 (Central Daylight Time),428879.19999980927,A,tra,I,a,126,,832.3000001907349,428046.89999961853,402736,WL,A,15.0
3,18.615000009536743,learn,41384.99999046326,Sun Jun 07 2026 18:23:56 GMT-0500 (Central Daylight Time),429012.60000038147,A,trai,I,i,111,,965.7000007629395,428046.89999961853,402736,WL,A,15.0
3,18.682000160217285,learn,41317.999839782715,Sun Jun 07 2026 18:23:56 GMT-0500 (Central Daylight Time),429079.0,A,train,I,n,55,,1032.1000003814697,428046.89999961853,402736,WL,A,15.0
3,18.865000009536743,learn,41134.99999046326,Sun Jun 07 2026 18:23:56 GMT-0500 (Central Daylight Time),429262.19999980927,A,trainenter,I,enter,169,,1215.3000001907349,428046.89999961853,402736,WL,A,15.0
4,0.3819999694824219,learn,59618.00003051758,Sun Jun 07 2026 18:23:56 GMT-0500 (Central Daylight Time),504023.30000019073,A,b,I,b,369,,381.5,503641.80000019073,402736,WL,A,1.0
4,0.5320000648498535,learn,59467.99993515015,Sun Jun 07 2026 18:23:56 GMT-0500 (Central Daylight Time),504173.60000038147,A,bo,I,o,132,,531.8000001907349,503641.80000019073,402736,WL,A,1.0
4,0.6809999942779541,learn,59319.000005722046,Sun Jun 07 2026 18:23:56 GMT-0500 (Central Daylight Time),504323.0,A,boo,I,o,140,,681.1999998092651,503641.80000019073,402736,WL,A,1.0
4,0.7480001449584961,learn,59251.999855041504,Sun Jun 07 2026 18:23:56 GMT-0500 (Central Daylight Time),504389.5,A,book,I,k,58,,747.6999998092651,503641.80000019073,402736,WL,A,1.0
4,0.999000072479248,learn,59000.99992752075,Sun Jun 07 2026 18:23:56 GMT-0500 (Central Daylight Time),504640.0,A,bookenter,I,enter,243,,998.1999998092651,503641.80000019073,402736,WL,A,1.0
4,1.2810001373291016,learn,58718.9998626709,Sun Jun 07 2026 18:23:56 GMT-0500 (Central Daylight Time),504922.30000019073,A,g,I,g,265,,282.1000003814697,504640.19999980927,402736,WL,A,2.0
4,1.3980000019073486,learn,58601.99999809265,Sun Jun 07 2026 18:23:56 GMT-0500 (Central Daylight Time),505039.0,A,gl,I,l,96,,398.80000019073486,504640.19999980927,402736,WL,A,2.0
4,1.63100004196167,learn,58368.99995803833,Sun Jun 07 2026 18:23:56 GMT-0500 (Central Daylight Time),505272.19999980927,A,g,I,backspace,221,,632.0,504640.19999980927,402736,WL,A,2.0
4,1.7810001373291016,learn,58218.9998626709,Sun Jun 07 2026 18:23:56 GMT-0500 (Central Daylight Time),505422.30000019073,A,,I,backspace,134,,782.1000003814697,504640.19999980927,402736,WL,A,2.0
4,1.930999994277954,learn,58069.000005722046,Sun Jun 07 2026 18:23:56 GMT-0500 (Central Daylight Time),505572.10000038147,A,f,I,f,139,,931.9000005722046,504640.19999980927,402736,WL,A,2.0
4,2.0320000648498535,learn,57967.99993515015,Sun Jun 07 2026 18:23:56 GMT-0500 (Central Daylight Time),505673.39999961853,A,fl,I,l,76,,1033.1999998092651,504640.19999980927,402736,WL,A,2.0
4,2.2300000190734863,learn,57769.999980926514,Sun Jun 07 2026 18:23:56 GMT-0500 (Central Daylight Time),505871.89999961853,A,flo,I,o,176,,1231.6999998092651,504640.19999980927,402736,WL,A,2.0
4,2.330000162124634,learn,57669.999837875366,Sun Jun 07 2026 18:23:56 GMT-0500 (Central Daylight Time),505971.19999980927,A,flow,I,w,83,,1331.0,504640.19999980927,402736,WL,A,2.0
4,2.4130001068115234,learn,57586.99989318848,Sun Jun 07 2026 18:23:56 GMT-0500 (Central Daylight Time),506054.80000019073,A,flowe,I,e,71,,1414.6000003814697,504640.19999980927,402736,WL,A,2.0
4,2.6130001544952393,learn,57386.99984550476,Sun Jun 07 2026 18:23:56 GMT-0500 (Central Daylight Time),506254.39999961853,A,flower,I,r,177,,1614.1999998092651,504640.19999980927,402736,WL,A,2.0
4,2.697000026702881,learn,57302.99997329712,Sun Jun 07 2026 18:23:56 GMT-0500 (Central Daylight Time),506338.5,A,flowerenter,I,enter,63,,1698.3000001907349,504640.19999980927,402736,WL,A,2.0
4,2.946000099182129,learn,57053.99990081787,Sun Jun 07 2026 18:23:56 GMT-0500 (Central Daylight Time),506587.5,A,m,I,m,227,,248.60000038146973,506338.89999961853,402736,WL,A,3.0
4,3.013000011444092,learn,56986.99998855591,Sun Jun 07 2026 18:23:56 GMT-0500 (Central Daylight Time),506654.0,A,me,I,e,44,,315.1000003814697,506338.89999961853,402736,WL,A,3.0
4,3.1630001068115234,learn,56836.99989318848,Sun Jun 07 2026 18:23:56 GMT-0500 (Central Daylight Time),506804.5,A,mea,I,a,143,,465.6000003814697,506338.89999961853,402736,WL,A,3.0
4,3.3960001468658447,learn,56603.999853134155,Sun Jun 07 2026 18:23:56 GMT-0500 (Central Daylight Time),507037.10000038147,A,mead,I,d,214,,698.2000007629395,506338.89999961853,402736,WL,A,3.0
4,3.5290000438690186,learn,56470.99995613098,Sun Jun 07 2026 18:23:56 GMT-0500 (Central Daylight Time),507170.0,A,meado,I,o,111,,831.1000003814697,506338.89999961853,402736,WL,A,3.0
4,3.5950000286102295,learn,56404.99997138977,Sun Jun 07 2026 18:23:56 GMT-0500 (Central Daylight Time),507236.5,A,meadow,I,w,40,,897.6000003814697,506338.89999961853,402736,WL,A,3.0
4,3.812000036239624,learn,56187.999963760376,Sun Jun 07 2026 18:23:56 GMT-0500 (Central Daylight Time),507453.60000038147,A,meadowenter,I,enter,207,,1114.7000007629395,506338.89999961853,402736,WL,A,3.0
4,4.4120001792907715,learn,55587.99982070923,Sun Jun 07 2026 18:23:56 GMT-0500 (Central Daylight Time),508053.10000038147,A,k,I,k,588,,599.1000003814697,507454.0,402736,WL,A,4.0
4,4.528000116348267,learn,55471.99988365173,Sun Jun 07 2026 18:23:56 GMT-0500 (Central Daylight Time),508169.69999980927,A,ke,I,e,96,,715.6999998092651,507454.0,402736,WL,A,4.0
4,4.778000116348267,learn,55221.99988365173,Sun Jun 07 2026 18:23:56 GMT-0500 (Central Daylight Time),508419.69999980927,A,key,I,y,227,,965.6999998092651,507454.0,402736,WL,A,4.0
4,4.878000020980835,learn,55121.999979019165,Sun Jun 07 2026 18:23:56 GMT-0500 (Central Daylight Time),508519.0,A,keyenter,I,enter,78,,1065.0,507454.0,402736,WL,A,4.0
4,5.0940001010894775,learn,54905.99989891052,Sun Jun 07 2026 18:23:56 GMT-0500 (Central Daylight Time),508735.10000038147,A,l,I,l,202,,215.60000038146973,508519.5,402736,WL,A,5.0
4,5.292999982833862,learn,54707.00001716614,Sun Jun 07 2026 18:23:56 GMT-0500 (Central Daylight Time),508934.89999961853,A,lo,I,o,186,,415.3999996185303,508519.5,402736,WL,A,5.0
4,5.4100000858306885,learn,54589.99991416931,Sun Jun 07 2026 18:23:56 GMT-0500 (Central Daylight Time),509051.60000038147,A,log,I,g,93,,532.1000003814697,508519.5,402736,WL,A,5.0
4,5.527000188827515,learn,54472.999811172485,Sun Jun 07 2026 18:23:56 GMT-0500 (Central Daylight Time),509168.10000038147,A,logenter,I,enter,105,,648.6000003814697,508519.5,402736,WL,A,5.0
4,5.710000038146973,learn,54289.99996185303,Sun Jun 07 2026 18:23:56 GMT-0500 (Central Daylight Time),509351.10000038147,A,r,I,r,160,,182.80000019073486,509168.30000019073,402736,WL,A,6.0
4,5.876000165939331,learn,54123.99983406067,Sun Jun 07 2026 18:23:56 GMT-0500 (Central Daylight Time),509517.60000038147,A,ra,I,a,156,,349.30000019073486,509168.30000019073,402736,WL,A,6.0
4,6.075999975204468,learn,53924.00002479553,Sun Jun 07 2026 18:23:56 GMT-0500 (Central Daylight Time),509717.39999961853,A,rat,I,t,179,,549.0999994277954,509168.30000019073,402736,WL,A,6.0
4,6.226000070571899,learn,53773.9999294281,Sun Jun 07 2026 18:23:56 GMT-0500 (Central Daylight Time),509867.30000019073,A,ratt,I,t,126,,699.0,509168.30000019073,402736,WL,A,6.0
4,6.29200005531311,learn,53707.99994468689,Sun Jun 07 2026 18:23:56 GMT-0500 (Central Daylight Time),509933.80000019073,A,rattl,I,l,55,,765.5,509168.30000019073,402736,WL,A,6.0
4,6.426000118255615,learn,53573.999881744385,Sun Jun 07 2026 18:23:56 GMT-0500 (Central Daylight Time),510067.0,A,rattle,I,e,117,,898.6999998092651,509168.30000019073,402736,WL,A,6.0
4,6.526000022888184,learn,53473.99997711182,Sun Jun 07 2026 18:23:56 GMT-0500 (Central Daylight Time),510166.89999961853,A,rattleenter,I,enter,85,,998.5999994277954,509168.30000019073,402736,WL,A,6.0
4,7.127000093460083,learn,52872.99990653992,Sun Jun 07 2026 18:23:56 GMT-0500 (Central Daylight Time),510768.80000019073,A,b,I,b,580,,601.6000003814697,510167.19999980927,402736,WL,A,7.0
4,7.209000110626221,learn,52790.99988937378,Sun Jun 07 2026 18:23:56 GMT-0500 (Central Daylight Time),510850.30000019073,A,bu,I,u,70,,683.1000003814697,510167.19999980927,402736,WL,A,7.0
4,7.3420000076293945,learn,52657.999992370605,Sun Jun 07 2026 18:23:56 GMT-0500 (Central Daylight Time),510983.19999980927,A,but,I,t,123,,816.0,510167.19999980927,402736,WL,A,7.0
4,7.509000062942505,learn,52490.999937057495,Sun Jun 07 2026 18:23:56 GMT-0500 (Central Daylight Time),511150.0,A,butt,I,t,146,,982.8000001907349,510167.19999980927,402736,WL,A,7.0
4,7.575000047683716,learn,52424.999952316284,Sun Jun 07 2026 18:23:56 GMT-0500 (Central Daylight Time),511216.30000019073,A,butto,I,o,59,,1049.1000003814697,510167.19999980927,402736,WL,A,7.0
4,7.677000045776367,learn,52322.99995422363,Sun Jun 07 2026 18:23:56 GMT-0500 (Central Daylight Time),511318.0,A,button,I,n,86,,1150.8000001907349,510167.19999980927,402736,WL,A,7.0
4,7.874000072479248,learn,52125.99992752075,Sun Jun 07 2026 18:23:56 GMT-0500 (Central Daylight Time),511515.80000019073,A,buttonenter,I,enter,177,,1348.6000003814697,510167.19999980927,402736,WL,A,7.0
4,8.091000080108643,learn,51908.99991989136,Sun Jun 07 2026 18:23:56 GMT-0500 (Central Daylight Time),511732.19999980927,A,c,I,c,195,,215.89999961853027,511516.30000019073,402736,WL,A,8.0
4,8.241000175476074,learn,51758.999824523926,Sun Jun 07 2026 18:23:56 GMT-0500 (Central Daylight Time),511882.10000038147,A,ch,I,h,136,,365.80000019073486,511516.30000019073,402736,WL,A,8.0
4,8.407000064849854,learn,51592.99993515015,Sun Jun 07 2026 18:23:56 GMT-0500 (Central Daylight Time),512048.5,A,chi,I,i,154,,532.1999998092651,511516.30000019073,402736,WL,A,8.0
4,8.540000200271606,learn,51459.99979972839,Sun Jun 07 2026 18:23:56 GMT-0500 (Central Daylight Time),512181.80000019073,A,chim,I,m,120,,665.5,511516.30000019073,402736,WL,A,8.0
4,8.741000175476074,learn,51258.999824523926,Sun Jun 07 2026 18:23:56 GMT-0500 (Central Daylight Time),512382.0,A,chimn,I,n,188,,865.6999998092651,511516.30000019073,402736,WL,A,8.0
4,8.873000144958496,learn,51126.999855041504,Sun Jun 07 2026 18:23:56 GMT-0500 (Central Daylight Time),512514.69999980927,A,chimne,I,e,120,,998.3999996185303,511516.30000019073,402736,WL,A,8.0
4,9.074000120162964,learn,50925.999879837036,Sun Jun 07 2026 18:23:56 GMT-0500 (Central Daylight Time),512715.5,A,chimney,I,y,183,,1199.1999998092651,511516.30000019073,402736,WL,A,8.0
4,9.207000017166138,learn,50792.99998283386,Sun Jun 07 2026 18:23:56 GMT-0500 (Central Daylight Time),512848.39999961853,A,chimneyenter,I,enter,124,,1332.0999994277954,511516.30000019073,402736,WL,A,8.0
4,9.373000144958496,learn,50626.999855041504,Sun Jun 07 2026 18:23:56 GMT-0500 (Central Daylight Time),513014.89999961853,A,t,I,t,147,,166.0999994277954,512848.80000019073,402736,WL,A,9.0
4,9.555999994277954,learn,50444.000005722046,Sun Jun 07 2026 18:23:56 GMT-0500 (Central Daylight Time),513197.69999980927,A,tr,I,r,173,,348.8999996185303,512848.80000019073,402736,WL,A,9.0
4,9.75600004196167,learn,50243.99995803833,Sun Jun 07 2026 18:23:56 GMT-0500 (Central Daylight Time),513397.89999961853,A,tra,I,a,179,,549.0999994277954,512848.80000019073,402736,WL,A,9.0
4,9.873000144958496,learn,50126.999855041504,Sun Jun 07 2026 18:23:56 GMT-0500 (Central Daylight Time),513514.60000038147,A,trai,I,i,100,,665.8000001907349,512848.80000019073,402736,WL,A,9.0
4,9.956000089645386,learn,50043.999910354614,Sun Jun 07 2026 18:23:56 GMT-0500 (Central Daylight Time),513597.19999980927,A,train,I,n,66,,748.3999996185303,512848.80000019073,402736,WL,A,9.0
4,10.222000122070312,learn,49777.99987792969,Sun Jun 07 2026 18:23:56 GMT-0500 (Central Daylight Time),513863.5,A,trainenter,I,enter,255,,1014.6999998092651,512848.80000019073,402736,WL,A,9.0
4,13.486999988555908,learn,46513.00001144409,Sun Jun 07 2026 18:23:56 GMT-0500 (Central Daylight Time),517128.80000019073,A,r,I,r,3249,,3264.9000005722046,513863.89999961853,402736,WL,A,10.0
4,13.636000156402588,learn,46363.99984359741,Sun Jun 07 2026 18:23:56 GMT-0500 (Central Daylight Time),517277.0,A,ra,I,a,134,,3413.1000003814697,513863.89999961853,402736,WL,A,10.0
4,13.86900019645691,learn,46130.99980354309,Sun Jun 07 2026 18:23:56 GMT-0500 (Central Daylight Time),517510.0,A,rat,I,t,216,,3646.1000003814697,513863.89999961853,402736,WL,A,10.0
4,14.002000093460083,learn,45997.99990653992,Sun Jun 07 2026 18:23:56 GMT-0500 (Central Daylight Time),517643.60000038147,A,ratt,I,t,113,,3779.7000007629395,513863.89999961853,402736,WL,A,10.0
4,14.118000030517578,learn,45881.99996948242,Sun Jun 07 2026 18:23:56 GMT-0500 (Central Daylight Time),517759.80000019073,A,rattl,I,l,98,,3895.9000005722046,513863.89999961853,402736,WL,A,10.0
4,14.235000133514404,learn,45764.999866485596,Sun Jun 07 2026 18:23:56 GMT-0500 (Central Daylight Time),517876.60000038147,A,rattle,I,e,100,,4012.7000007629395,513863.89999961853,402736,WL,A,10.0
4,14.3510000705719,learn,45648.9999294281,Sun Jun 07 2026 18:23:56 GMT-0500 (Central Daylight Time),517992.69999980927,A,rattleenter,I,enter,104,,4128.800000190735,513863.89999961853,402736,WL,A,10.0
4,17.616000175476074,learn,42383.999824523926,Sun Jun 07 2026 18:23:56 GMT-0500 (Central Daylight Time),521257.0,A,f,I,f,3242,,3263.8999996185303,517993.10000038147,402736,WL,A,11.0
4,17.749000072479248,learn,42250.99992752075,Sun Jun 07 2026 18:23:56 GMT-0500 (Central Daylight Time),521390.80000019073,A,fi,I,i,110,,3397.699999809265,517993.10000038147,402736,WL,A,11.0
4,17.831000089645386,learn,42168.999910354614,Sun Jun 07 2026 18:23:56 GMT-0500 (Central Daylight Time),521473.0,A,fin,I,n,60,,3479.8999996185303,517993.10000038147,402736,WL,A,11.0
4,17.89900016784668,learn,42100.99983215332,Sun Jun 07 2026 18:23:56 GMT-0500 (Central Daylight Time),521540.89999961853,A,fing,I,g,50,,3547.7999992370605,517993.10000038147,402736,WL,A,11.0
4,18.04800009727478,learn,41951.99990272522,Sun Jun 07 2026 18:23:56 GMT-0500 (Central Daylight Time),521689.5,A,finge,I,e,134,,3696.3999996185303,517993.10000038147,402736,WL,A,11.0
4,18.131999969482422,learn,41868.00003051758,Sun Jun 07 2026 18:23:56 GMT-0500 (Central Daylight Time),521773.10000038147,A,finger,I,r,73,,3780.0,517993.10000038147,402736,WL,A,11.0
4,18.246999979019165,learn,41753.000020980835,Sun Jun 07 2026 18:23:56 GMT-0500 (Central Daylight Time),521888.89999961853,A,fingerenter,I,enter,97,,3895.7999992370605,517993.10000038147,402736,WL,A,11.0
4,18.432000160217285,learn,41567.999839782715,Sun Jun 07 2026 18:23:56 GMT-0500 (Central Daylight Time),522073.30000019073,A,c,I,c,168,,184.10000038146973,521889.19999980927,402736,WL,A,12.0
4,18.5310001373291,learn,41468.9998626709,Sun Jun 07 2026 18:23:56 GMT-0500 (Central Daylight Time),522172.10000038147,A,ch,I,h,89,,282.9000005722046,521889.19999980927,402736,WL,A,12.0
4,18.69700002670288,learn,41302.99997329712,Sun Jun 07 2026 18:23:56 GMT-0500 (Central Daylight Time),522338.89999961853,A,chi,I,i,155,,449.69999980926514,521889.19999980927,402736,WL,A,12.0
4,18.814000129699707,learn,41185.99987030029,Sun Jun 07 2026 18:23:56 GMT-0500 (Central Daylight Time),522455.80000019073,A,chim,I,m,105,,566.6000003814697,521889.19999980927,402736,WL,A,12.0
4,19.0310001373291,learn,40968.9998626709,Sun Jun 07 2026 18:23:56 GMT-0500 (Central Daylight Time),522672.19999980927,A,chimn,I,n,206,,783.0,521889.19999980927,402736,WL,A,12.0
4,19.21399998664856,learn,40786.00001335144,Sun Jun 07 2026 18:23:56 GMT-0500 (Central Daylight Time),522855.5,A,chimne,I,e,173,,966.3000001907349,521889.19999980927,402736,WL,A,12.0
4,19.282000064849854,learn,40717.99993515015,Sun Jun 07 2026 18:23:56 GMT-0500 (Central Daylight Time),522923.5,A,chimney,I,y,42,,1034.3000001907349,521889.19999980927,402736,WL,A,12.0
4,19.581000089645386,learn,40418.999910354614,Sun Jun 07 2026 18:23:56 GMT-0500 (Central Daylight Time),523222.39999961853,A,chimneyenter,I,enter,281,,1333.1999998092651,521889.19999980927,402736,WL,A,12.0
4,21.111999988555908,learn,38888.00001144409,Sun Jun 07 2026 18:23:56 GMT-0500 (Central Daylight Time),524753.5,A,a,I,a,1513,,1530.8000001907349,523222.69999980927,402736,WL,A,13.0
4,21.311000108718872,learn,38688.99989128113,Sun Jun 07 2026 18:23:56 GMT-0500 (Central Daylight Time),524952.8000001907,A,aa,I,a,180,,1730.1000003814697,523222.69999980927,402736,WL,A,13.0
4,21.461000204086304,learn,38538.999795913696,Sun Jun 07 2026 18:23:56 GMT-0500 (Central Daylight Time),525102.8999996185,A,aap,I,p,131,,1880.1999998092651,523222.69999980927,402736,WL,A,13.0
4,21.59500002861023,learn,38404.99997138977,Sun Jun 07 2026 18:23:56 GMT-0500 (Central Daylight Time),525236.1999998093,A,aapl,I,l,123,,2013.5,523222.69999980927,402736,WL,A,13.0
4,22.02900004386902,learn,37970.99995613098,Sun Jun 07 2026 18:23:56 GMT-0500 (Central Daylight Time),525670.8999996185,A,aap,I,backspace,411,,2448.199999809265,523222.69999980927,402736,WL,A,13.0
4,22.17799997329712,learn,37822.00002670288,Sun Jun 07 2026 18:23:56 GMT-0500 (Central Daylight Time),525819.6999998093,A,aa,I,backspace,128,,2597.0,523222.69999980927,402736,WL,A,13.0
4,22.378000020980835,learn,37621.999979019165,Sun Jun 07 2026 18:23:56 GMT-0500 (Central Daylight Time),526019.0,A,a,I,backspace,184,,2796.300000190735,523222.69999980927,402736,WL,A,13.0
4,22.5770001411438,learn,37422.9998588562,Sun Jun 07 2026 18:23:56 GMT-0500 (Central Daylight Time),526218.8000001907,A,ap,I,p,183,,2996.1000003814697,523222.69999980927,402736,WL,A,13.0
4,22.743000030517578,learn,37256.99996948242,Sun Jun 07 2026 18:23:56 GMT-0500 (Central Daylight Time),526385.0,A,app,I,p,142,,3162.300000190735,523222.69999980927,402736,WL,A,13.0
4,22.927000045776367,learn,37072.99995422363,Sun Jun 07 2026 18:23:56 GMT-0500 (Central Daylight Time),526568.1999998093,A,appl,I,l,176,,3345.5,523222.69999980927,402736,WL,A,13.0
4,23.07800006866455,learn,36921.99993133545,Sun Jun 07 2026 18:23:56 GMT-0500 (Central Daylight Time),526719.6999998093,A,apple,I,e,140,,3497.0,523222.69999980927,402736,WL,A,13.0
4,24.924000024795532,learn,35075.99997520447,Sun Jun 07 2026 18:23:56 GMT-0500 (Central Daylight Time),528565.8999996185,A,appleenter,I,enter,1832,,5343.199999809265,523222.69999980927,402736,WL,A,13.0
4,26.573000192642212,learn,33426.99980735779,Sun Jun 07 2026 18:23:56 GMT-0500 (Central Daylight Time),530214.5,A,k,I,k,1630,,1648.1999998092651,528566.3000001907,402736,WL,A,14.0
4,26.6560001373291,learn,33343.9998626709,Sun Jun 07 2026 18:23:56 GMT-0500 (Central Daylight Time),530297.6999998093,A,ke,I,e,65,,1731.3999996185303,528566.3000001907,402736,WL,A,14.0
4,26.9060001373291,learn,33093.9998626709,Sun Jun 07 2026 18:23:56 GMT-0500 (Central Daylight Time),530547.8000001907,A,key,I,y,231,,1981.5,528566.3000001907,402736,WL,A,14.0
4,27.08899998664856,learn,32911.00001335144,Sun Jun 07 2026 18:23:56 GMT-0500 (Central Daylight Time),530730.6999998093,A,keyenter,I,enter,164,,2164.3999996185303,528566.3000001907,402736,WL,A,14.0
4,32.78400015830994,learn,27215.999841690063,Sun Jun 07 2026 18:23:56 GMT-0500 (Central Daylight Time),536425.1999998093,A,c,I,c,5688,,5694.0,530731.1999998093,402736,WL,A,15.0
4,32.85000014305115,learn,27149.999856948853,Sun Jun 07 2026 18:23:56 GMT-0500 (Central Daylight Time),536491.6999998093,A,ch,I,h,48,,5760.5,530731.1999998093,402736,WL,A,15.0
4,32.95099997520447,learn,27049.000024795532,Sun Jun 07 2026 18:23:56 GMT-0500 (Central Daylight Time),536591.8999996185,A,chi,I,i,83,,5860.699999809265,530731.1999998093,402736,WL,A,15.0
4,33.16700005531311,learn,26832.99994468689,Sun Jun 07 2026 18:23:56 GMT-0500 (Central Daylight Time),536808.3999996185,A,chim,I,m,197,,6077.199999809265,530731.1999998093,402736,WL,A,15.0
4,33.40000009536743,learn,26599.99990463257,Sun Jun 07 2026 18:23:56 GMT-0500 (Central Daylight Time),537041.6000003815,A,chimn,I,n,216,,6310.400000572205,530731.1999998093,402736,WL,A,15.0
4,33.51600003242493,learn,26483.999967575073,Sun Jun 07 2026 18:23:56 GMT-0500 (Central Daylight Time),537157.6999998093,A,chimne,I,e,98,,6426.5,530731.1999998093,402736,WL,A,15.0
4,33.617000102996826,learn,26382.999897003174,Sun Jun 07 2026 18:23:56 GMT-0500 (Central Daylight Time),537258.3000001907,A,chimney,I,y,81,,6527.10000038147,530731.1999998093,402736,WL,A,15.0
4,33.99900007247925,learn,26000.999927520752,Sun Jun 07 2026 18:23:56 GMT-0500 (Central Daylight Time),537640.8000001907,A,chimneyenter,I,enter,375,,6909.60000038147,530731.1999998093,402736,WL,A,15.0
5,0.24900007247924805,learn,60000.0,Sun Jun 07 2026 18:23:56 GMT-0500 (Central Daylight Time),614300.6000003815,A,b,I,b,235,,249.10000038146973,614051.5,402736,WL,A,1.0
5,0.7639999389648438,learn,60000.0,Sun Jun 07 2026 18:23:56 GMT-0500 (Central Daylight Time),614815.3999996185,A,bo,I,o,492,,763.8999996185303,614051.5,402736,WL,A,1.0
5,1.0299999713897705,learn,60000.0,Sun Jun 07 2026 18:23:56 GMT-0500 (Central Daylight Time),615081.8000001907,A,boo,I,o,239,,1030.3000001907349,614051.5,402736,WL,A,1.0
5,1.1640000343322754,learn,60000.0,Sun Jun 07 2026 18:23:56 GMT-0500 (Central Daylight Time),615215.0,A,book,I,k,108,,1163.5,614051.5,402736,WL,A,1.0
5,1.565000057220459,learn,60000.0,Sun Jun 07 2026 18:23:56 GMT-0500 (Central Daylight Time),615616.1999998093,A,bookenter,I,enter,389,,1564.6999998092651,614051.5,402736,WL,A,1.0
5,1.7799999713897705,learn,60000.0,Sun Jun 07 2026 18:23:56 GMT-0500 (Central Daylight Time),615831.6999998093,A,f,I,f,205,,215.0,615616.6999998093,402736,WL,A,2.0
5,1.880000114440918,learn,60000.0,Sun Jun 07 2026 18:23:56 GMT-0500 (Central Daylight Time),615931.5,A,fl,I,l,89,,314.80000019073486,615616.6999998093,402736,WL,A,2.0
5,2.0480000972747803,learn,60000.0,Sun Jun 07 2026 18:23:56 GMT-0500 (Central Daylight Time),616099.3000001907,A,flo,I,o,150,,482.6000003814697,615616.6999998093,402736,WL,A,2.0
5,2.1459999084472656,learn,60000.0,Sun Jun 07 2026 18:23:56 GMT-0500 (Central Daylight Time),616197.8000001907,A,flow,I,w,75,,581.1000003814697,615616.6999998093,402736,WL,A,2.0
5,2.2300000190734863,learn,60000.0,Sun Jun 07 2026 18:23:56 GMT-0500 (Central Daylight Time),616281.8000001907,A,flowe,I,e,66,,665.1000003814697,615616.6999998093,402736,WL,A,2.0
5,2.430000066757202,learn,60000.0,Sun Jun 07 2026 18:23:56 GMT-0500 (Central Daylight Time),616481.1999998093,A,flower,I,r,185,,864.5,615616.6999998093,402736,WL,A,2.0
5,2.5789999961853027,learn,60000.0,Sun Jun 07 2026 18:23:56 GMT-0500 (Central Daylight Time),616630.8999996185,A,flowerenter,I,enter,128,,1014.1999998092651,615616.6999998093,402736,WL,A,2.0
5,2.7290000915527344,learn,60000.0,Sun Jun 07 2026 18:23:56 GMT-0500 (Central Daylight Time),616780.3999996185,A,t,I,t,133,,149.0,616631.3999996185,402736,WL,A,3.0
5,2.8959999084472656,learn,60000.0,Sun Jun 07 2026 18:23:56 GMT-0500 (Central Daylight Time),616947.5,A,tr,I,r,157,,316.1000003814697,616631.3999996185,402736,WL,A,3.0
5,3.062000036239624,learn,60000.0,Sun Jun 07 2026 18:23:56 GMT-0500 (Central Daylight Time),617113.8999996185,A,tra,I,a,146,,482.5,616631.3999996185,402736,WL,A,3.0
5,3.1449999809265137,learn,60000.0,Sun Jun 07 2026 18:23:56 GMT-0500 (Central Daylight Time),617196.8999996185,A,trai,I,i,68,,565.5,616631.3999996185,402736,WL,A,3.0
5,3.2290000915527344,learn,60000.0,Sun Jun 07 2026 18:23:56 GMT-0500 (Central Daylight Time),617280.0,A,train,I,n,68,,648.6000003814697,616631.3999996185,402736,WL,A,3.0
5,3.4790000915527344,learn,60000.0,Sun Jun 07 2026 18:23:56 GMT-0500 (Central Daylight Time),617530.1999998093,A,trainenter,I,enter,233,,898.8000001907349,616631.3999996185,402736,WL,A,3.0
5,3.7279999256134033,learn,60000.0,Sun Jun 07 2026 18:23:56 GMT-0500 (Central Daylight Time),617779.3000001907,A,r,I,r,234,,248.69999980926514,617530.6000003815,402736,WL,A,4.0
5,3.8450000286102295,learn,60000.0,Sun Jun 07 2026 18:23:56 GMT-0500 (Central Daylight Time),617896.0,A,ru,I,u,99,,365.3999996185303,617530.6000003815,402736,WL,A,4.0
5,3.994999885559082,learn,60000.0,Sun Jun 07 2026 18:23:56 GMT-0500 (Central Daylight Time),618046.1999998093,A,rug,I,g,127,,515.5999994277954,617530.6000003815,402736,WL,A,4.0
5,4.16100001335144,learn,60000.0,Sun Jun 07 2026 18:23:56 GMT-0500 (Central Daylight Time),618212.0,A,rugenter,I,enter,149,,681.3999996185303,617530.6000003815,402736,WL,A,4.0
5,4.427000045776367,learn,60000.0,Sun Jun 07 2026 18:23:56 GMT-0500 (Central Daylight Time),618478.3999996185,A,m,I,m,252,,266.0,618212.3999996185,402736,WL,A,5.0
5,4.509999990463257,learn,60000.0,Sun Jun 07 2026 18:23:56 GMT-0500 (Central Daylight Time),618561.8000001907,A,me,I,e,59,,349.4000005722046,618212.3999996185,402736,WL,A,5.0
5,4.6600000858306885,learn,60000.0,Sun Jun 07 2026 18:23:56 GMT-0500 (Central Daylight Time),618711.6999998093,A,mea,I,a,127,,499.30000019073486,618212.3999996185,402736,WL,A,5.0
5,4.877000093460083,learn,60000.0,Sun Jun 07 2026 18:23:56 GMT-0500 (Central Daylight Time),618928.1000003815,A,mead,I,d,199,,715.7000007629395,618212.3999996185,402736,WL,A,5.0
5,4.976000070571899,learn,60000.0,Sun Jun 07 2026 18:23:56 GMT-0500 (Central Daylight Time),619027.8999996185,A,meado,I,o,86,,815.5,618212.3999996185,402736,WL,A,5.0
5,5.059999942779541,learn,60000.0,Sun Jun 07 2026 18:23:56 GMT-0500 (Central Daylight Time),619111.1000003815,A,meadow,I,w,72,,898.7000007629395,618212.3999996185,402736,WL,A,5.0
5,5.243000030517578,learn,60000.0,Sun Jun 07 2026 18:23:56 GMT-0500 (Central Daylight Time),619294.3000001907,A,meadowenter,I,enter,167,,1081.9000005722046,618212.3999996185,402736,WL,A,5.0
5,5.392999887466431,learn,60000.0,Sun Jun 07 2026 18:23:56 GMT-0500 (Central Daylight Time),619444.1000003815,A,h,I,h,130,,149.5,619294.6000003815,402736,WL,A,6.0
5,5.575999975204468,learn,60000.0,Sun Jun 07 2026 18:23:56 GMT-0500 (Central Daylight Time),619627.3000001907,A,ha,I,a,167,,332.69999980926514,619294.6000003815,402736,WL,A,6.0
5,5.776000022888184,learn,60000.0,Sun Jun 07 2026 18:23:56 GMT-0500 (Central Daylight Time),619827.3000001907,A,har,I,r,193,,532.6999998092651,619294.6000003815,402736,WL,A,6.0
5,5.875999927520752,learn,60000.0,Sun Jun 07 2026 18:23:56 GMT-0500 (Central Daylight Time),619927.6000003815,A,harp,I,p,82,,633.0,619294.6000003815,402736,WL,A,6.0
5,6.075999975204468,learn,60000.0,Sun Jun 07 2026 18:23:56 GMT-0500 (Central Daylight Time),620127.1999998093,A,harpenter,I,enter,188,,832.5999994277954,619294.6000003815,402736,WL,A,6.0
5,6.194000005722046,learn,60000.0,Sun Jun 07 2026 18:23:56 GMT-0500 (Central Daylight Time),620245.1000003815,A,s,I,s,97,,117.5,620127.6000003815,402736,WL,A,7.0
5,6.3420000076293945,learn,60000.0,Sun Jun 07 2026 18:23:56 GMT-0500 (Central Daylight Time),620393.6000003815,A,sa,I,a,137,,266.0,620127.6000003815,402736,WL,A,7.0
5,6.5269999504089355,learn,60000.0,Sun Jun 07 2026 18:23:56 GMT-0500 (Central Daylight Time),620578.1000003815,A,sal,I,l,168,,450.5,620127.6000003815,402736,WL,A,7.0
5,6.6600000858306885,learn,60000.0,Sun Jun 07 2026 18:23:56 GMT-0500 (Central Daylight Time),620711.8999996185,A,salt,I,t,124,,584.2999992370605,620127.6000003815,402736,WL,A,7.0
5,6.825000047683716,learn,60000.0,Sun Jun 07 2026 18:23:56 GMT-0500 (Central Daylight Time),620876.3000001907,A,saltenter,I,enter,152,,748.6999998092651,620127.6000003815,402736,WL,A,7.0
5,7.04200005531311,learn,60000.0,Sun Jun 07 2026 18:23:56 GMT-0500 (Central Daylight Time),621093.1999998093,A,f,I,f,198,,216.39999961853027,620876.8000001907,402736,WL,A,8.0
5,7.174999952316284,learn,60000.0,Sun Jun 07 2026 18:23:56 GMT-0500 (Central Daylight Time),621226.1999998093,A,fi,I,i,111,,349.3999996185303,620876.8000001907,402736,WL,A,8.0
5,7.275000095367432,learn,60000.0,Sun Jun 07 2026 18:23:56 GMT-0500 (Central Daylight Time),621326.1000003815,A,fin,I,n,86,,449.30000019073486,620876.8000001907,402736,WL,A,8.0
5,7.358000040054321,learn,60000.0,Sun Jun 07 2026 18:23:56 GMT-0500 (Central Daylight Time),621408.8999996185,A,fing,I,g,65,,532.0999994277954,620876.8000001907,402736,WL,A,8.0
5,7.523999929428101,learn,60000.0,Sun Jun 07 2026 18:23:56 GMT-0500 (Central Daylight Time),621575.8000001907,A,finge,I,e,152,,699.0,620876.8000001907,402736,WL,A,8.0
5,7.608000040054321,learn,60000.0,Sun Jun 07 2026 18:23:56 GMT-0500 (Central Daylight Time),621659.6000003815,A,finger,I,r,75,,782.8000001907349,620876.8000001907,402736,WL,A,8.0
5,7.756999969482422,learn,60000.0,Sun Jun 07 2026 18:23:56 GMT-0500 (Central Daylight Time),621808.6999998093,A,fingerenter,I,enter,126,,931.8999996185303,620876.8000001907,402736,WL,A,8.0
5,7.940000057220459,learn,60000.0,Sun Jun 07 2026 18:23:56 GMT-0500 (Central Daylight Time),621991.8000001907,A,a,I,a,162,,182.60000038146973,621809.1999998093,402736,WL,A,9.0
5,8.058000087738037,learn,60000.0,Sun Jun 07 2026 18:23:56 GMT-0500 (Central Daylight Time),622109.5,A,ap,I,p,101,,300.30000019073486,621809.1999998093,402736,WL,A,9.0
5,8.223999977111816,learn,60000.0,Sun Jun 07 2026 18:23:56 GMT-0500 (Central Daylight Time),622275.3000001907,A,app,I,p,142,,466.1000003814697,621809.1999998093,402736,WL,A,9.0
5,8.374000072479248,learn,60000.0,Sun Jun 07 2026 18:23:56 GMT-0500 (Central Daylight Time),622424.8999996185,A,appl,I,l,137,,615.6999998092651,621809.1999998093,402736,WL,A,9.0
5,8.507999897003174,learn,60000.0,Sun Jun 07 2026 18:23:56 GMT-0500 (Central Daylight Time),622559.3999996185,A,apple,I,e,113,,750.1999998092651,621809.1999998093,402736,WL,A,9.0
5,8.690000057220459,learn,60000.0,Sun Jun 07 2026 18:23:56 GMT-0500 (Central Daylight Time),622741.3999996185,A,appleenter,I,enter,159,,932.1999998092651,621809.1999998093,402736,WL,A,9.0
5,9.039999961853027,learn,60000.0,Sun Jun 07 2026 18:23:56 GMT-0500 (Central Daylight Time),623091.6000003815,A,l,I,l,341,,349.70000076293945,622741.8999996185,402736,WL,A,10.0
5,9.273000001907349,learn,60000.0,Sun Jun 07 2026 18:23:56 GMT-0500 (Central Daylight Time),623324.6000003815,A,lo,I,o,215,,582.7000007629395,622741.8999996185,402736,WL,A,10.0
5,9.405999898910522,learn,60000.0,Sun Jun 07 2026 18:23:56 GMT-0500 (Central Daylight Time),623457.0,A,log,I,g,114,,715.1000003814697,622741.8999996185,402736,WL,A,10.0
5,9.58899998664856,learn,60000.0,Sun Jun 07 2026 18:23:56 GMT-0500 (Central Daylight Time),623640.6000003815,A,logenter,I,enter,168,,898.7000007629395,622741.8999996185,402736,WL,A,10.0
5,10.055000066757202,learn,60000.0,Sun Jun 07 2026 18:23:56 GMT-0500 (Central Daylight Time),624106.5,A,r,I,r,448,,465.5,623641.0,402736,WL,A,11.0
5,10.15499997138977,learn,60000.0,Sun Jun 07 2026 18:23:56 GMT-0500 (Central Daylight Time),624206.3000001907,A,ru,I,u,70,,565.3000001907349,623641.0,402736,WL,A,11.0
5,10.305000066757202,learn,60000.0,Sun Jun 07 2026 18:23:56 GMT-0500 (Central Daylight Time),624356.3000001907,A,rug,I,g,126,,715.3000001907349,623641.0,402736,WL,A,11.0
5,10.471999883651733,learn,60000.0,Sun Jun 07 2026 18:23:56 GMT-0500 (Central Daylight Time),624523.3000001907,A,rugenter,I,enter,143,,882.3000001907349,623641.0,402736,WL,A,11.0
5,10.721999883651733,learn,60000.0,Sun Jun 07 2026 18:23:56 GMT-0500 (Central Daylight Time),624772.8999996185,A,k,I,k,231,,249.19999980926514,624523.6999998093,402736,WL,A,12.0
5,10.855000019073486,learn,60000.0,Sun Jun 07 2026 18:23:56 GMT-0500 (Central Daylight Time),624906.5,A,ke,I,e,123,,382.80000019073486,624523.6999998093,402736,WL,A,12.0
5,11.08899998664856,learn,60000.0,Sun Jun 07 2026 18:23:56 GMT-0500 (Central Daylight Time),625140.0,A,key,I,y,221,,616.3000001907349,624523.6999998093,402736,WL,A,12.0
5,11.388000011444092,learn,60000.0,Sun Jun 07 2026 18:23:56 GMT-0500 (Central Daylight Time),625439.0,A,keyenter,I,enter,287,,915.3000001907349,624523.6999998093,402736,WL,A,12.0
5,11.63700008392334,learn,60000.0,Sun Jun 07 2026 18:23:56 GMT-0500 (Central Daylight Time),625688.8999996185,A,r,I,r,239,,249.39999961853027,625439.5,402736,WL,A,13.0
5,11.854000091552734,learn,60000.0,Sun Jun 07 2026 18:23:56 GMT-0500 (Central Daylight Time),625905.1999998093,A,ra,I,a,196,,465.69999980926514,625439.5,402736,WL,A,13.0
5,12.22000002861023,learn,60000.0,Sun Jun 07 2026 18:23:56 GMT-0500 (Central Daylight Time),626271.8999996185,A,rat,I,t,344,,832.3999996185303,625439.5,402736,WL,A,13.0
5,12.369999885559082,learn,60000.0,Sun Jun 07 2026 18:23:56 GMT-0500 (Central Daylight Time),626421.6999998093,A,ratt,I,t,141,,982.1999998092651,625439.5,402736,WL,A,13.0
5,12.520999908447266,learn,60000.0,Sun Jun 07 2026 18:23:56 GMT-0500 (Central Daylight Time),626572.1000003815,A,rattl,I,l,132,,1132.6000003814697,625439.5,402736,WL,A,13.0
5,12.653000116348267,learn,60000.0,Sun Jun 07 2026 18:23:56 GMT-0500 (Central Daylight Time),626704.5,A,rattle,I,e,111,,1265.0,625439.5,402736,WL,A,13.0
5,12.753000020980835,learn,60000.0,Sun Jun 07 2026 18:23:56 GMT-0500 (Central Daylight Time),626804.3000001907,A,rattleenter,I,enter,88,,1364.8000001907349,625439.5,402736,WL,A,13.0
5,13.019000053405762,learn,60000.0,Sun Jun 07 2026 18:23:56 GMT-0500 (Central Daylight Time),627070.6999998093,A,c,I,c,253,,265.8999996185303,626804.8000001907,402736,WL,A,14.0
5,13.134999990463257,learn,60000.0,Sun Jun 07 2026 18:23:56 GMT-0500 (Central Daylight Time),627186.6999998093,A,ch,I,h,95,,381.8999996185303,626804.8000001907,402736,WL,A,14.0
5,13.335000038146973,learn,60000.0,Sun Jun 07 2026 18:23:56 GMT-0500 (Central Daylight Time),627386.8999996185,A,chi,I,i,182,,582.0999994277954,626804.8000001907,402736,WL,A,14.0
5,13.667999982833862,learn,60000.0,Sun Jun 07 2026 18:23:56 GMT-0500 (Central Daylight Time),627719.6000003815,A,chin,I,n,312,,914.8000001907349,626804.8000001907,402736,WL,A,14.0
5,14.168999910354614,learn,60000.0,Sun Jun 07 2026 18:23:56 GMT-0500 (Central Daylight Time),628220.8000001907,A,chi,I,backspace,487,,1416.0,626804.8000001907,402736,WL,A,14.0
5,14.417999982833862,learn,60000.0,Sun Jun 07 2026 18:23:56 GMT-0500 (Central Daylight Time),628469.3000001907,A,chim,I,m,228,,1664.5,626804.8000001907,402736,WL,A,14.0
5,14.634000062942505,learn,60000.0,Sun Jun 07 2026 18:23:56 GMT-0500 (Central Daylight Time),628685.1999998093,A,chimn,I,n,202,,1880.3999996185303,626804.8000001907,402736,WL,A,14.0
5,14.76799988746643,learn,60000.0,Sun Jun 07 2026 18:23:56 GMT-0500 (Central Daylight Time),628819.5,A,chimne,I,e,123,,2014.6999998092651,626804.8000001907,402736,WL,A,14.0
5,15.000999927520752,learn,60000.0,Sun Jun 07 2026 18:23:56 GMT-0500 (Central Daylight Time),629052.1000003815,A,chimney,I,y,213,,2247.300000190735,626804.8000001907,402736,WL,A,14.0
5,15.316999912261963,learn,60000.0,Sun Jun 07 2026 18:23:56 GMT-0500 (Central Daylight Time),629368.5,A,chimneyenter,I,enter,297,,2563.699999809265,626804.8000001907,402736,WL,A,14.0
5,21.479000091552734,learn,60000.0,Sun Jun 07 2026 18:23:56 GMT-0500 (Central Daylight Time),635530.5,A,g,I,g,6144,,6161.60000038147,629368.8999996185,402736,WL,A,15.0
5,21.594000101089478,learn,60000.0,Sun Jun 07 2026 18:23:56 GMT-0500 (Central Daylight Time),635645.6000003815,A,go,I,o,98,,6276.700000762939,629368.8999996185,402736,WL,A,15.0
5,21.778000116348267,learn,60000.0,Sun Jun 07 2026 18:23:56 GMT-0500 (Central Daylight Time),635830.0,A,gol,I,l,159,,6461.10000038147,629368.8999996185,402736,WL,A,15.0
5,21.861000061035156,learn,60000.0,Sun Jun 07 2026 18:23:56 GMT-0500 (Central Daylight Time),635912.6999998093,A,gold,I,d,66,,6543.800000190735,629368.8999996185,402736,WL,A,15.0
5,22.07800006866455,learn,60000.0,Sun Jun 07 2026 18:23:56 GMT-0500 (Central Daylight Time),636129.5,A,goldenter,I,enter,195,,6760.60000038147,629368.8999996185,402736,WL,A,15.0
6,0.38299989700317383,distr,59617.000102996826,Sun Jun 07 2026 18:23:56 GMT-0500 (Central Daylight Time),707259.0,B,b,I,b,361,,382.69999980926514,706876.3000001907,402736,WL,A,1.0
6,0.49899983406066895,distr,59501.00016593933,Sun Jun 07 2026 18:23:56 GMT-0500 (Central Daylight Time),707375.3999996185,B,bo,I,o,89,,499.0999994277954,706876.3000001907,402736,WL,A,1.0
6,0.5989999771118164,distr,59401.00002288818,Sun Jun 07 2026 18:23:56 GMT-0500 (Central Daylight Time),707475.5,B,bow,I,w,92,,599.1999998092651,706876.3000001907,402736,WL,A,1.0
6,0.6489999294281006,distr,59351.0000705719,Sun Jun 07 2026 18:23:56 GMT-0500 (Central Daylight Time),707525.3999996185,B,bowe,I,e,25,,649.0999994277954,706876.3000001907,402736,WL,A,1.0
6,0.7159998416900635,distr,59284.00015830994,Sun Jun 07 2026 18:23:56 GMT-0500 (Central Daylight Time),707592.0,B,bowel,I,l,45,,715.6999998092651,706876.3000001907,402736,WL,A,1.0
6,1.182999849319458,distr,58817.00015068054,Sun Jun 07 2026 18:23:56 GMT-0500 (Central Daylight Time),708059.1999998093,B,bowe,I,backspace,457,,1182.8999996185303,706876.3000001907,402736,WL,A,1.0
6,1.3829998970031738,distr,58617.000102996826,Sun Jun 07 2026 18:23:56 GMT-0500 (Central Daylight Time),708259.3000001907,B,bow,I,backspace,182,,1383.0,706876.3000001907,402736,WL,A,1.0
6,1.6319999694824219,distr,58368.00003051758,Sun Jun 07 2026 18:23:56 GMT-0500 (Central Daylight Time),708508.0,B,bowl,I,l,242,,1631.6999998092651,706876.3000001907,402736,WL,A,1.0
6,1.998999834060669,distr,58001.00016593933,Sun Jun 07 2026 18:23:56 GMT-0500 (Central Daylight Time),708875.3999996185,B,bowlenter,I,enter,351,,1999.0999994277954,706876.3000001907,402736,WL,A,1.0
6,2.2319998741149902,distr,57768.00012588501,Sun Jun 07 2026 18:23:56 GMT-0500 (Central Daylight Time),709108.8000001907,B,d,I,d,220,,232.9000005722046,708875.8999996185,402736,WL,A,2.0
6,2.4140000343322754,distr,57585.999965667725,Sun Jun 07 2026 18:23:56 GMT-0500 (Central Daylight Time),709290.3000001907,B,da,I,a,158,,414.4000005722046,708875.8999996185,402736,WL,A,2.0
6,2.5969998836517334,distr,57403.00011634827,Sun Jun 07 2026 18:23:56 GMT-0500 (Central Daylight Time),709473.8000001907,B,daw,I,w,170,,597.9000005722046,708875.8999996185,402736,WL,A,2.0
6,2.697000026702881,distr,57302.99997329712,Sun Jun 07 2026 18:23:56 GMT-0500 (Central Daylight Time),709573.6000003815,B,dawn,I,n,86,,697.7000007629395,708875.8999996185,402736,WL,A,2.0
6,2.947000026702881,distr,57052.99997329712,Sun Jun 07 2026 18:23:56 GMT-0500 (Central Daylight Time),709823.1999998093,B,dawnenter,I,enter,233,,947.3000001907349,708875.8999996185,402736,WL,A,2.0
6,3.312999963760376,distr,56687.000036239624,Sun Jun 07 2026 18:23:56 GMT-0500 (Central Daylight Time),710189.3999996185,B,j,I,j,352,,365.8999996185303,709823.5,402736,WL,A,3.0
6,3.4800000190734863,distr,56519.999980926514,Sun Jun 07 2026 18:23:56 GMT-0500 (Central Daylight Time),710356.0,B,ju,I,u,147,,532.5,709823.5,402736,WL,A,3.0
6,3.61299991607666,distr,56387.00008392334,Sun Jun 07 2026 18:23:56 GMT-0500 (Central Daylight Time),710489.1000003815,B,jud,I,d,109,,665.6000003814697,709823.5,402736,WL,A,3.0
6,3.69599986076355,distr,56304.00013923645,Sun Jun 07 2026 18:23:56 GMT-0500 (Central Daylight Time),710572.3999996185,B,judg,I,g,66,,748.8999996185303,709823.5,402736,WL,A,3.0
6,3.812999963760376,distr,56187.000036239624,Sun Jun 07 2026 18:23:56 GMT-0500 (Central Daylight Time),710689.0,B,judge,I,e,96,,865.5,709823.5,402736,WL,A,3.0
6,3.9789998531341553,distr,56021.000146865845,Sun Jun 07 2026 18:23:56 GMT-0500 (Central Daylight Time),710855.3999996185,B,judgeenter,I,enter,154,,1031.8999996185303,709823.5,402736,WL,A,3.0
6,4.144999980926514,distr,55855.000019073486,Sun Jun 07 2026 18:23:56 GMT-0500 (Central Daylight Time),711021.8999996185,B,s,I,s,151,,166.29999923706055,710855.6000003815,402736,WL,A,4.0
6,4.394999980926514,distr,55605.000019073486,Sun Jun 07 2026 18:23:56 GMT-0500 (Central Daylight Time),711271.6000003815,B,se,I,e,240,,416.0,710855.6000003815,402736,WL,A,4.0
6,4.562000036239624,distr,55437.999963760376,Sun Jun 07 2026 18:23:56 GMT-0500 (Central Daylight Time),711438.1000003815,B,see,I,e,155,,582.5,710855.6000003815,402736,WL,A,4.0
6,4.744999885559082,distr,55255.00011444092,Sun Jun 07 2026 18:23:56 GMT-0500 (Central Daylight Time),711621.3000001907,B,seed,I,d,161,,765.6999998092651,710855.6000003815,402736,WL,A,4.0
6,4.8450000286102295,distr,55154.99997138977,Sun Jun 07 2026 18:23:56 GMT-0500 (Central Daylight Time),711721.1999998093,B,seedenter,I,enter,82,,865.5999994277954,710855.6000003815,402736,WL,A,4.0
6,5.010999917984009,distr,54989.00008201599,Sun Jun 07 2026 18:23:56 GMT-0500 (Central Daylight Time),711887.8000001907,B,s,I,s,150,,166.30000019073486,711721.5,402736,WL,A,5.0
6,5.144999980926514,distr,54855.000019073486,Sun Jun 07 2026 18:23:56 GMT-0500 (Central Daylight Time),712021.0,B,sh,I,h,115,,299.5,711721.5,402736,WL,A,5.0
6,5.260999917984009,distr,54739.00008201599,Sun Jun 07 2026 18:23:56 GMT-0500 (Central Daylight Time),712137.5,B,she,I,e,102,,416.0,711721.5,402736,WL,A,5.0
6,5.427999973297119,distr,54572.00002670288,Sun Jun 07 2026 18:23:56 GMT-0500 (Central Daylight Time),712304.0,B,shee,I,e,157,,582.5,711721.5,402736,WL,A,5.0
6,5.510999917984009,distr,54489.00008201599,Sun Jun 07 2026 18:23:56 GMT-0500 (Central Daylight Time),712387.3000001907,B,sheep,I,p,72,,665.8000001907349,711721.5,402736,WL,A,5.0
6,5.694000005722046,distr,54305.999994277954,Sun Jun 07 2026 18:23:56 GMT-0500 (Central Daylight Time),712570.3999996185,B,sheepenter,I,enter,169,,848.8999996185303,711721.5,402736,WL,A,5.0
6,5.960000038146973,distr,54039.99996185303,Sun Jun 07 2026 18:23:56 GMT-0500 (Central Daylight Time),712836.8999996185,B,m,I,m,258,,266.19999980926514,712570.6999998093,402736,WL,A,6.0
6,6.043999910354614,distr,53956.000089645386,Sun Jun 07 2026 18:23:56 GMT-0500 (Central Daylight Time),712920.1999998093,B,me,I,e,68,,349.5,712570.6999998093,402736,WL,A,6.0
6,6.192999839782715,distr,53807.000160217285,Sun Jun 07 2026 18:23:56 GMT-0500 (Central Daylight Time),713069.8999996185,B,mea,I,a,125,,499.19999980926514,712570.6999998093,402736,WL,A,6.0
6,6.309999942779541,distr,53690.00005722046,Sun Jun 07 2026 18:23:56 GMT-0500 (Central Daylight Time),713186.6000003815,B,meal,I,l,102,,615.9000005722046,712570.6999998093,402736,WL,A,6.0
6,6.559999942779541,distr,53440.00005722046,Sun Jun 07 2026 18:23:56 GMT-0500 (Central Daylight Time),713436.3000001907,B,mealenter,I,enter,237,,865.6000003814697,712570.6999998093,402736,WL,A,6.0
6,6.909999847412109,distr,53090.00015258789,Sun Jun 07 2026 18:23:56 GMT-0500 (Central Daylight Time),713785.8999996185,B,c,I,c,340,,349.29999923706055,713436.6000003815,402736,WL,A,7.0
6,7.075999975204468,distr,52924.00002479553,Sun Jun 07 2026 18:23:56 GMT-0500 (Central Daylight Time),713952.5,B,co,I,o,142,,515.8999996185303,713436.6000003815,402736,WL,A,7.0
6,7.208999872207642,distr,52791.00012779236,Sun Jun 07 2026 18:23:56 GMT-0500 (Central Daylight Time),714085.6999998093,B,coa,I,a,116,,649.0999994277954,713436.6000003815,402736,WL,A,7.0
6,7.425999879837036,distr,52574.000120162964,Sun Jun 07 2026 18:23:56 GMT-0500 (Central Daylight Time),714302.3999996185,B,coac,I,c,202,,865.7999992370605,713436.6000003815,402736,WL,A,7.0
6,7.542999982833862,distr,52457.00001716614,Sun Jun 07 2026 18:23:56 GMT-0500 (Central Daylight Time),714419.0,B,coach,I,h,102,,982.3999996185303,713436.6000003815,402736,WL,A,7.0
6,7.792999982833862,distr,52207.00001716614,Sun Jun 07 2026 18:23:56 GMT-0500 (Central Daylight Time),714669.0,B,coachenter,I,enter,233,,1232.3999996185303,713436.6000003815,402736,WL,A,7.0
6,9.924000024795532,distr,50075.99997520447,Sun Jun 07 2026 18:23:56 GMT-0500 (Central Daylight Time),716800.1000003815,B,c,I,c,2115,,2130.6000003814697,714669.5,402736,WL,A,8.0
6,10.006999969482422,distr,49993.00003051758,Sun Jun 07 2026 18:23:56 GMT-0500 (Central Daylight Time),716883.1000003815,B,co,I,o,67,,2213.6000003814697,714669.5,402736,WL,A,8.0
6,10.174000024795532,distr,49825.99997520447,Sun Jun 07 2026 18:23:56 GMT-0500 (Central Daylight Time),717050.5,B,coa,I,a,156,,2381.0,714669.5,402736,WL,A,8.0
6,10.473000049591064,distr,49526.999950408936,Sun Jun 07 2026 18:23:56 GMT-0500 (Central Daylight Time),717349.5,B,coat,I,t,275,,2680.0,714669.5,402736,WL,A,8.0
6,10.657000064849854,distr,49342.99993515015,Sun Jun 07 2026 18:23:56 GMT-0500 (Central Daylight Time),717533.1000003815,B,coatenter,I,enter,171,,2863.6000003814697,714669.5,402736,WL,A,8.0
6,12.072999954223633,distr,47927.00004577637,Sun Jun 07 2026 18:23:56 GMT-0500 (Central Daylight Time),718949.1000003815,B,l,I,l,1402,,1415.7000007629395,717533.3999996185,402736,WL,A,9.0
6,12.138000011444092,distr,47861.99998855591,Sun Jun 07 2026 18:23:56 GMT-0500 (Central Daylight Time),719014.6999998093,B,la,I,a,48,,1481.3000001907349,717533.3999996185,402736,WL,A,9.0
6,12.32200002670288,distr,47677.99997329712,Sun Jun 07 2026 18:23:56 GMT-0500 (Central Daylight Time),719198.1000003815,B,lam,I,m,159,,1664.7000007629395,717533.3999996185,402736,WL,A,9.0
6,12.437999963760376,distr,47562.000036239624,Sun Jun 07 2026 18:23:56 GMT-0500 (Central Daylight Time),719314.3999996185,B,lamb,I,b,98,,1781.0,717533.3999996185,402736,WL,A,9.0
6,12.588000059127808,distr,47411.99994087219,Sun Jun 07 2026 18:23:56 GMT-0500 (Central Daylight Time),719464.5,B,lambenter,I,enter,140,,1931.1000003814697,717533.3999996185,402736,WL,A,9.0
6,13.954999923706055,distr,46045.000076293945,Sun Jun 07 2026 18:23:56 GMT-0500 (Central Daylight Time),720831.1999998093,B,g,I,g,1341,,1366.1999998092651,719465.0,402736,WL,A,10.0
6,14.152999877929688,distr,45847.00012207031,Sun Jun 07 2026 18:23:56 GMT-0500 (Central Daylight Time),721029.1000003815,B,gr,I,r,180,,1564.1000003814697,719465.0,402736,WL,A,10.0
6,14.28600001335144,distr,45713.99998664856,Sun Jun 07 2026 18:23:56 GMT-0500 (Central Daylight Time),721162.5,B,gra,I,a,123,,1697.5,719465.0,402736,WL,A,10.0
6,14.418999910354614,distr,45581.000089645386,Sun Jun 07 2026 18:23:56 GMT-0500 (Central Daylight Time),721295.8000001907,B,gran,I,n,118,,1830.8000001907349,719465.0,402736,WL,A,10.0
6,14.552000045776367,distr,45447.99995422363,Sun Jun 07 2026 18:23:56 GMT-0500 (Central Daylight Time),721428.5,B,grant,I,t,117,,1963.5,719465.0,402736,WL,A,10.0
6,14.718999862670898,distr,45281.0001373291,Sun Jun 07 2026 18:23:56 GMT-0500 (Central Daylight Time),721595.8000001907,B,grantenter,I,enter,148,,2130.800000190735,719465.0,402736,WL,A,10.0
6,53.365999937057495,distr,6634.000062942505,Sun Jun 07 2026 18:23:56 GMT-0500 (Central Daylight Time),760242.8000001907,B,enter,I,enter,38637,,38646.60000038147,721596.1999998093,402736,WL,A,11.0
6,60.026000022888184,distr,-26.000022888183594,Sun Jun 07 2026 18:23:56 GMT-0500 (Central Daylight Time),766902.1000003815,B,None,I,None,6650,,6658.800000190735,760243.3000001907,402736,WL,A,12.0
7,1.0160000324249268,immed,58983.99996757507,Sun Jun 07 2026 18:23:56 GMT-0500 (Central Daylight Time),774494.5,A,t,I,t,996,,1016.0,773478.5,402736,WL,A,1.0
7,1.2000000476837158,immed,58799.999952316284,Sun Jun 07 2026 18:23:56 GMT-0500 (Central Daylight Time),774678.6999998093,A,tr,I,r,175,,1200.1999998092651,773478.5,402736,WL,A,1.0
7,1.4819998741149902,immed,58518.00012588501,Sun Jun 07 2026 18:23:56 GMT-0500 (Central Daylight Time),774960.3000001907,A,tra,I,a,272,,1481.8000001907349,773478.5,402736,WL,A,1.0
7,1.8989999294281006,immed,58101.0000705719,Sun Jun 07 2026 18:23:56 GMT-0500 (Central Daylight Time),775377.6999998093,A,trai,I,i,397,,1899.1999998092651,773478.5,402736,WL,A,1.0
7,1.9819998741149902,immed,58018.00012588501,Sun Jun 07 2026 18:23:56 GMT-0500 (Central Daylight Time),775460.0,A,train,I,n,75,,1981.5,773478.5,402736,WL,A,1.0
7,2.246999979019165,immed,57753.000020980835,Sun Jun 07 2026 18:23:56 GMT-0500 (Central Daylight Time),775726.0,A,trainenter,I,enter,256,,2247.5,773478.5,402736,WL,A,1.0
7,2.5309998989105225,immed,57469.00010108948,Sun Jun 07 2026 18:23:56 GMT-0500 (Central Daylight Time),776009.6999998093,A,b,I,b,272,,283.5999994277954,775726.1000003815,402736,WL,A,2.0
7,2.815000057220459,immed,57184.99994277954,Sun Jun 07 2026 18:23:56 GMT-0500 (Central Daylight Time),776293.5,A,bo,I,o,269,,567.3999996185303,775726.1000003815,402736,WL,A,2.0
7,2.996999979019165,immed,57003.000020980835,Sun Jun 07 2026 18:23:56 GMT-0500 (Central Daylight Time),776475.3000001907,A,boo,I,o,168,,749.1999998092651,775726.1000003815,402736,WL,A,2.0
7,3.129999876022339,immed,56870.00012397766,Sun Jun 07 2026 18:23:56 GMT-0500 (Central Daylight Time),776608.3999996185,A,book,I,k,108,,882.2999992370605,775726.1000003815,402736,WL,A,2.0
7,3.4140000343322754,immed,56585.999965667725,Sun Jun 07 2026 18:23:56 GMT-0500 (Central Daylight Time),776892.1000003815,A,bookenter,I,enter,274,,1166.0,775726.1000003815,402736,WL,A,2.0
7,3.746999979019165,immed,56253.000020980835,Sun Jun 07 2026 18:23:56 GMT-0500 (Central Daylight Time),777225.1000003815,A,f,I,f,325,,332.6000003814697,776892.5,402736,WL,A,3.0
7,3.86299991607666,immed,56137.00008392334,Sun Jun 07 2026 18:23:56 GMT-0500 (Central Daylight Time),777341.8000001907,A,fl,I,l,95,,449.30000019073486,776892.5,402736,WL,A,3.0
7,4.046999931335449,immed,55953.00006866455,Sun Jun 07 2026 18:23:56 GMT-0500 (Central Daylight Time),777525.1000003815,A,flo,I,o,168,,632.6000003814697,776892.5,402736,WL,A,3.0
7,4.162999868392944,immed,55837.000131607056,Sun Jun 07 2026 18:23:56 GMT-0500 (Central Daylight Time),777641.8000001907,A,floe,I,e,109,,749.3000001907349,776892.5,402736,WL,A,3.0
7,4.796000003814697,immed,55203.9999961853,Sun Jun 07 2026 18:23:56 GMT-0500 (Central Daylight Time),778274.1000003815,A,flo,I,backspace,615,,1381.6000003814697,776892.5,402736,WL,A,3.0
7,5.294999837875366,immed,54705.000162124634,Sun Jun 07 2026 18:23:56 GMT-0500 (Central Daylight Time),778773.8000001907,A,flow,I,w,476,,1881.3000001907349,776892.5,402736,WL,A,3.0
7,5.477999925613403,immed,54522.0000743866,Sun Jun 07 2026 18:23:56 GMT-0500 (Central Daylight Time),778956.3999996185,A,flowe,I,e,160,,2063.8999996185303,776892.5,402736,WL,A,3.0
7,5.694999933242798,immed,54305.0000667572,Sun Jun 07 2026 18:23:56 GMT-0500 (Central Daylight Time),779173.1000003815,A,flower,I,r,197,,2280.6000003814697,776892.5,402736,WL,A,3.0
7,5.82699990272522,immed,54173.00009727478,Sun Jun 07 2026 18:23:56 GMT-0500 (Central Daylight Time),779305.8999996185,A,flowerenter,I,enter,119,,2413.3999996185303,776892.5,402736,WL,A,3.0
7,6.093999862670898,immed,53906.0001373291,Sun Jun 07 2026 18:23:56 GMT-0500 (Central Daylight Time),779572.6999998093,A,m,I,m,251,,266.30000019073486,779306.3999996185,402736,WL,A,4.0
7,6.24399995803833,immed,53756.00004196167,Sun Jun 07 2026 18:23:56 GMT-0500 (Central Daylight Time),779722.5,A,me,I,e,135,,416.1000003814697,779306.3999996185,402736,WL,A,4.0
7,6.376999855041504,immed,53623.000144958496,Sun Jun 07 2026 18:23:56 GMT-0500 (Central Daylight Time),779855.5,A,mea,I,a,114,,549.1000003814697,779306.3999996185,402736,WL,A,4.0
7,6.611000061035156,immed,53388.999938964844,Sun Jun 07 2026 18:23:56 GMT-0500 (Central Daylight Time),780089.3999996185,A,mead,I,d,217,,783.0,779306.3999996185,402736,WL,A,4.0
7,6.726999998092651,immed,53273.00000190735,Sun Jun 07 2026 18:23:56 GMT-0500 (Central Daylight Time),780205.5,A,meado,I,o,92,,899.1000003814697,779306.3999996185,402736,WL,A,4.0
7,6.82699990272522,immed,53173.00009727478,Sun Jun 07 2026 18:23:56 GMT-0500 (Central Daylight Time),780305.3999996185,A,meadow,I,w,75,,999.0,779306.3999996185,402736,WL,A,4.0
7,7.043999910354614,immed,52956.000089645386,Sun Jun 07 2026 18:23:56 GMT-0500 (Central Daylight Time),780522.6999998093,A,meadowenter,I,enter,195,,1216.3000001907349,779306.3999996185,402736,WL,A,4.0
7,9.141000032424927,immed,50858.99996757507,Sun Jun 07 2026 18:23:56 GMT-0500 (Central Daylight Time),782619.1999998093,A,l,I,l,2079,,2096.300000190735,780522.8999996185,402736,WL,A,5.0
7,9.29099988937378,immed,50709.00011062622,Sun Jun 07 2026 18:23:56 GMT-0500 (Central Daylight Time),782769.0,A,lo,I,o,139,,2246.1000003814697,780522.8999996185,402736,WL,A,5.0
7,9.440000057220459,immed,50559.99994277954,Sun Jun 07 2026 18:23:56 GMT-0500 (Central Daylight Time),782918.8999996185,A,log,I,g,123,,2396.0,780522.8999996185,402736,WL,A,5.0
7,9.556999921798706,immed,50443.000078201294,Sun Jun 07 2026 18:23:56 GMT-0500 (Central Daylight Time),783035.5,A,logenter,I,enter,104,,2512.6000003814697,780522.8999996185,402736,WL,A,5.0
7,9.789999961853027,immed,50210.00003814697,Sun Jun 07 2026 18:23:56 GMT-0500 (Central Daylight Time),783268.5,A,k,I,k,219,,232.5,783036.0,402736,WL,A,6.0
7,9.889999866485596,immed,50110.000133514404,Sun Jun 07 2026 18:23:56 GMT-0500 (Central Daylight Time),783368.3999996185,A,ke,I,e,87,,332.3999996185303,783036.0,402736,WL,A,6.0
7,10.056999921798706,immed,49943.000078201294,Sun Jun 07 2026 18:23:56 GMT-0500 (Central Daylight Time),783535.6999998093,A,key,I,y,151,,499.69999980926514,783036.0,402736,WL,A,6.0
7,10.340999841690063,immed,49659.00015830994,Sun Jun 07 2026 18:23:56 GMT-0500 (Central Daylight Time),783819.6000003815,A,keyenter,I,enter,274,,783.6000003814697,783036.0,402736,WL,A,6.0
7,12.103999853134155,immed,47896.000146865845,Sun Jun 07 2026 18:23:56 GMT-0500 (Central Daylight Time),785582.8999996185,A,r,I,r,1747,,1762.8999996185303,783820.0,402736,WL,A,7.0
7,12.303999900817871,immed,47696.00009918213,Sun Jun 07 2026 18:23:56 GMT-0500 (Central Daylight Time),785782.8999996185,A,ra,I,a,182,,1962.8999996185303,783820.0,402736,WL,A,7.0
7,12.786999940872192,immed,47213.00005912781,Sun Jun 07 2026 18:23:56 GMT-0500 (Central Daylight Time),786265.6000003815,A,r,I,backspace,462,,2445.6000003814697,783820.0,402736,WL,A,7.0
7,12.953999996185303,immed,47046.0000038147,Sun Jun 07 2026 18:23:56 GMT-0500 (Central Daylight Time),786432.0,A,,I,backspace,155,,2612.0,783820.0,402736,WL,A,7.0
7,13.319999933242798,immed,46680.0000667572,Sun Jun 07 2026 18:23:56 GMT-0500 (Central Daylight Time),786798.5,A,r,I,r,342,,2978.5,783820.0,402736,WL,A,7.0
7,13.47000002861023,immed,46529.99997138977,Sun Jun 07 2026 18:23:56 GMT-0500 (Central Daylight Time),786948.3000001907,A,ra,I,a,133,,3128.300000190735,783820.0,402736,WL,A,7.0
7,13.70300006866455,immed,46296.99993133545,Sun Jun 07 2026 18:23:56 GMT-0500 (Central Daylight Time),787181.6000003815,A,rat,I,t,214,,3361.6000003814697,783820.0,402736,WL,A,7.0
7,13.86899995803833,immed,46131.00004196167,Sun Jun 07 2026 18:23:56 GMT-0500 (Central Daylight Time),787347.8000001907,A,ratt,I,t,152,,3527.800000190735,783820.0,402736,WL,A,7.0
7,14.05299997329712,immed,45947.00002670288,Sun Jun 07 2026 18:23:56 GMT-0500 (Central Daylight Time),787531.1000003815,A,rattl,I,l,164,,3711.1000003814697,783820.0,402736,WL,A,7.0
7,14.185999870300293,immed,45814.00012969971,Sun Jun 07 2026 18:23:56 GMT-0500 (Central Daylight Time),787664.1999998093,A,rattle,I,e,114,,3844.199999809265,783820.0,402736,WL,A,7.0
7,14.418999910354614,immed,45581.000089645386,Sun Jun 07 2026 18:23:56 GMT-0500 (Central Daylight Time),787897.3000001907,A,rattleenter,I,enter,215,,4077.300000190735,783820.0,402736,WL,A,7.0
7,18.931999921798706,immed,41068.000078201294,Sun Jun 07 2026 18:23:56 GMT-0500 (Central Daylight Time),792410.8000001907,A,c,I,c,4504,,4513.10000038147,787897.6999998093,402736,WL,A,8.0
7,19.098999977111816,immed,40901.00002288818,Sun Jun 07 2026 18:23:56 GMT-0500 (Central Daylight Time),792577.8000001907,A,ch,I,h,147,,4680.10000038147,787897.6999998093,402736,WL,A,8.0
7,19.282000064849854,immed,40717.99993515015,Sun Jun 07 2026 18:23:56 GMT-0500 (Central Daylight Time),792760.1000003815,A,chi,I,i,171,,4862.400000572205,787897.6999998093,402736,WL,A,8.0
7,19.447999954223633,immed,40552.00004577637,Sun Jun 07 2026 18:23:56 GMT-0500 (Central Daylight Time),792926.1999998093,A,chim,I,m,154,,5028.5,787897.6999998093,402736,WL,A,8.0
7,19.664000034332275,immed,40335.999965667725,Sun Jun 07 2026 18:23:56 GMT-0500 (Central Daylight Time),793142.5,A,chimn,I,n,197,,5244.800000190735,787897.6999998093,402736,WL,A,8.0
7,19.763999938964844,immed,40236.000061035156,Sun Jun 07 2026 18:23:56 GMT-0500 (Central Daylight Time),793242.3999996185,A,chimne,I,e,80,,5344.699999809265,787897.6999998093,402736,WL,A,8.0
7,19.914000034332275,immed,40085.999965667725,Sun Jun 07 2026 18:23:56 GMT-0500 (Central Daylight Time),793392.6000003815,A,chimney,I,y,130,,5494.900000572205,787897.6999998093,402736,WL,A,8.0
7,20.23099994659424,immed,39769.00005340576,Sun Jun 07 2026 18:23:56 GMT-0500 (Central Daylight Time),793709.5,A,chimneyenter,I,enter,307,,5811.800000190735,787897.6999998093,402736,WL,A,8.0
7,20.414000034332275,immed,39585.999965667725,Sun Jun 07 2026 18:23:56 GMT-0500 (Central Daylight Time),793892.6999998093,A,a,I,a,170,,182.69999980926514,793710.0,402736,WL,A,9.0
7,20.69700002670288,immed,39302.99997329712,Sun Jun 07 2026 18:23:56 GMT-0500 (Central Daylight Time),794175.3999996185,A,ap,I,p,266,,465.3999996185303,793710.0,402736,WL,A,9.0
7,20.84599995613098,immed,39154.00004386902,Sun Jun 07 2026 18:23:56 GMT-0500 (Central Daylight Time),794325.0,A,app,I,p,139,,615.0,793710.0,402736,WL,A,9.0
7,20.963000059127808,immed,39036.99994087219,Sun Jun 07 2026 18:23:56 GMT-0500 (Central Daylight Time),794441.8000001907,A,appl,I,l,107,,731.8000001907349,793710.0,402736,WL,A,9.0
7,21.09599995613098,immed,38904.00004386902,Sun Jun 07 2026 18:23:56 GMT-0500 (Central Daylight Time),794575.0,A,apple,I,e,118,,865.0,793710.0,402736,WL,A,9.0
7,21.313999891281128,immed,38686.00010871887,Sun Jun 07 2026 18:23:56 GMT-0500 (Central Daylight Time),794792.3000001907,A,appleenter,I,enter,196,,1082.3000001907349,793710.0,402736,WL,A,9.0
7,22.062000036239624,immed,37937.999963760376,Sun Jun 07 2026 18:23:56 GMT-0500 (Central Daylight Time),795540.6999998093,A,r,I,r,731,,748.0,794792.6999998093,402736,WL,A,10.0
7,22.161999940872192,immed,37838.00005912781,Sun Jun 07 2026 18:23:56 GMT-0500 (Central Daylight Time),795640.1999998093,A,ru,I,u,92,,847.5,794792.6999998093,402736,WL,A,10.0
7,22.27900004386902,immed,37720.99995613098,Sun Jun 07 2026 18:23:56 GMT-0500 (Central Daylight Time),795757.3000001907,A,rug,I,g,98,,964.6000003814697,794792.6999998093,402736,WL,A,10.0
7,22.444999933242798,immed,37555.0000667572,Sun Jun 07 2026 18:23:56 GMT-0500 (Central Daylight Time),795923.6999998093,A,rugenter,I,enter,142,,1131.0,794792.6999998093,402736,WL,A,10.0
7,32.800999879837036,immed,27199.000120162964,Sun Jun 07 2026 18:23:56 GMT-0500 (Central Daylight Time),806279.6000003815,A,k,I,k,10342,,10355.400000572205,795924.1999998093,402736,WL,A,11.0
7,32.91799998283386,immed,27082.000017166138,Sun Jun 07 2026 18:23:56 GMT-0500 (Central Daylight Time),806396.1000003815,A,ke,I,e,92,,10471.900000572205,795924.1999998093,402736,WL,A,11.0
7,33.1010000705719,immed,26898.9999294281,Sun Jun 07 2026 18:23:56 GMT-0500 (Central Daylight Time),806579.1999998093,A,key,I,y,165,,10655.0,795924.1999998093,402736,WL,A,11.0
7,33.3510000705719,immed,26648.9999294281,Sun Jun 07 2026 18:23:56 GMT-0500 (Central Daylight Time),806829.6000003815,A,keyenter,I,enter,232,,10905.400000572205,795924.1999998093,402736,WL,A,11.0
7,55.9449999332428,immed,4055.000066757202,Sun Jun 07 2026 18:23:56 GMT-0500 (Central Daylight Time),829423.6999998093,A,k,I,k,22567,,22593.699999809265,806830.0,402736,WL,A,12.0
7,56.09500002861023,immed,3904.9999713897705,Sun Jun 07 2026 18:23:56 GMT-0500 (Central Daylight Time),829573.6000003815,A,ke,I,e,135,,22743.60000038147,806830.0,402736,WL,A,12.0
7,56.24499988555908,immed,3755.000114440918,Sun Jun 07 2026 18:23:56 GMT-0500 (Central Daylight Time),829723.3999996185,A,keu,I,u,132,,22893.39999961853,806830.0,402736,WL,A,12.0
7,56.7279999256134,immed,3272.0000743865967,Sun Jun 07 2026 18:23:56 GMT-0500 (Central Daylight Time),830206.3000001907,A,ke,I,backspace,473,,23376.300000190735,806830.0,402736,WL,A,12.0
7,56.9779999256134,immed,3022.0000743865967,Sun Jun 07 2026 18:23:56 GMT-0500 (Central Daylight Time),830456.0,A,key,I,y,228,,23626.0,806830.0,402736,WL,A,12.0
7,57.31099987030029,immed,2689.000129699707,Sun Jun 07 2026 18:23:56 GMT-0500 (Central Daylight Time),830789.6000003815,A,keyenter,I,enter,323,,23959.60000038147,806830.0,402736,WL,A,12.0
7,58.15999984741211,immed,1840.0001525878906,Sun Jun 07 2026 18:23:56 GMT-0500 (Central Daylight Time),831638.8000001907,A,m,I,m,836,,848.6999998092651,830790.1000003815,402736,WL,A,13.0
7,58.24300003051758,immed,1756.9999694824219,Sun Jun 07 2026 18:23:56 GMT-0500 (Central Daylight Time),831721.8999996185,A,me,I,e,60,,931.7999992370605,830790.1000003815,402736,WL,A,13.0
7,58.39400005340576,immed,1605.9999465942383,Sun Jun 07 2026 18:23:56 GMT-0500 (Central Daylight Time),831872.0,A,mea,I,a,129,,1081.8999996185303,830790.1000003815,402736,WL,A,13.0
7,58.51099991798401,immed,1489.0000820159912,Sun Jun 07 2026 18:23:56 GMT-0500 (Central Daylight Time),831989.1000003815,A,meal,I,l,105,,1199.0,830790.1000003815,402736,WL,A,13.0
7,58.74300003051758,immed,1256.9999694824219,Sun Jun 07 2026 18:23:56 GMT-0500 (Central Daylight Time),832221.8000001907,A,mealenter,I,enter,210,,1431.6999998092651,830790.1000003815,402736,WL,A,13.0
7,60.007999897003174,immed,-7.999897003173828,Sun Jun 07 2026 18:23:56 GMT-0500 (Central Daylight Time),833486.6999998093,A,None,I,None,1257,,1264.5999994277954,832222.1000003815,402736,WL,A,14.0
