block_c,block_dur,condition,countdown,datetime,endtime,list,multichar_response,project,response,response_time,session_number,start_end,starttime,subject_id,task,task_vers,trial
,,,,Wed Jul 22 2026 16:45:20 GMT-0400 (Eastern Daylight Time),,,,I,space,515,1,,,9093,WL,A,
prac,,0,,Wed Jul 22 2026 16:45:20 GMT-0400 (Eastern Daylight Time),,NA,b,I,b,4197,1,,,9093,WL,A,1.0
prac,,0,,Wed Jul 22 2026 16:45:20 GMT-0400 (Eastern Daylight Time),,NA,bo,I,o,141,1,,,9093,WL,A,1.0
prac,,0,,Wed Jul 22 2026 16:45:20 GMT-0400 (Eastern Daylight Time),,NA,boo,I,o,102,1,,,9093,WL,A,1.0
prac,,0,,Wed Jul 22 2026 16:45:20 GMT-0400 (Eastern Daylight Time),,NA,boos,I,s,146,1,,,9093,WL,A,1.0
prac,,0,,Wed Jul 22 2026 16:45:20 GMT-0400 (Eastern Daylight Time),,NA,boost,I,t,211,1,,,9093,WL,A,1.0
prac,,0,,Wed Jul 22 2026 16:45:20 GMT-0400 (Eastern Daylight Time),,NA,boostenter,I,enter,1592,1,,,9093,WL,A,1.0
1,2.200000047683716,learn,57799.999952316284,Wed Jul 22 2026 16:45:20 GMT-0400 (Eastern Daylight Time),145422.10000000894,A,a,I,a,2189,1,2199.5,143222.60000000894,9093,WL,A,1.0
1,2.382999897003174,learn,57617.000102996826,Wed Jul 22 2026 16:45:20 GMT-0400 (Eastern Daylight Time),145604.90000000596,A,ap,I,p,164,1,2382.2999999970198,143222.60000000894,9093,WL,A,1.0
1,2.5169999599456787,learn,57483.00004005432,Wed Jul 22 2026 16:45:20 GMT-0400 (Eastern Daylight Time),145738.10000000894,A,app,I,p,107,1,2515.5,143222.60000000894,9093,WL,A,1.0
1,2.6500000953674316,learn,57349.99990463257,Wed Jul 22 2026 16:45:20 GMT-0400 (Eastern Daylight Time),145871.60000000894,A,appl,I,l,121,1,2649.0,143222.60000000894,9093,WL,A,1.0
1,2.799999952316284,learn,57200.000047683716,Wed Jul 22 2026 16:45:20 GMT-0400 (Eastern Daylight Time),146021.70000000298,A,apple,I,e,137,1,2799.0999999940395,143222.60000000894,9093,WL,A,1.0
1,3.0160000324249268,learn,56983.99996757507,Wed Jul 22 2026 16:45:20 GMT-0400 (Eastern Daylight Time),146237.79999999702,A,appleenter,I,enter,186,1,3015.199999988079,143222.60000000894,9093,WL,A,1.0
1,4.117000102996826,learn,55882.999897003174,Wed Jul 22 2026 16:45:20 GMT-0400 (Eastern Daylight Time),147338.20000000298,A,b,I,b,1087,1,1099.7999999970198,146238.40000000596,9093,WL,A,2.0
1,4.2829999923706055,learn,55717.000007629395,Wed Jul 22 2026 16:45:20 GMT-0400 (Eastern Daylight Time),147504.79999999702,A,bo,I,o,145,1,1266.3999999910593,146238.40000000596,9093,WL,A,2.0
1,4.41700005531311,learn,55582.99994468689,Wed Jul 22 2026 16:45:20 GMT-0400 (Eastern Daylight Time),147638.29999999702,A,boo,I,o,104,1,1399.8999999910593,146238.40000000596,9093,WL,A,2.0
1,4.566999912261963,learn,55433.00008773804,Wed Jul 22 2026 16:45:20 GMT-0400 (Eastern Daylight Time),147788.20000000298,A,book,I,k,125,1,1549.7999999970198,146238.40000000596,9093,WL,A,2.0
1,4.882999897003174,learn,55117.000102996826,Wed Jul 22 2026 16:45:20 GMT-0400 (Eastern Daylight Time),148104.5,A,bookenter,I,enter,300,1,1866.0999999940395,146238.40000000596,9093,WL,A,2.0
1,5.599999904632568,learn,54400.00009536743,Wed Jul 22 2026 16:45:20 GMT-0400 (Eastern Daylight Time),148821.60000000894,A,f,I,f,693,1,716.7000000029802,148104.90000000596,9093,WL,A,3.0
1,5.700000047683716,learn,54299.999952316284,Wed Jul 22 2026 16:45:20 GMT-0400 (Eastern Daylight Time),148921.5,A,fl,I,l,77,1,816.5999999940395,148104.90000000596,9093,WL,A,3.0
1,5.83299994468689,learn,54167.00005531311,Wed Jul 22 2026 16:45:20 GMT-0400 (Eastern Daylight Time),149054.90000000596,A,flo,I,o,111,1,950.0,148104.90000000596,9093,WL,A,3.0
1,5.983000040054321,learn,54016.99995994568,Wed Jul 22 2026 16:45:20 GMT-0400 (Eastern Daylight Time),149205.0,A,flow,I,w,114,1,1100.0999999940395,148104.90000000596,9093,WL,A,3.0
1,6.08299994468689,learn,53917.00005531311,Wed Jul 22 2026 16:45:20 GMT-0400 (Eastern Daylight Time),149304.90000000596,A,flowe,I,e,85,1,1200.0,148104.90000000596,9093,WL,A,3.0
1,6.299999952316284,learn,53700.000047683716,Wed Jul 22 2026 16:45:20 GMT-0400 (Eastern Daylight Time),149521.70000000298,A,flower,I,r,200,1,1416.7999999970198,148104.90000000596,9093,WL,A,3.0
1,6.5329999923706055,learn,53467.000007629395,Wed Jul 22 2026 16:45:20 GMT-0400 (Eastern Daylight Time),149754.40000000596,A,flowerenter,I,enter,201,1,1649.5,148104.90000000596,9093,WL,A,3.0
1,6.835000038146973,learn,53164.99996185303,Wed Jul 22 2026 16:45:20 GMT-0400 (Eastern Daylight Time),150056.60000000894,A,t,I,t,291,1,301.70000000298023,149754.90000000596,9093,WL,A,4.0
1,7.016999959945679,learn,52983.00004005432,Wed Jul 22 2026 16:45:20 GMT-0400 (Eastern Daylight Time),150238.10000000894,A,tr,I,r,173,1,483.20000000298023,149754.90000000596,9093,WL,A,4.0
1,7.183000087738037,learn,52816.99991226196,Wed Jul 22 2026 16:45:20 GMT-0400 (Eastern Daylight Time),150405.0,A,tra,I,a,131,1,650.0999999940395,149754.90000000596,9093,WL,A,4.0
1,7.266999959945679,learn,52733.00004005432,Wed Jul 22 2026 16:45:20 GMT-0400 (Eastern Daylight Time),150488.10000000894,A,trai,I,i,71,1,733.2000000029802,149754.90000000596,9093,WL,A,4.0
1,7.33299994468689,learn,52667.00005531311,Wed Jul 22 2026 16:45:20 GMT-0400 (Eastern Daylight Time),150554.70000000298,A,train,I,n,42,1,799.7999999970198,149754.90000000596,9093,WL,A,4.0
1,8.416000127792358,learn,51583.99987220764,Wed Jul 22 2026 16:45:20 GMT-0400 (Eastern Daylight Time),151637.70000000298,A,trainenter,I,enter,1073,1,1882.7999999970198,149754.90000000596,9093,WL,A,4.0
1,9.0,learn,51000.0,Wed Jul 22 2026 16:45:20 GMT-0400 (Eastern Daylight Time),152221.60000000894,A,r,I,r,576,1,583.5,151638.10000000894,9093,WL,A,5.0
1,9.266999959945679,learn,50733.00004005432,Wed Jul 22 2026 16:45:20 GMT-0400 (Eastern Daylight Time),152488.29999999702,A,ru,I,u,243,1,850.1999999880791,151638.10000000894,9093,WL,A,5.0
1,9.467000007629395,learn,50532.999992370605,Wed Jul 22 2026 16:45:20 GMT-0400 (Eastern Daylight Time),152688.20000000298,A,rug,I,g,185,1,1050.0999999940395,151638.10000000894,9093,WL,A,5.0
1,9.801000118255615,learn,50198.999881744385,Wed Jul 22 2026 16:45:20 GMT-0400 (Eastern Daylight Time),153022.29999999702,A,rugenter,I,enter,319,1,1384.199999988079,151638.10000000894,9093,WL,A,5.0
1,10.117000102996826,learn,49882.999897003174,Wed Jul 22 2026 16:45:20 GMT-0400 (Eastern Daylight Time),153338.20000000298,A,m,I,m,296,1,315.5,153022.70000000298,9093,WL,A,6.0
1,10.200000047683716,learn,49799.999952316284,Wed Jul 22 2026 16:45:20 GMT-0400 (Eastern Daylight Time),153421.0,A,me,I,e,72,1,398.29999999701977,153022.70000000298,9093,WL,A,6.0
1,10.433000087738037,learn,49566.99991226196,Wed Jul 22 2026 16:45:20 GMT-0400 (Eastern Daylight Time),153654.79999999702,A,mea,I,a,214,1,632.0999999940395,153022.70000000298,9093,WL,A,6.0
1,10.632999897003174,learn,49367.000102996826,Wed Jul 22 2026 16:45:20 GMT-0400 (Eastern Daylight Time),153854.90000000596,A,mead,I,d,181,1,832.2000000029802,153022.70000000298,9093,WL,A,6.0
1,10.782999992370605,learn,49217.000007629395,Wed Jul 22 2026 16:45:20 GMT-0400 (Eastern Daylight Time),154004.90000000596,A,meado,I,o,121,1,982.2000000029802,153022.70000000298,9093,WL,A,6.0
1,10.950000047683716,learn,49049.999952316284,Wed Jul 22 2026 16:45:20 GMT-0400 (Eastern Daylight Time),154171.60000000894,A,meadow,I,w,150,1,1148.9000000059605,153022.70000000298,9093,WL,A,6.0
1,11.3989999294281,learn,48601.0000705719,Wed Jul 22 2026 16:45:20 GMT-0400 (Eastern Daylight Time),154620.90000000596,A,meadowenter,I,enter,437,1,1598.2000000029802,153022.70000000298,9093,WL,A,6.0
1,12.41700005531311,learn,47582.99994468689,Wed Jul 22 2026 16:45:20 GMT-0400 (Eastern Daylight Time),155638.0,A,s,I,s,1009,1,1016.7999999970198,154621.20000000298,9093,WL,A,7.0
1,12.532999992370605,learn,47467.000007629395,Wed Jul 22 2026 16:45:20 GMT-0400 (Eastern Daylight Time),155754.90000000596,A,sa,I,a,92,1,1133.7000000029802,154621.20000000298,9093,WL,A,7.0
1,12.650000095367432,learn,47349.99990463257,Wed Jul 22 2026 16:45:20 GMT-0400 (Eastern Daylight Time),155871.60000000894,A,sal,I,l,96,1,1250.4000000059605,154621.20000000298,9093,WL,A,7.0
1,12.849999904632568,learn,47150.00009536743,Wed Jul 22 2026 16:45:20 GMT-0400 (Eastern Daylight Time),156071.5,A,salf,I,f,179,1,1450.2999999970198,154621.20000000298,9093,WL,A,7.0
1,13.217000007629395,learn,46782.999992370605,Wed Jul 22 2026 16:45:20 GMT-0400 (Eastern Daylight Time),156438.40000000596,A,sal,I,backspace,345,1,1817.2000000029802,154621.20000000298,9093,WL,A,7.0
1,13.433000087738037,learn,46566.99991226196,Wed Jul 22 2026 16:45:20 GMT-0400 (Eastern Daylight Time),156655.0,A,salt,I,t,198,1,2033.7999999970198,154621.20000000298,9093,WL,A,7.0
1,13.782999992370605,learn,46217.000007629395,Wed Jul 22 2026 16:45:20 GMT-0400 (Eastern Daylight Time),157004.40000000596,A,saltenter,I,enter,322,1,2383.2000000029802,154621.20000000298,9093,WL,A,7.0
1,14.615999937057495,learn,45384.000062942505,Wed Jul 22 2026 16:45:20 GMT-0400 (Eastern Daylight Time),157838.0,A,f,I,f,826,1,833.2000000029802,157004.79999999702,9093,WL,A,8.0
1,14.766999959945679,learn,45233.00004005432,Wed Jul 22 2026 16:45:20 GMT-0400 (Eastern Daylight Time),157988.20000000298,A,fi,I,i,133,1,983.4000000059605,157004.79999999702,9093,WL,A,8.0
1,14.815999984741211,learn,45184.00001525879,Wed Jul 22 2026 16:45:20 GMT-0400 (Eastern Daylight Time),158037.70000000298,A,fin,I,n,38,1,1032.9000000059605,157004.79999999702,9093,WL,A,8.0
1,14.983000040054321,learn,45016.99995994568,Wed Jul 22 2026 16:45:20 GMT-0400 (Eastern Daylight Time),158204.79999999702,A,fing,I,g,142,1,1200.0,157004.79999999702,9093,WL,A,8.0
1,15.150000095367432,learn,44849.99990463257,Wed Jul 22 2026 16:45:20 GMT-0400 (Eastern Daylight Time),158371.60000000894,A,finge,I,e,136,1,1366.800000011921,157004.79999999702,9093,WL,A,8.0
1,15.199000120162964,learn,44800.999879837036,Wed Jul 22 2026 16:45:20 GMT-0400 (Eastern Daylight Time),158420.90000000596,A,finger,I,r,38,1,1416.1000000089407,157004.79999999702,9093,WL,A,8.0
1,15.916000127792358,learn,44083.99987220764,Wed Jul 22 2026 16:45:20 GMT-0400 (Eastern Daylight Time),159137.79999999702,A,fingerenter,I,enter,704,1,2133.0,157004.79999999702,9093,WL,A,8.0
1,34.66700005531311,learn,25332.99994468689,Wed Jul 22 2026 16:45:20 GMT-0400 (Eastern Daylight Time),177888.29999999702,A,m,I,m,18733,1,18750.19999998808,159138.10000000894,9093,WL,A,9.0
1,34.76699995994568,learn,25233.00004005432,Wed Jul 22 2026 16:45:20 GMT-0400 (Eastern Daylight Time),177988.40000000596,A,me,I,e,75,1,18850.29999999702,159138.10000000894,9093,WL,A,9.0
1,34.90000009536743,learn,25099.99990463257,Wed Jul 22 2026 16:45:20 GMT-0400 (Eastern Daylight Time),178121.5,A,mea,I,a,110,1,18983.39999999106,159138.10000000894,9093,WL,A,9.0
1,35.049999952316284,learn,24950.000047683716,Wed Jul 22 2026 16:45:20 GMT-0400 (Eastern Daylight Time),178271.60000000894,A,mead,I,d,129,1,19133.5,159138.10000000894,9093,WL,A,9.0
1,35.200000047683716,learn,24799.999952316284,Wed Jul 22 2026 16:45:20 GMT-0400 (Eastern Daylight Time),178421.60000000894,A,meado,I,o,121,1,19283.5,159138.10000000894,9093,WL,A,9.0
1,35.5,learn,24500.0,Wed Jul 22 2026 16:45:20 GMT-0400 (Eastern Daylight Time),178721.60000000894,A,meadow,I,w,285,1,19583.5,159138.10000000894,9093,WL,A,9.0
1,35.84999990463257,learn,24150.00009536743,Wed Jul 22 2026 16:45:20 GMT-0400 (Eastern Daylight Time),179071.20000000298,A,meadowenter,I,enter,337,1,19933.09999999404,159138.10000000894,9093,WL,A,9.0
1,36.59999990463257,learn,23400.00009536743,Wed Jul 22 2026 16:45:20 GMT-0400 (Eastern Daylight Time),179821.60000000894,A,a,I,a,727,1,750.1000000089407,179071.5,9093,WL,A,10.0
1,36.91700005531311,learn,23082.99994468689,Wed Jul 22 2026 16:45:20 GMT-0400 (Eastern Daylight Time),180138.29999999702,A,ap,I,p,294,1,1066.7999999970198,179071.5,9093,WL,A,10.0
1,37.049999952316284,learn,22950.000047683716,Wed Jul 22 2026 16:45:20 GMT-0400 (Eastern Daylight Time),180271.5,A,app,I,p,120,1,1200.0,179071.5,9093,WL,A,10.0
1,37.1010000705719,learn,22898.9999294281,Wed Jul 22 2026 16:45:20 GMT-0400 (Eastern Daylight Time),180322.70000000298,A,appl,I,l,34,1,1251.2000000029802,179071.5,9093,WL,A,10.0
1,37.23300004005432,learn,22766.99995994568,Wed Jul 22 2026 16:45:20 GMT-0400 (Eastern Daylight Time),180454.79999999702,A,apple,I,e,123,1,1383.2999999970198,179071.5,9093,WL,A,10.0
1,37.46600008010864,learn,22533.999919891357,Wed Jul 22 2026 16:45:20 GMT-0400 (Eastern Daylight Time),180687.79999999702,A,appleenter,I,enter,211,1,1616.2999999970198,179071.5,9093,WL,A,10.0
1,41.23300004005432,learn,18766.99995994568,Wed Jul 22 2026 16:45:20 GMT-0400 (Eastern Daylight Time),184454.70000000298,A,f,I,f,3758,1,3766.5,180688.20000000298,9093,WL,A,11.0
1,41.34999990463257,learn,18650.00009536743,Wed Jul 22 2026 16:45:20 GMT-0400 (Eastern Daylight Time),184571.60000000894,A,fi,I,i,100,1,3883.4000000059605,180688.20000000298,9093,WL,A,11.0
1,41.41600012779236,learn,18583.99987220764,Wed Jul 22 2026 16:45:20 GMT-0400 (Eastern Daylight Time),184637.79999999702,A,fin,I,n,47,1,3949.5999999940395,180688.20000000298,9093,WL,A,11.0
1,41.59999990463257,learn,18400.00009536743,Wed Jul 22 2026 16:45:20 GMT-0400 (Eastern Daylight Time),184821.60000000894,A,fing,I,g,154,1,4133.4000000059605,180688.20000000298,9093,WL,A,11.0
1,41.717000007629395,learn,18282.999992370605,Wed Jul 22 2026 16:45:20 GMT-0400 (Eastern Daylight Time),184938.40000000596,A,finge,I,e,88,1,4250.20000000298,180688.20000000298,9093,WL,A,11.0
1,41.799999952316284,learn,18200.000047683716,Wed Jul 22 2026 16:45:20 GMT-0400 (Eastern Daylight Time),185021.10000000894,A,finger,I,r,64,1,4332.9000000059605,180688.20000000298,9093,WL,A,11.0
1,41.93300008773804,learn,18066.999912261963,Wed Jul 22 2026 16:45:20 GMT-0400 (Eastern Daylight Time),185154.60000000894,A,fingerenter,I,enter,109,1,4466.4000000059605,180688.20000000298,9093,WL,A,11.0
1,60.01699995994568,learn,-16.99995994567871,Wed Jul 22 2026 16:45:20 GMT-0400 (Eastern Daylight Time),203238.60000000894,A,None,I,None,18076,1,18083.70000000298,185154.90000000596,9093,WL,A,12.0
2,0.9169998168945312,learn,59083.00018310547,Wed Jul 22 2026 16:45:20 GMT-0400 (Eastern Daylight Time),277322.0,A,g,I,g,895,1,916.5,276405.5,9093,WL,A,1.0
2,1.0339999198913574,learn,58966.00008010864,Wed Jul 22 2026 16:45:20 GMT-0400 (Eastern Daylight Time),277438.40000000596,A,go,I,o,97,1,1032.9000000059605,276405.5,9093,WL,A,1.0
2,1.184000015258789,learn,58815.99998474121,Wed Jul 22 2026 16:45:20 GMT-0400 (Eastern Daylight Time),277588.40000000596,A,gol,I,l,124,1,1182.9000000059605,276405.5,9093,WL,A,1.0
2,1.366999864578247,learn,58633.00013542175,Wed Jul 22 2026 16:45:20 GMT-0400 (Eastern Daylight Time),277771.799999997,A,gold,I,d,150,1,1366.2999999970198,276405.5,9093,WL,A,1.0
2,1.6329998970031738,learn,58367.000102996826,Wed Jul 22 2026 16:45:20 GMT-0400 (Eastern Daylight Time),278037.90000000596,A,goldenter,I,enter,248,1,1632.4000000059605,276405.5,9093,WL,A,1.0
2,2.3339998722076416,learn,57666.00012779236,Wed Jul 22 2026 16:45:20 GMT-0400 (Eastern Daylight Time),278738.0,A,r,I,r,680,1,699.5999999940395,278038.40000000596,9093,WL,A,2.0
2,2.566999912261963,learn,57433.00008773804,Wed Jul 22 2026 16:45:20 GMT-0400 (Eastern Daylight Time),278971.799999997,A,ra,I,a,212,1,933.3999999910593,278038.40000000596,9093,WL,A,2.0
2,2.75,learn,57250.0,Wed Jul 22 2026 16:45:20 GMT-0400 (Eastern Daylight Time),279155.0,A,rat,I,t,166,1,1116.5999999940395,278038.40000000596,9093,WL,A,2.0
2,2.883999824523926,learn,57116.000175476074,Wed Jul 22 2026 16:45:20 GMT-0400 (Eastern Daylight Time),279288.40000000596,A,ratt,I,t,111,1,1250.0,278038.40000000596,9093,WL,A,2.0
2,3.0339999198913574,learn,56966.00008010864,Wed Jul 22 2026 16:45:20 GMT-0400 (Eastern Daylight Time),279438.200000003,A,rattl,I,l,138,1,1399.7999999970198,278038.40000000596,9093,WL,A,2.0
2,3.133999824523926,learn,56866.000175476074,Wed Jul 22 2026 16:45:20 GMT-0400 (Eastern Daylight Time),279538.299999997,A,rattle,I,e,68,1,1499.8999999910593,278038.40000000596,9093,WL,A,2.0
2,3.2170000076293945,learn,56782.999992370605,Wed Jul 22 2026 16:45:20 GMT-0400 (Eastern Daylight Time),279621.700000003,A,rattler,I,r,47,1,1583.2999999970198,278038.40000000596,9093,WL,A,2.0
2,3.4670000076293945,learn,56532.999992370605,Wed Jul 22 2026 16:45:20 GMT-0400 (Eastern Daylight Time),279871.299999997,A,rattlerenter,I,enter,221,1,1832.8999999910593,278038.40000000596,9093,WL,A,2.0
2,6.7170000076293945,learn,53282.999992370605,Wed Jul 22 2026 16:45:20 GMT-0400 (Eastern Daylight Time),283121.799999997,A,b,I,b,3231,1,3250.199999988079,279871.60000000894,9093,WL,A,3.0
2,6.866999864578247,learn,53133.00013542175,Wed Jul 22 2026 16:45:20 GMT-0400 (Eastern Daylight Time),283271.799999997,A,bo,I,o,136,1,3400.199999988079,279871.60000000894,9093,WL,A,3.0
2,7.016999959945679,learn,52983.00004005432,Wed Jul 22 2026 16:45:20 GMT-0400 (Eastern Daylight Time),283421.700000003,A,boo,I,o,121,1,3550.0999999940395,279871.60000000894,9093,WL,A,3.0
2,7.166999816894531,learn,52833.00018310547,Wed Jul 22 2026 16:45:20 GMT-0400 (Eastern Daylight Time),283571.700000003,A,book,I,k,126,1,3700.0999999940395,279871.60000000894,9093,WL,A,3.0
2,7.549999952316284,learn,52450.000047683716,Wed Jul 22 2026 16:45:20 GMT-0400 (Eastern Daylight Time),283954.60000000894,A,bookenter,I,enter,360,1,4083.0,279871.60000000894,9093,WL,A,3.0
2,7.883999824523926,learn,52116.000175476074,Wed Jul 22 2026 16:45:20 GMT-0400 (Eastern Daylight Time),284288.10000000894,A,f,I,f,316,1,333.1000000089407,283955.0,9093,WL,A,4.0
2,8.0,learn,52000.0,Wed Jul 22 2026 16:45:20 GMT-0400 (Eastern Daylight Time),284405.0,A,fl,I,l,98,1,450.0,283955.0,9093,WL,A,4.0
2,8.151000022888184,learn,51848.99997711182,Wed Jul 22 2026 16:45:20 GMT-0400 (Eastern Daylight Time),284555.700000003,A,flo,I,o,133,1,600.7000000029802,283955.0,9093,WL,A,4.0
2,8.266999959945679,learn,51733.00004005432,Wed Jul 22 2026 16:45:20 GMT-0400 (Eastern Daylight Time),284671.60000000894,A,flow,I,w,107,1,716.6000000089407,283955.0,9093,WL,A,4.0
2,8.383999824523926,learn,51616.000175476074,Wed Jul 22 2026 16:45:20 GMT-0400 (Eastern Daylight Time),284788.40000000596,A,flowe,I,e,99,1,833.4000000059605,283955.0,9093,WL,A,4.0
2,8.566999912261963,learn,51433.00008773804,Wed Jul 22 2026 16:45:20 GMT-0400 (Eastern Daylight Time),284971.799999997,A,flower,I,r,166,1,1016.7999999970198,283955.0,9093,WL,A,4.0
2,8.766999959945679,learn,51233.00004005432,Wed Jul 22 2026 16:45:20 GMT-0400 (Eastern Daylight Time),285171.299999997,A,flowerenter,I,enter,174,1,1216.2999999970198,283955.0,9093,WL,A,4.0
2,8.967000007629395,learn,51032.999992370605,Wed Jul 22 2026 16:45:20 GMT-0400 (Eastern Daylight Time),285371.799999997,A,t,I,t,187,1,200.09999999403954,285171.700000003,9093,WL,A,5.0
2,9.151000022888184,learn,50848.99997711182,Wed Jul 22 2026 16:45:20 GMT-0400 (Eastern Daylight Time),285555.10000000894,A,tr,I,r,158,1,383.40000000596046,285171.700000003,9093,WL,A,5.0
2,9.283999919891357,learn,50716.00008010864,Wed Jul 22 2026 16:45:20 GMT-0400 (Eastern Daylight Time),285688.40000000596,A,tra,I,a,103,1,516.7000000029802,285171.700000003,9093,WL,A,5.0
2,9.416999816894531,learn,50583.00018310547,Wed Jul 22 2026 16:45:20 GMT-0400 (Eastern Daylight Time),285821.799999997,A,trai,I,i,114,1,650.0999999940395,285171.700000003,9093,WL,A,5.0
2,9.467000007629395,learn,50532.999992370605,Wed Jul 22 2026 16:45:20 GMT-0400 (Eastern Daylight Time),285871.700000003,A,train,I,n,30,1,700.0,285171.700000003,9093,WL,A,5.0
2,9.849999904632568,learn,50150.00009536743,Wed Jul 22 2026 16:45:20 GMT-0400 (Eastern Daylight Time),286254.5,A,trainenter,I,enter,365,1,1082.7999999970198,285171.700000003,9093,WL,A,5.0
2,10.684000015258789,learn,49315.99998474121,Wed Jul 22 2026 16:45:20 GMT-0400 (Eastern Daylight Time),287088.40000000596,A,r,I,r,825,1,833.5,286254.90000000596,9093,WL,A,6.0
2,10.833999872207642,learn,49166.00012779236,Wed Jul 22 2026 16:45:20 GMT-0400 (Eastern Daylight Time),287238.10000000894,A,ru,I,u,138,1,983.2000000029802,286254.90000000596,9093,WL,A,6.0
2,11.0,learn,49000.0,Wed Jul 22 2026 16:45:20 GMT-0400 (Eastern Daylight Time),287405.0,A,rug,I,g,143,1,1150.0999999940395,286254.90000000596,9093,WL,A,6.0
2,11.282999992370605,learn,48717.000007629395,Wed Jul 22 2026 16:45:20 GMT-0400 (Eastern Daylight Time),287688.0,A,rugenter,I,enter,271,1,1433.0999999940395,286254.90000000596,9093,WL,A,6.0
2,11.666999816894531,learn,48333.00018310547,Wed Jul 22 2026 16:45:20 GMT-0400 (Eastern Daylight Time),288071.799999997,A,m,I,m,365,1,383.5,287688.299999997,9093,WL,A,7.0
2,11.783999919891357,learn,48216.00008010864,Wed Jul 22 2026 16:45:20 GMT-0400 (Eastern Daylight Time),288188.40000000596,A,me,I,e,99,1,500.1000000089407,287688.299999997,9093,WL,A,7.0
2,11.950999975204468,learn,48049.00002479553,Wed Jul 22 2026 16:45:20 GMT-0400 (Eastern Daylight Time),288355.200000003,A,mea,I,a,135,1,666.9000000059605,287688.299999997,9093,WL,A,7.0
2,12.066999912261963,learn,47933.00008773804,Wed Jul 22 2026 16:45:20 GMT-0400 (Eastern Daylight Time),288471.799999997,A,mead,I,d,95,1,783.5,287688.299999997,9093,WL,A,7.0
2,12.217000007629395,learn,47782.999992370605,Wed Jul 22 2026 16:45:20 GMT-0400 (Eastern Daylight Time),288621.700000003,A,meado,I,o,121,1,933.4000000059605,287688.299999997,9093,WL,A,7.0
2,12.333999872207642,learn,47666.00012779236,Wed Jul 22 2026 16:45:20 GMT-0400 (Eastern Daylight Time),288738.5,A,meadow,I,w,101,1,1050.2000000029802,287688.299999997,9093,WL,A,7.0
2,12.649999856948853,learn,47350.00014305115,Wed Jul 22 2026 16:45:20 GMT-0400 (Eastern Daylight Time),289054.60000000894,A,meadowenter,I,enter,288,1,1366.300000011921,287688.299999997,9093,WL,A,7.0
2,13.184000015258789,learn,46815.99998474121,Wed Jul 22 2026 16:45:20 GMT-0400 (Eastern Daylight Time),289588.40000000596,A,h,I,h,519,1,533.4000000059605,289055.0,9093,WL,A,8.0
2,13.266999959945679,learn,46733.00004005432,Wed Jul 22 2026 16:45:20 GMT-0400 (Eastern Daylight Time),289671.700000003,A,ha,I,a,63,1,616.7000000029802,289055.0,9093,WL,A,8.0
2,13.366999864578247,learn,46633.00013542175,Wed Jul 22 2026 16:45:20 GMT-0400 (Eastern Daylight Time),289771.5,A,har,I,r,75,1,716.5,289055.0,9093,WL,A,8.0
2,13.717000007629395,learn,46282.999992370605,Wed Jul 22 2026 16:45:20 GMT-0400 (Eastern Daylight Time),290121.700000003,A,harp,I,p,327,1,1066.7000000029802,289055.0,9093,WL,A,8.0
2,14.032999992370605,learn,45967.000007629395,Wed Jul 22 2026 16:45:20 GMT-0400 (Eastern Daylight Time),290437.90000000596,A,harpenter,I,enter,297,1,1382.9000000059605,289055.0,9093,WL,A,8.0
2,14.366999864578247,learn,45633.00013542175,Wed Jul 22 2026 16:45:20 GMT-0400 (Eastern Daylight Time),290771.799999997,A,f,I,f,321,1,333.5,290438.299999997,9093,WL,A,9.0
2,14.483999967575073,learn,45516.00003242493,Wed Jul 22 2026 16:45:20 GMT-0400 (Eastern Daylight Time),290888.40000000596,A,fi,I,i,101,1,450.1000000089407,290438.299999997,9093,WL,A,9.0
2,14.549999952316284,learn,45450.000047683716,Wed Jul 22 2026 16:45:20 GMT-0400 (Eastern Daylight Time),290954.5,A,fin,I,n,31,1,516.2000000029802,290438.299999997,9093,WL,A,9.0
2,14.684000015258789,learn,45315.99998474121,Wed Jul 22 2026 16:45:20 GMT-0400 (Eastern Daylight Time),291088.40000000596,A,fing,I,g,115,1,650.1000000089407,290438.299999997,9093,WL,A,9.0
2,14.800999879837036,learn,45199.000120162964,Wed Jul 22 2026 16:45:20 GMT-0400 (Eastern Daylight Time),291205.0,A,finge,I,e,82,1,766.7000000029802,290438.299999997,9093,WL,A,9.0
2,14.883999824523926,learn,45116.000175476074,Wed Jul 22 2026 16:45:20 GMT-0400 (Eastern Daylight Time),291288.40000000596,A,finger,I,r,68,1,850.1000000089407,290438.299999997,9093,WL,A,9.0
2,15.08299994468689,learn,44917.00005531311,Wed Jul 22 2026 16:45:20 GMT-0400 (Eastern Daylight Time),291487.90000000596,A,fingerenter,I,enter,187,1,1049.6000000089407,290438.299999997,9093,WL,A,9.0
2,15.467000007629395,learn,44532.999992370605,Wed Jul 22 2026 16:45:20 GMT-0400 (Eastern Daylight Time),291871.60000000894,A,s,I,s,367,1,383.30000001192093,291488.299999997,9093,WL,A,10.0
2,15.583999872207642,learn,44416.00012779236,Wed Jul 22 2026 16:45:20 GMT-0400 (Eastern Daylight Time),291988.40000000596,A,sa,I,a,99,1,500.1000000089407,291488.299999997,9093,WL,A,10.0
2,15.733999967575073,learn,44266.00003242493,Wed Jul 22 2026 16:45:20 GMT-0400 (Eastern Daylight Time),292138.299999997,A,sal,I,l,118,1,650.0,291488.299999997,9093,WL,A,10.0
2,15.901000022888184,learn,44098.99997711182,Wed Jul 22 2026 16:45:20 GMT-0400 (Eastern Daylight Time),292305.10000000894,A,salt,I,t,145,1,816.8000000119209,291488.299999997,9093,WL,A,10.0
2,16.299999952316284,learn,43700.000047683716,Wed Jul 22 2026 16:45:20 GMT-0400 (Eastern Daylight Time),292704.60000000894,A,saltenter,I,enter,385,1,1216.300000011921,291488.299999997,9093,WL,A,10.0
2,16.566999912261963,learn,43433.00008773804,Wed Jul 22 2026 16:45:20 GMT-0400 (Eastern Daylight Time),292972.0,A,a,I,a,254,1,267.0,292705.0,9093,WL,A,11.0
2,16.717000007629395,learn,43282.999992370605,Wed Jul 22 2026 16:45:20 GMT-0400 (Eastern Daylight Time),293121.60000000894,A,ap,I,p,135,1,416.6000000089407,292705.0,9093,WL,A,11.0
2,16.84999990463257,learn,43150.00009536743,Wed Jul 22 2026 16:45:20 GMT-0400 (Eastern Daylight Time),293255.0,A,app,I,p,121,1,550.0,292705.0,9093,WL,A,11.0
2,16.949999809265137,learn,43050.00019073486,Wed Jul 22 2026 16:45:20 GMT-0400 (Eastern Daylight Time),293354.90000000596,A,appl,I,l,83,1,649.9000000059605,292705.0,9093,WL,A,11.0
2,17.08399987220764,learn,42916.00012779236,Wed Jul 22 2026 16:45:20 GMT-0400 (Eastern Daylight Time),293488.40000000596,A,apple,I,e,113,1,783.4000000059605,292705.0,9093,WL,A,11.0
2,17.566999912261963,learn,42433.00008773804,Wed Jul 22 2026 16:45:20 GMT-0400 (Eastern Daylight Time),293971.299999997,A,appleenter,I,enter,458,1,1266.2999999970198,292705.0,9093,WL,A,11.0
2,20.616999864578247,learn,39383.00013542175,Wed Jul 22 2026 16:45:20 GMT-0400 (Eastern Daylight Time),297021.799999997,A,l,I,l,3027,1,3050.0999999940395,293971.700000003,9093,WL,A,12.0
2,20.750999927520752,learn,39249.00007247925,Wed Jul 22 2026 16:45:20 GMT-0400 (Eastern Daylight Time),297155.10000000894,A,lo,I,o,118,1,3183.4000000059605,293971.700000003,9093,WL,A,12.0
2,20.91699981689453,learn,39083.00018310547,Wed Jul 22 2026 16:45:20 GMT-0400 (Eastern Daylight Time),297321.799999997,A,log,I,g,136,1,3350.0999999940395,293971.700000003,9093,WL,A,12.0
2,21.182999849319458,learn,38817.00015068054,Wed Jul 22 2026 16:45:20 GMT-0400 (Eastern Daylight Time),297588.0,A,logenter,I,enter,240,1,3616.2999999970198,293971.700000003,9093,WL,A,12.0
2,60.01699995994568,learn,-16.99995994567871,Wed Jul 22 2026 16:45:20 GMT-0400 (Eastern Daylight Time),336421.90000000596,A,None,I,None,38827,1,38833.5,297588.40000000596,9093,WL,A,13.0
3,0.8669998645782471,learn,59133.00013542175,Wed Jul 22 2026 16:45:20 GMT-0400 (Eastern Daylight Time),405505.299999997,A,s,I,s,856,1,866.5,404638.799999997,9093,WL,A,1.0
3,0.9670000076293945,learn,59032.999992370605,Wed Jul 22 2026 16:45:20 GMT-0400 (Eastern Daylight Time),405605.200000003,A,sa,I,a,82,1,966.4000000059605,404638.799999997,9093,WL,A,1.0
3,1.065999984741211,learn,58934.00001525879,Wed Jul 22 2026 16:45:20 GMT-0400 (Eastern Daylight Time),405704.90000000596,A,sal,I,l,77,1,1066.1000000089407,404638.799999997,9093,WL,A,1.0
3,1.316999912261963,learn,58683.00008773804,Wed Jul 22 2026 16:45:20 GMT-0400 (Eastern Daylight Time),405955.200000003,A,salt,I,t,234,1,1316.4000000059605,404638.799999997,9093,WL,A,1.0
3,1.6499998569488525,learn,58350.00014305115,Wed Jul 22 2026 16:45:20 GMT-0400 (Eastern Daylight Time),406288.10000000894,A,saltenter,I,enter,311,1,1649.300000011921,404638.799999997,9093,WL,A,1.0
3,2.25,learn,57750.0,Wed Jul 22 2026 16:45:20 GMT-0400 (Eastern Daylight Time),406888.5,A,f,I,f,591,1,600.0,406288.5,9093,WL,A,2.0
3,2.4159998893737793,learn,57584.00011062622,Wed Jul 22 2026 16:45:20 GMT-0400 (Eastern Daylight Time),407054.90000000596,A,fi,I,i,155,1,766.4000000059605,406288.5,9093,WL,A,2.0
3,2.5,learn,57500.0,Wed Jul 22 2026 16:45:20 GMT-0400 (Eastern Daylight Time),407138.5,A,fin,I,n,59,1,850.0,406288.5,9093,WL,A,2.0
3,2.5999999046325684,learn,57400.00009536743,Wed Jul 22 2026 16:45:20 GMT-0400 (Eastern Daylight Time),407238.60000000894,A,fing,I,g,72,1,950.1000000089407,406288.5,9093,WL,A,2.0
3,2.7330000400543213,learn,57266.99995994568,Wed Jul 22 2026 16:45:20 GMT-0400 (Eastern Daylight Time),407371.90000000596,A,finge,I,e,108,1,1083.4000000059605,406288.5,9093,WL,A,2.0
3,2.7990000247955322,learn,57200.99997520447,Wed Jul 22 2026 16:45:20 GMT-0400 (Eastern Daylight Time),407437.799999997,A,finger,I,r,47,1,1149.2999999970198,406288.5,9093,WL,A,2.0
3,3.0829999446868896,learn,56917.00005531311,Wed Jul 22 2026 16:45:20 GMT-0400 (Eastern Daylight Time),407721.40000000596,A,fingerenter,I,enter,264,1,1432.9000000059605,406288.5,9093,WL,A,2.0
3,4.7829999923706055,learn,55217.000007629395,Wed Jul 22 2026 16:45:20 GMT-0400 (Eastern Daylight Time),409422.0,A,b,I,b,1686,1,1700.2000000029802,407721.799999997,9093,WL,A,3.0
3,4.950000047683716,learn,55049.999952316284,Wed Jul 22 2026 16:45:20 GMT-0400 (Eastern Daylight Time),409588.700000003,A,bo,I,o,140,1,1866.9000000059605,407721.799999997,9093,WL,A,3.0
3,5.08299994468689,learn,54917.00005531311,Wed Jul 22 2026 16:45:20 GMT-0400 (Eastern Daylight Time),409722.0,A,boo,I,o,109,1,2000.2000000029802,407721.799999997,9093,WL,A,3.0
3,5.132999897003174,learn,54867.000102996826,Wed Jul 22 2026 16:45:20 GMT-0400 (Eastern Daylight Time),409771.90000000596,A,book,I,k,35,1,2050.1000000089407,407721.799999997,9093,WL,A,3.0
3,5.632999897003174,learn,54367.000102996826,Wed Jul 22 2026 16:45:20 GMT-0400 (Eastern Daylight Time),410271.40000000596,A,bookenter,I,enter,480,1,2549.6000000089407,407721.799999997,9093,WL,A,3.0
3,5.950000047683716,learn,54049.999952316284,Wed Jul 22 2026 16:45:20 GMT-0400 (Eastern Daylight Time),410588.60000000894,A,f,I,f,304,1,316.90000000596046,410271.700000003,9093,WL,A,4.0
3,6.066999912261963,learn,53933.00008773804,Wed Jul 22 2026 16:45:20 GMT-0400 (Eastern Daylight Time),410705.200000003,A,fl,I,l,95,1,433.5,410271.700000003,9093,WL,A,4.0
3,6.233000040054321,learn,53766.99995994568,Wed Jul 22 2026 16:45:20 GMT-0400 (Eastern Daylight Time),410871.90000000596,A,flo,I,o,146,1,600.2000000029802,410271.700000003,9093,WL,A,4.0
3,6.33299994468689,learn,53667.00005531311,Wed Jul 22 2026 16:45:20 GMT-0400 (Eastern Daylight Time),410971.799999997,A,flow,I,w,74,1,700.0999999940395,410271.700000003,9093,WL,A,4.0
3,6.415999889373779,learn,53584.00011062622,Wed Jul 22 2026 16:45:20 GMT-0400 (Eastern Daylight Time),411054.799999997,A,flowe,I,e,64,1,783.0999999940395,410271.700000003,9093,WL,A,4.0
3,6.616999864578247,learn,53383.00013542175,Wed Jul 22 2026 16:45:20 GMT-0400 (Eastern Daylight Time),411255.200000003,A,flower,I,r,190,1,983.5,410271.700000003,9093,WL,A,4.0
3,6.865999937057495,learn,53134.000062942505,Wed Jul 22 2026 16:45:20 GMT-0400 (Eastern Daylight Time),411504.700000003,A,flowerenter,I,enter,228,1,1233.0,410271.700000003,9093,WL,A,4.0
3,7.132999897003174,learn,52867.000102996826,Wed Jul 22 2026 16:45:20 GMT-0400 (Eastern Daylight Time),411771.90000000596,A,t,I,t,246,1,266.90000000596046,411505.0,9093,WL,A,5.0
3,7.283999919891357,learn,52716.00008010864,Wed Jul 22 2026 16:45:20 GMT-0400 (Eastern Daylight Time),411922.10000000894,A,tr,I,r,134,1,417.1000000089407,411505.0,9093,WL,A,5.0
3,7.41700005531311,learn,52582.99994468689,Wed Jul 22 2026 16:45:20 GMT-0400 (Eastern Daylight Time),412055.10000000894,A,tra,I,a,113,1,550.1000000089407,411505.0,9093,WL,A,5.0
3,7.549999952316284,learn,52450.000047683716,Wed Jul 22 2026 16:45:20 GMT-0400 (Eastern Daylight Time),412188.700000003,A,trai,I,i,109,1,683.7000000029802,411505.0,9093,WL,A,5.0
3,7.616999864578247,learn,52383.00013542175,Wed Jul 22 2026 16:45:20 GMT-0400 (Eastern Daylight Time),412255.299999997,A,train,I,n,47,1,750.2999999970198,411505.0,9093,WL,A,5.0
3,7.950000047683716,learn,52049.999952316284,Wed Jul 22 2026 16:45:20 GMT-0400 (Eastern Daylight Time),412588.200000003,A,trainenter,I,enter,316,1,1083.2000000029802,411505.0,9093,WL,A,5.0
3,8.25,learn,51750.0,Wed Jul 22 2026 16:45:20 GMT-0400 (Eastern Daylight Time),412888.5,A,r,I,r,290,1,300.0,412588.5,9093,WL,A,6.0
3,8.532999992370605,learn,51467.000007629395,Wed Jul 22 2026 16:45:20 GMT-0400 (Eastern Daylight Time),413171.90000000596,A,ru,I,u,257,1,583.4000000059605,412588.5,9093,WL,A,6.0
3,8.682999849319458,learn,51317.00015068054,Wed Jul 22 2026 16:45:20 GMT-0400 (Eastern Daylight Time),413322.0,A,rug,I,g,136,1,733.5,412588.5,9093,WL,A,6.0
3,9.932999849319458,learn,50067.00015068054,Wed Jul 22 2026 16:45:20 GMT-0400 (Eastern Daylight Time),414571.40000000596,A,rugenter,I,enter,1226,1,1982.9000000059605,412588.5,9093,WL,A,6.0
3,10.432999849319458,learn,49567.00015068054,Wed Jul 22 2026 16:45:20 GMT-0400 (Eastern Daylight Time),415071.90000000596,A,m,I,m,492,1,500.20000000298023,414571.700000003,9093,WL,A,7.0
3,10.532999992370605,learn,49467.000007629395,Wed Jul 22 2026 16:45:20 GMT-0400 (Eastern Daylight Time),415171.799999997,A,me,I,e,75,1,600.0999999940395,414571.700000003,9093,WL,A,7.0
3,10.733000040054321,learn,49266.99995994568,Wed Jul 22 2026 16:45:20 GMT-0400 (Eastern Daylight Time),415372.0,A,mea,I,a,176,1,800.2999999970198,414571.700000003,9093,WL,A,7.0
3,10.816999912261963,learn,49183.00008773804,Wed Jul 22 2026 16:45:20 GMT-0400 (Eastern Daylight Time),415455.0,A,mead,I,d,55,1,883.2999999970198,414571.700000003,9093,WL,A,7.0
3,10.967000007629395,learn,49032.999992370605,Wed Jul 22 2026 16:45:20 GMT-0400 (Eastern Daylight Time),415605.299999997,A,meado,I,o,122,1,1033.5999999940395,414571.700000003,9093,WL,A,7.0
3,11.099999904632568,learn,48900.00009536743,Wed Jul 22 2026 16:45:20 GMT-0400 (Eastern Daylight Time),415738.60000000894,A,meadow,I,w,102,1,1166.9000000059605,414571.700000003,9093,WL,A,7.0
3,11.432999849319458,learn,48567.00015068054,Wed Jul 22 2026 16:45:20 GMT-0400 (Eastern Daylight Time),416071.5,A,meadowenter,I,enter,313,1,1499.7999999970198,414571.700000003,9093,WL,A,7.0
3,13.83299994468689,learn,46167.00005531311,Wed Jul 22 2026 16:45:20 GMT-0400 (Eastern Daylight Time),418471.799999997,A,f,I,f,2391,1,2400.0,416071.799999997,9093,WL,A,8.0
3,14.0,learn,46000.0,Wed Jul 22 2026 16:45:20 GMT-0400 (Eastern Daylight Time),418638.700000003,A,fi,I,i,147,1,2566.9000000059605,416071.799999997,9093,WL,A,8.0
3,14.08299994468689,learn,45917.00005531311,Wed Jul 22 2026 16:45:20 GMT-0400 (Eastern Daylight Time),418722.0,A,fin,I,n,51,1,2650.2000000029802,416071.799999997,9093,WL,A,8.0
3,14.182999849319458,learn,45817.00015068054,Wed Jul 22 2026 16:45:20 GMT-0400 (Eastern Daylight Time),418822.10000000894,A,fing,I,g,81,1,2750.300000011921,416071.799999997,9093,WL,A,8.0
3,14.349999904632568,learn,45650.00009536743,Wed Jul 22 2026 16:45:20 GMT-0400 (Eastern Daylight Time),418988.60000000894,A,finge,I,e,132,1,2916.800000011921,416071.799999997,9093,WL,A,8.0
3,14.432999849319458,learn,45567.00015068054,Wed Jul 22 2026 16:45:20 GMT-0400 (Eastern Daylight Time),419071.90000000596,A,finger,I,r,64,1,3000.1000000089407,416071.799999997,9093,WL,A,8.0
3,15.516000032424927,learn,44483.99996757507,Wed Jul 22 2026 16:45:20 GMT-0400 (Eastern Daylight Time),420154.90000000596,A,fingerenter,I,enter,1067,1,4083.1000000089407,416071.799999997,9093,WL,A,8.0
3,17.616999864578247,learn,42383.00013542175,Wed Jul 22 2026 16:45:20 GMT-0400 (Eastern Daylight Time),422255.299999997,A,r,I,r,2084,1,2100.0,420155.299999997,9093,WL,A,9.0
3,17.782999992370605,learn,42217.000007629395,Wed Jul 22 2026 16:45:20 GMT-0400 (Eastern Daylight Time),422422.0,A,ra,I,a,149,1,2266.7000000029802,420155.299999997,9093,WL,A,9.0
3,17.98300004005432,learn,42016.99995994568,Wed Jul 22 2026 16:45:20 GMT-0400 (Eastern Daylight Time),422621.90000000596,A,rat,I,t,172,1,2466.6000000089407,420155.299999997,9093,WL,A,9.0
3,18.09999990463257,learn,41900.00009536743,Wed Jul 22 2026 16:45:20 GMT-0400 (Eastern Daylight Time),422738.60000000894,A,ratt,I,t,102,1,2583.300000011921,420155.299999997,9093,WL,A,9.0
3,18.282999992370605,learn,41717.000007629395,Wed Jul 22 2026 16:45:20 GMT-0400 (Eastern Daylight Time),422922.0,A,rattl,I,l,162,1,2766.7000000029802,420155.299999997,9093,WL,A,9.0
3,18.399999856948853,learn,41600.00014305115,Wed Jul 22 2026 16:45:20 GMT-0400 (Eastern Daylight Time),423038.60000000894,A,rattle,I,e,97,1,2883.300000011921,420155.299999997,9093,WL,A,9.0
3,18.649999856948853,learn,41350.00014305115,Wed Jul 22 2026 16:45:20 GMT-0400 (Eastern Daylight Time),423288.10000000894,A,rattleenter,I,enter,227,1,3132.800000011921,420155.299999997,9093,WL,A,9.0
3,18.950000047683716,learn,41049.999952316284,Wed Jul 22 2026 16:45:20 GMT-0400 (Eastern Daylight Time),423588.60000000894,A,c,I,c,279,1,300.1000000089407,423288.5,9093,WL,A,10.0
3,19.08299994468689,learn,40917.00005531311,Wed Jul 22 2026 16:45:20 GMT-0400 (Eastern Daylight Time),423722.0,A,ch,I,h,111,1,433.5,423288.5,9093,WL,A,10.0
3,19.467000007629395,learn,40532.999992370605,Wed Jul 22 2026 16:45:20 GMT-0400 (Eastern Daylight Time),424105.40000000596,A,chi,I,i,363,1,816.9000000059605,423288.5,9093,WL,A,10.0
3,19.632999897003174,learn,40367.000102996826,Wed Jul 22 2026 16:45:20 GMT-0400 (Eastern Daylight Time),424272.0,A,chim,I,m,144,1,983.5,423288.5,9093,WL,A,10.0
3,20.032999992370605,learn,39967.000007629395,Wed Jul 22 2026 16:45:20 GMT-0400 (Eastern Daylight Time),424671.90000000596,A,chimn,I,n,388,1,1383.4000000059605,423288.5,9093,WL,A,10.0
3,20.23300004005432,learn,39766.99995994568,Wed Jul 22 2026 16:45:20 GMT-0400 (Eastern Daylight Time),424871.90000000596,A,chimne,I,e,188,1,1583.4000000059605,423288.5,9093,WL,A,10.0
3,20.467000007629395,learn,39532.999992370605,Wed Jul 22 2026 16:45:20 GMT-0400 (Eastern Daylight Time),425105.299999997,A,chimney,I,y,212,1,1816.7999999970198,423288.5,9093,WL,A,10.0
3,20.682999849319458,learn,39317.00015068054,Wed Jul 22 2026 16:45:20 GMT-0400 (Eastern Daylight Time),425321.5,A,chimneyenter,I,enter,194,1,2033.0,423288.5,9093,WL,A,10.0
3,20.983999967575073,learn,39016.00003242493,Wed Jul 22 2026 16:45:20 GMT-0400 (Eastern Daylight Time),425622.200000003,A,l,I,l,293,1,300.29999999701977,425321.90000000596,9093,WL,A,11.0
3,21.16700005531311,learn,38832.99994468689,Wed Jul 22 2026 16:45:20 GMT-0400 (Eastern Daylight Time),425805.200000003,A,lo,I,o,159,1,483.29999999701977,425321.90000000596,9093,WL,A,11.0
3,21.382999897003174,learn,38617.000102996826,Wed Jul 22 2026 16:45:20 GMT-0400 (Eastern Daylight Time),426021.90000000596,A,log,I,g,182,1,700.0,425321.90000000596,9093,WL,A,11.0
3,21.682999849319458,learn,38317.00015068054,Wed Jul 22 2026 16:45:20 GMT-0400 (Eastern Daylight Time),426321.5,A,logenter,I,enter,285,1,999.5999999940395,425321.90000000596,9093,WL,A,11.0
3,21.91700005531311,learn,38082.99994468689,Wed Jul 22 2026 16:45:20 GMT-0400 (Eastern Daylight Time),426555.299999997,A,a,I,a,222,1,233.5,426321.799999997,9093,WL,A,12.0
3,22.10199999809265,learn,37898.00000190735,Wed Jul 22 2026 16:45:20 GMT-0400 (Eastern Daylight Time),426740.5,A,ap,I,p,169,1,418.70000000298023,426321.799999997,9093,WL,A,12.0
3,22.25,learn,37750.0,Wed Jul 22 2026 16:45:20 GMT-0400 (Eastern Daylight Time),426888.40000000596,A,app,I,p,120,1,566.6000000089407,426321.799999997,9093,WL,A,12.0
3,22.34999990463257,learn,37650.00009536743,Wed Jul 22 2026 16:45:20 GMT-0400 (Eastern Daylight Time),426988.60000000894,A,appl,I,l,74,1,666.8000000119209,426321.799999997,9093,WL,A,12.0
3,22.5,learn,37500.0,Wed Jul 22 2026 16:45:20 GMT-0400 (Eastern Daylight Time),427138.5,A,apple,I,e,127,1,816.7000000029802,426321.799999997,9093,WL,A,12.0
3,22.81599998474121,learn,37184.00001525879,Wed Jul 22 2026 16:45:20 GMT-0400 (Eastern Daylight Time),427454.700000003,A,appleenter,I,enter,296,1,1132.9000000059605,426321.799999997,9093,WL,A,12.0
3,26.566999912261963,learn,33433.00008773804,Wed Jul 22 2026 16:45:20 GMT-0400 (Eastern Daylight Time),431205.40000000596,A,g,I,g,3727,1,3750.2999999970198,427455.10000000894,9093,WL,A,13.0
3,26.66700005531311,learn,33332.99994468689,Wed Jul 22 2026 16:45:20 GMT-0400 (Eastern Daylight Time),431305.10000000894,A,go,I,o,79,1,3850.0,427455.10000000894,9093,WL,A,13.0
3,26.816999912261963,learn,33183.00008773804,Wed Jul 22 2026 16:45:20 GMT-0400 (Eastern Daylight Time),431455.10000000894,A,gol,I,l,130,1,4000.0,427455.10000000894,9093,WL,A,13.0
3,26.967000007629395,learn,33032.999992370605,Wed Jul 22 2026 16:45:20 GMT-0400 (Eastern Daylight Time),431605.299999997,A,gold,I,d,123,1,4150.199999988079,427455.10000000894,9093,WL,A,13.0
3,27.266000032424927,learn,32733.999967575073,Wed Jul 22 2026 16:45:20 GMT-0400 (Eastern Daylight Time),431904.90000000596,A,goldenter,I,enter,285,1,4449.79999999702,427455.10000000894,9093,WL,A,13.0
3,33.09999990463257,learn,26900.00009536743,Wed Jul 22 2026 16:45:20 GMT-0400 (Eastern Daylight Time),437738.60000000894,A,m,I,m,5815,1,5833.4000000059605,431905.200000003,9093,WL,A,14.0
3,33.18299984931946,learn,26817.000150680542,Wed Jul 22 2026 16:45:20 GMT-0400 (Eastern Daylight Time),437821.5,A,me,I,e,74,1,5916.29999999702,431905.200000003,9093,WL,A,14.0
3,33.34999990463257,learn,26650.00009536743,Wed Jul 22 2026 16:45:20 GMT-0400 (Eastern Daylight Time),437988.700000003,A,mea,I,a,147,1,6083.5,431905.200000003,9093,WL,A,14.0
3,33.43299984931946,learn,26567.000150680542,Wed Jul 22 2026 16:45:20 GMT-0400 (Eastern Daylight Time),438071.90000000596,A,mead,I,d,63,1,6166.70000000298,431905.200000003,9093,WL,A,14.0
3,33.56699991226196,learn,26433.000087738037,Wed Jul 22 2026 16:45:20 GMT-0400 (Eastern Daylight Time),438205.299999997,A,meado,I,o,109,1,6300.0999999940395,431905.200000003,9093,WL,A,14.0
3,33.700000047683716,learn,26299.999952316284,Wed Jul 22 2026 16:45:20 GMT-0400 (Eastern Daylight Time),438338.40000000596,A,meadow,I,w,100,1,6433.20000000298,431905.200000003,9093,WL,A,14.0
3,33.950000047683716,learn,26049.999952316284,Wed Jul 22 2026 16:45:20 GMT-0400 (Eastern Daylight Time),438588.299999997,A,meadowenter,I,enter,225,1,6683.0999999940395,431905.200000003,9093,WL,A,14.0
3,35.23300004005432,learn,24766.99995994568,Wed Jul 22 2026 16:45:20 GMT-0400 (Eastern Daylight Time),439871.90000000596,A,h,I,h,1275,1,1283.2999999970198,438588.60000000894,9093,WL,A,15.0
3,35.450000047683716,learn,24549.999952316284,Wed Jul 22 2026 16:45:20 GMT-0400 (Eastern Daylight Time),440088.700000003,A,ha,I,a,195,1,1500.0999999940395,438588.60000000894,9093,WL,A,15.0
3,35.549999952316284,learn,24450.000047683716,Wed Jul 22 2026 16:45:20 GMT-0400 (Eastern Daylight Time),440188.5,A,har,I,r,84,1,1599.8999999910593,438588.60000000894,9093,WL,A,15.0
3,35.76699995994568,learn,24233.00004005432,Wed Jul 22 2026 16:45:20 GMT-0400 (Eastern Daylight Time),440405.200000003,A,harp,I,p,183,1,1816.5999999940395,438588.60000000894,9093,WL,A,15.0
3,36.032999992370605,learn,23967.000007629395,Wed Jul 22 2026 16:45:20 GMT-0400 (Eastern Daylight Time),440671.5,A,harpenter,I,enter,253,1,2082.8999999910593,438588.60000000894,9093,WL,A,15.0
4,3.5340001583099365,learn,56465.99984169006,Wed Jul 22 2026 16:45:20 GMT-0400 (Eastern Daylight Time),514105.200000003,A,l,I,l,3514,1,3532.9000000059605,510572.299999997,9093,WL,A,1.0
4,3.700000047683716,learn,56299.999952316284,Wed Jul 22 2026 16:45:20 GMT-0400 (Eastern Daylight Time),514271.799999997,A,lo,I,o,146,1,3699.5,510572.299999997,9093,WL,A,1.0
4,3.951000213623047,learn,56048.99978637695,Wed Jul 22 2026 16:45:20 GMT-0400 (Eastern Daylight Time),514522.10000000894,A,log,I,g,229,1,3949.800000011921,510572.299999997,9093,WL,A,1.0
4,4.233000040054321,learn,55766.99995994568,Wed Jul 22 2026 16:45:20 GMT-0400 (Eastern Daylight Time),514805.0,A,logenter,I,enter,257,1,4232.70000000298,510572.299999997,9093,WL,A,1.0
4,5.801000118255615,learn,54198.999881744385,Wed Jul 22 2026 16:45:20 GMT-0400 (Eastern Daylight Time),516372.10000000894,A,c,I,c,1555,1,1566.7000000029802,514805.40000000596,9093,WL,A,2.0
4,5.91700005531311,learn,54082.99994468689,Wed Jul 22 2026 16:45:20 GMT-0400 (Eastern Daylight Time),516488.60000000894,A,ch,I,h,96,1,1683.2000000029802,514805.40000000596,9093,WL,A,2.0
4,6.200000047683716,learn,53799.999952316284,Wed Jul 22 2026 16:45:20 GMT-0400 (Eastern Daylight Time),516772.10000000894,A,chi,I,i,260,1,1966.7000000029802,514805.40000000596,9093,WL,A,2.0
4,6.351000070571899,learn,53648.9999294281,Wed Jul 22 2026 16:45:20 GMT-0400 (Eastern Daylight Time),516922.10000000894,A,chim,I,m,136,1,2116.7000000029802,514805.40000000596,9093,WL,A,2.0
4,6.551000118255615,learn,53448.999881744385,Wed Jul 22 2026 16:45:20 GMT-0400 (Eastern Daylight Time),517122.10000000894,A,chimn,I,n,184,1,2316.7000000029802,514805.40000000596,9093,WL,A,2.0
4,6.651000022888184,learn,53348.99997711182,Wed Jul 22 2026 16:45:20 GMT-0400 (Eastern Daylight Time),517222.10000000894,A,chimne,I,e,80,1,2416.7000000029802,514805.40000000596,9093,WL,A,2.0
4,6.851000070571899,learn,53148.9999294281,Wed Jul 22 2026 16:45:20 GMT-0400 (Eastern Daylight Time),517422.10000000894,A,chimney,I,y,173,1,2616.7000000029802,514805.40000000596,9093,WL,A,2.0
4,7.067000150680542,learn,52932.99984931946,Wed Jul 22 2026 16:45:20 GMT-0400 (Eastern Daylight Time),517638.40000000596,A,chimneyenter,I,enter,189,1,2833.0,514805.40000000596,9093,WL,A,2.0
4,8.100000143051147,learn,51899.99985694885,Wed Jul 22 2026 16:45:20 GMT-0400 (Eastern Daylight Time),518672.0,A,s,I,s,1025,1,1033.3999999910593,517638.60000000894,9093,WL,A,3.0
4,8.267000198364258,learn,51732.99980163574,Wed Jul 22 2026 16:45:20 GMT-0400 (Eastern Daylight Time),518838.700000003,A,sa,I,a,148,1,1200.0999999940395,517638.60000000894,9093,WL,A,3.0
4,8.401000022888184,learn,51598.99997711182,Wed Jul 22 2026 16:45:20 GMT-0400 (Eastern Daylight Time),518972.10000000894,A,sal,I,l,109,1,1333.5,517638.60000000894,9093,WL,A,3.0
4,8.6010000705719,learn,51398.9999294281,Wed Jul 22 2026 16:45:20 GMT-0400 (Eastern Daylight Time),519172.10000000894,A,salt,I,t,175,1,1533.5,517638.60000000894,9093,WL,A,3.0
4,8.850000143051147,learn,51149.99985694885,Wed Jul 22 2026 16:45:20 GMT-0400 (Eastern Daylight Time),519421.60000000894,A,saltenter,I,enter,230,1,1783.0,517638.60000000894,9093,WL,A,3.0
4,9.067000150680542,learn,50932.99984931946,Wed Jul 22 2026 16:45:20 GMT-0400 (Eastern Daylight Time),519638.799999997,A,f,I,f,194,1,216.8999999910593,519421.90000000596,9093,WL,A,4.0
4,9.217000007629395,learn,50782.999992370605,Wed Jul 22 2026 16:45:20 GMT-0400 (Eastern Daylight Time),519788.700000003,A,fi,I,i,124,1,366.79999999701977,519421.90000000596,9093,WL,A,4.0
4,9.284000158309937,learn,50715.99984169006,Wed Jul 22 2026 16:45:20 GMT-0400 (Eastern Daylight Time),519855.5,A,fin,I,n,45,1,433.59999999403954,519421.90000000596,9093,WL,A,4.0
4,9.384000062942505,learn,50615.999937057495,Wed Jul 22 2026 16:45:20 GMT-0400 (Eastern Daylight Time),519955.40000000596,A,fing,I,g,70,1,533.5,519421.90000000596,9093,WL,A,4.0
4,9.534000158309937,learn,50465.99984169006,Wed Jul 22 2026 16:45:20 GMT-0400 (Eastern Daylight Time),520105.40000000596,A,finge,I,e,136,1,683.5,519421.90000000596,9093,WL,A,4.0
4,9.600000143051147,learn,50399.99985694885,Wed Jul 22 2026 16:45:20 GMT-0400 (Eastern Daylight Time),520171.90000000596,A,finger,I,r,41,1,750.0,519421.90000000596,9093,WL,A,4.0
4,9.867000102996826,learn,50132.999897003174,Wed Jul 22 2026 16:45:20 GMT-0400 (Eastern Daylight Time),520438.299999997,A,fingerenter,I,enter,253,1,1016.3999999910593,519421.90000000596,9093,WL,A,4.0
4,13.317000150680542,learn,46682.99984931946,Wed Jul 22 2026 16:45:20 GMT-0400 (Eastern Daylight Time),523888.799999997,A,a,I,a,3433,1,3450.199999988079,520438.60000000894,9093,WL,A,5.0
4,13.451000213623047,learn,46548.99978637695,Wed Jul 22 2026 16:45:20 GMT-0400 (Eastern Daylight Time),524022.0,A,ap,I,p,115,1,3583.3999999910593,520438.60000000894,9093,WL,A,5.0
4,13.58400011062622,learn,46415.99988937378,Wed Jul 22 2026 16:45:20 GMT-0400 (Eastern Daylight Time),524155.40000000596,A,app,I,p,118,1,3716.7999999970198,520438.60000000894,9093,WL,A,5.0
4,13.66700005531311,learn,46332.99994468689,Wed Jul 22 2026 16:45:20 GMT-0400 (Eastern Daylight Time),524238.5,A,appl,I,l,73,1,3799.8999999910593,520438.60000000894,9093,WL,A,5.0
4,13.83400011062622,learn,46165.99988937378,Wed Jul 22 2026 16:45:20 GMT-0400 (Eastern Daylight Time),524405.5,A,apple,I,e,141,1,3966.8999999910593,520438.60000000894,9093,WL,A,5.0
4,14.150000095367432,learn,45849.99990463257,Wed Jul 22 2026 16:45:20 GMT-0400 (Eastern Daylight Time),524721.700000003,A,appleenter,I,enter,301,1,4283.0999999940395,520438.60000000894,9093,WL,A,5.0
4,15.617000102996826,learn,44382.999897003174,Wed Jul 22 2026 16:45:20 GMT-0400 (Eastern Daylight Time),526188.700000003,A,b,I,b,1454,1,1466.5999999940395,524722.1000000089,9093,WL,A,6.0
4,15.751000165939331,learn,44248.99983406067,Wed Jul 22 2026 16:45:20 GMT-0400 (Eastern Daylight Time),526322.1000000089,A,bo,I,o,118,1,1600.0,524722.1000000089,9093,WL,A,6.0
4,15.884000062942505,learn,44115.999937057495,Wed Jul 22 2026 16:45:20 GMT-0400 (Eastern Daylight Time),526455.200000003,A,boo,I,o,121,1,1733.0999999940395,524722.1000000089,9093,WL,A,6.0
4,15.967000007629395,learn,44032.999992370605,Wed Jul 22 2026 16:45:20 GMT-0400 (Eastern Daylight Time),526538.6000000089,A,book,I,k,59,1,1816.5,524722.1000000089,9093,WL,A,6.0
4,16.367000102996826,learn,43632.999897003174,Wed Jul 22 2026 16:45:20 GMT-0400 (Eastern Daylight Time),526938.299999997,A,bookenter,I,enter,369,1,2216.199999988079,524722.1000000089,9093,WL,A,6.0
4,16.634000062942505,learn,43365.999937057495,Wed Jul 22 2026 16:45:20 GMT-0400 (Eastern Daylight Time),527205.5,A,f,I,f,253,1,266.8999999910593,526938.6000000089,9093,WL,A,7.0
4,16.75100016593933,learn,43248.99983406067,Wed Jul 22 2026 16:45:20 GMT-0400 (Eastern Daylight Time),527322.1000000089,A,fl,I,l,93,1,383.5,526938.6000000089,9093,WL,A,7.0
4,16.884000062942505,learn,43115.999937057495,Wed Jul 22 2026 16:45:20 GMT-0400 (Eastern Daylight Time),527455.299999997,A,flo,I,o,122,1,516.6999999880791,526938.6000000089,9093,WL,A,7.0
4,17.017000198364258,learn,42982.99980163574,Wed Jul 22 2026 16:45:20 GMT-0400 (Eastern Daylight Time),527588.700000003,A,flow,I,w,109,1,650.0999999940395,526938.6000000089,9093,WL,A,7.0
4,17.134000062942505,learn,42865.999937057495,Wed Jul 22 2026 16:45:20 GMT-0400 (Eastern Daylight Time),527705.400000006,A,flowe,I,e,103,1,766.7999999970198,526938.6000000089,9093,WL,A,7.0
4,17.317000150680542,learn,42682.99984931946,Wed Jul 22 2026 16:45:20 GMT-0400 (Eastern Daylight Time),527888.700000003,A,flower,I,r,171,1,950.0999999940395,526938.6000000089,9093,WL,A,7.0
4,17.467000007629395,learn,42532.999992370605,Wed Jul 22 2026 16:45:20 GMT-0400 (Eastern Daylight Time),528038.200000003,A,flowerenter,I,enter,130,1,1099.5999999940395,526938.6000000089,9093,WL,A,7.0
4,17.651000022888184,learn,42348.99997711182,Wed Jul 22 2026 16:45:20 GMT-0400 (Eastern Daylight Time),528222.299999997,A,t,I,t,177,1,183.69999998807907,528038.6000000089,9093,WL,A,8.0
4,17.884000062942505,learn,42115.999937057495,Wed Jul 22 2026 16:45:20 GMT-0400 (Eastern Daylight Time),528455.400000006,A,ta,I,a,215,1,416.79999999701977,528038.6000000089,9093,WL,A,8.0
4,18.25100016593933,learn,41748.99983406067,Wed Jul 22 2026 16:45:20 GMT-0400 (Eastern Daylight Time),528822.1000000089,A,t,I,backspace,339,1,783.5,528038.6000000089,9093,WL,A,8.0
4,18.367000102996826,learn,41632.999897003174,Wed Jul 22 2026 16:45:20 GMT-0400 (Eastern Daylight Time),528938.700000003,A,tr,I,r,93,1,900.0999999940395,528038.6000000089,9093,WL,A,8.0
4,18.517000198364258,learn,41482.99980163574,Wed Jul 22 2026 16:45:20 GMT-0400 (Eastern Daylight Time),529088.799999997,A,tra,I,a,128,1,1050.199999988079,528038.6000000089,9093,WL,A,8.0
4,18.617000102996826,learn,41382.999897003174,Wed Jul 22 2026 16:45:20 GMT-0400 (Eastern Daylight Time),529188.799999997,A,trai,I,i,74,1,1150.199999988079,528038.6000000089,9093,WL,A,8.0
4,18.683000087738037,learn,41316.99991226196,Wed Jul 22 2026 16:45:20 GMT-0400 (Eastern Daylight Time),529255.0,A,train,I,n,46,1,1216.3999999910593,528038.6000000089,9093,WL,A,8.0
4,19.133000135421753,learn,40866.99986457825,Wed Jul 22 2026 16:45:20 GMT-0400 (Eastern Daylight Time),529704.900000006,A,trainenter,I,enter,428,1,1666.2999999970198,528038.6000000089,9093,WL,A,8.0
4,20.451000213623047,learn,39548.99978637695,Wed Jul 22 2026 16:45:20 GMT-0400 (Eastern Daylight Time),531022.0,A,m,I,m,1303,1,1316.7000000029802,529705.299999997,9093,WL,A,9.0
4,20.567000150680542,learn,39432.99984931946,Wed Jul 22 2026 16:45:20 GMT-0400 (Eastern Daylight Time),531138.700000003,A,me,I,e,102,1,1433.4000000059605,529705.299999997,9093,WL,A,9.0
4,21.00100016593933,learn,38998.99983406067,Wed Jul 22 2026 16:45:20 GMT-0400 (Eastern Daylight Time),531572.200000003,A,mea,I,a,417,1,1866.9000000059605,529705.299999997,9093,WL,A,9.0
4,21.234000205993652,learn,38765.99979400635,Wed Jul 22 2026 16:45:20 GMT-0400 (Eastern Daylight Time),531805.400000006,A,mead,I,d,208,1,2100.1000000089407,529705.299999997,9093,WL,A,9.0
4,21.567000150680542,learn,38432.99984931946,Wed Jul 22 2026 16:45:20 GMT-0400 (Eastern Daylight Time),532138.700000003,A,meado,I,o,311,1,2433.4000000059605,529705.299999997,9093,WL,A,9.0
4,21.801000118255615,learn,38198.999881744385,Wed Jul 22 2026 16:45:20 GMT-0400 (Eastern Daylight Time),532372.1000000089,A,meadow,I,w,217,1,2666.800000011921,529705.299999997,9093,WL,A,9.0
4,22.032999992370605,learn,37967.000007629395,Wed Jul 22 2026 16:45:20 GMT-0400 (Eastern Daylight Time),532604.900000006,A,meadowenter,I,enter,199,1,2899.6000000089407,529705.299999997,9093,WL,A,9.0
4,22.25100016593933,learn,37748.99983406067,Wed Jul 22 2026 16:45:20 GMT-0400 (Eastern Daylight Time),532822.1000000089,A,r,I,r,194,1,216.70000000298023,532605.400000006,9093,WL,A,10.0
4,22.700000047683716,learn,37299.999952316284,Wed Jul 22 2026 16:45:20 GMT-0400 (Eastern Daylight Time),533272.1000000089,A,ru,I,u,437,1,666.7000000029802,532605.400000006,9093,WL,A,10.0
4,22.884000062942505,learn,37115.999937057495,Wed Jul 22 2026 16:45:20 GMT-0400 (Eastern Daylight Time),533455.200000003,A,rug,I,g,172,1,849.7999999970198,532605.400000006,9093,WL,A,10.0
4,23.25,learn,36750.0,Wed Jul 22 2026 16:45:20 GMT-0400 (Eastern Daylight Time),533821.6000000089,A,rugenter,I,enter,340,1,1216.2000000029802,532605.400000006,9093,WL,A,10.0
4,26.267000198364258,learn,33732.99980163574,Wed Jul 22 2026 16:45:20 GMT-0400 (Eastern Daylight Time),536838.900000006,A,r,I,r,2994,1,3017.0,533821.900000006,9093,WL,A,11.0
4,26.50100016593933,learn,33498.99983406067,Wed Jul 22 2026 16:45:20 GMT-0400 (Eastern Daylight Time),537072.1000000089,A,ra,I,a,221,1,3250.2000000029802,533821.900000006,9093,WL,A,11.0
4,26.717000007629395,learn,33282.999992370605,Wed Jul 22 2026 16:45:20 GMT-0400 (Eastern Daylight Time),537288.700000003,A,rat,I,t,195,1,3466.7999999970198,533821.900000006,9093,WL,A,11.0
4,27.117000102996826,learn,32882.999897003174,Wed Jul 22 2026 16:45:20 GMT-0400 (Eastern Daylight Time),537688.700000003,A,ratt,I,t,379,1,3866.7999999970198,533821.900000006,9093,WL,A,11.0
4,27.25100016593933,learn,32748.99983406067,Wed Jul 22 2026 16:45:20 GMT-0400 (Eastern Daylight Time),537822.1000000089,A,rattl,I,l,114,1,4000.2000000029802,533821.900000006,9093,WL,A,11.0
4,27.367000102996826,learn,32632.999897003174,Wed Jul 22 2026 16:45:20 GMT-0400 (Eastern Daylight Time),537938.799999997,A,rattle,I,e,93,1,4116.899999991059,533821.900000006,9093,WL,A,11.0
4,27.567000150680542,learn,32432.999849319458,Wed Jul 22 2026 16:45:20 GMT-0400 (Eastern Daylight Time),538138.400000006,A,rattleenter,I,enter,169,1,4316.5,533821.900000006,9093,WL,A,11.0
4,30.401000022888184,learn,29598.999977111816,Wed Jul 22 2026 16:45:20 GMT-0400 (Eastern Daylight Time),540972.1000000089,A,b,I,b,2813,1,2833.300000011921,538138.799999997,9093,WL,A,12.0
4,30.534000158309937,learn,29465.999841690063,Wed Jul 22 2026 16:45:20 GMT-0400 (Eastern Daylight Time),541105.5,A,bu,I,u,112,1,2966.7000000029802,538138.799999997,9093,WL,A,12.0
4,30.651000022888184,learn,29348.999977111816,Wed Jul 22 2026 16:45:20 GMT-0400 (Eastern Daylight Time),541222.299999997,A,but,I,t,99,1,3083.5,538138.799999997,9093,WL,A,12.0
4,30.801000118255615,learn,29198.999881744385,Wed Jul 22 2026 16:45:20 GMT-0400 (Eastern Daylight Time),541372.1000000089,A,butt,I,t,118,1,3233.300000011921,538138.799999997,9093,WL,A,12.0
4,30.951000213623047,learn,29048.999786376953,Wed Jul 22 2026 16:45:20 GMT-0400 (Eastern Daylight Time),541522.1000000089,A,butto,I,o,128,1,3383.300000011921,538138.799999997,9093,WL,A,12.0
4,31.051000118255615,learn,28948.999881744385,Wed Jul 22 2026 16:45:20 GMT-0400 (Eastern Daylight Time),541622.1000000089,A,button,I,n,65,1,3483.300000011921,538138.799999997,9093,WL,A,12.0
4,31.450000047683716,learn,28549.999952316284,Wed Jul 22 2026 16:45:20 GMT-0400 (Eastern Daylight Time),542021.6000000089,A,buttonenter,I,enter,373,1,3882.800000011921,538138.799999997,9093,WL,A,12.0
4,38.43400001525879,learn,21565.99998474121,Wed Jul 22 2026 16:45:20 GMT-0400 (Eastern Daylight Time),549005.400000006,A,f,I,f,6962,1,6983.4000000059605,542022.0,9093,WL,A,13.0
4,38.51700019836426,learn,21482.999801635742,Wed Jul 22 2026 16:45:20 GMT-0400 (Eastern Daylight Time),549088.700000003,A,fi,I,i,61,1,7066.70000000298,542022.0,9093,WL,A,13.0
4,38.58400011062622,learn,21415.99988937378,Wed Jul 22 2026 16:45:20 GMT-0400 (Eastern Daylight Time),549155.1000000089,A,fin,I,n,42,1,7133.100000008941,542022.0,9093,WL,A,13.0
4,38.65000009536743,learn,21349.99990463257,Wed Jul 22 2026 16:45:20 GMT-0400 (Eastern Daylight Time),549221.799999997,A,fing,I,g,38,1,7199.79999999702,542022.0,9093,WL,A,13.0
4,38.83400011062622,learn,21165.99988937378,Wed Jul 22 2026 16:45:20 GMT-0400 (Eastern Daylight Time),549405.5,A,finge,I,e,161,1,7383.5,542022.0,9093,WL,A,13.0
4,38.91700005531311,learn,21082.99994468689,Wed Jul 22 2026 16:45:20 GMT-0400 (Eastern Daylight Time),549488.700000003,A,finger,I,r,63,1,7466.70000000298,542022.0,9093,WL,A,13.0
4,39.01700019836426,learn,20982.999801635742,Wed Jul 22 2026 16:45:20 GMT-0400 (Eastern Daylight Time),549588.400000006,A,fingerenter,I,enter,66,1,7566.4000000059605,542022.0,9093,WL,A,13.0
4,45.467000007629395,learn,14532.999992370605,Wed Jul 22 2026 16:45:20 GMT-0400 (Eastern Daylight Time),556038.400000006,A,h,I,h,6443,1,6449.79999999702,549588.6000000089,9093,WL,A,14.0
4,45.70100021362305,learn,14298.999786376953,Wed Jul 22 2026 16:45:20 GMT-0400 (Eastern Daylight Time),556272.200000003,A,ha,I,a,215,1,6683.5999999940395,549588.6000000089,9093,WL,A,14.0
4,45.81700015068054,learn,14182.999849319458,Wed Jul 22 2026 16:45:20 GMT-0400 (Eastern Daylight Time),556388.799999997,A,har,I,r,91,1,6800.199999988079,549588.6000000089,9093,WL,A,14.0
4,46.01700019836426,learn,13982.999801635742,Wed Jul 22 2026 16:45:20 GMT-0400 (Eastern Daylight Time),556588.200000003,A,harp,I,p,166,1,6999.5999999940395,549588.6000000089,9093,WL,A,14.0
4,46.28400015830994,learn,13715.999841690063,Wed Jul 22 2026 16:45:20 GMT-0400 (Eastern Daylight Time),556855.1000000089,A,harpenter,I,enter,259,1,7266.5,549588.6000000089,9093,WL,A,14.0
4,56.76700019836426,learn,3232.999801635742,Wed Jul 22 2026 16:45:20 GMT-0400 (Eastern Daylight Time),567338.799999997,A,k,I,k,10473,1,10483.5,556855.299999997,9093,WL,A,15.0
4,56.901000022888184,learn,3098.9999771118164,Wed Jul 22 2026 16:45:20 GMT-0400 (Eastern Daylight Time),567472.200000003,A,ke,I,e,121,1,10616.90000000596,556855.299999997,9093,WL,A,15.0
4,57.20100021362305,learn,2798.999786376953,Wed Jul 22 2026 16:45:20 GMT-0400 (Eastern Daylight Time),567772.1000000089,A,key,I,y,275,1,10916.800000011921,556855.299999997,9093,WL,A,15.0
4,57.450000047683716,learn,2549.999952316284,Wed Jul 22 2026 16:45:20 GMT-0400 (Eastern Daylight Time),568021.700000003,A,keyenter,I,enter,223,1,11166.40000000596,556855.299999997,9093,WL,A,15.0
5,0.8179998397827148,learn,60000.0,Wed Jul 22 2026 16:45:20 GMT-0400 (Eastern Daylight Time),635189.299999997,A,b,I,b,801,1,816.8999999910593,634372.400000006,9093,WL,A,1.0
5,0.9839999675750732,learn,60000.0,Wed Jul 22 2026 16:45:20 GMT-0400 (Eastern Daylight Time),635355.700000003,A,bo,I,o,151,1,983.2999999970198,634372.400000006,9093,WL,A,1.0
5,1.1339998245239258,learn,60000.0,Wed Jul 22 2026 16:45:20 GMT-0400 (Eastern Daylight Time),635505.6000000089,A,boo,I,o,128,1,1133.2000000029802,634372.400000006,9093,WL,A,1.0
5,1.250999927520752,learn,60000.0,Wed Jul 22 2026 16:45:20 GMT-0400 (Eastern Daylight Time),635622.299999997,A,book,I,k,81,1,1249.8999999910593,634372.400000006,9093,WL,A,1.0
5,1.5499999523162842,learn,60000.0,Wed Jul 22 2026 16:45:20 GMT-0400 (Eastern Daylight Time),635921.799999997,A,bookenter,I,enter,269,1,1549.3999999910593,634372.400000006,9093,WL,A,1.0
5,1.8509998321533203,learn,60000.0,Wed Jul 22 2026 16:45:20 GMT-0400 (Eastern Daylight Time),636222.1000000089,A,g,I,g,286,1,300.0,635922.1000000089,9093,WL,A,2.0
5,2.3339998722076416,learn,60000.0,Wed Jul 22 2026 16:45:20 GMT-0400 (Eastern Daylight Time),636705.700000003,A,gf,I,f,462,1,783.5999999940395,635922.1000000089,9093,WL,A,2.0
5,2.7839999198913574,learn,60000.0,Wed Jul 22 2026 16:45:20 GMT-0400 (Eastern Daylight Time),637155.6000000089,A,g,I,backspace,426,1,1233.5,635922.1000000089,9093,WL,A,2.0
5,2.934000015258789,learn,60000.0,Wed Jul 22 2026 16:45:20 GMT-0400 (Eastern Daylight Time),637305.6000000089,A,,I,backspace,136,1,1383.5,635922.1000000089,9093,WL,A,2.0
5,3.116999864578247,learn,60000.0,Wed Jul 22 2026 16:45:20 GMT-0400 (Eastern Daylight Time),637488.900000006,A,,I,backspace,156,1,1566.7999999970198,635922.1000000089,9093,WL,A,2.0
5,3.4670000076293945,learn,60000.0,Wed Jul 22 2026 16:45:20 GMT-0400 (Eastern Daylight Time),637839.0,A,f,I,f,332,1,1916.8999999910593,635922.1000000089,9093,WL,A,2.0
5,3.6009998321533203,learn,60000.0,Wed Jul 22 2026 16:45:20 GMT-0400 (Eastern Daylight Time),637972.5,A,fl,I,l,109,1,2050.3999999910593,635922.1000000089,9093,WL,A,2.0
5,3.750999927520752,learn,60000.0,Wed Jul 22 2026 16:45:20 GMT-0400 (Eastern Daylight Time),638122.200000003,A,flo,I,o,119,1,2200.0999999940395,635922.1000000089,9093,WL,A,2.0
5,3.9169998168945312,learn,60000.0,Wed Jul 22 2026 16:45:20 GMT-0400 (Eastern Daylight Time),638288.900000006,A,floe,I,e,146,1,2366.7999999970198,635922.1000000089,9093,WL,A,2.0
5,4.333999872207642,learn,60000.0,Wed Jul 22 2026 16:45:20 GMT-0400 (Eastern Daylight Time),638705.5,A,flo,I,backspace,395,1,2783.3999999910593,635922.1000000089,9093,WL,A,2.0
5,4.450999975204468,learn,60000.0,Wed Jul 22 2026 16:45:20 GMT-0400 (Eastern Daylight Time),638822.299999997,A,flow,I,w,90,1,2900.199999988079,635922.1000000089,9093,WL,A,2.0
5,4.533999919891357,learn,60000.0,Wed Jul 22 2026 16:45:20 GMT-0400 (Eastern Daylight Time),638905.6000000089,A,flowe,I,e,69,1,2983.5,635922.1000000089,9093,WL,A,2.0
5,4.7170000076293945,learn,60000.0,Wed Jul 22 2026 16:45:20 GMT-0400 (Eastern Daylight Time),639088.900000006,A,flower,I,r,155,1,3166.7999999970198,635922.1000000089,9093,WL,A,2.0
5,4.934000015258789,learn,60000.0,Wed Jul 22 2026 16:45:20 GMT-0400 (Eastern Daylight Time),639305.200000003,A,flowerenter,I,enter,194,1,3383.0999999940395,635922.1000000089,9093,WL,A,2.0
5,5.200999975204468,learn,60000.0,Wed Jul 22 2026 16:45:20 GMT-0400 (Eastern Daylight Time),639572.200000003,A,t,I,t,247,1,266.70000000298023,639305.5,9093,WL,A,3.0
5,5.383999824523926,learn,60000.0,Wed Jul 22 2026 16:45:20 GMT-0400 (Eastern Daylight Time),639755.6000000089,A,tr,I,r,167,1,450.1000000089407,639305.5,9093,WL,A,3.0
5,5.566999912261963,learn,60000.0,Wed Jul 22 2026 16:45:20 GMT-0400 (Eastern Daylight Time),639939.0,A,tra,I,a,152,1,633.5,639305.5,9093,WL,A,3.0
5,5.684000015258789,learn,60000.0,Wed Jul 22 2026 16:45:20 GMT-0400 (Eastern Daylight Time),640055.6000000089,A,trai,I,i,96,1,750.1000000089407,639305.5,9093,WL,A,3.0
5,5.750999927520752,learn,60000.0,Wed Jul 22 2026 16:45:20 GMT-0400 (Eastern Daylight Time),640122.299999997,A,train,I,n,42,1,816.7999999970198,639305.5,9093,WL,A,3.0
5,6.250999927520752,learn,60000.0,Wed Jul 22 2026 16:45:20 GMT-0400 (Eastern Daylight Time),640622.799999997,A,trainenter,I,enter,483,1,1317.2999999970198,639305.5,9093,WL,A,3.0
5,6.616999864578247,learn,60000.0,Wed Jul 22 2026 16:45:20 GMT-0400 (Eastern Daylight Time),640988.900000006,A,r,I,r,345,1,365.79999999701977,640623.1000000089,9093,WL,A,4.0
5,6.766999959945679,learn,60000.0,Wed Jul 22 2026 16:45:20 GMT-0400 (Eastern Daylight Time),641138.900000006,A,ru,I,u,134,1,515.7999999970198,640623.1000000089,9093,WL,A,4.0
5,6.9670000076293945,learn,60000.0,Wed Jul 22 2026 16:45:20 GMT-0400 (Eastern Daylight Time),641338.900000006,A,rug,I,g,178,1,715.7999999970198,640623.1000000089,9093,WL,A,4.0
5,7.233999967575073,learn,60000.0,Wed Jul 22 2026 16:45:20 GMT-0400 (Eastern Daylight Time),641605.1000000089,A,rugenter,I,enter,248,1,982.0,640623.1000000089,9093,WL,A,4.0
5,7.516999959945679,learn,60000.0,Wed Jul 22 2026 16:45:20 GMT-0400 (Eastern Daylight Time),641888.900000006,A,m,I,m,267,1,283.40000000596046,641605.5,9093,WL,A,5.0
5,7.60099983215332,learn,60000.0,Wed Jul 22 2026 16:45:20 GMT-0400 (Eastern Daylight Time),641972.299999997,A,me,I,e,67,1,366.79999999701977,641605.5,9093,WL,A,5.0
5,7.766999959945679,learn,60000.0,Wed Jul 22 2026 16:45:20 GMT-0400 (Eastern Daylight Time),642138.900000006,A,mea,I,a,135,1,533.4000000059605,641605.5,9093,WL,A,5.0
5,7.916999816894531,learn,60000.0,Wed Jul 22 2026 16:45:20 GMT-0400 (Eastern Daylight Time),642288.900000006,A,mead,I,d,129,1,683.4000000059605,641605.5,9093,WL,A,5.0
5,8.066999912261963,learn,60000.0,Wed Jul 22 2026 16:45:20 GMT-0400 (Eastern Daylight Time),642439.0,A,meado,I,o,131,1,833.5,641605.5,9093,WL,A,5.0
5,8.266999959945679,learn,60000.0,Wed Jul 22 2026 16:45:20 GMT-0400 (Eastern Daylight Time),642638.700000003,A,meadow,I,w,190,1,1033.2000000029802,641605.5,9093,WL,A,5.0
5,8.483999967575073,learn,60000.0,Wed Jul 22 2026 16:45:20 GMT-0400 (Eastern Daylight Time),642855.1000000089,A,meadowenter,I,enter,204,1,1249.6000000089407,641605.5,9093,WL,A,5.0
5,8.866999864578247,learn,60000.0,Wed Jul 22 2026 16:45:20 GMT-0400 (Eastern Daylight Time),643238.6000000089,A,h,I,h,376,1,383.20000000298023,642855.400000006,9093,WL,A,6.0
5,8.950999975204468,learn,60000.0,Wed Jul 22 2026 16:45:20 GMT-0400 (Eastern Daylight Time),643322.299999997,A,ha,I,a,70,1,466.8999999910593,642855.400000006,9093,WL,A,6.0
5,9.066999912261963,learn,60000.0,Wed Jul 22 2026 16:45:20 GMT-0400 (Eastern Daylight Time),643438.900000006,A,har,I,r,98,1,583.5,642855.400000006,9093,WL,A,6.0
5,9.316999912261963,learn,60000.0,Wed Jul 22 2026 16:45:20 GMT-0400 (Eastern Daylight Time),643688.900000006,A,harp,I,p,229,1,833.5,642855.400000006,9093,WL,A,6.0
5,9.567999839782715,learn,60000.0,Wed Jul 22 2026 16:45:20 GMT-0400 (Eastern Daylight Time),643939.200000003,A,harpenter,I,enter,234,1,1083.7999999970198,642855.400000006,9093,WL,A,6.0
5,10.066999912261963,learn,60000.0,Wed Jul 22 2026 16:45:20 GMT-0400 (Eastern Daylight Time),644438.900000006,A,s,I,s,477,1,499.29999999701977,643939.6000000089,9093,WL,A,7.0
5,10.151000022888184,learn,60000.0,Wed Jul 22 2026 16:45:20 GMT-0400 (Eastern Daylight Time),644522.200000003,A,sa,I,a,69,1,582.5999999940395,643939.6000000089,9093,WL,A,7.0
5,10.266999959945679,learn,60000.0,Wed Jul 22 2026 16:45:20 GMT-0400 (Eastern Daylight Time),644638.900000006,A,sal,I,l,90,1,699.2999999970198,643939.6000000089,9093,WL,A,7.0
5,10.467000007629395,learn,60000.0,Wed Jul 22 2026 16:45:20 GMT-0400 (Eastern Daylight Time),644839.0,A,salt,I,t,173,1,899.3999999910593,643939.6000000089,9093,WL,A,7.0
5,10.649999856948853,learn,60000.0,Wed Jul 22 2026 16:45:20 GMT-0400 (Eastern Daylight Time),645021.6000000089,A,saltenter,I,enter,170,1,1082.0,643939.6000000089,9093,WL,A,7.0
5,10.85099983215332,learn,60000.0,Wed Jul 22 2026 16:45:20 GMT-0400 (Eastern Daylight Time),645222.400000006,A,f,I,f,193,1,200.5,645021.900000006,9093,WL,A,8.0
5,11.000999927520752,learn,60000.0,Wed Jul 22 2026 16:45:20 GMT-0400 (Eastern Daylight Time),645372.299999997,A,fi,I,i,135,1,350.3999999910593,645021.900000006,9093,WL,A,8.0
5,11.066999912261963,learn,60000.0,Wed Jul 22 2026 16:45:20 GMT-0400 (Eastern Daylight Time),645438.400000006,A,fin,I,n,47,1,416.5,645021.900000006,9093,WL,A,8.0
5,11.166999816894531,learn,60000.0,Wed Jul 22 2026 16:45:20 GMT-0400 (Eastern Daylight Time),645539.0,A,fing,I,g,79,1,517.0999999940395,645021.900000006,9093,WL,A,8.0
5,11.316999912261963,learn,60000.0,Wed Jul 22 2026 16:45:20 GMT-0400 (Eastern Daylight Time),645688.900000006,A,finge,I,e,136,1,667.0,645021.900000006,9093,WL,A,8.0
5,11.399999856948853,learn,60000.0,Wed Jul 22 2026 16:45:20 GMT-0400 (Eastern Daylight Time),645771.900000006,A,finger,I,r,59,1,750.0,645021.900000006,9093,WL,A,8.0
5,11.666999816894531,learn,60000.0,Wed Jul 22 2026 16:45:20 GMT-0400 (Eastern Daylight Time),646038.5,A,fingerenter,I,enter,245,1,1016.5999999940395,645021.900000006,9093,WL,A,8.0
5,13.866999864578247,learn,60000.0,Wed Jul 22 2026 16:45:20 GMT-0400 (Eastern Daylight Time),648238.6000000089,A,a,I,a,2193,1,2199.7000000029802,646038.900000006,9093,WL,A,9.0
5,14.016999959945679,learn,60000.0,Wed Jul 22 2026 16:45:20 GMT-0400 (Eastern Daylight Time),648388.799999997,A,ap,I,p,133,1,2349.8999999910593,646038.900000006,9093,WL,A,9.0
5,14.166999816894531,learn,60000.0,Wed Jul 22 2026 16:45:20 GMT-0400 (Eastern Daylight Time),648539.0,A,app,I,p,118,1,2500.0999999940395,646038.900000006,9093,WL,A,9.0
5,14.217999935150146,learn,60000.0,Wed Jul 22 2026 16:45:20 GMT-0400 (Eastern Daylight Time),648589.400000006,A,appl,I,l,31,1,2550.5,646038.900000006,9093,WL,A,9.0
5,14.366999864578247,learn,60000.0,Wed Jul 22 2026 16:45:20 GMT-0400 (Eastern Daylight Time),648738.799999997,A,apple,I,e,125,1,2699.8999999910593,646038.900000006,9093,WL,A,9.0
5,14.717000007629395,learn,60000.0,Wed Jul 22 2026 16:45:20 GMT-0400 (Eastern Daylight Time),649088.400000006,A,appleenter,I,enter,328,1,3049.5,646038.900000006,9093,WL,A,9.0
5,15.516999959945679,learn,60000.0,Wed Jul 22 2026 16:45:20 GMT-0400 (Eastern Daylight Time),649888.900000006,A,c,I,c,791,1,800.1000000089407,649088.799999997,9093,WL,A,10.0
5,15.616999864578247,learn,60000.0,Wed Jul 22 2026 16:45:20 GMT-0400 (Eastern Daylight Time),649988.900000006,A,ch,I,h,75,1,900.1000000089407,649088.799999997,9093,WL,A,10.0
5,15.783999919891357,learn,60000.0,Wed Jul 22 2026 16:45:20 GMT-0400 (Eastern Daylight Time),650155.6000000089,A,chi,I,i,149,1,1066.800000011921,649088.799999997,9093,WL,A,10.0
5,15.934000015258789,learn,60000.0,Wed Jul 22 2026 16:45:20 GMT-0400 (Eastern Daylight Time),650305.6000000089,A,chim,I,m,136,1,1216.800000011921,649088.799999997,9093,WL,A,10.0
5,16.116999864578247,learn,60000.0,Wed Jul 22 2026 16:45:20 GMT-0400 (Eastern Daylight Time),650488.799999997,A,chimn,I,n,156,1,1400.0,649088.799999997,9093,WL,A,10.0
5,16.217000007629395,learn,60000.0,Wed Jul 22 2026 16:45:20 GMT-0400 (Eastern Daylight Time),650589.0,A,chimne,I,e,77,1,1500.2000000029802,649088.799999997,9093,WL,A,10.0
5,16.41699981689453,learn,60000.0,Wed Jul 22 2026 16:45:20 GMT-0400 (Eastern Daylight Time),650789.0,A,chimney,I,y,176,1,1700.2000000029802,649088.799999997,9093,WL,A,10.0
5,16.66699981689453,learn,60000.0,Wed Jul 22 2026 16:45:20 GMT-0400 (Eastern Daylight Time),651038.400000006,A,chimneyenter,I,enter,237,1,1949.6000000089407,649088.799999997,9093,WL,A,10.0
5,18.116999864578247,learn,60000.0,Wed Jul 22 2026 16:45:20 GMT-0400 (Eastern Daylight Time),652489.0,A,b,I,b,1434,1,1450.2999999970198,651038.700000003,9093,WL,A,11.0
5,18.250999927520752,learn,60000.0,Wed Jul 22 2026 16:45:20 GMT-0400 (Eastern Daylight Time),652622.299999997,A,bu,I,u,115,1,1583.5999999940395,651038.700000003,9093,WL,A,11.0
5,18.401000022888184,learn,60000.0,Wed Jul 22 2026 16:45:20 GMT-0400 (Eastern Daylight Time),652772.299999997,A,but,I,t,124,1,1733.5999999940395,651038.700000003,9093,WL,A,11.0
5,18.533999919891357,learn,60000.0,Wed Jul 22 2026 16:45:20 GMT-0400 (Eastern Daylight Time),652905.5,A,butt,I,t,112,1,1866.7999999970198,651038.700000003,9093,WL,A,11.0
5,18.66699981689453,learn,60000.0,Wed Jul 22 2026 16:45:20 GMT-0400 (Eastern Daylight Time),653038.900000006,A,butto,I,o,115,1,2000.2000000029802,651038.700000003,9093,WL,A,11.0
5,18.733999967575073,learn,60000.0,Wed Jul 22 2026 16:45:20 GMT-0400 (Eastern Daylight Time),653105.400000006,A,button,I,n,54,1,2066.7000000029802,651038.700000003,9093,WL,A,11.0
5,19.283999919891357,learn,60000.0,Wed Jul 22 2026 16:45:20 GMT-0400 (Eastern Daylight Time),653655.0,A,buttonenter,I,enter,532,1,2616.2999999970198,651038.700000003,9093,WL,A,11.0
5,19.717000007629395,learn,60000.0,Wed Jul 22 2026 16:45:20 GMT-0400 (Eastern Daylight Time),654088.900000006,A,r,I,r,417,1,433.5,653655.400000006,9093,WL,A,12.0
5,19.883999824523926,learn,60000.0,Wed Jul 22 2026 16:45:20 GMT-0400 (Eastern Daylight Time),654255.5,A,ra,I,a,146,1,600.0999999940395,653655.400000006,9093,WL,A,12.0
5,20.10099983215332,learn,60000.0,Wed Jul 22 2026 16:45:20 GMT-0400 (Eastern Daylight Time),654472.200000003,A,rat,I,t,197,1,816.7999999970198,653655.400000006,9093,WL,A,12.0
5,20.233999967575073,learn,60000.0,Wed Jul 22 2026 16:45:20 GMT-0400 (Eastern Daylight Time),654605.6000000089,A,ratt,I,t,116,1,950.2000000029802,653655.400000006,9093,WL,A,12.0
5,20.383999824523926,learn,60000.0,Wed Jul 22 2026 16:45:20 GMT-0400 (Eastern Daylight Time),654755.700000003,A,rattl,I,l,127,1,1100.2999999970198,653655.400000006,9093,WL,A,12.0
5,20.500999927520752,learn,60000.0,Wed Jul 22 2026 16:45:20 GMT-0400 (Eastern Daylight Time),654872.200000003,A,rattle,I,e,95,1,1216.7999999970198,653655.400000006,9093,WL,A,12.0
5,20.783999919891357,learn,60000.0,Wed Jul 22 2026 16:45:20 GMT-0400 (Eastern Daylight Time),655155.200000003,A,rattleenter,I,enter,251,1,1499.7999999970198,653655.400000006,9093,WL,A,12.0
5,21.651000022888184,learn,60000.0,Wed Jul 22 2026 16:45:20 GMT-0400 (Eastern Daylight Time),656022.299999997,A,k,I,k,853,1,866.7999999970198,655155.5,9093,WL,A,13.0
5,21.750999927520752,learn,60000.0,Wed Jul 22 2026 16:45:20 GMT-0400 (Eastern Daylight Time),656122.299999997,A,ke,I,e,77,1,966.7999999970198,655155.5,9093,WL,A,13.0
5,21.967000007629395,learn,60000.0,Wed Jul 22 2026 16:45:20 GMT-0400 (Eastern Daylight Time),656339.0,A,key,I,y,193,1,1183.5,655155.5,9093,WL,A,13.0
5,22.233999967575073,learn,60000.0,Wed Jul 22 2026 16:45:20 GMT-0400 (Eastern Daylight Time),656605.200000003,A,keyenter,I,enter,233,1,1449.7000000029802,655155.5,9093,WL,A,13.0
5,22.616999864578247,learn,60000.0,Wed Jul 22 2026 16:45:20 GMT-0400 (Eastern Daylight Time),656988.900000006,A,l,I,l,370,1,383.5,656605.400000006,9093,WL,A,14.0
5,22.76699995994568,learn,60000.0,Wed Jul 22 2026 16:45:20 GMT-0400 (Eastern Daylight Time),657139.0,A,lo,I,o,135,1,533.5999999940395,656605.400000006,9093,WL,A,14.0
5,22.950999975204468,learn,60000.0,Wed Jul 22 2026 16:45:20 GMT-0400 (Eastern Daylight Time),657322.299999997,A,log,I,g,161,1,716.8999999910593,656605.400000006,9093,WL,A,14.0
5,23.217000007629395,learn,60000.0,Wed Jul 22 2026 16:45:20 GMT-0400 (Eastern Daylight Time),657588.5,A,logenter,I,enter,240,1,983.0999999940395,656605.400000006,9093,WL,A,14.0
5,24.483999967575073,learn,60000.0,Wed Jul 22 2026 16:45:20 GMT-0400 (Eastern Daylight Time),658855.5,A,g,I,g,1259,1,1266.7000000029802,657588.799999997,9093,WL,A,15.0
5,24.60099983215332,learn,60000.0,Wed Jul 22 2026 16:45:20 GMT-0400 (Eastern Daylight Time),658972.299999997,A,go,I,o,100,1,1383.5,657588.799999997,9093,WL,A,15.0
5,24.76699995994568,learn,60000.0,Wed Jul 22 2026 16:45:20 GMT-0400 (Eastern Daylight Time),659138.799999997,A,gol,I,l,144,1,1550.0,657588.799999997,9093,WL,A,15.0
5,24.91699981689453,learn,60000.0,Wed Jul 22 2026 16:45:20 GMT-0400 (Eastern Daylight Time),659288.900000006,A,gold,I,d,128,1,1700.1000000089407,657588.799999997,9093,WL,A,15.0
5,25.199999809265137,learn,60000.0,Wed Jul 22 2026 16:45:20 GMT-0400 (Eastern Daylight Time),659571.799999997,A,goldenter,I,enter,259,1,1983.0,657588.799999997,9093,WL,A,15.0
6,0.8830001354217529,distr,59116.99986457825,Wed Jul 22 2026 16:45:20 GMT-0400 (Eastern Daylight Time),734055.799999997,B,b,I,b,865,1,883.0999999940395,733172.700000003,9093,WL,A,1.0
6,1.0329999923706055,distr,58967.000007629395,Wed Jul 22 2026 16:45:20 GMT-0400 (Eastern Daylight Time),734205.799999997,B,bo,I,o,124,1,1033.0999999940395,733172.700000003,9093,WL,A,1.0
6,1.25,distr,58750.0,Wed Jul 22 2026 16:45:20 GMT-0400 (Eastern Daylight Time),734422.400000006,B,bow,I,w,198,1,1249.7000000029802,733172.700000003,9093,WL,A,1.0
6,1.4500000476837158,distr,58549.999952316284,Wed Jul 22 2026 16:45:20 GMT-0400 (Eastern Daylight Time),734622.5,B,bowl,I,l,190,1,1449.7999999970198,733172.700000003,9093,WL,A,1.0
6,1.815999984741211,distr,58184.00001525879,Wed Jul 22 2026 16:45:20 GMT-0400 (Eastern Daylight Time),734988.700000003,B,bowlenter,I,enter,342,1,1816.0,733172.700000003,9093,WL,A,1.0
6,2.200000047683716,distr,57799.999952316284,Wed Jul 22 2026 16:45:20 GMT-0400 (Eastern Daylight Time),735372.5,B,d,I,d,363,1,383.5,734989.0,9093,WL,A,2.0
6,2.315999984741211,distr,57684.00001525879,Wed Jul 22 2026 16:45:20 GMT-0400 (Eastern Daylight Time),735489.0,B,da,I,a,104,1,500.0,734989.0,9093,WL,A,2.0
6,2.799999952316284,distr,57200.000047683716,Wed Jul 22 2026 16:45:20 GMT-0400 (Eastern Daylight Time),735972.5,B,daw,I,w,450,1,983.5,734989.0,9093,WL,A,2.0
6,2.9660000801086426,distr,57033.99991989136,Wed Jul 22 2026 16:45:20 GMT-0400 (Eastern Daylight Time),736139.0,B,dawn,I,n,151,1,1150.0,734989.0,9093,WL,A,2.0
6,3.3329999446868896,distr,56667.00005531311,Wed Jul 22 2026 16:45:20 GMT-0400 (Eastern Daylight Time),736505.299999997,B,dawnenter,I,enter,343,1,1516.2999999970198,734989.0,9093,WL,A,2.0
6,3.6500000953674316,distr,56349.99990463257,Wed Jul 22 2026 16:45:20 GMT-0400 (Eastern Daylight Time),736822.6000000089,B,j,I,j,310,1,317.0,736505.6000000089,9093,WL,A,3.0
6,3.7829999923706055,distr,56217.000007629395,Wed Jul 22 2026 16:45:20 GMT-0400 (Eastern Daylight Time),736955.5,B,ju,I,u,110,1,449.8999999910593,736505.6000000089,9093,WL,A,3.0
6,4.25,distr,55750.0,Wed Jul 22 2026 16:45:20 GMT-0400 (Eastern Daylight Time),737422.5,B,jud,I,d,457,1,916.8999999910593,736505.6000000089,9093,WL,A,3.0
6,4.466000080108643,distr,55533.99991989136,Wed Jul 22 2026 16:45:20 GMT-0400 (Eastern Daylight Time),737638.700000003,B,judg,I,g,205,1,1133.0999999940395,736505.6000000089,9093,WL,A,3.0
6,4.633000135421753,distr,55366.99986457825,Wed Jul 22 2026 16:45:20 GMT-0400 (Eastern Daylight Time),737805.799999997,B,judge,I,e,143,1,1300.199999988079,736505.6000000089,9093,WL,A,3.0
6,4.916000127792358,distr,55083.99987220764,Wed Jul 22 2026 16:45:20 GMT-0400 (Eastern Daylight Time),738088.6000000089,B,judgeenter,I,enter,261,1,1583.0,736505.6000000089,9093,WL,A,3.0
6,14.065999984741211,distr,45934.00001525879,Wed Jul 22 2026 16:45:20 GMT-0400 (Eastern Daylight Time),747239.0,B,b,I,b,9143,1,9150.0,738089.0,9093,WL,A,4.0
6,14.233000040054321,distr,45766.99995994568,Wed Jul 22 2026 16:45:20 GMT-0400 (Eastern Daylight Time),747405.799999997,B,bo,I,o,149,1,9316.79999999702,738089.0,9093,WL,A,4.0
6,15.049999952316284,distr,44950.000047683716,Wed Jul 22 2026 16:45:20 GMT-0400 (Eastern Daylight Time),748222.200000003,B,b,I,backspace,790,1,10133.20000000298,738089.0,9093,WL,A,4.0
6,15.266000032424927,distr,44733.99996757507,Wed Jul 22 2026 16:45:20 GMT-0400 (Eastern Daylight Time),748438.900000006,B,,I,backspace,205,1,10349.90000000596,738089.0,9093,WL,A,4.0
6,22.317000150680542,distr,37682.99984931946,Wed Jul 22 2026 16:45:20 GMT-0400 (Eastern Daylight Time),755489.200000003,B,c,I,c,7031,1,17400.20000000298,738089.0,9093,WL,A,4.0
6,22.450000047683716,distr,37549.999952316284,Wed Jul 22 2026 16:45:20 GMT-0400 (Eastern Daylight Time),755622.299999997,B,ch,I,h,106,1,17533.29999999702,738089.0,9093,WL,A,4.0
6,22.532999992370605,distr,37467.000007629395,Wed Jul 22 2026 16:45:20 GMT-0400 (Eastern Daylight Time),755705.700000003,B,cha,I,a,63,1,17616.70000000298,738089.0,9093,WL,A,4.0
6,22.65000009536743,distr,37349.99990463257,Wed Jul 22 2026 16:45:20 GMT-0400 (Eastern Daylight Time),755822.299999997,B,chai,I,i,92,1,17733.29999999702,738089.0,9093,WL,A,4.0
6,22.76699995994568,distr,37233.00004005432,Wed Jul 22 2026 16:45:20 GMT-0400 (Eastern Daylight Time),755939.1000000089,B,chair,I,r,93,1,17850.10000000894,738089.0,9093,WL,A,4.0
6,23.06599998474121,distr,36934.00001525879,Wed Jul 22 2026 16:45:20 GMT-0400 (Eastern Daylight Time),756238.6000000089,B,chairenter,I,enter,279,1,18149.60000000894,738089.0,9093,WL,A,4.0
6,27.950000047683716,distr,32049.999952316284,Wed Jul 22 2026 16:45:20 GMT-0400 (Eastern Daylight Time),761122.5,B,p,I,p,4865,1,4883.5,756239.0,9093,WL,A,5.0
6,28.032999992370605,distr,31967.000007629395,Wed Jul 22 2026 16:45:20 GMT-0400 (Eastern Daylight Time),761205.6000000089,B,pl,I,l,58,1,4966.600000008941,756239.0,9093,WL,A,5.0
6,28.100000143051147,distr,31899.999856948853,Wed Jul 22 2026 16:45:20 GMT-0400 (Eastern Daylight Time),761272.200000003,B,pla,I,a,46,1,5033.20000000298,756239.0,9093,WL,A,5.0
6,28.600000143051147,distr,31399.999856948853,Wed Jul 22 2026 16:45:20 GMT-0400 (Eastern Daylight Time),761772.6000000089,B,plan,I,n,472,1,5533.600000008941,756239.0,9093,WL,A,5.0
6,28.782999992370605,distr,31217.000007629395,Wed Jul 22 2026 16:45:20 GMT-0400 (Eastern Daylight Time),761955.900000006,B,plant,I,t,167,1,5716.9000000059605,756239.0,9093,WL,A,5.0
6,28.999000072479248,distr,31000.999927520752,Wed Jul 22 2026 16:45:20 GMT-0400 (Eastern Daylight Time),762172.0,B,plantenter,I,enter,182,1,5933.0,756239.0,9093,WL,A,5.0
6,29.633000135421753,distr,30366.999864578247,Wed Jul 22 2026 16:45:20 GMT-0400 (Eastern Daylight Time),762805.700000003,B,i,I,i,612,1,633.4000000059605,762172.299999997,9093,WL,A,6.0
6,29.699000120162964,distr,30300.999879837036,Wed Jul 22 2026 16:45:20 GMT-0400 (Eastern Daylight Time),762871.900000006,B,in,I,n,45,1,699.6000000089407,762172.299999997,9093,WL,A,6.0
6,29.850000143051147,distr,30149.999856948853,Wed Jul 22 2026 16:45:20 GMT-0400 (Eastern Daylight Time),763022.5,B,ins,I,s,136,1,850.2000000029802,762172.299999997,9093,WL,A,6.0
6,30.0,distr,30000.0,Wed Jul 22 2026 16:45:20 GMT-0400 (Eastern Daylight Time),763172.400000006,B,inse,I,e,127,1,1000.1000000089407,762172.299999997,9093,WL,A,6.0
6,30.183000087738037,distr,29816.999912261963,Wed Jul 22 2026 16:45:20 GMT-0400 (Eastern Daylight Time),763355.400000006,B,insec,I,c,167,1,1183.1000000089407,762172.299999997,9093,WL,A,6.0
6,30.433000087738037,distr,29566.999912261963,Wed Jul 22 2026 16:45:20 GMT-0400 (Eastern Daylight Time),763605.900000006,B,insect,I,t,228,1,1433.6000000089407,762172.299999997,9093,WL,A,6.0
6,30.615999937057495,distr,29384.000062942505,Wed Jul 22 2026 16:45:20 GMT-0400 (Eastern Daylight Time),763788.299999997,B,insectenter,I,enter,166,1,1616.0,762172.299999997,9093,WL,A,6.0
6,44.717000007629395,distr,15282.999992370605,Wed Jul 22 2026 16:45:20 GMT-0400 (Eastern Daylight Time),777889.200000003,B,b,I,b,14084,1,14100.59999999404,763788.6000000089,9093,WL,A,7.0
6,45.01699995994568,distr,14983.000040054321,Wed Jul 22 2026 16:45:20 GMT-0400 (Eastern Daylight Time),778189.1000000089,B,ba,I,a,275,1,14400.5,763788.6000000089,9093,WL,A,7.0
6,45.23300004005432,distr,14766.999959945679,Wed Jul 22 2026 16:45:20 GMT-0400 (Eastern Daylight Time),778405.900000006,B,bat,I,t,191,1,14617.29999999702,763788.6000000089,9093,WL,A,7.0
6,45.33299994468689,distr,14667.00005531311,Wed Jul 22 2026 16:45:20 GMT-0400 (Eastern Daylight Time),778505.400000006,B,batt,I,t,77,1,14716.79999999702,763788.6000000089,9093,WL,A,7.0
6,45.48300004005432,distr,14516.999959945679,Wed Jul 22 2026 16:45:20 GMT-0400 (Eastern Daylight Time),778655.700000003,B,battl,I,l,133,1,14867.09999999404,763788.6000000089,9093,WL,A,7.0
6,45.58299994468689,distr,14417.00005531311,Wed Jul 22 2026 16:45:20 GMT-0400 (Eastern Daylight Time),778755.799999997,B,battle,I,e,76,1,14967.199999988079,763788.6000000089,9093,WL,A,7.0
6,45.782999992370605,distr,14217.000007629395,Wed Jul 22 2026 16:45:20 GMT-0400 (Eastern Daylight Time),778955.400000006,B,battleenter,I,enter,169,1,15166.79999999702,763788.6000000089,9093,WL,A,7.0
6,56.43300008773804,distr,3566.999912261963,Wed Jul 22 2026 16:45:20 GMT-0400 (Eastern Daylight Time),789605.900000006,B,p,I,p,10628,1,10650.20000000298,778955.700000003,9093,WL,A,8.0
6,56.532999992370605,distr,3467.0000076293945,Wed Jul 22 2026 16:45:20 GMT-0400 (Eastern Daylight Time),789705.900000006,B,pe,I,e,77,1,10750.20000000298,778955.700000003,9093,WL,A,8.0
6,56.700000047683716,distr,3299.999952316284,Wed Jul 22 2026 16:45:20 GMT-0400 (Eastern Daylight Time),789872.5,B,pea,I,a,143,1,10916.79999999702,778955.700000003,9093,WL,A,8.0
6,56.799999952316284,distr,3200.000047683716,Wed Jul 22 2026 16:45:20 GMT-0400 (Eastern Daylight Time),789972.5,B,peac,I,c,76,1,11016.79999999702,778955.700000003,9093,WL,A,8.0
6,57.06700015068054,distr,2932.999849319458,Wed Jul 22 2026 16:45:20 GMT-0400 (Eastern Daylight Time),790239.200000003,B,peach,I,h,238,1,11283.5,778955.700000003,9093,WL,A,8.0
6,57.299999952316284,distr,2700.000047683716,Wed Jul 22 2026 16:45:20 GMT-0400 (Eastern Daylight Time),790472.1000000089,B,peachenter,I,enter,213,1,11516.40000000596,778955.700000003,9093,WL,A,8.0
6,60.01699995994568,distr,-16.99995994567871,Wed Jul 22 2026 16:45:20 GMT-0400 (Eastern Daylight Time),793189.299999997,B,None,I,None,2711,1,2716.8999999910593,790472.400000006,9093,WL,A,9.0
7,1.366999864578247,immed,58633.00013542175,Wed Jul 22 2026 16:45:20 GMT-0400 (Eastern Daylight Time),802172.5,A,t,I,t,1352,1,1366.5,800806.0,9093,WL,A,1.0
7,1.566999912261963,immed,58433.00008773804,Wed Jul 22 2026 16:45:20 GMT-0400 (Eastern Daylight Time),802372.5,A,tr,I,r,176,1,1566.5,800806.0,9093,WL,A,1.0
7,1.6669998168945312,immed,58333.00018310547,Wed Jul 22 2026 16:45:20 GMT-0400 (Eastern Daylight Time),802472.400000006,A,tra,I,a,87,1,1666.4000000059605,800806.0,9093,WL,A,1.0
7,1.7839999198913574,immed,58216.00008010864,Wed Jul 22 2026 16:45:20 GMT-0400 (Eastern Daylight Time),802589.200000003,A,trai,I,i,99,1,1783.2000000029802,800806.0,9093,WL,A,1.0
7,1.8499999046325684,immed,58150.00009536743,Wed Jul 22 2026 16:45:20 GMT-0400 (Eastern Daylight Time),802655.900000006,A,train,I,n,47,1,1849.9000000059605,800806.0,9093,WL,A,1.0
7,2.116999864578247,immed,57883.00013542175,Wed Jul 22 2026 16:45:20 GMT-0400 (Eastern Daylight Time),802922.0,A,trainenter,I,enter,243,1,2116.0,800806.0,9093,WL,A,1.0
7,2.549999952316284,immed,57450.000047683716,Wed Jul 22 2026 16:45:20 GMT-0400 (Eastern Daylight Time),803355.799999997,A,f,I,f,413,1,433.3999999910593,802922.400000006,9093,WL,A,2.0
7,2.684000015258789,immed,57315.99998474121,Wed Jul 22 2026 16:45:20 GMT-0400 (Eastern Daylight Time),803489.200000003,A,fl,I,l,111,1,566.7999999970198,802922.400000006,9093,WL,A,2.0
7,2.816999912261963,immed,57183.00008773804,Wed Jul 22 2026 16:45:20 GMT-0400 (Eastern Daylight Time),803622.700000003,A,flo,I,o,113,1,700.2999999970198,802922.400000006,9093,WL,A,2.0
7,2.932999849319458,immed,57067.00015068054,Wed Jul 22 2026 16:45:20 GMT-0400 (Eastern Daylight Time),803739.1000000089,A,flow,I,w,93,1,816.7000000029802,802922.400000006,9093,WL,A,2.0
7,3.049999952316284,immed,56950.000047683716,Wed Jul 22 2026 16:45:20 GMT-0400 (Eastern Daylight Time),803855.900000006,A,flowe,I,e,90,1,933.5,802922.400000006,9093,WL,A,2.0
7,3.2339999675750732,immed,56766.00003242493,Wed Jul 22 2026 16:45:20 GMT-0400 (Eastern Daylight Time),804039.1000000089,A,flower,I,r,156,1,1116.7000000029802,802922.400000006,9093,WL,A,2.0
7,3.4159998893737793,immed,56584.00011062622,Wed Jul 22 2026 16:45:20 GMT-0400 (Eastern Daylight Time),804221.900000006,A,flowerenter,I,enter,158,1,1299.5,802922.400000006,9093,WL,A,2.0
7,3.616999864578247,immed,56383.00013542175,Wed Jul 22 2026 16:45:20 GMT-0400 (Eastern Daylight Time),804422.6000000089,A,r,I,r,178,1,200.30000001192093,804222.299999997,9093,WL,A,3.0
7,3.7839999198913574,immed,56216.00008010864,Wed Jul 22 2026 16:45:20 GMT-0400 (Eastern Daylight Time),804589.200000003,A,ru,I,u,149,1,366.90000000596046,804222.299999997,9093,WL,A,3.0
7,4.0,immed,56000.0,Wed Jul 22 2026 16:45:20 GMT-0400 (Eastern Daylight Time),804805.799999997,A,rug,I,g,191,1,583.5,804222.299999997,9093,WL,A,3.0
7,4.2170000076293945,immed,55782.999992370605,Wed Jul 22 2026 16:45:20 GMT-0400 (Eastern Daylight Time),805022.0,A,rugenter,I,enter,190,1,799.7000000029802,804222.299999997,9093,WL,A,3.0
7,4.684000015258789,immed,55315.99998474121,Wed Jul 22 2026 16:45:20 GMT-0400 (Eastern Daylight Time),805489.200000003,A,m,I,m,457,1,466.79999999701977,805022.400000006,9093,WL,A,4.0
7,4.783999919891357,immed,55216.00008010864,Wed Jul 22 2026 16:45:20 GMT-0400 (Eastern Daylight Time),805589.1000000089,A,me,I,e,74,1,566.7000000029802,805022.400000006,9093,WL,A,4.0
7,4.949999809265137,immed,55050.00019073486,Wed Jul 22 2026 16:45:20 GMT-0400 (Eastern Daylight Time),805755.799999997,A,mea,I,a,134,1,733.3999999910593,805022.400000006,9093,WL,A,4.0
7,5.116999864578247,immed,54883.00013542175,Wed Jul 22 2026 16:45:20 GMT-0400 (Eastern Daylight Time),805922.6000000089,A,mead,I,d,150,1,900.2000000029802,805022.400000006,9093,WL,A,4.0
7,5.25,immed,54750.0,Wed Jul 22 2026 16:45:20 GMT-0400 (Eastern Daylight Time),806055.6000000089,A,meado,I,o,122,1,1033.2000000029802,805022.400000006,9093,WL,A,4.0
7,5.383999824523926,immed,54616.000175476074,Wed Jul 22 2026 16:45:20 GMT-0400 (Eastern Daylight Time),806189.1000000089,A,meadow,I,w,109,1,1166.7000000029802,805022.400000006,9093,WL,A,4.0
7,5.666999816894531,immed,54333.00018310547,Wed Jul 22 2026 16:45:20 GMT-0400 (Eastern Daylight Time),806472.1000000089,A,meadowenter,I,enter,263,1,1449.7000000029802,805022.400000006,9093,WL,A,4.0
7,7.883999824523926,immed,52116.000175476074,Wed Jul 22 2026 16:45:20 GMT-0400 (Eastern Daylight Time),808689.200000003,A,c,I,c,2199,1,2216.7999999970198,806472.400000006,9093,WL,A,5.0
7,8.0,immed,52000.0,Wed Jul 22 2026 16:45:20 GMT-0400 (Eastern Daylight Time),808805.799999997,A,ch,I,h,91,1,2333.3999999910593,806472.400000006,9093,WL,A,5.0
7,8.166999816894531,immed,51833.00018310547,Wed Jul 22 2026 16:45:20 GMT-0400 (Eastern Daylight Time),808972.6000000089,A,chi,I,i,143,1,2500.2000000029802,806472.400000006,9093,WL,A,5.0
7,8.699999809265137,immed,51300.00019073486,Wed Jul 22 2026 16:45:20 GMT-0400 (Eastern Daylight Time),809505.900000006,A,chim,I,m,502,1,3033.5,806472.400000006,9093,WL,A,5.0
7,8.83299994468689,immed,51167.00005531311,Wed Jul 22 2026 16:45:20 GMT-0400 (Eastern Daylight Time),809638.799999997,A,chime,I,e,122,1,3166.3999999910593,806472.400000006,9093,WL,A,5.0
7,8.934000015258789,immed,51065.99998474121,Wed Jul 22 2026 16:45:20 GMT-0400 (Eastern Daylight Time),809739.400000006,A,chimen,I,n,84,1,3267.0,806472.400000006,9093,WL,A,5.0
7,9.083999872207642,immed,50916.00012779236,Wed Jul 22 2026 16:45:20 GMT-0400 (Eastern Daylight Time),809889.299999997,A,chiment,I,t,127,1,3416.8999999910593,806472.400000006,9093,WL,A,5.0
7,9.449999809265137,immed,50550.00019073486,Wed Jul 22 2026 16:45:20 GMT-0400 (Eastern Daylight Time),810256.0,A,chimen,I,backspace,347,1,3783.5999999940395,806472.400000006,9093,WL,A,5.0
7,9.616999864578247,immed,50383.00013542175,Wed Jul 22 2026 16:45:20 GMT-0400 (Eastern Daylight Time),810422.5,A,chimeny,I,y,148,1,3950.0999999940395,806472.400000006,9093,WL,A,5.0
7,9.866999864578247,immed,50133.00013542175,Wed Jul 22 2026 16:45:20 GMT-0400 (Eastern Daylight Time),810672.1000000089,A,chimenyenter,I,enter,230,1,4199.70000000298,806472.400000006,9093,WL,A,5.0
7,11.25,immed,48750.0,Wed Jul 22 2026 16:45:20 GMT-0400 (Eastern Daylight Time),812055.900000006,A,a,I,a,1367,1,1383.5,810672.400000006,9093,WL,A,6.0
7,11.416999816894531,immed,48583.00018310547,Wed Jul 22 2026 16:45:20 GMT-0400 (Eastern Daylight Time),812222.299999997,A,ap,I,p,148,1,1549.8999999910593,810672.400000006,9093,WL,A,6.0
7,11.549999952316284,immed,48450.000047683716,Wed Jul 22 2026 16:45:20 GMT-0400 (Eastern Daylight Time),812355.900000006,A,app,I,p,110,1,1683.5,810672.400000006,9093,WL,A,6.0
7,11.599999904632568,immed,48400.00009536743,Wed Jul 22 2026 16:45:20 GMT-0400 (Eastern Daylight Time),812405.5,A,appl,I,l,30,1,1733.0999999940395,810672.400000006,9093,WL,A,6.0
7,11.732999801635742,immed,48267.00019836426,Wed Jul 22 2026 16:45:20 GMT-0400 (Eastern Daylight Time),812539.0,A,apple,I,e,122,1,1866.5999999940395,810672.400000006,9093,WL,A,6.0
7,11.932999849319458,immed,48067.00015068054,Wed Jul 22 2026 16:45:20 GMT-0400 (Eastern Daylight Time),812738.700000003,A,appleenter,I,enter,177,1,2066.2999999970198,810672.400000006,9093,WL,A,6.0
7,12.199999809265137,immed,47800.00019073486,Wed Jul 22 2026 16:45:20 GMT-0400 (Eastern Daylight Time),813006.0,A,s,I,s,244,1,266.8999999910593,812739.1000000089,9093,WL,A,7.0
7,12.349999904632568,immed,47650.00009536743,Wed Jul 22 2026 16:45:20 GMT-0400 (Eastern Daylight Time),813155.900000006,A,sa,I,a,134,1,416.79999999701977,812739.1000000089,9093,WL,A,7.0
7,12.432999849319458,immed,47567.00015068054,Wed Jul 22 2026 16:45:20 GMT-0400 (Eastern Daylight Time),813238.700000003,A,sal,I,l,71,1,499.59999999403954,812739.1000000089,9093,WL,A,7.0
7,12.666999816894531,immed,47333.00018310547,Wed Jul 22 2026 16:45:20 GMT-0400 (Eastern Daylight Time),813472.5,A,salt,I,t,214,1,733.3999999910593,812739.1000000089,9093,WL,A,7.0
7,12.882999897003174,immed,47117.000102996826,Wed Jul 22 2026 16:45:20 GMT-0400 (Eastern Daylight Time),813688.700000003,A,saltenter,I,enter,196,1,949.5999999940395,812739.1000000089,9093,WL,A,7.0
7,13.916999816894531,immed,46083.00018310547,Wed Jul 22 2026 16:45:20 GMT-0400 (Eastern Daylight Time),814722.299999997,A,f,I,f,1023,1,1033.2999999970198,813689.0,9093,WL,A,8.0
7,14.032999992370605,immed,45967.000007629395,Wed Jul 22 2026 16:45:20 GMT-0400 (Eastern Daylight Time),814838.900000006,A,fi,I,i,105,1,1149.9000000059605,813689.0,9093,WL,A,8.0
7,14.099999904632568,immed,45900.00009536743,Wed Jul 22 2026 16:45:20 GMT-0400 (Eastern Daylight Time),814905.6000000089,A,fin,I,n,51,1,1216.6000000089407,813689.0,9093,WL,A,8.0
7,14.434000015258789,immed,45565.99998474121,Wed Jul 22 2026 16:45:20 GMT-0400 (Eastern Daylight Time),815239.200000003,A,fing,I,g,303,1,1550.2000000029802,813689.0,9093,WL,A,8.0
7,14.599999904632568,immed,45400.00009536743,Wed Jul 22 2026 16:45:20 GMT-0400 (Eastern Daylight Time),815405.900000006,A,finge,I,e,148,1,1716.9000000059605,813689.0,9093,WL,A,8.0
7,14.682999849319458,immed,45317.00015068054,Wed Jul 22 2026 16:45:20 GMT-0400 (Eastern Daylight Time),815489.0,A,finger,I,r,62,1,1800.0,813689.0,9093,WL,A,8.0
7,15.016999959945679,immed,44983.00004005432,Wed Jul 22 2026 16:45:20 GMT-0400 (Eastern Daylight Time),815822.1000000089,A,fingerenter,I,enter,299,1,2133.1000000089407,813689.0,9093,WL,A,8.0
7,17.899999856948853,immed,42100.00014305115,Wed Jul 22 2026 16:45:20 GMT-0400 (Eastern Daylight Time),818705.900000006,A,b,I,b,2874,1,2883.4000000059605,815822.5,9093,WL,A,9.0
7,18.049999952316284,immed,41950.000047683716,Wed Jul 22 2026 16:45:20 GMT-0400 (Eastern Daylight Time),818855.6000000089,A,bu,I,u,137,1,3033.1000000089407,815822.5,9093,WL,A,9.0
7,18.217000007629395,immed,41782.999992370605,Wed Jul 22 2026 16:45:20 GMT-0400 (Eastern Daylight Time),819022.299999997,A,but,I,t,140,1,3199.7999999970198,815822.5,9093,WL,A,9.0
7,18.34999990463257,immed,41650.00009536743,Wed Jul 22 2026 16:45:20 GMT-0400 (Eastern Daylight Time),819155.799999997,A,butt,I,t,101,1,3333.2999999970198,815822.5,9093,WL,A,9.0
7,18.432999849319458,immed,41567.00015068054,Wed Jul 22 2026 16:45:20 GMT-0400 (Eastern Daylight Time),819238.799999997,A,butto,I,o,72,1,3416.2999999970198,815822.5,9093,WL,A,9.0
7,18.51699995994568,immed,41483.00004005432,Wed Jul 22 2026 16:45:20 GMT-0400 (Eastern Daylight Time),819322.5,A,button,I,n,68,1,3500.0,815822.5,9093,WL,A,9.0
7,19.09999990463257,immed,40900.00009536743,Wed Jul 22 2026 16:45:20 GMT-0400 (Eastern Daylight Time),819905.5,A,buttonenter,I,enter,554,1,4083.0,815822.5,9093,WL,A,9.0
7,19.783999919891357,immed,40216.00008010864,Wed Jul 22 2026 16:45:20 GMT-0400 (Eastern Daylight Time),820589.200000003,A,g,I,g,662,1,683.5,819905.700000003,9093,WL,A,10.0
7,19.899999856948853,immed,40100.00014305115,Wed Jul 22 2026 16:45:20 GMT-0400 (Eastern Daylight Time),820705.700000003,A,go,I,o,94,1,800.0,819905.700000003,9093,WL,A,10.0
7,20.049999952316284,immed,39950.000047683716,Wed Jul 22 2026 16:45:20 GMT-0400 (Eastern Daylight Time),820855.700000003,A,gol,I,l,139,1,950.0,819905.700000003,9093,WL,A,10.0
7,20.199999809265137,immed,39800.00019073486,Wed Jul 22 2026 16:45:20 GMT-0400 (Eastern Daylight Time),821005.799999997,A,gold,I,d,125,1,1100.0999999940395,819905.700000003,9093,WL,A,10.0
7,20.432999849319458,immed,39567.00015068054,Wed Jul 22 2026 16:45:20 GMT-0400 (Eastern Daylight Time),821238.6000000089,A,goldenter,I,enter,213,1,1332.9000000059605,819905.700000003,9093,WL,A,10.0
7,34.03399991989136,immed,25966.000080108643,Wed Jul 22 2026 16:45:20 GMT-0400 (Eastern Daylight Time),834839.1000000089,A,l,I,l,13578,1,13600.10000000894,821239.0,9093,WL,A,11.0
7,34.217000007629395,immed,25782.999992370605,Wed Jul 22 2026 16:45:20 GMT-0400 (Eastern Daylight Time),835022.700000003,A,lo,I,o,173,1,13783.70000000298,821239.0,9093,WL,A,11.0
7,34.41699981689453,immed,25583.00018310547,Wed Jul 22 2026 16:45:20 GMT-0400 (Eastern Daylight Time),835222.299999997,A,log,I,g,180,1,13983.29999999702,821239.0,9093,WL,A,11.0
7,35.08299994468689,immed,24917.00005531311,Wed Jul 22 2026 16:45:20 GMT-0400 (Eastern Daylight Time),835888.799999997,A,logenter,I,enter,645,1,14649.79999999702,821239.0,9093,WL,A,11.0
7,47.59999990463257,immed,12400.000095367432,Wed Jul 22 2026 16:45:20 GMT-0400 (Eastern Daylight Time),848405.900000006,A,h,I,h,12504,1,12516.79999999702,835889.1000000089,9093,WL,A,12.0
7,47.75,immed,12250.0,Wed Jul 22 2026 16:45:20 GMT-0400 (Eastern Daylight Time),848555.900000006,A,ha,I,a,133,1,12666.79999999702,835889.1000000089,9093,WL,A,12.0
7,47.883999824523926,immed,12116.000175476074,Wed Jul 22 2026 16:45:20 GMT-0400 (Eastern Daylight Time),848689.200000003,A,har,I,r,106,1,12800.09999999404,835889.1000000089,9093,WL,A,12.0
7,48.08399987220764,immed,11916.000127792358,Wed Jul 22 2026 16:45:20 GMT-0400 (Eastern Daylight Time),848889.299999997,A,harp,I,p,170,1,13000.199999988079,835889.1000000089,9093,WL,A,12.0
7,48.33299994468689,immed,11667.00005531311,Wed Jul 22 2026 16:45:20 GMT-0400 (Eastern Daylight Time),849138.900000006,A,harpenter,I,enter,233,1,13249.79999999702,835889.1000000089,9093,WL,A,12.0
7,50.91699981689453,immed,9083.000183105469,Wed Jul 22 2026 16:45:20 GMT-0400 (Eastern Daylight Time),851722.400000006,A,f,I,f,2564,1,2583.2000000029802,849139.200000003,9093,WL,A,13.0
7,50.98399996757507,immed,9016.000032424927,Wed Jul 22 2026 16:45:20 GMT-0400 (Eastern Daylight Time),851789.200000003,A,fi,I,i,49,1,2650.0,849139.200000003,9093,WL,A,13.0
7,51.06699991226196,immed,8933.000087738037,Wed Jul 22 2026 16:45:20 GMT-0400 (Eastern Daylight Time),851872.5,A,fin,I,n,62,1,2733.2999999970198,849139.200000003,9093,WL,A,13.0
7,51.19999980926514,immed,8800.000190734863,Wed Jul 22 2026 16:45:20 GMT-0400 (Eastern Daylight Time),852006.0,A,fing,I,g,100,1,2866.7999999970198,849139.200000003,9093,WL,A,13.0
7,51.33399987220764,immed,8666.000127792358,Wed Jul 22 2026 16:45:20 GMT-0400 (Eastern Daylight Time),852139.299999997,A,finge,I,e,109,1,3000.0999999940395,849139.200000003,9093,WL,A,13.0
7,51.41599988937378,immed,8584.00011062622,Wed Jul 22 2026 16:45:20 GMT-0400 (Eastern Daylight Time),852222.0,A,finger,I,r,65,1,3082.7999999970198,849139.200000003,9093,WL,A,13.0
7,51.51699995994568,immed,8483.000040054321,Wed Jul 22 2026 16:45:20 GMT-0400 (Eastern Daylight Time),852322.200000003,A,fingerenter,I,enter,79,1,3183.0,849139.200000003,9093,WL,A,13.0
7,52.69999980926514,immed,7300.000190734863,Wed Jul 22 2026 16:45:20 GMT-0400 (Eastern Daylight Time),853505.900000006,A,s,I,s,1165,1,1183.5,852322.400000006,9093,WL,A,14.0
7,52.84999990463257,immed,7150.000095367432,Wed Jul 22 2026 16:45:20 GMT-0400 (Eastern Daylight Time),853655.900000006,A,sa,I,a,128,1,1333.5,852322.400000006,9093,WL,A,14.0
7,52.967000007629395,immed,7032.9999923706055,Wed Jul 22 2026 16:45:20 GMT-0400 (Eastern Daylight Time),853772.700000003,A,sal,I,l,92,1,1450.2999999970198,852322.400000006,9093,WL,A,14.0
7,53.06699991226196,immed,6933.000087738037,Wed Jul 22 2026 16:45:20 GMT-0400 (Eastern Daylight Time),853872.6000000089,A,salt,I,t,78,1,1550.2000000029802,852322.400000006,9093,WL,A,14.0
7,53.26699995994568,immed,6733.000040054321,Wed Jul 22 2026 16:45:20 GMT-0400 (Eastern Daylight Time),854072.200000003,A,saltenter,I,enter,174,1,1749.7999999970198,852322.400000006,9093,WL,A,14.0
7,60.01699995994568,immed,-16.99995994567871,Wed Jul 22 2026 16:45:20 GMT-0400 (Eastern Daylight Time),860822.6000000089,A,None,I,None,6744,1,6750.100000008941,854072.5,9093,WL,A,15.0
