block_c,block_dur,condition,countdown,datetime,endtime,list,multichar_response,project,response,response_time,session_number,start_end,starttime,subject_id,task,task_vers,trial
,,,,Mon Jun 08 2026 15:46:50 GMT-0500 (Central Daylight Time),,,,I,space,3249,,,,83664,WL,C,
prac,,0,,Mon Jun 08 2026 15:46:50 GMT-0500 (Central Daylight Time),,NA,b,I,b,1129,,,,83664,WL,C,1.0
prac,,0,,Mon Jun 08 2026 15:46:50 GMT-0500 (Central Daylight Time),,NA,bo,I,o,378,,,,83664,WL,C,1.0
prac,,0,,Mon Jun 08 2026 15:46:50 GMT-0500 (Central Daylight Time),,NA,boo,I,o,147,,,,83664,WL,C,1.0
prac,,0,,Mon Jun 08 2026 15:46:50 GMT-0500 (Central Daylight Time),,NA,boos,I,s,73,,,,83664,WL,C,1.0
prac,,0,,Mon Jun 08 2026 15:46:50 GMT-0500 (Central Daylight Time),,NA,boost,I,t,549,,,,83664,WL,C,1.0
prac,,0,,Mon Jun 08 2026 15:46:50 GMT-0500 (Central Daylight Time),,NA,boostenter,I,enter,706,,,,83664,WL,C,1.0
1,7.416000127792358,learn,52583.99987220764,Mon Jun 08 2026 15:46:50 GMT-0500 (Central Daylight Time),195269.40000000596,A,t,I,t,7407,,7416.200000017881,187853.19999998808,83664,WL,C,1.0
1,7.56600022315979,learn,52433.99977684021,Mon Jun 08 2026 15:46:50 GMT-0500 (Central Daylight Time),195419.29999998212,A,to,I,o,139,,7566.0999999940395,187853.19999998808,83664,WL,C,1.0
1,7.833000183105469,learn,52166.99981689453,Mon Jun 08 2026 15:46:50 GMT-0500 (Central Daylight Time),195685.90000000596,A,tow,I,w,257,,7832.700000017881,187853.19999998808,83664,WL,C,1.0
1,7.966000080108643,learn,52033.99991989136,Mon Jun 08 2026 15:46:50 GMT-0500 (Central Daylight Time),195819.29999998212,A,towe,I,e,118,,7966.0999999940395,187853.19999998808,83664,WL,C,1.0
1,8.25,learn,51750.0,Mon Jun 08 2026 15:46:50 GMT-0500 (Central Daylight Time),196102.79999998212,A,tower,I,r,259,,8249.59999999404,187853.19999998808,83664,WL,C,1.0
1,8.516000032424927,learn,51483.99996757507,Mon Jun 08 2026 15:46:50 GMT-0500 (Central Daylight Time),196369.09999999404,A,towerenter,I,enter,254,,8515.90000000596,187853.19999998808,83664,WL,C,1.0
1,8.933000087738037,learn,51066.99991226196,Mon Jun 08 2026 15:46:50 GMT-0500 (Central Daylight Time),196786.59999999404,A,w,I,w,406,,416.69999998807907,196369.90000000596,83664,WL,C,2.0
1,9.14900016784668,learn,50850.99983215332,Mon Jun 08 2026 15:46:50 GMT-0500 (Central Daylight Time),197002.5,A,wh,I,h,200,,632.5999999940395,196369.90000000596,83664,WL,C,2.0
1,9.433000087738037,learn,50566.99991226196,Mon Jun 08 2026 15:46:50 GMT-0500 (Central Daylight Time),197285.79999998212,A,whe,I,e,271,,915.8999999761581,196369.90000000596,83664,WL,C,2.0
1,9.616000175476074,learn,50383.999824523926,Mon Jun 08 2026 15:46:50 GMT-0500 (Central Daylight Time),197469.29999998212,A,whea,I,a,167,,1099.3999999761581,196369.90000000596,83664,WL,C,2.0
1,9.866000175476074,learn,50133.999824523926,Mon Jun 08 2026 15:46:50 GMT-0500 (Central Daylight Time),197719.0,A,wheat,I,t,236,,1349.0999999940395,196369.90000000596,83664,WL,C,2.0
1,10.117000102996826,learn,49882.999897003174,Mon Jun 08 2026 15:46:50 GMT-0500 (Central Daylight Time),197970.0,A,wheatenter,I,enter,237,,1600.0999999940395,196369.90000000596,83664,WL,C,2.0
1,13.282999992370605,learn,46717.000007629395,Mon Jun 08 2026 15:46:50 GMT-0500 (Central Daylight Time),201136.19999998808,A,q,I,q,3142,,3165.4000000059605,197970.79999998212,83664,WL,C,3.0
1,13.516000032424927,learn,46483.99996757507,Mon Jun 08 2026 15:46:50 GMT-0500 (Central Daylight Time),201369.19999998808,A,qu,I,u,218,,3398.4000000059605,197970.79999998212,83664,WL,C,3.0
1,13.599000215530396,learn,46400.999784469604,Mon Jun 08 2026 15:46:50 GMT-0500 (Central Daylight Time),201452.59999999404,A,que,I,e,65,,3481.800000011921,197970.79999998212,83664,WL,C,3.0
1,13.782999992370605,learn,46217.000007629395,Mon Jun 08 2026 15:46:50 GMT-0500 (Central Daylight Time),201635.90000000596,A,quee,I,e,162,,3665.100000023842,197970.79999998212,83664,WL,C,3.0
1,13.949000120162964,learn,46050.999879837036,Mon Jun 08 2026 15:46:50 GMT-0500 (Central Daylight Time),201802.5,A,queen,I,n,142,,3831.7000000178814,197970.79999998212,83664,WL,C,3.0
1,14.183000087738037,learn,45816.99991226196,Mon Jun 08 2026 15:46:50 GMT-0500 (Central Daylight Time),202036.0,A,queenenter,I,enter,216,,4065.2000000178814,197970.79999998212,83664,WL,C,3.0
1,14.733000040054321,learn,45266.99995994568,Mon Jun 08 2026 15:46:50 GMT-0500 (Central Daylight Time),202586.09999999404,A,s,I,s,533,,549.4000000059605,202036.69999998808,83664,WL,C,4.0
1,14.89900016784668,learn,45100.99983215332,Mon Jun 08 2026 15:46:50 GMT-0500 (Central Daylight Time),202752.69999998808,A,su,I,u,147,,716.0,202036.69999998808,83664,WL,C,4.0
1,15.183000087738037,learn,44816.99991226196,Mon Jun 08 2026 15:46:50 GMT-0500 (Central Daylight Time),203036.0,A,sug,I,g,264,,999.3000000119209,202036.69999998808,83664,WL,C,4.0
1,15.333000183105469,learn,44666.99981689453,Mon Jun 08 2026 15:46:50 GMT-0500 (Central Daylight Time),203186.0,A,suga,I,a,132,,1149.300000011921,202036.69999998808,83664,WL,C,4.0
1,15.499000072479248,learn,44500.99992752075,Mon Jun 08 2026 15:46:50 GMT-0500 (Central Daylight Time),203352.5,A,sugar,I,r,159,,1315.800000011921,202036.69999998808,83664,WL,C,4.0
1,15.666000127792358,learn,44333.99987220764,Mon Jun 08 2026 15:46:50 GMT-0500 (Central Daylight Time),203519.40000000596,A,sugarenter,I,enter,148,,1482.7000000178814,202036.69999998808,83664,WL,C,4.0
1,23.568000078201294,learn,36431.999921798706,Mon Jun 08 2026 15:46:50 GMT-0500 (Central Daylight Time),211421.0,A,h,I,h,7882,,7900.9000000059605,203520.09999999404,83664,WL,C,5.0
1,23.882000207901,learn,36117.999792099,Mon Jun 08 2026 15:46:50 GMT-0500 (Central Daylight Time),211735.79999998212,A,ho,I,o,305,,8215.699999988079,203520.09999999404,83664,WL,C,5.0
1,24.032999992370605,learn,35967.000007629395,Mon Jun 08 2026 15:46:50 GMT-0500 (Central Daylight Time),211886.0,A,hom,I,m,141,,8365.90000000596,203520.09999999404,83664,WL,C,5.0
1,24.16600012779236,learn,35833.99987220764,Mon Jun 08 2026 15:46:50 GMT-0500 (Central Daylight Time),212019.40000000596,A,home,I,e,113,,8499.300000011921,203520.09999999404,83664,WL,C,5.0
1,24.317000150680542,learn,35682.99984931946,Mon Jun 08 2026 15:46:50 GMT-0500 (Central Daylight Time),212170.40000000596,A,homeenter,I,enter,135,,8650.300000011921,203520.09999999404,83664,WL,C,5.0
1,24.98300004005432,learn,35016.99995994568,Mon Jun 08 2026 15:46:50 GMT-0500 (Central Daylight Time),212836.19999998808,A,b,I,b,647,,664.9000000059605,212171.29999998212,83664,WL,C,6.0
1,25.14900016784668,learn,34850.99983215332,Mon Jun 08 2026 15:46:50 GMT-0500 (Central Daylight Time),213002.79999998212,A,bo,I,o,150,,831.5,212171.29999998212,83664,WL,C,6.0
1,25.384000062942505,learn,34615.999937057495,Mon Jun 08 2026 15:46:50 GMT-0500 (Central Daylight Time),213237.0,A,boy,I,y,223,,1065.7000000178814,212171.29999998212,83664,WL,C,6.0
1,25.93400001525879,learn,34065.99998474121,Mon Jun 08 2026 15:46:50 GMT-0500 (Central Daylight Time),213787.09999999404,A,boyenter,I,enter,536,,1615.800000011921,212171.29999998212,83664,WL,C,6.0
1,29.58300018310547,learn,30416.99981689453,Mon Jun 08 2026 15:46:50 GMT-0500 (Central Daylight Time),217436.09999999404,A,d,I,d,3633,,3648.300000011921,213787.79999998212,83664,WL,C,7.0
1,29.699000120162964,learn,30300.999879837036,Mon Jun 08 2026 15:46:50 GMT-0500 (Central Daylight Time),217552.90000000596,A,do,I,o,95,,3765.100000023842,213787.79999998212,83664,WL,C,7.0
1,29.849000215530396,learn,30150.999784469604,Mon Jun 08 2026 15:46:50 GMT-0500 (Central Daylight Time),217702.90000000596,A,doc,I,c,135,,3915.100000023842,213787.79999998212,83664,WL,C,7.0
1,30.116000175476074,learn,29883.999824523926,Mon Jun 08 2026 15:46:50 GMT-0500 (Central Daylight Time),217969.59999999404,A,doct,I,t,247,,4181.800000011921,213787.79999998212,83664,WL,C,7.0
1,30.23300004005432,learn,29766.99995994568,Mon Jun 08 2026 15:46:50 GMT-0500 (Central Daylight Time),218086.09999999404,A,docto,I,o,102,,4298.300000011921,213787.79999998212,83664,WL,C,7.0
1,30.366000175476074,learn,29633.999824523926,Mon Jun 08 2026 15:46:50 GMT-0500 (Central Daylight Time),218219.40000000596,A,doctor,I,r,122,,4431.600000023842,213787.79999998212,83664,WL,C,7.0
1,30.81600022315979,learn,29183.99977684021,Mon Jun 08 2026 15:46:50 GMT-0500 (Central Daylight Time),218669.69999998808,A,doctorenter,I,enter,429,,4881.9000000059605,213787.79999998212,83664,WL,C,7.0
1,32.51600003242493,learn,27483.999967575073,Mon Jun 08 2026 15:46:50 GMT-0500 (Central Daylight Time),220369.59999999404,A,c,I,c,1687,,1699.199999988079,218670.40000000596,83664,WL,C,8.0
1,32.76600003242493,learn,27233.999967575073,Mon Jun 08 2026 15:46:50 GMT-0500 (Central Daylight Time),220619.5,A,ca,I,a,238,,1949.0999999940395,218670.40000000596,83664,WL,C,8.0
1,33.33300018310547,learn,26666.99981689453,Mon Jun 08 2026 15:46:50 GMT-0500 (Central Daylight Time),221186.19999998808,A,caa,I,a,558,,2515.7999999821186,218670.40000000596,83664,WL,C,8.0
1,33.73300004005432,learn,26266.99995994568,Mon Jun 08 2026 15:46:50 GMT-0500 (Central Daylight Time),221586.09999999404,A,ca,I,backspace,390,,2915.699999988079,218670.40000000596,83664,WL,C,8.0
1,34.116000175476074,learn,25883.999824523926,Mon Jun 08 2026 15:46:50 GMT-0500 (Central Daylight Time),221969.59999999404,A,cam,I,m,377,,3299.199999988079,218670.40000000596,83664,WL,C,8.0
1,34.367000102996826,learn,25632.999897003174,Mon Jun 08 2026 15:46:50 GMT-0500 (Central Daylight Time),222220.19999998808,A,camp,I,p,237,,3549.7999999821186,218670.40000000596,83664,WL,C,8.0
1,35.33300018310547,learn,24666.99981689453,Mon Jun 08 2026 15:46:50 GMT-0500 (Central Daylight Time),223186.19999998808,A,campenter,I,enter,956,,4515.799999982119,218670.40000000596,83664,WL,C,8.0
1,54.41600012779236,learn,5583.999872207642,Mon Jun 08 2026 15:46:50 GMT-0500 (Central Daylight Time),242270.29999998212,A,n,I,n,19062,,19083.5,223186.79999998212,83664,WL,C,9.0
1,54.56600022315979,learn,5433.99977684021,Mon Jun 08 2026 15:46:50 GMT-0500 (Central Daylight Time),242420.0,A,na,I,a,134,,19233.20000001788,223186.79999998212,83664,WL,C,9.0
1,54.66600012779236,learn,5333.999872207642,Mon Jun 08 2026 15:46:50 GMT-0500 (Central Daylight Time),242519.79999998212,A,nai,I,i,83,,19333.0,223186.79999998212,83664,WL,C,9.0
1,54.89900016784668,learn,5100.99983215332,Mon Jun 08 2026 15:46:50 GMT-0500 (Central Daylight Time),242753.19999998808,A,nail,I,l,211,,19566.40000000596,223186.79999998212,83664,WL,C,9.0
1,55.35000014305115,learn,4649.9998569488525,Mon Jun 08 2026 15:46:50 GMT-0500 (Central Daylight Time),243204.0,A,nailenter,I,enter,437,,20017.20000001788,223186.79999998212,83664,WL,C,9.0
1,56.599000215530396,learn,3400.9997844696045,Mon Jun 08 2026 15:46:50 GMT-0500 (Central Daylight Time),244453.29999998212,A,c,I,c,1230,,1248.699999988079,243204.59999999404,83664,WL,C,10.0
1,56.74900007247925,learn,3250.999927520752,Mon Jun 08 2026 15:46:50 GMT-0500 (Central Daylight Time),244603.09999999404,A,ca,I,a,137,,1398.5,243204.59999999404,83664,WL,C,10.0
1,57.01600003242493,learn,2983.9999675750732,Mon Jun 08 2026 15:46:50 GMT-0500 (Central Daylight Time),244870.0,A,cat,I,t,246,,1665.4000000059605,243204.59999999404,83664,WL,C,10.0
1,57.16700005531311,learn,2832.9999446868896,Mon Jun 08 2026 15:46:50 GMT-0500 (Central Daylight Time),245020.79999998212,A,catt,I,t,142,,1816.199999988079,243204.59999999404,83664,WL,C,10.0
1,57.366000175476074,learn,2633.999824523926,Mon Jun 08 2026 15:46:50 GMT-0500 (Central Daylight Time),245219.79999998212,A,cattl,I,l,186,,2015.199999988079,243204.59999999404,83664,WL,C,10.0
1,57.49900007247925,learn,2500.999927520752,Mon Jun 08 2026 15:46:50 GMT-0500 (Central Daylight Time),245353.09999999404,A,cattle,I,e,120,,2148.5,243204.59999999404,83664,WL,C,10.0
1,57.71600008010864,learn,2283.9999198913574,Mon Jun 08 2026 15:46:50 GMT-0500 (Central Daylight Time),245569.90000000596,A,cattleenter,I,enter,193,,2365.300000011921,243204.59999999404,83664,WL,C,10.0
1,58.366000175476074,learn,1633.9998245239258,Mon Jun 08 2026 15:46:50 GMT-0500 (Central Daylight Time),246220.0,A,s,I,s,641,,649.7000000178814,245570.29999998212,83664,WL,C,11.0
1,58.53200006484985,learn,1467.9999351501465,Mon Jun 08 2026 15:46:50 GMT-0500 (Central Daylight Time),246386.19999998808,A,sh,I,h,148,,815.9000000059605,245570.29999998212,83664,WL,C,11.0
1,58.866000175476074,learn,1133.9998245239258,Mon Jun 08 2026 15:46:50 GMT-0500 (Central Daylight Time),246719.90000000596,A,sho,I,o,319,,1149.6000000238419,245570.29999998212,83664,WL,C,11.0
1,59.06600022315979,learn,933.99977684021,Mon Jun 08 2026 15:46:50 GMT-0500 (Central Daylight Time),246920.19999998808,A,shor,I,r,178,,1349.9000000059605,245570.29999998212,83664,WL,C,11.0
1,59.14900016784668,learn,850.9998321533203,Mon Jun 08 2026 15:46:50 GMT-0500 (Central Daylight Time),247003.19999998808,A,shore,I,e,75,,1432.9000000059605,245570.29999998212,83664,WL,C,11.0
1,59.51600003242493,learn,483.99996757507324,Mon Jun 08 2026 15:46:50 GMT-0500 (Central Daylight Time),247370.19999998808,A,shoreenter,I,enter,348,,1799.9000000059605,245570.29999998212,83664,WL,C,11.0
1,60.01600003242493,learn,-16.000032424926758,Mon Jun 08 2026 15:46:50 GMT-0500 (Central Daylight Time),247870.5,A,None,I,None,493,,499.59999999403954,247370.90000000596,83664,WL,C,12.0
2,1.9830000400543213,learn,58016.99995994568,Mon Jun 08 2026 15:46:50 GMT-0500 (Central Daylight Time),320754.5,A,t,I,t,1963,,1983.0999999940395,318771.40000000596,83664,WL,C,1.0
2,2.1670000553131104,learn,57832.99994468689,Mon Jun 08 2026 15:46:50 GMT-0500 (Central Daylight Time),320938.2999999821,A,to,I,o,169,,2166.899999976158,318771.40000000596,83664,WL,C,1.0
2,2.566999912261963,learn,57433.00008773804,Mon Jun 08 2026 15:46:50 GMT-0500 (Central Daylight Time),321337.7999999821,A,tow,I,w,379,,2566.399999976158,318771.40000000596,83664,WL,C,1.0
2,2.700000047683716,learn,57299.999952316284,Mon Jun 08 2026 15:46:50 GMT-0500 (Central Daylight Time),321471.09999999404,A,towe,I,e,120,,2699.699999988079,318771.40000000596,83664,WL,C,1.0
2,2.9509999752044678,learn,57049.00002479553,Mon Jun 08 2026 15:46:50 GMT-0500 (Central Daylight Time),321721.90000000596,A,tower,I,r,228,,2950.5,318771.40000000596,83664,WL,C,1.0
2,3.3329999446868896,learn,56667.00005531311,Mon Jun 08 2026 15:46:50 GMT-0500 (Central Daylight Time),322104.40000000596,A,towerenter,I,enter,366,,3333.0,318771.40000000596,83664,WL,C,1.0
2,5.116999864578247,learn,54883.00013542175,Mon Jun 08 2026 15:46:50 GMT-0500 (Central Daylight Time),323887.90000000596,A,w,I,w,1762,,1782.7000000178814,322105.1999999881,83664,WL,C,2.0
2,5.2829999923706055,learn,54717.000007629395,Mon Jun 08 2026 15:46:50 GMT-0500 (Central Daylight Time),324054.0,A,wh,I,h,157,,1948.800000011921,322105.1999999881,83664,WL,C,2.0
2,5.415999889373779,learn,54584.00011062622,Mon Jun 08 2026 15:46:50 GMT-0500 (Central Daylight Time),324187.59999999404,A,whe,I,e,126,,2082.4000000059605,322105.1999999881,83664,WL,C,2.0
2,5.7170000076293945,learn,54282.999992370605,Mon Jun 08 2026 15:46:50 GMT-0500 (Central Daylight Time),324487.7999999821,A,whea,I,a,278,,2382.5999999940395,322105.1999999881,83664,WL,C,2.0
2,6.25,learn,53750.0,Mon Jun 08 2026 15:46:50 GMT-0500 (Central Daylight Time),325021.09999999404,A,wheat,I,t,512,,2915.9000000059605,322105.1999999881,83664,WL,C,2.0
2,6.566999912261963,learn,53433.00008773804,Mon Jun 08 2026 15:46:50 GMT-0500 (Central Daylight Time),325338.40000000596,A,wheatenter,I,enter,296,,3233.2000000178814,322105.1999999881,83664,WL,C,2.0
2,6.966000080108643,learn,53033.99991989136,Mon Jun 08 2026 15:46:50 GMT-0500 (Central Daylight Time),325737.40000000596,A,q,I,q,393,,398.60000002384186,325338.7999999821,83664,WL,C,3.0
2,7.216000080108643,learn,52783.99991989136,Mon Jun 08 2026 15:46:50 GMT-0500 (Central Daylight Time),325987.6999999881,A,qu,I,u,231,,648.9000000059605,325338.7999999821,83664,WL,C,3.0
2,7.299000024795532,learn,52700.99997520447,Mon Jun 08 2026 15:46:50 GMT-0500 (Central Daylight Time),326070.6999999881,A,que,I,e,68,,731.9000000059605,325338.7999999821,83664,WL,C,3.0
2,7.483000040054321,learn,52516.99995994568,Mon Jun 08 2026 15:46:50 GMT-0500 (Central Daylight Time),326254.2999999821,A,quee,I,e,166,,915.5,325338.7999999821,83664,WL,C,3.0
2,7.615999937057495,learn,52384.000062942505,Mon Jun 08 2026 15:46:50 GMT-0500 (Central Daylight Time),326387.59999999404,A,queen,I,n,116,,1048.800000011921,325338.7999999821,83664,WL,C,3.0
2,7.849999904632568,learn,52150.00009536743,Mon Jun 08 2026 15:46:50 GMT-0500 (Central Daylight Time),326621.0,A,queenenter,I,enter,222,,1282.2000000178814,325338.7999999821,83664,WL,C,3.0
2,8.683000087738037,learn,51316.99991226196,Mon Jun 08 2026 15:46:50 GMT-0500 (Central Daylight Time),327454.40000000596,A,s,I,s,822,,832.9000000059605,326621.5,83664,WL,C,4.0
2,8.950999975204468,learn,51049.00002479553,Mon Jun 08 2026 15:46:50 GMT-0500 (Central Daylight Time),327721.7999999821,A,su,I,u,256,,1100.2999999821186,326621.5,83664,WL,C,4.0
2,9.150000095367432,learn,50849.99990463257,Mon Jun 08 2026 15:46:50 GMT-0500 (Central Daylight Time),327921.09999999404,A,sug,I,g,191,,1299.5999999940395,326621.5,83664,WL,C,4.0
2,9.599999904632568,learn,50400.00009536743,Mon Jun 08 2026 15:46:50 GMT-0500 (Central Daylight Time),328371.0,A,suga,I,a,443,,1749.5,326621.5,83664,WL,C,4.0
2,9.91700005531311,learn,50082.99994468689,Mon Jun 08 2026 15:46:50 GMT-0500 (Central Daylight Time),328688.40000000596,A,sugar,I,r,309,,2066.9000000059605,326621.5,83664,WL,C,4.0
2,10.766000032424927,learn,49233.99996757507,Mon Jun 08 2026 15:46:50 GMT-0500 (Central Daylight Time),329537.6999999881,A,sugarenter,I,enter,833,,2916.199999988079,326621.5,83664,WL,C,4.0
2,13.283999919891357,learn,46716.00008010864,Mon Jun 08 2026 15:46:50 GMT-0500 (Central Daylight Time),332055.2999999821,A,h,I,h,2500,,2516.899999976158,329538.40000000596,83664,WL,C,5.0
2,13.466000080108643,learn,46533.99991989136,Mon Jun 08 2026 15:46:50 GMT-0500 (Central Daylight Time),332237.6999999881,A,ho,I,o,172,,2699.2999999821186,329538.40000000596,83664,WL,C,5.0
2,13.615999937057495,learn,46384.000062942505,Mon Jun 08 2026 15:46:50 GMT-0500 (Central Daylight Time),332387.6999999881,A,hom,I,m,141,,2849.2999999821186,329538.40000000596,83664,WL,C,5.0
2,13.717000007629395,learn,46282.999992370605,Mon Jun 08 2026 15:46:50 GMT-0500 (Central Daylight Time),332488.0,A,home,I,e,90,,2949.5999999940395,329538.40000000596,83664,WL,C,5.0
2,13.983000040054321,learn,46016.99995994568,Mon Jun 08 2026 15:46:50 GMT-0500 (Central Daylight Time),332754.5,A,homeenter,I,enter,257,,3216.0999999940395,329538.40000000596,83664,WL,C,5.0
2,14.599999904632568,learn,45400.00009536743,Mon Jun 08 2026 15:46:50 GMT-0500 (Central Daylight Time),333371.09999999404,A,b,I,b,599,,616.1999999880791,332754.90000000596,83664,WL,C,6.0
2,14.75,learn,45250.0,Mon Jun 08 2026 15:46:50 GMT-0500 (Central Daylight Time),333521.09999999404,A,bo,I,o,137,,766.1999999880791,332754.90000000596,83664,WL,C,6.0
2,14.950000047683716,learn,45049.999952316284,Mon Jun 08 2026 15:46:50 GMT-0500 (Central Daylight Time),333721.59999999404,A,boy,I,y,192,,966.6999999880791,332754.90000000596,83664,WL,C,6.0
2,15.200000047683716,learn,44799.999952316284,Mon Jun 08 2026 15:46:50 GMT-0500 (Central Daylight Time),333971.2999999821,A,boyenter,I,enter,230,,1216.3999999761581,332754.90000000596,83664,WL,C,6.0
2,15.549999952316284,learn,44450.000047683716,Mon Jun 08 2026 15:46:50 GMT-0500 (Central Daylight Time),334321.0,A,d,I,d,341,,349.09999999403954,333971.90000000596,83664,WL,C,7.0
2,15.683000087738037,learn,44316.99991226196,Mon Jun 08 2026 15:46:50 GMT-0500 (Central Daylight Time),334454.2999999821,A,do,I,o,112,,482.39999997615814,333971.90000000596,83664,WL,C,7.0
2,15.799999952316284,learn,44200.000047683716,Mon Jun 08 2026 15:46:50 GMT-0500 (Central Daylight Time),334571.09999999404,A,doc,I,c,107,,599.1999999880791,333971.90000000596,83664,WL,C,7.0
2,16.032999992370605,learn,43967.000007629395,Mon Jun 08 2026 15:46:50 GMT-0500 (Central Daylight Time),334804.59999999404,A,doct,I,t,213,,832.6999999880791,333971.90000000596,83664,WL,C,7.0
2,16.183000087738037,learn,43816.99991226196,Mon Jun 08 2026 15:46:50 GMT-0500 (Central Daylight Time),334954.6999999881,A,docto,I,o,127,,982.7999999821186,333971.90000000596,83664,WL,C,7.0
2,16.34999990463257,learn,43650.00009536743,Mon Jun 08 2026 15:46:50 GMT-0500 (Central Daylight Time),335121.09999999404,A,doctor,I,r,146,,1149.199999988079,333971.90000000596,83664,WL,C,7.0
2,16.51699995994568,learn,43483.00004005432,Mon Jun 08 2026 15:46:50 GMT-0500 (Central Daylight Time),335288.40000000596,A,doctorenter,I,enter,149,,1316.5,333971.90000000596,83664,WL,C,7.0
2,17.782999992370605,learn,42217.000007629395,Mon Jun 08 2026 15:46:50 GMT-0500 (Central Daylight Time),336554.59999999404,A,c,I,c,1251,,1266.0,335288.59999999404,83664,WL,C,8.0
2,17.865999937057495,learn,42134.000062942505,Mon Jun 08 2026 15:46:50 GMT-0500 (Central Daylight Time),336637.7999999821,A,co,I,o,74,,1349.199999988079,335288.59999999404,83664,WL,C,8.0
2,18.01699995994568,learn,41983.00004005432,Mon Jun 08 2026 15:46:50 GMT-0500 (Central Daylight Time),336788.09999999404,A,com,I,m,131,,1499.5,335288.59999999404,83664,WL,C,8.0
2,18.299999952316284,learn,41700.000047683716,Mon Jun 08 2026 15:46:50 GMT-0500 (Central Daylight Time),337071.09999999404,A,co,I,backspace,268,,1782.5,335288.59999999404,83664,WL,C,8.0
2,18.450000047683716,learn,41549.999952316284,Mon Jun 08 2026 15:46:50 GMT-0500 (Central Daylight Time),337221.1999999881,A,c,I,backspace,129,,1932.5999999940395,335288.59999999404,83664,WL,C,8.0
2,18.816999912261963,learn,41183.00008773804,Mon Jun 08 2026 15:46:50 GMT-0500 (Central Daylight Time),337588.0,A,ca,I,a,347,,2299.4000000059605,335288.59999999404,83664,WL,C,8.0
2,18.948999881744385,learn,41051.000118255615,Mon Jun 08 2026 15:46:50 GMT-0500 (Central Daylight Time),337720.90000000596,A,cam,I,m,121,,2432.300000011921,335288.59999999404,83664,WL,C,8.0
2,19.132999897003174,learn,40867.000102996826,Mon Jun 08 2026 15:46:50 GMT-0500 (Central Daylight Time),337904.5,A,camp,I,p,166,,2615.9000000059605,335288.59999999404,83664,WL,C,8.0
2,19.365999937057495,learn,40634.000062942505,Mon Jun 08 2026 15:46:50 GMT-0500 (Central Daylight Time),338138.0,A,campenter,I,enter,214,,2849.4000000059605,335288.59999999404,83664,WL,C,8.0
2,20.183000087738037,learn,39816.99991226196,Mon Jun 08 2026 15:46:50 GMT-0500 (Central Daylight Time),338954.5,A,l,I,l,808,,815.9000000059605,338138.59999999404,83664,WL,C,9.0
2,20.58299994468689,learn,39417.00005531311,Mon Jun 08 2026 15:46:50 GMT-0500 (Central Daylight Time),339354.40000000596,A,,I,backspace,385,,1215.800000011921,338138.59999999404,83664,WL,C,9.0
2,20.73300004005432,learn,39266.99995994568,Mon Jun 08 2026 15:46:50 GMT-0500 (Central Daylight Time),339504.40000000596,A,f,I,f,132,,1365.800000011921,338138.59999999404,83664,WL,C,9.0
2,20.91599988937378,learn,39084.00011062622,Mon Jun 08 2026 15:46:50 GMT-0500 (Central Daylight Time),339687.7999999821,A,fl,I,l,168,,1549.199999988079,338138.59999999404,83664,WL,C,9.0
2,21.0,learn,39000.0,Mon Jun 08 2026 15:46:50 GMT-0500 (Central Daylight Time),339771.1999999881,A,fla,I,a,70,,1632.5999999940395,338138.59999999404,83664,WL,C,9.0
2,21.16599988937378,learn,38834.00011062622,Mon Jun 08 2026 15:46:50 GMT-0500 (Central Daylight Time),339937.7999999821,A,flag,I,g,158,,1799.199999988079,338138.59999999404,83664,WL,C,9.0
2,21.31599998474121,learn,38684.00001525879,Mon Jun 08 2026 15:46:50 GMT-0500 (Central Daylight Time),340087.59999999404,A,flagenter,I,enter,143,,1949.0,338138.59999999404,83664,WL,C,9.0
2,21.700000047683716,learn,38299.999952316284,Mon Jun 08 2026 15:46:50 GMT-0500 (Central Daylight Time),340471.1999999881,A,l,I,l,378,,383.40000000596046,340087.7999999821,83664,WL,C,10.0
2,21.90000009536743,learn,38099.99990463257,Mon Jun 08 2026 15:46:50 GMT-0500 (Central Daylight Time),340671.2999999821,A,le,I,e,178,,583.5,340087.7999999821,83664,WL,C,10.0
2,22.08299994468689,learn,37917.00005531311,Mon Jun 08 2026 15:46:50 GMT-0500 (Central Daylight Time),340854.5,A,let,I,t,170,,766.7000000178814,340087.7999999821,83664,WL,C,10.0
2,22.216000080108643,learn,37783.99991989136,Mon Jun 08 2026 15:46:50 GMT-0500 (Central Daylight Time),340988.0,A,lett,I,t,126,,900.2000000178814,340087.7999999821,83664,WL,C,10.0
2,22.41599988937378,learn,37584.00011062622,Mon Jun 08 2026 15:46:50 GMT-0500 (Central Daylight Time),341187.90000000596,A,lette,I,e,178,,1100.1000000238419,340087.7999999821,83664,WL,C,10.0
2,22.5,learn,37500.0,Mon Jun 08 2026 15:46:50 GMT-0500 (Central Daylight Time),341271.1999999881,A,letter,I,r,61,,1183.4000000059605,340087.7999999821,83664,WL,C,10.0
2,22.783999919891357,learn,37216.00008010864,Mon Jun 08 2026 15:46:50 GMT-0500 (Central Daylight Time),341555.5,A,letterenter,I,enter,269,,1467.7000000178814,340087.7999999821,83664,WL,C,10.0
2,25.516000032424927,learn,34483.99996757507,Mon Jun 08 2026 15:46:50 GMT-0500 (Central Daylight Time),344288.0,A,c,I,c,2718,,2731.9000000059605,341556.09999999404,83664,WL,C,11.0
2,25.615999937057495,learn,34384.000062942505,Mon Jun 08 2026 15:46:50 GMT-0500 (Central Daylight Time),344387.59999999404,A,co,I,o,86,,2831.5,341556.09999999404,83664,WL,C,11.0
2,25.782999992370605,learn,34217.000007629395,Mon Jun 08 2026 15:46:50 GMT-0500 (Central Daylight Time),344554.7999999821,A,cor,I,r,146,,2998.699999988079,341556.09999999404,83664,WL,C,11.0
2,25.966000080108643,learn,34033.99991989136,Mon Jun 08 2026 15:46:50 GMT-0500 (Central Daylight Time),344737.5,A,corn,I,n,168,,3181.4000000059605,341556.09999999404,83664,WL,C,11.0
2,26.183000087738037,learn,33816.99991226196,Mon Jun 08 2026 15:46:50 GMT-0500 (Central Daylight Time),344954.59999999404,A,cornenter,I,enter,206,,3398.5,341556.09999999404,83664,WL,C,11.0
2,27.365999937057495,learn,32634.000062942505,Mon Jun 08 2026 15:46:50 GMT-0500 (Central Daylight Time),346138.0,A,n,I,n,1163,,1182.9000000059605,344955.09999999404,83664,WL,C,12.0
2,27.467000007629395,learn,32532.999992370605,Mon Jun 08 2026 15:46:50 GMT-0500 (Central Daylight Time),346238.40000000596,A,na,I,a,92,,1283.300000011921,344955.09999999404,83664,WL,C,12.0
2,27.58399987220764,learn,32416.00012779236,Mon Jun 08 2026 15:46:50 GMT-0500 (Central Daylight Time),346355.40000000596,A,nai,I,i,104,,1400.300000011921,344955.09999999404,83664,WL,C,12.0
2,27.76699995994568,learn,32233.00004005432,Mon Jun 08 2026 15:46:50 GMT-0500 (Central Daylight Time),346538.7999999821,A,nail,I,l,162,,1583.699999988079,344955.09999999404,83664,WL,C,12.0
2,28.0,learn,32000.0,Mon Jun 08 2026 15:46:50 GMT-0500 (Central Daylight Time),346771.09999999404,A,nailenter,I,enter,215,,1816.0,344955.09999999404,83664,WL,C,12.0
2,30.25,learn,29750.0,Mon Jun 08 2026 15:46:50 GMT-0500 (Central Daylight Time),349021.2999999821,A,c,I,c,2245,,2249.899999976158,346771.40000000596,83664,WL,C,13.0
2,30.41599988937378,learn,29584.00011062622,Mon Jun 08 2026 15:46:50 GMT-0500 (Central Daylight Time),349187.1999999881,A,ca,I,a,155,,2415.7999999821186,346771.40000000596,83664,WL,C,13.0
2,30.59999990463257,learn,29400.00009536743,Mon Jun 08 2026 15:46:50 GMT-0500 (Central Daylight Time),349371.2999999821,A,cat,I,t,162,,2599.899999976158,346771.40000000596,83664,WL,C,13.0
2,30.73300004005432,learn,29266.99995994568,Mon Jun 08 2026 15:46:50 GMT-0500 (Central Daylight Time),349504.59999999404,A,catt,I,t,122,,2733.199999988079,346771.40000000596,83664,WL,C,13.0
2,30.8510000705719,learn,29148.9999294281,Mon Jun 08 2026 15:46:50 GMT-0500 (Central Daylight Time),349622.2999999821,A,cattl,I,l,102,,2850.899999976158,346771.40000000596,83664,WL,C,13.0
2,30.98300004005432,learn,29016.99995994568,Mon Jun 08 2026 15:46:50 GMT-0500 (Central Daylight Time),349754.6999999881,A,cattle,I,e,109,,2983.2999999821186,346771.40000000596,83664,WL,C,13.0
2,31.132999897003174,learn,28867.000102996826,Mon Jun 08 2026 15:46:50 GMT-0500 (Central Daylight Time),349904.59999999404,A,cattleenter,I,enter,140,,3133.199999988079,346771.40000000596,83664,WL,C,13.0
2,32.48300004005432,learn,27516.99995994568,Mon Jun 08 2026 15:46:50 GMT-0500 (Central Daylight Time),351254.6999999881,A,s,I,s,1343,,1349.5999999940395,349905.09999999404,83664,WL,C,14.0
2,32.632999897003174,learn,27367.000102996826,Mon Jun 08 2026 15:46:50 GMT-0500 (Central Daylight Time),351404.7999999821,A,sh,I,h,133,,1499.699999988079,349905.09999999404,83664,WL,C,14.0
2,32.799999952316284,learn,27200.000047683716,Mon Jun 08 2026 15:46:50 GMT-0500 (Central Daylight Time),351571.40000000596,A,sho,I,o,144,,1666.300000011921,349905.09999999404,83664,WL,C,14.0
2,32.91599988937378,learn,27084.00011062622,Mon Jun 08 2026 15:46:50 GMT-0500 (Central Daylight Time),351687.7999999821,A,shor,I,r,105,,1782.699999988079,349905.09999999404,83664,WL,C,14.0
2,33.01600003242493,learn,26983.999967575073,Mon Jun 08 2026 15:46:50 GMT-0500 (Central Daylight Time),351787.7999999821,A,shore,I,e,88,,1882.699999988079,349905.09999999404,83664,WL,C,14.0
2,33.865999937057495,learn,26134.000062942505,Mon Jun 08 2026 15:46:50 GMT-0500 (Central Daylight Time),352638.2999999821,A,shoreenter,I,enter,828,,2733.199999988079,349905.09999999404,83664,WL,C,14.0
2,34.68300008773804,learn,25316.999912261963,Mon Jun 08 2026 15:46:50 GMT-0500 (Central Daylight Time),353454.90000000596,A,b,I,b,795,,816.0,352638.90000000596,83664,WL,C,15.0
2,34.865999937057495,learn,25134.000062942505,Mon Jun 08 2026 15:46:50 GMT-0500 (Central Daylight Time),353638.09999999404,A,bo,I,o,160,,999.1999999880791,352638.90000000596,83664,WL,C,15.0
2,35.18300008773804,learn,24816.999912261963,Mon Jun 08 2026 15:46:50 GMT-0500 (Central Daylight Time),353954.90000000596,A,bod,I,d,292,,1316.0,352638.90000000596,83664,WL,C,15.0
2,35.33299994468689,learn,24667.00005531311,Mon Jun 08 2026 15:46:50 GMT-0500 (Central Daylight Time),354104.7999999821,A,body,I,y,141,,1465.8999999761581,352638.90000000596,83664,WL,C,15.0
2,35.615999937057495,learn,24384.000062942505,Mon Jun 08 2026 15:46:50 GMT-0500 (Central Daylight Time),354388.09999999404,A,bodyenter,I,enter,263,,1749.199999988079,352638.90000000596,83664,WL,C,15.0
3,1.116999864578247,learn,58883.00013542175,Mon Jun 08 2026 15:46:50 GMT-0500 (Central Daylight Time),440057.2999999821,A,t,I,t,1102,,1116.0999999940395,438941.1999999881,83664,WL,C,1.0
3,1.25,learn,58750.0,Mon Jun 08 2026 15:46:50 GMT-0500 (Central Daylight Time),440189.7999999821,A,to,I,o,109,,1248.5999999940395,438941.1999999881,83664,WL,C,1.0
3,1.4830000400543213,learn,58516.99995994568,Mon Jun 08 2026 15:46:50 GMT-0500 (Central Daylight Time),440422.7999999821,A,tow,I,w,213,,1481.5999999940395,438941.1999999881,83664,WL,C,1.0
3,1.5989999771118164,learn,58401.00002288818,Mon Jun 08 2026 15:46:50 GMT-0500 (Central Daylight Time),440539.59999999404,A,towe,I,e,105,,1598.4000000059605,438941.1999999881,83664,WL,C,1.0
3,1.8659999370574951,learn,58134.000062942505,Mon Jun 08 2026 15:46:50 GMT-0500 (Central Daylight Time),440806.1999999881,A,tower,I,r,247,,1865.0,438941.1999999881,83664,WL,C,1.0
3,2.1499998569488525,learn,57850.00014305115,Mon Jun 08 2026 15:46:50 GMT-0500 (Central Daylight Time),441089.90000000596,A,towerenter,I,enter,275,,2148.7000000178814,438941.1999999881,83664,WL,C,1.0
3,2.5829999446868896,learn,57417.00005531311,Mon Jun 08 2026 15:46:50 GMT-0500 (Central Daylight Time),441523.09999999404,A,w,I,w,419,,432.59999999403954,441090.5,83664,WL,C,2.0
3,2.7660000324249268,learn,57233.99996757507,Mon Jun 08 2026 15:46:50 GMT-0500 (Central Daylight Time),441706.5,A,wh,I,h,165,,616.0,441090.5,83664,WL,C,2.0
3,3.0829999446868896,learn,56917.00005531311,Mon Jun 08 2026 15:46:50 GMT-0500 (Central Daylight Time),442023.1999999881,A,whe,I,e,304,,932.6999999880791,441090.5,83664,WL,C,2.0
3,3.182999849319458,learn,56817.00015068054,Mon Jun 08 2026 15:46:50 GMT-0500 (Central Daylight Time),442122.6999999881,A,whea,I,a,83,,1032.199999988079,441090.5,83664,WL,C,2.0
3,3.4499998092651367,learn,56550.00019073486,Mon Jun 08 2026 15:46:50 GMT-0500 (Central Daylight Time),442390.0,A,wheat,I,t,246,,1299.5,441090.5,83664,WL,C,2.0
3,4.099999904632568,learn,55900.00009536743,Mon Jun 08 2026 15:46:50 GMT-0500 (Central Daylight Time),443040.0,A,wheatenter,I,enter,640,,1949.5,441090.5,83664,WL,C,2.0
3,5.33299994468689,learn,54667.00005531311,Mon Jun 08 2026 15:46:50 GMT-0500 (Central Daylight Time),444273.1999999881,A,q,I,q,1222,,1232.699999988079,443040.5,83664,WL,C,3.0
3,5.5329999923706055,learn,54467.000007629395,Mon Jun 08 2026 15:46:50 GMT-0500 (Central Daylight Time),444473.0,A,qu,I,u,188,,1432.5,443040.5,83664,WL,C,3.0
3,5.648999929428101,learn,54351.0000705719,Mon Jun 08 2026 15:46:50 GMT-0500 (Central Daylight Time),444589.59999999404,A,que,I,e,106,,1549.0999999940395,443040.5,83664,WL,C,3.0
3,5.799000024795532,learn,54200.99997520447,Mon Jun 08 2026 15:46:50 GMT-0500 (Central Daylight Time),444739.5,A,quee,I,e,136,,1699.0,443040.5,83664,WL,C,3.0
3,5.8999998569488525,learn,54100.00014305115,Mon Jun 08 2026 15:46:50 GMT-0500 (Central Daylight Time),444839.7999999821,A,queen,I,n,85,,1799.2999999821186,443040.5,83664,WL,C,3.0
3,6.115000009536743,learn,53884.99999046326,Mon Jun 08 2026 15:46:50 GMT-0500 (Central Daylight Time),445055.59999999404,A,queenenter,I,enter,198,,2015.0999999940395,443040.5,83664,WL,C,3.0
3,6.632999897003174,learn,53367.000102996826,Mon Jun 08 2026 15:46:50 GMT-0500 (Central Daylight Time),445573.40000000596,A,s,I,s,502,,517.6000000238419,445055.7999999821,83664,WL,C,4.0
3,6.7829999923706055,learn,53217.000007629395,Mon Jun 08 2026 15:46:50 GMT-0500 (Central Daylight Time),445722.90000000596,A,su,I,u,134,,667.1000000238419,445055.7999999821,83664,WL,C,4.0
3,7.1499998569488525,learn,52850.00014305115,Mon Jun 08 2026 15:46:50 GMT-0500 (Central Daylight Time),446090.5,A,sug,I,g,354,,1034.7000000178814,445055.7999999821,83664,WL,C,4.0
3,7.315999984741211,learn,52684.00001525879,Mon Jun 08 2026 15:46:50 GMT-0500 (Central Daylight Time),446256.59999999404,A,suga,I,a,143,,1200.800000011921,445055.7999999821,83664,WL,C,4.0
3,7.516000032424927,learn,52483.99996757507,Mon Jun 08 2026 15:46:50 GMT-0500 (Central Daylight Time),446456.5,A,sugar,I,r,182,,1400.7000000178814,445055.7999999821,83664,WL,C,4.0
3,7.766000032424927,learn,52233.99996757507,Mon Jun 08 2026 15:46:50 GMT-0500 (Central Daylight Time),446706.6999999881,A,sugarenter,I,enter,238,,1650.9000000059605,445055.7999999821,83664,WL,C,4.0
3,8.248999834060669,learn,51751.00016593933,Mon Jun 08 2026 15:46:50 GMT-0500 (Central Daylight Time),447189.5,A,h,I,h,467,,482.0,446707.5,83664,WL,C,5.0
3,8.599999904632568,learn,51400.00009536743,Mon Jun 08 2026 15:46:50 GMT-0500 (Central Daylight Time),447540.0,A,ho,I,o,342,,832.5,446707.5,83664,WL,C,5.0
3,8.782999992370605,learn,51217.000007629395,Mon Jun 08 2026 15:46:50 GMT-0500 (Central Daylight Time),447723.09999999404,A,hom,I,m,172,,1015.5999999940395,446707.5,83664,WL,C,5.0
3,8.916999816894531,learn,51083.00018310547,Mon Jun 08 2026 15:46:50 GMT-0500 (Central Daylight Time),447856.90000000596,A,home,I,e,125,,1149.4000000059605,446707.5,83664,WL,C,5.0
3,9.132999897003174,learn,50867.000102996826,Mon Jun 08 2026 15:46:50 GMT-0500 (Central Daylight Time),448073.0,A,homeenter,I,enter,201,,1365.5,446707.5,83664,WL,C,5.0
3,10.365999937057495,learn,49634.000062942505,Mon Jun 08 2026 15:46:50 GMT-0500 (Central Daylight Time),449306.5,A,b,I,b,1211,,1232.7000000178814,448073.7999999821,83664,WL,C,6.0
3,10.565999984741211,learn,49434.00001525879,Mon Jun 08 2026 15:46:50 GMT-0500 (Central Daylight Time),449506.40000000596,A,bo,I,o,183,,1432.6000000238419,448073.7999999821,83664,WL,C,6.0
3,10.83299994468689,learn,49167.00005531311,Mon Jun 08 2026 15:46:50 GMT-0500 (Central Daylight Time),449773.2999999821,A,boy,I,y,254,,1699.5,448073.7999999821,83664,WL,C,6.0
3,11.432999849319458,learn,48567.00015068054,Mon Jun 08 2026 15:46:50 GMT-0500 (Central Daylight Time),450373.1999999881,A,boyenter,I,enter,590,,2299.4000000059605,448073.7999999821,83664,WL,C,6.0
3,12.248999834060669,learn,47751.00016593933,Mon Jun 08 2026 15:46:50 GMT-0500 (Central Daylight Time),451189.7999999821,A,d,I,d,809,,816.0999999940395,450373.6999999881,83664,WL,C,7.0
3,12.365999937057495,learn,47634.000062942505,Mon Jun 08 2026 15:46:50 GMT-0500 (Central Daylight Time),451306.6999999881,A,do,I,o,96,,933.0,450373.6999999881,83664,WL,C,7.0
3,12.5,learn,47500.0,Mon Jun 08 2026 15:46:50 GMT-0500 (Central Daylight Time),451440.09999999404,A,doc,I,c,112,,1066.4000000059605,450373.6999999881,83664,WL,C,7.0
3,12.698999881744385,learn,47301.000118255615,Mon Jun 08 2026 15:46:50 GMT-0500 (Central Daylight Time),451639.6999999881,A,doct,I,t,188,,1266.0,450373.6999999881,83664,WL,C,7.0
3,12.83299994468689,learn,47167.00005531311,Mon Jun 08 2026 15:46:50 GMT-0500 (Central Daylight Time),451772.90000000596,A,docto,I,o,121,,1399.2000000178814,450373.6999999881,83664,WL,C,7.0
3,12.983999967575073,learn,47016.00003242493,Mon Jun 08 2026 15:46:50 GMT-0500 (Central Daylight Time),451924.0,A,doctor,I,r,135,,1550.300000011921,450373.6999999881,83664,WL,C,7.0
3,13.132999897003174,learn,46867.000102996826,Mon Jun 08 2026 15:46:50 GMT-0500 (Central Daylight Time),452073.1999999881,A,doctorenter,I,enter,140,,1699.5,450373.6999999881,83664,WL,C,7.0
3,17.215999841690063,learn,42784.00015830994,Mon Jun 08 2026 15:46:50 GMT-0500 (Central Daylight Time),456156.1999999881,A,d,I,d,4063,,4082.5999999940395,452073.59999999404,83664,WL,C,8.0
3,17.532999992370605,learn,42467.000007629395,Mon Jun 08 2026 15:46:50 GMT-0500 (Central Daylight Time),456473.09999999404,A,,I,backspace,312,,4399.5,452073.59999999404,83664,WL,C,8.0
3,17.699999809265137,learn,42300.00019073486,Mon Jun 08 2026 15:46:50 GMT-0500 (Central Daylight Time),456640.09999999404,A,c,I,c,151,,4566.5,452073.59999999404,83664,WL,C,8.0
3,17.81599998474121,learn,42184.00001525879,Mon Jun 08 2026 15:46:50 GMT-0500 (Central Daylight Time),456756.5,A,ca,I,a,106,,4682.9000000059605,452073.59999999404,83664,WL,C,8.0
3,18.032999992370605,learn,41967.000007629395,Mon Jun 08 2026 15:46:50 GMT-0500 (Central Daylight Time),456973.5,A,cam,I,m,200,,4899.9000000059605,452073.59999999404,83664,WL,C,8.0
3,18.465999841690063,learn,41534.00015830994,Mon Jun 08 2026 15:46:50 GMT-0500 (Central Daylight Time),457406.40000000596,A,camp,I,p,419,,5332.800000011921,452073.59999999404,83664,WL,C,8.0
3,18.682999849319458,learn,41317.00015068054,Mon Jun 08 2026 15:46:50 GMT-0500 (Central Daylight Time),457623.2999999821,A,campenter,I,enter,198,,5549.699999988079,452073.59999999404,83664,WL,C,8.0
3,18.948999881744385,learn,41051.000118255615,Mon Jun 08 2026 15:46:50 GMT-0500 (Central Daylight Time),457889.7999999821,A,f,I,f,257,,265.89999997615814,457623.90000000596,83664,WL,C,9.0
3,19.115999937057495,learn,40884.000062942505,Mon Jun 08 2026 15:46:50 GMT-0500 (Central Daylight Time),458056.40000000596,A,fl,I,l,159,,432.5,457623.90000000596,83664,WL,C,9.0
3,19.25,learn,40750.0,Mon Jun 08 2026 15:46:50 GMT-0500 (Central Daylight Time),458190.09999999404,A,fla,I,a,113,,566.1999999880791,457623.90000000596,83664,WL,C,9.0
3,19.41599988937378,learn,40584.00011062622,Mon Jun 08 2026 15:46:50 GMT-0500 (Central Daylight Time),458356.90000000596,A,flag,I,g,144,,733.0,457623.90000000596,83664,WL,C,9.0
3,19.56599998474121,learn,40434.00001525879,Mon Jun 08 2026 15:46:50 GMT-0500 (Central Daylight Time),458506.90000000596,A,flagenter,I,enter,132,,883.0,457623.90000000596,83664,WL,C,9.0
3,19.949999809265137,learn,40050.00019073486,Mon Jun 08 2026 15:46:50 GMT-0500 (Central Daylight Time),458890.09999999404,A,l,I,l,369,,382.5,458507.59999999404,83664,WL,C,10.0
3,20.199999809265137,learn,39800.00019073486,Mon Jun 08 2026 15:46:50 GMT-0500 (Central Daylight Time),459140.7999999821,A,le,I,e,232,,633.1999999880791,458507.59999999404,83664,WL,C,10.0
3,20.382999897003174,learn,39617.000102996826,Mon Jun 08 2026 15:46:50 GMT-0500 (Central Daylight Time),459323.40000000596,A,let,I,t,174,,815.8000000119209,458507.59999999404,83664,WL,C,10.0
3,20.532999992370605,learn,39467.000007629395,Mon Jun 08 2026 15:46:50 GMT-0500 (Central Daylight Time),459473.2999999821,A,lett,I,t,133,,965.6999999880791,458507.59999999404,83664,WL,C,10.0
3,20.699999809265137,learn,39300.00019073486,Mon Jun 08 2026 15:46:50 GMT-0500 (Central Daylight Time),459640.09999999404,A,lette,I,e,152,,1132.5,458507.59999999404,83664,WL,C,10.0
3,20.81599998474121,learn,39184.00001525879,Mon Jun 08 2026 15:46:50 GMT-0500 (Central Daylight Time),459756.6999999881,A,letter,I,r,103,,1249.0999999940395,458507.59999999404,83664,WL,C,10.0
3,21.0,learn,39000.0,Mon Jun 08 2026 15:46:50 GMT-0500 (Central Daylight Time),459940.90000000596,A,letterenter,I,enter,177,,1433.300000011921,458507.59999999404,83664,WL,C,10.0
3,22.516000032424927,learn,37483.99996757507,Mon Jun 08 2026 15:46:50 GMT-0500 (Central Daylight Time),461456.7999999821,A,c,I,c,1497,,1515.3999999761581,459941.40000000596,83664,WL,C,11.0
3,22.715999841690063,learn,37284.00015830994,Mon Jun 08 2026 15:46:50 GMT-0500 (Central Daylight Time),461656.90000000596,A,co,I,o,183,,1715.5,459941.40000000596,83664,WL,C,11.0
3,23.049999952316284,learn,36950.000047683716,Mon Jun 08 2026 15:46:50 GMT-0500 (Central Daylight Time),461990.1999999881,A,cor,I,r,320,,2048.7999999821186,459941.40000000596,83664,WL,C,11.0
3,24.08299994468689,learn,35917.00005531311,Mon Jun 08 2026 15:46:50 GMT-0500 (Central Daylight Time),463023.6999999881,A,corn,I,n,1025,,3082.2999999821186,459941.40000000596,83664,WL,C,11.0
3,24.432999849319458,learn,35567.00015068054,Mon Jun 08 2026 15:46:50 GMT-0500 (Central Daylight Time),463373.2999999821,A,cornenter,I,enter,331,,3431.899999976158,459941.40000000596,83664,WL,C,11.0
3,25.215999841690063,learn,34784.00015830994,Mon Jun 08 2026 15:46:50 GMT-0500 (Central Daylight Time),464156.6999999881,A,n,I,n,775,,782.9000000059605,463373.7999999821,83664,WL,C,12.0
3,25.31599998474121,learn,34684.00001525879,Mon Jun 08 2026 15:46:50 GMT-0500 (Central Daylight Time),464256.6999999881,A,na,I,a,92,,882.9000000059605,463373.7999999821,83664,WL,C,12.0
3,25.49899983406067,learn,34501.00016593933,Mon Jun 08 2026 15:46:50 GMT-0500 (Central Daylight Time),464439.90000000596,A,nai,I,i,168,,1066.1000000238419,463373.7999999821,83664,WL,C,12.0
3,25.682999849319458,learn,34317.00015068054,Mon Jun 08 2026 15:46:50 GMT-0500 (Central Daylight Time),464623.5,A,nail,I,l,167,,1249.7000000178814,463373.7999999821,83664,WL,C,12.0
3,25.932999849319458,learn,34067.00015068054,Mon Jun 08 2026 15:46:50 GMT-0500 (Central Daylight Time),464873.40000000596,A,nailenter,I,enter,235,,1499.6000000238419,463373.7999999821,83664,WL,C,12.0
3,26.59999990463257,learn,33400.00009536743,Mon Jun 08 2026 15:46:50 GMT-0500 (Central Daylight Time),465541.0,A,c,I,c,644,,667.0999999940395,464873.90000000596,83664,WL,C,13.0
3,26.766000032424927,learn,33233.99996757507,Mon Jun 08 2026 15:46:50 GMT-0500 (Central Daylight Time),465706.7999999821,A,ca,I,a,151,,832.8999999761581,464873.90000000596,83664,WL,C,13.0
3,26.948999881744385,learn,33051.000118255615,Mon Jun 08 2026 15:46:50 GMT-0500 (Central Daylight Time),465890.09999999404,A,cat,I,t,163,,1016.1999999880791,464873.90000000596,83664,WL,C,13.0
3,27.098999977111816,learn,32901.00002288818,Mon Jun 08 2026 15:46:50 GMT-0500 (Central Daylight Time),466039.7999999821,A,catt,I,t,135,,1165.8999999761581,464873.90000000596,83664,WL,C,13.0
3,27.199999809265137,learn,32800.00019073486,Mon Jun 08 2026 15:46:50 GMT-0500 (Central Daylight Time),466140.09999999404,A,cattl,I,l,97,,1266.199999988079,464873.90000000596,83664,WL,C,13.0
3,27.31599998474121,learn,32684.00001525879,Mon Jun 08 2026 15:46:50 GMT-0500 (Central Daylight Time),466256.40000000596,A,cattle,I,e,104,,1382.5,464873.90000000596,83664,WL,C,13.0
3,27.516000032424927,learn,32483.999967575073,Mon Jun 08 2026 15:46:50 GMT-0500 (Central Daylight Time),466456.7999999821,A,cattleenter,I,enter,194,,1582.8999999761581,464873.90000000596,83664,WL,C,13.0
3,28.098999977111816,learn,31901.000022888184,Mon Jun 08 2026 15:46:50 GMT-0500 (Central Daylight Time),467040.09999999404,A,s,I,s,572,,583.0,466457.09999999404,83664,WL,C,14.0
3,28.23300004005432,learn,31766.99995994568,Mon Jun 08 2026 15:46:50 GMT-0500 (Central Daylight Time),467173.2999999821,A,sh,I,h,124,,716.1999999880791,466457.09999999404,83664,WL,C,14.0
3,28.382999897003174,learn,31617.000102996826,Mon Jun 08 2026 15:46:50 GMT-0500 (Central Daylight Time),467323.6999999881,A,sho,I,o,128,,866.5999999940395,466457.09999999404,83664,WL,C,14.0
3,28.532999992370605,learn,31467.000007629395,Mon Jun 08 2026 15:46:50 GMT-0500 (Central Daylight Time),467473.6999999881,A,shor,I,r,124,,1016.5999999940395,466457.09999999404,83664,WL,C,14.0
3,28.615999937057495,learn,31384.000062942505,Mon Jun 08 2026 15:46:50 GMT-0500 (Central Daylight Time),467556.90000000596,A,shore,I,e,61,,1099.800000011921,466457.09999999404,83664,WL,C,14.0
3,29.699999809265137,learn,30300.000190734863,Mon Jun 08 2026 15:46:50 GMT-0500 (Central Daylight Time),468640.90000000596,A,shoreenter,I,enter,1076,,2183.800000011921,466457.09999999404,83664,WL,C,14.0
3,32.782999992370605,learn,27217.000007629395,Mon Jun 08 2026 15:46:50 GMT-0500 (Central Daylight Time),471723.7999999821,A,b,I,b,3065,,3082.5,468641.2999999821,83664,WL,C,15.0
3,32.93299984931946,learn,27067.000150680542,Mon Jun 08 2026 15:46:50 GMT-0500 (Central Daylight Time),471873.6999999881,A,bo,I,o,118,,3232.4000000059605,468641.2999999821,83664,WL,C,15.0
3,33.01600003242493,learn,26983.999967575073,Mon Jun 08 2026 15:46:50 GMT-0500 (Central Daylight Time),471956.90000000596,A,bod,I,d,72,,3315.600000023842,468641.2999999821,83664,WL,C,15.0
3,33.16599988937378,learn,26834.00011062622,Mon Jun 08 2026 15:46:50 GMT-0500 (Central Daylight Time),472106.7999999821,A,body,I,y,132,,3465.5,468641.2999999821,83664,WL,C,15.0
3,33.46599984169006,learn,26534.000158309937,Mon Jun 08 2026 15:46:50 GMT-0500 (Central Daylight Time),472406.6999999881,A,bodyenter,I,enter,282,,3765.4000000059605,468641.2999999821,83664,WL,C,15.0
4,1.568000078201294,learn,58431.999921798706,Mon Jun 08 2026 15:46:50 GMT-0500 (Central Daylight Time),545609.599999994,A,t,I,t,1557,,1566.300000011921,544043.2999999821,83664,WL,C,1.0
4,1.7170000076293945,learn,58282.999992370605,Mon Jun 08 2026 15:46:50 GMT-0500 (Central Daylight Time),545758.5,A,to,I,o,135,,1715.2000000178814,544043.2999999821,83664,WL,C,1.0
4,1.8499999046325684,learn,58150.00009536743,Mon Jun 08 2026 15:46:50 GMT-0500 (Central Daylight Time),545891.7999999821,A,tow,I,w,126,,1848.5,544043.2999999821,83664,WL,C,1.0
4,2.0160000324249268,learn,57983.99996757507,Mon Jun 08 2026 15:46:50 GMT-0500 (Central Daylight Time),546057.7999999821,A,towe,I,e,148,,2014.5,544043.2999999821,83664,WL,C,1.0
4,2.2170000076293945,learn,57782.999992370605,Mon Jun 08 2026 15:46:50 GMT-0500 (Central Daylight Time),546258.6999999881,A,tower,I,r,187,,2215.4000000059605,544043.2999999821,83664,WL,C,1.0
4,2.5,learn,57500.0,Mon Jun 08 2026 15:46:50 GMT-0500 (Central Daylight Time),546542.0,A,towerenter,I,enter,268,,2498.7000000178814,544043.2999999821,83664,WL,C,1.0
4,4.450000047683716,learn,55549.999952316284,Mon Jun 08 2026 15:46:50 GMT-0500 (Central Daylight Time),548492.099999994,A,w,I,w,1936,,1949.4000000059605,546542.6999999881,83664,WL,C,2.0
4,4.58299994468689,learn,55417.00005531311,Mon Jun 08 2026 15:46:50 GMT-0500 (Central Daylight Time),548625.1999999881,A,wh,I,h,117,,2082.5,546542.6999999881,83664,WL,C,2.0
4,4.766999959945679,learn,55233.00004005432,Mon Jun 08 2026 15:46:50 GMT-0500 (Central Daylight Time),548808.7999999821,A,whe,I,e,169,,2266.0999999940395,546542.6999999881,83664,WL,C,2.0
4,4.983000040054321,learn,55016.99995994568,Mon Jun 08 2026 15:46:50 GMT-0500 (Central Daylight Time),549025.1999999881,A,whea,I,a,193,,2482.5,546542.6999999881,83664,WL,C,2.0
4,5.2170000076293945,learn,54782.999992370605,Mon Jun 08 2026 15:46:50 GMT-0500 (Central Daylight Time),549258.5,A,wheat,I,t,215,,2715.800000011921,546542.6999999881,83664,WL,C,2.0
4,5.433000087738037,learn,54566.99991226196,Mon Jun 08 2026 15:46:50 GMT-0500 (Central Daylight Time),549475.1999999881,A,wheatenter,I,enter,201,,2932.5,546542.6999999881,83664,WL,C,2.0
4,10.217000007629395,learn,49782.999992370605,Mon Jun 08 2026 15:46:50 GMT-0500 (Central Daylight Time),554258.900000006,A,q,I,q,4760,,4783.100000023842,549475.7999999821,83664,WL,C,3.0
4,10.33299994468689,learn,49667.00005531311,Mon Jun 08 2026 15:46:50 GMT-0500 (Central Daylight Time),554375.099999994,A,qu,I,u,108,,4899.300000011921,549475.7999999821,83664,WL,C,3.0
4,10.450000047683716,learn,49549.999952316284,Mon Jun 08 2026 15:46:50 GMT-0500 (Central Daylight Time),554492.0,A,que,I,e,106,,5016.200000017881,549475.7999999821,83664,WL,C,3.0
4,10.599999904632568,learn,49400.00009536743,Mon Jun 08 2026 15:46:50 GMT-0500 (Central Daylight Time),554642.1999999881,A,quee,I,e,132,,5166.4000000059605,549475.7999999821,83664,WL,C,3.0
4,10.700000047683716,learn,49299.999952316284,Mon Jun 08 2026 15:46:50 GMT-0500 (Central Daylight Time),554741.900000006,A,queen,I,n,81,,5266.100000023842,549475.7999999821,83664,WL,C,3.0
4,10.91700005531311,learn,49082.99994468689,Mon Jun 08 2026 15:46:50 GMT-0500 (Central Daylight Time),554958.6999999881,A,queenenter,I,enter,207,,5482.9000000059605,549475.7999999821,83664,WL,C,3.0
4,11.615999937057495,learn,48384.000062942505,Mon Jun 08 2026 15:46:50 GMT-0500 (Central Daylight Time),555658.5,A,s,I,s,686,,699.3000000119209,554959.1999999881,83664,WL,C,4.0
4,11.83299994468689,learn,48167.00005531311,Mon Jun 08 2026 15:46:50 GMT-0500 (Central Daylight Time),555875.400000006,A,su,I,u,198,,916.2000000178814,554959.1999999881,83664,WL,C,4.0
4,12.01800012588501,learn,47981.99987411499,Mon Jun 08 2026 15:46:50 GMT-0500 (Central Daylight Time),556059.599999994,A,sug,I,g,168,,1100.4000000059605,554959.1999999881,83664,WL,C,4.0
4,12.065999984741211,learn,47934.00001525879,Mon Jun 08 2026 15:46:50 GMT-0500 (Central Daylight Time),556108.400000006,A,suga,I,a,39,,1149.2000000178814,554959.1999999881,83664,WL,C,4.0
4,12.266000032424927,learn,47733.99996757507,Mon Jun 08 2026 15:46:50 GMT-0500 (Central Daylight Time),556308.400000006,A,sugar,I,r,192,,1349.2000000178814,554959.1999999881,83664,WL,C,4.0
4,12.400000095367432,learn,47599.99990463257,Mon Jun 08 2026 15:46:50 GMT-0500 (Central Daylight Time),556441.900000006,A,sugarenter,I,enter,127,,1482.7000000178814,554959.1999999881,83664,WL,C,4.0
4,12.683000087738037,learn,47316.99991226196,Mon Jun 08 2026 15:46:50 GMT-0500 (Central Daylight Time),556725.0,A,h,I,h,263,,282.5,556442.5,83664,WL,C,5.0
4,12.867000102996826,learn,47132.999897003174,Mon Jun 08 2026 15:46:50 GMT-0500 (Central Daylight Time),556908.6999999881,A,ho,I,o,166,,466.19999998807907,556442.5,83664,WL,C,5.0
4,13.000999927520752,learn,46999.00007247925,Mon Jun 08 2026 15:46:50 GMT-0500 (Central Daylight Time),557042.900000006,A,hom,I,m,124,,600.4000000059605,556442.5,83664,WL,C,5.0
4,13.133000135421753,learn,46866.99986457825,Mon Jun 08 2026 15:46:50 GMT-0500 (Central Daylight Time),557175.5,A,home,I,e,110,,733.0,556442.5,83664,WL,C,5.0
4,13.282999992370605,learn,46717.000007629395,Mon Jun 08 2026 15:46:50 GMT-0500 (Central Daylight Time),557325.400000006,A,homeenter,I,enter,135,,882.9000000059605,556442.5,83664,WL,C,5.0
4,14.16700005531311,learn,45832.99994468689,Mon Jun 08 2026 15:46:50 GMT-0500 (Central Daylight Time),558208.7999999821,A,b,I,b,875,,882.8999999761581,557325.900000006,83664,WL,C,6.0
4,14.33299994468689,learn,45667.00005531311,Mon Jun 08 2026 15:46:50 GMT-0500 (Central Daylight Time),558375.5,A,bo,I,o,146,,1049.5999999940395,557325.900000006,83664,WL,C,6.0
4,14.516999959945679,learn,45483.00004005432,Mon Jun 08 2026 15:46:50 GMT-0500 (Central Daylight Time),558558.900000006,A,boy,I,y,163,,1233.0,557325.900000006,83664,WL,C,6.0
4,14.75,learn,45250.0,Mon Jun 08 2026 15:46:50 GMT-0500 (Central Daylight Time),558792.5,A,boyenter,I,enter,211,,1466.5999999940395,557325.900000006,83664,WL,C,6.0
4,15.58299994468689,learn,44417.00005531311,Mon Jun 08 2026 15:46:50 GMT-0500 (Central Daylight Time),559625.1999999881,A,s,I,s,815,,831.9000000059605,558793.2999999821,83664,WL,C,7.0
4,15.933000087738037,learn,44066.99991226196,Mon Jun 08 2026 15:46:50 GMT-0500 (Central Daylight Time),559975.1999999881,A,,I,backspace,335,,1181.9000000059605,558793.2999999821,83664,WL,C,7.0
4,16.134000062942505,learn,43865.999937057495,Mon Jun 08 2026 15:46:50 GMT-0500 (Central Daylight Time),560176.2999999821,A,d,I,d,192,,1383.0,558793.2999999821,83664,WL,C,7.0
4,16.34999990463257,learn,43650.00009536743,Mon Jun 08 2026 15:46:50 GMT-0500 (Central Daylight Time),560392.0,A,do,I,o,206,,1598.7000000178814,558793.2999999821,83664,WL,C,7.0
4,16.433000087738037,learn,43566.99991226196,Mon Jun 08 2026 15:46:50 GMT-0500 (Central Daylight Time),560475.400000006,A,doc,I,c,75,,1682.1000000238419,558793.2999999821,83664,WL,C,7.0
4,16.65000009536743,learn,43349.99990463257,Mon Jun 08 2026 15:46:50 GMT-0500 (Central Daylight Time),560692.0,A,doct,I,t,201,,1898.7000000178814,558793.2999999821,83664,WL,C,7.0
4,16.73300004005432,learn,43266.99995994568,Mon Jun 08 2026 15:46:50 GMT-0500 (Central Daylight Time),560775.2999999821,A,docto,I,o,74,,1982.0,558793.2999999821,83664,WL,C,7.0
4,16.950999975204468,learn,43049.00002479553,Mon Jun 08 2026 15:46:50 GMT-0500 (Central Daylight Time),560993.0,A,doctor,I,r,207,,2199.7000000178814,558793.2999999821,83664,WL,C,7.0
4,17.09999990463257,learn,42900.00009536743,Mon Jun 08 2026 15:46:50 GMT-0500 (Central Daylight Time),561142.1999999881,A,doctorenter,I,enter,127,,2348.9000000059605,558793.2999999821,83664,WL,C,7.0
4,17.90000009536743,learn,42099.99990463257,Mon Jun 08 2026 15:46:50 GMT-0500 (Central Daylight Time),561942.2999999821,A,c,I,c,789,,799.7999999821186,561142.5,83664,WL,C,8.0
4,18.049999952316284,learn,41950.000047683716,Mon Jun 08 2026 15:46:50 GMT-0500 (Central Daylight Time),562092.1999999881,A,ca,I,a,139,,949.6999999880791,561142.5,83664,WL,C,8.0
4,18.18400001525879,learn,41815.99998474121,Mon Jun 08 2026 15:46:50 GMT-0500 (Central Daylight Time),562225.7999999821,A,cam,I,m,115,,1083.2999999821186,561142.5,83664,WL,C,8.0
4,18.33299994468689,learn,41667.00005531311,Mon Jun 08 2026 15:46:50 GMT-0500 (Central Daylight Time),562375.5,A,camp,I,p,128,,1233.0,561142.5,83664,WL,C,8.0
4,18.717000007629395,learn,41282.999992370605,Mon Jun 08 2026 15:46:50 GMT-0500 (Central Daylight Time),562759.0,A,campenter,I,enter,362,,1616.5,561142.5,83664,WL,C,8.0
4,20.532999992370605,learn,39467.000007629395,Mon Jun 08 2026 15:46:50 GMT-0500 (Central Daylight Time),564575.400000006,A,k,I,k,1808,,1816.0,562759.400000006,83664,WL,C,9.0
4,21.217000007629395,learn,38782.999992370605,Mon Jun 08 2026 15:46:50 GMT-0500 (Central Daylight Time),565259.0,A,,I,backspace,663,,2499.5999999940395,562759.400000006,83664,WL,C,9.0
4,22.717000007629395,learn,37282.999992370605,Mon Jun 08 2026 15:46:50 GMT-0500 (Central Daylight Time),566759.099999994,A,f,I,f,1475,,3999.699999988079,562759.400000006,83664,WL,C,9.0
4,22.816999912261963,learn,37183.00008773804,Mon Jun 08 2026 15:46:50 GMT-0500 (Central Daylight Time),566858.7999999821,A,fl,I,l,81,,4099.399999976158,562759.400000006,83664,WL,C,9.0
4,22.93400001525879,learn,37065.99998474121,Mon Jun 08 2026 15:46:50 GMT-0500 (Central Daylight Time),566976.5,A,fla,I,a,108,,4217.0999999940395,562759.400000006,83664,WL,C,9.0
4,23.15000009536743,learn,36849.99990463257,Mon Jun 08 2026 15:46:50 GMT-0500 (Central Daylight Time),567192.5,A,flag,I,g,196,,4433.0999999940395,562759.400000006,83664,WL,C,9.0
4,23.34999990463257,learn,36650.00009536743,Mon Jun 08 2026 15:46:50 GMT-0500 (Central Daylight Time),567392.1999999881,A,flagenter,I,enter,176,,4632.799999982119,562759.400000006,83664,WL,C,9.0
4,23.683000087738037,learn,36316.99991226196,Mon Jun 08 2026 15:46:50 GMT-0500 (Central Daylight Time),567725.6999999881,A,l,I,l,322,,333.09999999403954,567392.599999994,83664,WL,C,10.0
4,23.735000133514404,learn,36264.999866485596,Mon Jun 08 2026 15:46:50 GMT-0500 (Central Daylight Time),567776.7999999821,A,le,I,e,34,,384.19999998807907,567392.599999994,83664,WL,C,10.0
4,23.883000135421753,learn,36116.99986457825,Mon Jun 08 2026 15:46:50 GMT-0500 (Central Daylight Time),567925.6999999881,A,let,I,t,137,,533.0999999940395,567392.599999994,83664,WL,C,10.0
4,24.01699995994568,learn,35983.00004005432,Mon Jun 08 2026 15:46:50 GMT-0500 (Central Daylight Time),568059.0,A,lett,I,t,115,,666.4000000059605,567392.599999994,83664,WL,C,10.0
4,24.18400001525879,learn,35815.99998474121,Mon Jun 08 2026 15:46:50 GMT-0500 (Central Daylight Time),568225.900000006,A,lette,I,e,146,,833.3000000119209,567392.599999994,83664,WL,C,10.0
4,24.282999992370605,learn,35717.000007629395,Mon Jun 08 2026 15:46:50 GMT-0500 (Central Daylight Time),568325.5,A,letter,I,r,89,,932.9000000059605,567392.599999994,83664,WL,C,10.0
4,24.483999967575073,learn,35516.00003242493,Mon Jun 08 2026 15:46:50 GMT-0500 (Central Daylight Time),568526.2999999821,A,letterenter,I,enter,193,,1133.699999988079,567392.599999994,83664,WL,C,10.0
4,25.783999919891357,learn,34216.00008010864,Mon Jun 08 2026 15:46:50 GMT-0500 (Central Daylight Time),569825.900000006,A,c,I,c,1283,,1299.1000000238419,568526.7999999821,83664,WL,C,11.0
4,25.90000009536743,learn,34099.99990463257,Mon Jun 08 2026 15:46:50 GMT-0500 (Central Daylight Time),569942.2999999821,A,co,I,o,100,,1415.5,568526.7999999821,83664,WL,C,11.0
4,26.016000032424927,learn,33983.99996757507,Mon Jun 08 2026 15:46:50 GMT-0500 (Central Daylight Time),570058.6999999881,A,cor,I,r,102,,1531.9000000059605,568526.7999999821,83664,WL,C,11.0
4,26.117000102996826,learn,33882.999897003174,Mon Jun 08 2026 15:46:50 GMT-0500 (Central Daylight Time),570159.0,A,corn,I,n,89,,1632.2000000178814,568526.7999999821,83664,WL,C,11.0
4,26.316999912261963,learn,33683.00008773804,Mon Jun 08 2026 15:46:50 GMT-0500 (Central Daylight Time),570359.1999999881,A,cornenter,I,enter,191,,1832.4000000059605,568526.7999999821,83664,WL,C,11.0
4,26.532999992370605,learn,33467.000007629395,Mon Jun 08 2026 15:46:50 GMT-0500 (Central Daylight Time),570575.5,A,n,I,n,206,,215.80000001192093,570359.6999999881,83664,WL,C,12.0
4,26.66700005531311,learn,33332.99994468689,Mon Jun 08 2026 15:46:50 GMT-0500 (Central Daylight Time),570709.0,A,na,I,a,116,,349.30000001192093,570359.6999999881,83664,WL,C,12.0
4,26.782999992370605,learn,33217.000007629395,Mon Jun 08 2026 15:46:50 GMT-0500 (Central Daylight Time),570825.599999994,A,nai,I,i,108,,465.90000000596046,570359.6999999881,83664,WL,C,12.0
4,26.93400001525879,learn,33065.99998474121,Mon Jun 08 2026 15:46:50 GMT-0500 (Central Daylight Time),570976.5,A,nail,I,l,141,,616.8000000119209,570359.6999999881,83664,WL,C,12.0
4,27.18400001525879,learn,32815.99998474121,Mon Jun 08 2026 15:46:50 GMT-0500 (Central Daylight Time),571225.900000006,A,nailenter,I,enter,228,,866.2000000178814,570359.6999999881,83664,WL,C,12.0
4,27.91700005531311,learn,32082.99994468689,Mon Jun 08 2026 15:46:50 GMT-0500 (Central Daylight Time),571959.7999999821,A,c,I,c,709,,733.3999999761581,571226.400000006,83664,WL,C,13.0
4,28.049999952316284,learn,31950.000047683716,Mon Jun 08 2026 15:46:50 GMT-0500 (Central Daylight Time),572092.5,A,ca,I,a,119,,866.0999999940395,571226.400000006,83664,WL,C,13.0
4,28.26699995994568,learn,31733.00004005432,Mon Jun 08 2026 15:46:50 GMT-0500 (Central Daylight Time),572308.900000006,A,cat,I,t,203,,1082.5,571226.400000006,83664,WL,C,13.0
4,28.433000087738037,learn,31566.999912261963,Mon Jun 08 2026 15:46:50 GMT-0500 (Central Daylight Time),572475.900000006,A,catt,I,t,148,,1249.5,571226.400000006,83664,WL,C,13.0
4,28.551000118255615,learn,31448.999881744385,Mon Jun 08 2026 15:46:50 GMT-0500 (Central Daylight Time),572593.1999999881,A,cattl,I,l,93,,1366.7999999821186,571226.400000006,83664,WL,C,13.0
4,28.633000135421753,learn,31366.999864578247,Mon Jun 08 2026 15:46:50 GMT-0500 (Central Daylight Time),572675.7999999821,A,cattle,I,e,70,,1449.3999999761581,571226.400000006,83664,WL,C,13.0
4,28.782999992370605,learn,31217.000007629395,Mon Jun 08 2026 15:46:50 GMT-0500 (Central Daylight Time),572825.900000006,A,cattleenter,I,enter,138,,1599.5,571226.400000006,83664,WL,C,13.0
4,28.983999967575073,learn,31016.000032424927,Mon Jun 08 2026 15:46:50 GMT-0500 (Central Daylight Time),573026.0,A,s,I,s,181,,199.59999999403954,572826.400000006,83664,WL,C,14.0
4,29.15000009536743,learn,30849.99990463257,Mon Jun 08 2026 15:46:50 GMT-0500 (Central Daylight Time),573192.400000006,A,sh,I,h,145,,366.0,572826.400000006,83664,WL,C,14.0
4,29.283999919891357,learn,30716.000080108643,Mon Jun 08 2026 15:46:50 GMT-0500 (Central Daylight Time),573325.900000006,A,sho,I,o,113,,499.5,572826.400000006,83664,WL,C,14.0
4,29.40000009536743,learn,30599.99990463257,Mon Jun 08 2026 15:46:50 GMT-0500 (Central Daylight Time),573442.400000006,A,shor,I,r,101,,616.0,572826.400000006,83664,WL,C,14.0
4,29.5,learn,30500.0,Mon Jun 08 2026 15:46:50 GMT-0500 (Central Daylight Time),573542.400000006,A,shore,I,e,86,,716.0,572826.400000006,83664,WL,C,14.0
4,29.633000135421753,learn,30366.999864578247,Mon Jun 08 2026 15:46:50 GMT-0500 (Central Daylight Time),573675.900000006,A,shoreenter,I,enter,121,,849.5,572826.400000006,83664,WL,C,14.0
4,32.98300004005432,learn,27016.99995994568,Mon Jun 08 2026 15:46:50 GMT-0500 (Central Daylight Time),577025.7999999821,A,b,I,b,3334,,3349.2999999821186,573676.5,83664,WL,C,15.0
4,33.15000009536743,learn,26849.99990463257,Mon Jun 08 2026 15:46:50 GMT-0500 (Central Daylight Time),577192.0,A,bo,I,o,145,,3515.5,573676.5,83664,WL,C,15.0
4,33.26699995994568,learn,26733.00004005432,Mon Jun 08 2026 15:46:50 GMT-0500 (Central Daylight Time),577309.1999999881,A,bod,I,d,100,,3632.699999988079,573676.5,83664,WL,C,15.0
4,33.43400001525879,learn,26565.99998474121,Mon Jun 08 2026 15:46:50 GMT-0500 (Central Daylight Time),577476.0,A,body,I,y,154,,3799.5,573676.5,83664,WL,C,15.0
4,33.88300013542175,learn,26116.999864578247,Mon Jun 08 2026 15:46:50 GMT-0500 (Central Daylight Time),577925.7999999821,A,bodyenter,I,enter,439,,4249.299999982119,573676.5,83664,WL,C,15.0
5,0.33300018310546875,learn,60000.0,Mon Jun 08 2026 15:46:50 GMT-0500 (Central Daylight Time),644878.099999994,A,t,I,t,324,,333.5,644544.599999994,83664,WL,C,1.0
5,0.5329999923706055,learn,60000.0,Mon Jun 08 2026 15:46:50 GMT-0500 (Central Daylight Time),645077.2999999821,A,to,I,o,187,,532.6999999880791,644544.599999994,83664,WL,C,1.0
5,0.6660001277923584,learn,60000.0,Mon Jun 08 2026 15:46:50 GMT-0500 (Central Daylight Time),645210.7999999821,A,tow,I,w,117,,666.1999999880791,644544.599999994,83664,WL,C,1.0
5,1.2990000247955322,learn,60000.0,Mon Jun 08 2026 15:46:50 GMT-0500 (Central Daylight Time),645844.0,A,towe,I,e,622,,1299.4000000059605,644544.599999994,83664,WL,C,1.0
5,1.5,learn,60000.0,Mon Jun 08 2026 15:46:50 GMT-0500 (Central Daylight Time),646044.900000006,A,tower,I,r,181,,1500.300000011921,644544.599999994,83664,WL,C,1.0
5,1.883000135421753,learn,60000.0,Mon Jun 08 2026 15:46:50 GMT-0500 (Central Daylight Time),646427.599999994,A,towerenter,I,enter,371,,1883.0,644544.599999994,83664,WL,C,1.0
5,2.3330001831054688,learn,60000.0,Mon Jun 08 2026 15:46:50 GMT-0500 (Central Daylight Time),646877.599999994,A,w,I,w,434,,449.30000001192093,646428.2999999821,83664,WL,C,2.0
5,2.499000072479248,learn,60000.0,Mon Jun 08 2026 15:46:50 GMT-0500 (Central Daylight Time),647044.099999994,A,wh,I,h,157,,615.8000000119209,646428.2999999821,83664,WL,C,2.0
5,2.7330000400543213,learn,60000.0,Mon Jun 08 2026 15:46:50 GMT-0500 (Central Daylight Time),647277.900000006,A,whe,I,e,214,,849.6000000238419,646428.2999999821,83664,WL,C,2.0
5,2.9170000553131104,learn,60000.0,Mon Jun 08 2026 15:46:50 GMT-0500 (Central Daylight Time),647461.1999999881,A,whea,I,a,161,,1032.9000000059605,646428.2999999821,83664,WL,C,2.0
5,3.2160000801086426,learn,60000.0,Mon Jun 08 2026 15:46:50 GMT-0500 (Central Daylight Time),647761.099999994,A,wheat,I,t,275,,1332.800000011921,646428.2999999821,83664,WL,C,2.0
5,3.6490001678466797,learn,60000.0,Mon Jun 08 2026 15:46:50 GMT-0500 (Central Daylight Time),648194.099999994,A,wheatenter,I,enter,419,,1765.800000011921,646428.2999999821,83664,WL,C,2.0
5,4.6000001430511475,learn,60000.0,Mon Jun 08 2026 15:46:50 GMT-0500 (Central Daylight Time),649144.1999999881,A,q,I,q,928,,949.6999999880791,648194.5,83664,WL,C,3.0
5,4.7829999923706055,learn,60000.0,Mon Jun 08 2026 15:46:50 GMT-0500 (Central Daylight Time),649327.6999999881,A,qu,I,u,161,,1133.199999988079,648194.5,83664,WL,C,3.0
5,4.883000135421753,learn,60000.0,Mon Jun 08 2026 15:46:50 GMT-0500 (Central Daylight Time),649427.6999999881,A,que,I,e,77,,1233.199999988079,648194.5,83664,WL,C,3.0
5,5.016000032424927,learn,60000.0,Mon Jun 08 2026 15:46:50 GMT-0500 (Central Daylight Time),649560.7999999821,A,quee,I,e,116,,1366.2999999821186,648194.5,83664,WL,C,3.0
5,5.133000135421753,learn,60000.0,Mon Jun 08 2026 15:46:50 GMT-0500 (Central Daylight Time),649677.599999994,A,queen,I,n,101,,1483.0999999940395,648194.5,83664,WL,C,3.0
5,5.3500001430511475,learn,60000.0,Mon Jun 08 2026 15:46:50 GMT-0500 (Central Daylight Time),649894.1999999881,A,queenenter,I,enter,194,,1699.699999988079,648194.5,83664,WL,C,3.0
5,5.75,learn,60000.0,Mon Jun 08 2026 15:46:50 GMT-0500 (Central Daylight Time),650294.400000006,A,s,I,s,385,,399.5,649894.900000006,83664,WL,C,4.0
5,5.916000127792358,learn,60000.0,Mon Jun 08 2026 15:46:50 GMT-0500 (Central Daylight Time),650460.6999999881,A,su,I,u,155,,565.7999999821186,649894.900000006,83664,WL,C,4.0
5,6.183000087738037,learn,60000.0,Mon Jun 08 2026 15:46:50 GMT-0500 (Central Daylight Time),650727.5,A,sug,I,g,252,,832.5999999940395,649894.900000006,83664,WL,C,4.0
5,6.233000040054321,learn,60000.0,Mon Jun 08 2026 15:46:50 GMT-0500 (Central Daylight Time),650777.2999999821,A,suga,I,a,40,,882.3999999761581,649894.900000006,83664,WL,C,4.0
5,6.5329999923706055,learn,60000.0,Mon Jun 08 2026 15:46:50 GMT-0500 (Central Daylight Time),651077.5,A,sugar,I,r,291,,1182.5999999940395,649894.900000006,83664,WL,C,4.0
5,7.083000183105469,learn,60000.0,Mon Jun 08 2026 15:46:50 GMT-0500 (Central Daylight Time),651627.5,A,sugarenter,I,enter,531,,1732.5999999940395,649894.900000006,83664,WL,C,4.0
5,7.949000120162964,learn,60000.0,Mon Jun 08 2026 15:46:50 GMT-0500 (Central Daylight Time),652494.1999999881,A,h,I,h,858,,866.0,651628.1999999881,83664,WL,C,5.0
5,8.116000175476074,learn,60000.0,Mon Jun 08 2026 15:46:50 GMT-0500 (Central Daylight Time),652660.7999999821,A,ho,I,o,147,,1032.5999999940395,651628.1999999881,83664,WL,C,5.0
5,8.249000072479248,learn,60000.0,Mon Jun 08 2026 15:46:50 GMT-0500 (Central Daylight Time),652794.099999994,A,hom,I,m,122,,1165.9000000059605,651628.1999999881,83664,WL,C,5.0
5,8.350000143051147,learn,60000.0,Mon Jun 08 2026 15:46:50 GMT-0500 (Central Daylight Time),652894.1999999881,A,home,I,e,80,,1266.0,651628.1999999881,83664,WL,C,5.0
5,8.516000032424927,learn,60000.0,Mon Jun 08 2026 15:46:50 GMT-0500 (Central Daylight Time),653061.1999999881,A,homeenter,I,enter,144,,1433.0,651628.1999999881,83664,WL,C,5.0
5,9.534000158309937,learn,60000.0,Mon Jun 08 2026 15:46:50 GMT-0500 (Central Daylight Time),654078.400000006,A,b,I,b,1002,,1016.6000000238419,653061.7999999821,83664,WL,C,6.0
5,9.815999984741211,learn,60000.0,Mon Jun 08 2026 15:46:50 GMT-0500 (Central Daylight Time),654360.7999999821,A,bo,I,o,270,,1299.0,653061.7999999821,83664,WL,C,6.0
5,10.065999984741211,learn,60000.0,Mon Jun 08 2026 15:46:50 GMT-0500 (Central Daylight Time),654610.7999999821,A,boy,I,y,241,,1549.0,653061.7999999821,83664,WL,C,6.0
5,10.532999992370605,learn,60000.0,Mon Jun 08 2026 15:46:50 GMT-0500 (Central Daylight Time),655077.900000006,A,boyenter,I,enter,443,,2016.1000000238419,653061.7999999821,83664,WL,C,6.0
5,10.700000047683716,learn,60000.0,Mon Jun 08 2026 15:46:50 GMT-0500 (Central Daylight Time),655244.900000006,A,d,I,d,150,,166.2000000178814,655078.6999999881,83664,WL,C,7.0
5,10.833000183105469,learn,60000.0,Mon Jun 08 2026 15:46:50 GMT-0500 (Central Daylight Time),655377.599999994,A,do,I,o,114,,298.90000000596046,655078.6999999881,83664,WL,C,7.0
5,10.949000120162964,learn,60000.0,Mon Jun 08 2026 15:46:50 GMT-0500 (Central Daylight Time),655494.1999999881,A,doc,I,c,106,,415.5,655078.6999999881,83664,WL,C,7.0
5,11.183000087738037,learn,60000.0,Mon Jun 08 2026 15:46:50 GMT-0500 (Central Daylight Time),655727.7999999821,A,doct,I,t,215,,649.0999999940395,655078.6999999881,83664,WL,C,7.0
5,11.315999984741211,learn,60000.0,Mon Jun 08 2026 15:46:50 GMT-0500 (Central Daylight Time),655861.0,A,docto,I,o,111,,782.3000000119209,655078.6999999881,83664,WL,C,7.0
5,11.433000087738037,learn,60000.0,Mon Jun 08 2026 15:46:50 GMT-0500 (Central Daylight Time),655978.0,A,doctor,I,r,105,,899.3000000119209,655078.6999999881,83664,WL,C,7.0
5,11.616000175476074,learn,60000.0,Mon Jun 08 2026 15:46:50 GMT-0500 (Central Daylight Time),656160.900000006,A,doctorenter,I,enter,173,,1082.2000000178814,655078.6999999881,83664,WL,C,7.0
5,12.282999992370605,learn,60000.0,Mon Jun 08 2026 15:46:50 GMT-0500 (Central Daylight Time),656827.7999999821,A,c,I,c,645,,666.2999999821186,656161.5,83664,WL,C,8.0
5,12.433000087738037,learn,60000.0,Mon Jun 08 2026 15:46:50 GMT-0500 (Central Daylight Time),656978.099999994,A,ca,I,a,142,,816.5999999940395,656161.5,83664,WL,C,8.0
5,12.565999984741211,learn,60000.0,Mon Jun 08 2026 15:46:50 GMT-0500 (Central Daylight Time),657111.2999999821,A,cam,I,m,112,,949.7999999821186,656161.5,83664,WL,C,8.0
5,12.700000047683716,learn,60000.0,Mon Jun 08 2026 15:46:50 GMT-0500 (Central Daylight Time),657244.599999994,A,camp,I,p,126,,1083.0999999940395,656161.5,83664,WL,C,8.0
5,12.983000040054321,learn,60000.0,Mon Jun 08 2026 15:46:50 GMT-0500 (Central Daylight Time),657527.7999999821,A,campenter,I,enter,269,,1366.2999999821186,656161.5,83664,WL,C,8.0
5,14.315999984741211,learn,60000.0,Mon Jun 08 2026 15:46:50 GMT-0500 (Central Daylight Time),658861.099999994,A,f,I,f,1316,,1332.9000000059605,657528.1999999881,83664,WL,C,9.0
5,14.416000127792358,learn,60000.0,Mon Jun 08 2026 15:46:50 GMT-0500 (Central Daylight Time),658961.0,A,fl,I,l,84,,1432.800000011921,657528.1999999881,83664,WL,C,9.0
5,14.5,learn,60000.0,Mon Jun 08 2026 15:46:50 GMT-0500 (Central Daylight Time),659044.5,A,fla,I,a,73,,1516.300000011921,657528.1999999881,83664,WL,C,9.0
5,14.650000095367432,learn,60000.0,Mon Jun 08 2026 15:46:50 GMT-0500 (Central Daylight Time),659194.400000006,A,flag,I,g,141,,1666.2000000178814,657528.1999999881,83664,WL,C,9.0
5,14.784000158309937,learn,60000.0,Mon Jun 08 2026 15:46:50 GMT-0500 (Central Daylight Time),659328.599999994,A,flagenter,I,enter,110,,1800.4000000059605,657528.1999999881,83664,WL,C,9.0
5,15.08400011062622,learn,60000.0,Mon Jun 08 2026 15:46:50 GMT-0500 (Central Daylight Time),659628.5,A,l,I,l,291,,299.5,659329.0,83664,WL,C,10.0
5,15.200000047683716,learn,60000.0,Mon Jun 08 2026 15:46:50 GMT-0500 (Central Daylight Time),659744.599999994,A,le,I,e,92,,415.59999999403954,659329.0,83664,WL,C,10.0
5,15.383000135421753,learn,60000.0,Mon Jun 08 2026 15:46:50 GMT-0500 (Central Daylight Time),659927.900000006,A,let,I,t,160,,598.9000000059605,659329.0,83664,WL,C,10.0
5,15.532999992370605,learn,60000.0,Mon Jun 08 2026 15:46:50 GMT-0500 (Central Daylight Time),660077.400000006,A,lett,I,t,128,,748.4000000059605,659329.0,83664,WL,C,10.0
5,15.616000175476074,learn,60000.0,Mon Jun 08 2026 15:46:50 GMT-0500 (Central Daylight Time),660161.099999994,A,lette,I,e,77,,832.0999999940395,659329.0,83664,WL,C,10.0
5,15.75,learn,60000.0,Mon Jun 08 2026 15:46:50 GMT-0500 (Central Daylight Time),660294.2999999821,A,letter,I,r,118,,965.2999999821186,659329.0,83664,WL,C,10.0
5,15.950000047683716,learn,60000.0,Mon Jun 08 2026 15:46:50 GMT-0500 (Central Daylight Time),660494.7999999821,A,letterenter,I,enter,180,,1165.7999999821186,659329.0,83664,WL,C,10.0
5,18.75,learn,60000.0,Mon Jun 08 2026 15:46:50 GMT-0500 (Central Daylight Time),663294.5,A,c,I,c,2787,,2799.0999999940395,660495.400000006,83664,WL,C,11.0
5,18.83300018310547,learn,60000.0,Mon Jun 08 2026 15:46:50 GMT-0500 (Central Daylight Time),663377.7999999821,A,co,I,o,72,,2882.399999976158,660495.400000006,83664,WL,C,11.0
5,19.0,learn,60000.0,Mon Jun 08 2026 15:46:50 GMT-0500 (Central Daylight Time),663544.599999994,A,cor,I,r,146,,3049.199999988079,660495.400000006,83664,WL,C,11.0
5,19.266000032424927,learn,60000.0,Mon Jun 08 2026 15:46:50 GMT-0500 (Central Daylight Time),663811.1999999881,A,corn,I,n,256,,3315.7999999821186,660495.400000006,83664,WL,C,11.0
5,19.467000007629395,learn,60000.0,Mon Jun 08 2026 15:46:50 GMT-0500 (Central Daylight Time),664012.0,A,cornenter,I,enter,184,,3516.5999999940395,660495.400000006,83664,WL,C,11.0
5,20.050000190734863,learn,60000.0,Mon Jun 08 2026 15:46:50 GMT-0500 (Central Daylight Time),664594.5,A,n,I,n,570,,582.0999999940395,664012.400000006,83664,WL,C,12.0
5,20.15000009536743,learn,60000.0,Mon Jun 08 2026 15:46:50 GMT-0500 (Central Daylight Time),664694.599999994,A,na,I,a,85,,682.1999999880791,664012.400000006,83664,WL,C,12.0
5,20.25,learn,60000.0,Mon Jun 08 2026 15:46:50 GMT-0500 (Central Daylight Time),664794.599999994,A,nai,I,i,93,,782.1999999880791,664012.400000006,83664,WL,C,12.0
5,20.41600012779236,learn,60000.0,Mon Jun 08 2026 15:46:50 GMT-0500 (Central Daylight Time),664961.400000006,A,nail,I,l,152,,949.0,664012.400000006,83664,WL,C,12.0
5,20.633000135421753,learn,60000.0,Mon Jun 08 2026 15:46:50 GMT-0500 (Central Daylight Time),665177.6999999881,A,nailenter,I,enter,207,,1165.2999999821186,664012.400000006,83664,WL,C,12.0
5,21.216000080108643,learn,60000.0,Mon Jun 08 2026 15:46:50 GMT-0500 (Central Daylight Time),665761.2999999821,A,s,I,s,560,,583.0999999940395,665178.1999999881,83664,WL,C,13.0
5,21.550000190734863,learn,60000.0,Mon Jun 08 2026 15:46:50 GMT-0500 (Central Daylight Time),666095.2999999821,A,,I,backspace,319,,917.0999999940395,665178.1999999881,83664,WL,C,13.0
5,21.683000087738037,learn,60000.0,Mon Jun 08 2026 15:46:50 GMT-0500 (Central Daylight Time),666227.900000006,A,c,I,c,123,,1049.7000000178814,665178.1999999881,83664,WL,C,13.0
5,21.83300018310547,learn,60000.0,Mon Jun 08 2026 15:46:50 GMT-0500 (Central Daylight Time),666377.7999999821,A,ca,I,a,131,,1199.5999999940395,665178.1999999881,83664,WL,C,13.0
5,22.133000135421753,learn,60000.0,Mon Jun 08 2026 15:46:50 GMT-0500 (Central Daylight Time),666678.099999994,A,cat,I,t,282,,1499.9000000059605,665178.1999999881,83664,WL,C,13.0
5,22.282999992370605,learn,60000.0,Mon Jun 08 2026 15:46:50 GMT-0500 (Central Daylight Time),666827.7999999821,A,catt,I,t,130,,1649.5999999940395,665178.1999999881,83664,WL,C,13.0
5,22.466000080108643,learn,60000.0,Mon Jun 08 2026 15:46:50 GMT-0500 (Central Daylight Time),667011.2999999821,A,cattl,I,l,164,,1833.0999999940395,665178.1999999881,83664,WL,C,13.0
5,22.56599998474121,learn,60000.0,Mon Jun 08 2026 15:46:50 GMT-0500 (Central Daylight Time),667111.400000006,A,cattle,I,e,83,,1933.2000000178814,665178.1999999881,83664,WL,C,13.0
5,22.73300004005432,learn,60000.0,Mon Jun 08 2026 15:46:50 GMT-0500 (Central Daylight Time),667278.2999999821,A,cattleenter,I,enter,149,,2100.0999999940395,665178.1999999881,83664,WL,C,13.0
5,24.032999992370605,learn,60000.0,Mon Jun 08 2026 15:46:50 GMT-0500 (Central Daylight Time),668577.900000006,A,s,I,s,1289,,1299.2000000178814,667278.6999999881,83664,WL,C,14.0
5,24.15000009536743,learn,60000.0,Mon Jun 08 2026 15:46:50 GMT-0500 (Central Daylight Time),668694.6999999881,A,sh,I,h,97,,1416.0,667278.6999999881,83664,WL,C,14.0
5,24.300000190734863,learn,60000.0,Mon Jun 08 2026 15:46:50 GMT-0500 (Central Daylight Time),668845.0,A,sho,I,o,131,,1566.300000011921,667278.6999999881,83664,WL,C,14.0
5,24.433000087738037,learn,60000.0,Mon Jun 08 2026 15:46:50 GMT-0500 (Central Daylight Time),668978.099999994,A,shor,I,r,111,,1699.4000000059605,667278.6999999881,83664,WL,C,14.0
5,24.516000032424927,learn,60000.0,Mon Jun 08 2026 15:46:50 GMT-0500 (Central Daylight Time),669061.400000006,A,shore,I,e,74,,1782.7000000178814,667278.6999999881,83664,WL,C,14.0
5,24.633000135421753,learn,60000.0,Mon Jun 08 2026 15:46:50 GMT-0500 (Central Daylight Time),669177.900000006,A,shoreenter,I,enter,95,,1899.2000000178814,667278.6999999881,83664,WL,C,14.0
5,29.350000143051147,learn,60000.0,Mon Jun 08 2026 15:46:50 GMT-0500 (Central Daylight Time),673894.900000006,A,b,I,b,4692,,4716.600000023842,669178.2999999821,83664,WL,C,15.0
5,29.48300004005432,learn,60000.0,Mon Jun 08 2026 15:46:50 GMT-0500 (Central Daylight Time),674028.2999999821,A,bo,I,o,121,,4850.0,669178.2999999821,83664,WL,C,15.0
5,29.58300018310547,learn,60000.0,Mon Jun 08 2026 15:46:50 GMT-0500 (Central Daylight Time),674128.099999994,A,bod,I,d,88,,4949.800000011921,669178.2999999821,83664,WL,C,15.0
5,29.716000080108643,learn,60000.0,Mon Jun 08 2026 15:46:50 GMT-0500 (Central Daylight Time),674261.5,A,body,I,y,118,,5083.200000017881,669178.2999999821,83664,WL,C,15.0
5,29.933000087738037,learn,60000.0,Mon Jun 08 2026 15:46:50 GMT-0500 (Central Daylight Time),674478.099999994,A,bodyenter,I,enter,197,,5299.800000011921,669178.2999999821,83664,WL,C,15.0
6,2.617000102996826,distr,57382.999897003174,Mon Jun 08 2026 15:46:50 GMT-0500 (Central Daylight Time),804547.900000006,B,s,I,s,2594,,2615.800000011921,801932.099999994,83664,WL,C,1.0
6,2.799999952316284,distr,57200.000047683716,Mon Jun 08 2026 15:46:50 GMT-0500 (Central Daylight Time),804731.1999999881,B,sk,I,k,173,,2799.0999999940395,801932.099999994,83664,WL,C,1.0
6,3.1489999294281006,distr,56851.0000705719,Mon Jun 08 2026 15:46:50 GMT-0500 (Central Daylight Time),805080.099999994,B,sky,I,y,341,,3148.0,801932.099999994,83664,WL,C,1.0
6,4.7170000076293945,distr,55282.999992370605,Mon Jun 08 2026 15:46:50 GMT-0500 (Central Daylight Time),806648.5,B,skyenter,I,enter,1554,,4716.4000000059605,801932.099999994,83664,WL,C,1.0
6,6.700000047683716,distr,53299.999952316284,Mon Jun 08 2026 15:46:50 GMT-0500 (Central Daylight Time),808631.2999999821,B,d,I,d,1970,,1981.5999999940395,806649.6999999881,83664,WL,C,2.0
6,6.799999952316284,distr,53200.000047683716,Mon Jun 08 2026 15:46:50 GMT-0500 (Central Daylight Time),808731.099999994,B,do,I,o,86,,2081.4000000059605,806649.6999999881,83664,WL,C,2.0
6,7.0329999923706055,distr,52967.000007629395,Mon Jun 08 2026 15:46:50 GMT-0500 (Central Daylight Time),808964.6999999881,B,dol,I,l,208,,2315.0,806649.6999999881,83664,WL,C,2.0
6,7.150000095367432,distr,52849.99990463257,Mon Jun 08 2026 15:46:50 GMT-0500 (Central Daylight Time),809081.1999999881,B,doll,I,l,103,,2431.5,806649.6999999881,83664,WL,C,2.0
6,7.516999959945679,distr,52483.00004005432,Mon Jun 08 2026 15:46:50 GMT-0500 (Central Daylight Time),809447.7999999821,B,dolla,I,a,354,,2798.0999999940395,806649.6999999881,83664,WL,C,2.0
6,7.700999975204468,distr,52299.00002479553,Mon Jun 08 2026 15:46:50 GMT-0500 (Central Daylight Time),809632.1999999881,B,dollar,I,r,162,,2982.5,806649.6999999881,83664,WL,C,2.0
6,7.867000102996826,distr,52132.999897003174,Mon Jun 08 2026 15:46:50 GMT-0500 (Central Daylight Time),809797.900000006,B,dollarenter,I,enter,144,,3148.2000000178814,806649.6999999881,83664,WL,C,2.0
6,12.282000064849854,distr,47717.99993515015,Mon Jun 08 2026 15:46:50 GMT-0500 (Central Daylight Time),814213.599999994,B,d,I,d,4403,,4415.300000011921,809798.2999999821,83664,WL,C,3.0
6,12.568000078201294,distr,47431.999921798706,Mon Jun 08 2026 15:46:50 GMT-0500 (Central Daylight Time),814498.900000006,B,di,I,i,276,,4700.600000023842,809798.2999999821,83664,WL,C,3.0
6,12.66700005531311,distr,47332.99994468689,Mon Jun 08 2026 15:46:50 GMT-0500 (Central Daylight Time),814597.900000006,B,dia,I,a,88,,4799.600000023842,809798.2999999821,83664,WL,C,3.0
6,12.916000127792358,distr,47083.99987220764,Mon Jun 08 2026 15:46:50 GMT-0500 (Central Daylight Time),814847.400000006,B,diam,I,m,236,,5049.100000023842,809798.2999999821,83664,WL,C,3.0
6,13.100000143051147,distr,46899.99985694885,Mon Jun 08 2026 15:46:50 GMT-0500 (Central Daylight Time),815031.400000006,B,diamo,I,o,162,,5233.100000023842,809798.2999999821,83664,WL,C,3.0
6,13.367000102996826,distr,46632.999897003174,Mon Jun 08 2026 15:46:50 GMT-0500 (Central Daylight Time),815298.1999999881,B,diamon,I,n,246,,5499.9000000059605,809798.2999999821,83664,WL,C,3.0
6,13.717000007629395,distr,46282.999992370605,Mon Jun 08 2026 15:46:50 GMT-0500 (Central Daylight Time),815648.0,B,diamond,I,d,331,,5849.700000017881,809798.2999999821,83664,WL,C,3.0
6,15.282999992370605,distr,44717.000007629395,Mon Jun 08 2026 15:46:50 GMT-0500 (Central Daylight Time),817214.6999999881,B,diamondenter,I,enter,1548,,7416.4000000059605,809798.2999999821,83664,WL,C,3.0
6,16.91700005531311,distr,43082.99994468689,Mon Jun 08 2026 15:46:50 GMT-0500 (Central Daylight Time),818848.1999999881,B,h,I,h,1610,,1632.7999999821186,817215.400000006,83664,WL,C,4.0
6,17.049999952316284,distr,42950.000047683716,Mon Jun 08 2026 15:46:50 GMT-0500 (Central Daylight Time),818981.599999994,B,ha,I,a,117,,1766.199999988079,817215.400000006,83664,WL,C,4.0
6,17.16700005531311,distr,42832.99994468689,Mon Jun 08 2026 15:46:50 GMT-0500 (Central Daylight Time),819098.099999994,B,hal,I,l,108,,1882.699999988079,817215.400000006,83664,WL,C,4.0
6,17.316999912261963,distr,42683.00008773804,Mon Jun 08 2026 15:46:50 GMT-0500 (Central Daylight Time),819248.400000006,B,hall,I,l,135,,2033.0,817215.400000006,83664,WL,C,4.0
6,17.683000087738037,distr,42316.99991226196,Mon Jun 08 2026 15:46:50 GMT-0500 (Central Daylight Time),819614.6999999881,B,hallenter,I,enter,358,,2399.2999999821186,817215.400000006,83664,WL,C,4.0
6,19.700000047683716,distr,40299.999952316284,Mon Jun 08 2026 15:46:50 GMT-0500 (Central Daylight Time),821631.400000006,B,b,I,b,2009,,2016.2000000178814,819615.1999999881,83664,WL,C,5.0
6,19.867000102996826,distr,40132.999897003174,Mon Jun 08 2026 15:46:50 GMT-0500 (Central Daylight Time),821798.099999994,B,bu,I,u,147,,2182.9000000059605,819615.1999999881,83664,WL,C,5.0
6,19.98300004005432,distr,40016.99995994568,Mon Jun 08 2026 15:46:50 GMT-0500 (Central Daylight Time),821914.6999999881,B,but,I,t,108,,2299.5,819615.1999999881,83664,WL,C,5.0
6,20.15000009536743,distr,39849.99990463257,Mon Jun 08 2026 15:46:50 GMT-0500 (Central Daylight Time),822081.099999994,B,butt,I,t,152,,2465.9000000059605,819615.1999999881,83664,WL,C,5.0
6,20.299999952316284,distr,39700.000047683716,Mon Jun 08 2026 15:46:50 GMT-0500 (Central Daylight Time),822231.599999994,B,buttl,I,l,144,,2616.4000000059605,819615.1999999881,83664,WL,C,5.0
6,20.450000047683716,distr,39549.999952316284,Mon Jun 08 2026 15:46:50 GMT-0500 (Central Daylight Time),822381.5,B,buttle,I,e,128,,2766.300000011921,819615.1999999881,83664,WL,C,5.0
6,20.532999992370605,distr,39467.000007629395,Mon Jun 08 2026 15:46:50 GMT-0500 (Central Daylight Time),822464.7999999821,B,buttler,I,r,70,,2849.5999999940395,819615.1999999881,83664,WL,C,5.0
6,20.883000135421753,distr,39116.99986457825,Mon Jun 08 2026 15:46:50 GMT-0500 (Central Daylight Time),822814.5,B,buttle,I,backspace,342,,3199.300000011921,819615.1999999881,83664,WL,C,5.0
6,21.049999952316284,distr,38950.000047683716,Mon Jun 08 2026 15:46:50 GMT-0500 (Central Daylight Time),822981.599999994,B,buttl,I,backspace,150,,3366.4000000059605,819615.1999999881,83664,WL,C,5.0
6,21.549999952316284,distr,38450.000047683716,Mon Jun 08 2026 15:46:50 GMT-0500 (Central Daylight Time),823481.599999994,B,butt,I,backspace,482,,3866.4000000059605,819615.1999999881,83664,WL,C,5.0
6,21.783999919891357,distr,38216.00008010864,Mon Jun 08 2026 15:46:50 GMT-0500 (Central Daylight Time),823715.599999994,B,butte,I,e,216,,4100.4000000059605,819615.1999999881,83664,WL,C,5.0
6,21.883000135421753,distr,38116.99986457825,Mon Jun 08 2026 15:46:50 GMT-0500 (Central Daylight Time),823814.900000006,B,butter,I,r,81,,4199.700000017881,819615.1999999881,83664,WL,C,5.0
6,22.100000143051147,distr,37899.99985694885,Mon Jun 08 2026 15:46:50 GMT-0500 (Central Daylight Time),824031.6999999881,B,butterenter,I,enter,197,,4416.5,819615.1999999881,83664,WL,C,5.0
6,22.600000143051147,distr,37399.99985694885,Mon Jun 08 2026 15:46:50 GMT-0500 (Central Daylight Time),824531.1999999881,B,v,I,v,480,,499.0,824032.1999999881,83664,WL,C,6.0
6,22.700000047683716,distr,37299.999952316284,Mon Jun 08 2026 15:46:50 GMT-0500 (Central Daylight Time),824631.5,B,va,I,a,86,,599.3000000119209,824032.1999999881,83664,WL,C,6.0
6,22.868000030517578,distr,37131.99996948242,Mon Jun 08 2026 15:46:50 GMT-0500 (Central Daylight Time),824799.1999999881,B,val,I,l,150,,767.0,824032.1999999881,83664,WL,C,6.0
6,22.983999967575073,distr,37016.00003242493,Mon Jun 08 2026 15:46:50 GMT-0500 (Central Daylight Time),824915.0,B,vall,I,l,94,,882.8000000119209,824032.1999999881,83664,WL,C,6.0
6,23.08400011062622,distr,36915.99988937378,Mon Jun 08 2026 15:46:50 GMT-0500 (Central Daylight Time),825015.1999999881,B,valle,I,e,85,,983.0,824032.1999999881,83664,WL,C,6.0
6,23.26699995994568,distr,36733.00004005432,Mon Jun 08 2026 15:46:50 GMT-0500 (Central Daylight Time),825198.400000006,B,valley,I,y,164,,1166.2000000178814,824032.1999999881,83664,WL,C,6.0
6,23.933000087738037,distr,36066.99991226196,Mon Jun 08 2026 15:46:50 GMT-0500 (Central Daylight Time),825865.0,B,valleyenter,I,enter,656,,1832.800000011921,824032.1999999881,83664,WL,C,6.0
6,38.217000007629395,distr,21782.999992370605,Mon Jun 08 2026 15:46:50 GMT-0500 (Central Daylight Time),840149.2999999821,B,w,I,w,14264,,14283.899999976158,825865.400000006,83664,WL,C,7.0
6,38.35000014305115,distr,21649.999856948853,Mon Jun 08 2026 15:46:50 GMT-0500 (Central Daylight Time),840282.0,B,wi,I,i,112,,14416.59999999404,825865.400000006,83664,WL,C,7.0
6,38.551000118255615,distr,21448.999881744385,Mon Jun 08 2026 15:46:50 GMT-0500 (Central Daylight Time),840482.7999999821,B,win,I,n,177,,14617.399999976158,825865.400000006,83664,WL,C,7.0
6,38.700000047683716,distr,21299.999952316284,Mon Jun 08 2026 15:46:50 GMT-0500 (Central Daylight Time),840632.1999999881,B,wint,I,t,131,,14766.799999982119,825865.400000006,83664,WL,C,7.0
6,38.90000009536743,distr,21099.99990463257,Mon Jun 08 2026 15:46:50 GMT-0500 (Central Daylight Time),840832.099999994,B,winte,I,e,184,,14966.699999988079,825865.400000006,83664,WL,C,7.0
6,38.985000133514404,distr,21014.999866485596,Mon Jun 08 2026 15:46:50 GMT-0500 (Central Daylight Time),840916.400000006,B,winter,I,r,66,,15051.0,825865.400000006,83664,WL,C,7.0
6,39.884000062942505,distr,20115.999937057495,Mon Jun 08 2026 15:46:50 GMT-0500 (Central Daylight Time),841815.5,B,winterenter,I,enter,888,,15950.09999999404,825865.400000006,83664,WL,C,7.0
6,40.549999952316284,distr,19450.000047683716,Mon Jun 08 2026 15:46:50 GMT-0500 (Central Daylight Time),842482.099999994,B,m,I,m,659,,666.0,841816.099999994,83664,WL,C,8.0
6,40.73399996757507,distr,19266.000032424927,Mon Jun 08 2026 15:46:50 GMT-0500 (Central Daylight Time),842665.6999999881,B,mo,I,o,160,,849.5999999940395,841816.099999994,83664,WL,C,8.0
6,41.10000014305115,distr,18899.999856948853,Mon Jun 08 2026 15:46:50 GMT-0500 (Central Daylight Time),843031.900000006,B,mot,I,t,356,,1215.800000011921,841816.099999994,83664,WL,C,8.0
6,41.18400001525879,distr,18815.99998474121,Mon Jun 08 2026 15:46:50 GMT-0500 (Central Daylight Time),843115.400000006,B,moth,I,h,74,,1299.300000011921,841816.099999994,83664,WL,C,8.0
6,41.33299994468689,distr,18667.00005531311,Mon Jun 08 2026 15:46:50 GMT-0500 (Central Daylight Time),843265.0,B,mothe,I,e,139,,1448.9000000059605,841816.099999994,83664,WL,C,8.0
6,41.43400001525879,distr,18565.99998474121,Mon Jun 08 2026 15:46:50 GMT-0500 (Central Daylight Time),843365.5,B,mother,I,r,84,,1549.4000000059605,841816.099999994,83664,WL,C,8.0
6,41.56699991226196,distr,18433.000087738037,Mon Jun 08 2026 15:46:50 GMT-0500 (Central Daylight Time),843498.7999999821,B,motherenter,I,enter,111,,1682.699999988079,841816.099999994,83664,WL,C,8.0
6,42.117000102996826,distr,17882.999897003174,Mon Jun 08 2026 15:46:50 GMT-0500 (Central Daylight Time),844048.900000006,B,c,I,c,527,,549.4000000059605,843499.5,83664,WL,C,9.0
6,42.217000007629395,distr,17782.999992370605,Mon Jun 08 2026 15:46:50 GMT-0500 (Central Daylight Time),844148.900000006,B,ch,I,h,92,,649.4000000059605,843499.5,83664,WL,C,9.0
6,42.467000007629395,distr,17532.999992370605,Mon Jun 08 2026 15:46:50 GMT-0500 (Central Daylight Time),844398.6999999881,B,chr,I,r,231,,899.1999999880791,843499.5,83664,WL,C,9.0
6,42.587000131607056,distr,17412.999868392944,Mon Jun 08 2026 15:46:50 GMT-0500 (Central Daylight Time),844519.099999994,B,chri,I,i,104,,1019.5999999940395,843499.5,83664,WL,C,9.0
6,42.81699991226196,distr,17183.000087738037,Mon Jun 08 2026 15:46:50 GMT-0500 (Central Daylight Time),844748.6999999881,B,chris,I,s,222,,1249.199999988079,843499.5,83664,WL,C,9.0
6,43.01699995994568,distr,16983.00004005432,Mon Jun 08 2026 15:46:50 GMT-0500 (Central Daylight Time),844949.0,B,christ,I,t,179,,1449.5,843499.5,83664,WL,C,9.0
6,43.16700005531311,distr,16832.99994468689,Mon Jun 08 2026 15:46:50 GMT-0500 (Central Daylight Time),845098.7999999821,B,christm,I,m,128,,1599.2999999821186,843499.5,83664,WL,C,9.0
6,43.33400011062622,distr,16665.99988937378,Mon Jun 08 2026 15:46:50 GMT-0500 (Central Daylight Time),845265.6999999881,B,christma,I,a,158,,1766.199999988079,843499.5,83664,WL,C,9.0
6,43.51699995994568,distr,16483.00004005432,Mon Jun 08 2026 15:46:50 GMT-0500 (Central Daylight Time),845449.0,B,christmas,I,s,166,,1949.5,843499.5,83664,WL,C,9.0
6,43.68400001525879,distr,16315.999984741211,Mon Jun 08 2026 15:46:50 GMT-0500 (Central Daylight Time),845615.400000006,B,christmasenter,I,enter,158,,2115.9000000059605,843499.5,83664,WL,C,9.0
6,56.23399996757507,distr,3766.0000324249268,Mon Jun 08 2026 15:46:50 GMT-0500 (Central Daylight Time),858166.099999994,B,p,I,p,12531,,12550.0,845616.099999994,83664,WL,C,10.0
6,56.384000062942505,distr,3615.999937057495,Mon Jun 08 2026 15:46:50 GMT-0500 (Central Daylight Time),858315.6999999881,B,pl,I,l,136,,12699.59999999404,845616.099999994,83664,WL,C,10.0
6,56.53399991989136,distr,3466.0000801086426,Mon Jun 08 2026 15:46:50 GMT-0500 (Central Daylight Time),858465.7999999821,B,pla,I,a,132,,12849.699999988079,845616.099999994,83664,WL,C,10.0
6,56.66799998283386,distr,3332.0000171661377,Mon Jun 08 2026 15:46:50 GMT-0500 (Central Daylight Time),858600.0,B,plan,I,n,115,,12983.90000000596,845616.099999994,83664,WL,C,10.0
6,57.66700005531311,distr,2332.9999446868896,Mon Jun 08 2026 15:46:50 GMT-0500 (Central Daylight Time),859599.2999999821,B,plant,I,t,981,,13983.199999988079,845616.099999994,83664,WL,C,10.0
6,57.83400011062622,distr,2165.9998893737793,Mon Jun 08 2026 15:46:50 GMT-0500 (Central Daylight Time),859766.0,B,plantenter,I,enter,147,,14149.90000000596,845616.099999994,83664,WL,C,10.0
6,58.28399991989136,distr,1716.0000801086426,Mon Jun 08 2026 15:46:50 GMT-0500 (Central Daylight Time),860215.7999999821,B,m,I,m,428,,449.09999999403954,859766.6999999881,83664,WL,C,11.0
6,58.41700005531311,distr,1582.9999446868896,Mon Jun 08 2026 15:46:50 GMT-0500 (Central Daylight Time),860349.1999999881,B,mo,I,o,111,,582.5,859766.6999999881,83664,WL,C,11.0
6,58.53399991989136,distr,1466.0000801086426,Mon Jun 08 2026 15:46:50 GMT-0500 (Central Daylight Time),860465.7999999821,B,mon,I,n,94,,699.0999999940395,859766.6999999881,83664,WL,C,11.0
6,58.66799998283386,distr,1332.0000171661377,Mon Jun 08 2026 15:46:50 GMT-0500 (Central Daylight Time),860600.5,B,mone,I,e,118,,833.8000000119209,859766.6999999881,83664,WL,C,11.0
6,58.801000118255615,distr,1198.9998817443848,Mon Jun 08 2026 15:46:50 GMT-0500 (Central Daylight Time),860733.1999999881,B,money,I,y,123,,966.5,859766.6999999881,83664,WL,C,11.0
6,59.08400011062622,distr,915.9998893737793,Mon Jun 08 2026 15:46:50 GMT-0500 (Central Daylight Time),861016.0,B,moneyenter,I,enter,275,,1249.300000011921,859766.6999999881,83664,WL,C,11.0
6,59.56699991226196,distr,433.0000877380371,Mon Jun 08 2026 15:46:50 GMT-0500 (Central Daylight Time),861499.5,B,h,I,h,461,,483.0,861016.5,83664,WL,C,12.0
6,59.700000047683716,distr,299.9999523162842,Mon Jun 08 2026 15:46:50 GMT-0500 (Central Daylight Time),861632.599999994,B,ho,I,o,115,,616.0999999940395,861016.5,83664,WL,C,12.0
6,59.90000009536743,distr,99.99990463256836,Mon Jun 08 2026 15:46:50 GMT-0500 (Central Daylight Time),861832.400000006,B,hot,I,t,190,,815.9000000059605,861016.5,83664,WL,C,12.0
6,60.01600003242493,distr,-16.000032424926758,Mon Jun 08 2026 15:46:50 GMT-0500 (Central Daylight Time),861948.599999994,B,hotNone,I,None,107,,932.0999999940395,861016.5,83664,WL,C,12.0
7,15.733000040054321,immed,44266.99995994568,Mon Jun 08 2026 15:46:50 GMT-0500 (Central Daylight Time),896133.400000006,A,t,I,t,15722,,15732.5,880400.900000006,83664,WL,C,1.0
7,15.933000087738037,immed,44066.99991226196,Mon Jun 08 2026 15:46:50 GMT-0500 (Central Daylight Time),896334.099999994,A,to,I,o,179,,15933.199999988079,880400.900000006,83664,WL,C,1.0
7,16.14900016784668,immed,43850.99983215332,Mon Jun 08 2026 15:46:50 GMT-0500 (Central Daylight Time),896550.1999999881,A,tow,I,w,194,,16149.299999982119,880400.900000006,83664,WL,C,1.0
7,16.23200011253357,immed,43767.99988746643,Mon Jun 08 2026 15:46:50 GMT-0500 (Central Daylight Time),896633.1999999881,A,towe,I,e,72,,16232.299999982119,880400.900000006,83664,WL,C,1.0
7,16.41600012779236,immed,43583.99987220764,Mon Jun 08 2026 15:46:50 GMT-0500 (Central Daylight Time),896816.5,A,tower,I,r,170,,16415.59999999404,880400.900000006,83664,WL,C,1.0
7,16.81599998474121,immed,43184.00001525879,Mon Jun 08 2026 15:46:50 GMT-0500 (Central Daylight Time),897216.6999999881,A,towerenter,I,enter,387,,16815.79999998212,880400.900000006,83664,WL,C,1.0
7,25.767000198364258,immed,34232.99980163574,Mon Jun 08 2026 15:46:50 GMT-0500 (Central Daylight Time),906167.400000006,A,w,I,w,8928,,8950.100000023842,897217.2999999821,83664,WL,C,2.0
7,25.999000072479248,immed,34000.99992752075,Mon Jun 08 2026 15:46:50 GMT-0500 (Central Daylight Time),906400.1999999881,A,wh,I,h,222,,9182.90000000596,897217.2999999821,83664,WL,C,2.0
7,26.10199999809265,immed,33898.00000190735,Mon Jun 08 2026 15:46:50 GMT-0500 (Central Daylight Time),906503.2999999821,A,whe,I,e,95,,9286.0,897217.2999999821,83664,WL,C,2.0
7,26.266000032424927,immed,33733.99996757507,Mon Jun 08 2026 15:46:50 GMT-0500 (Central Daylight Time),906667.0,A,whea,I,a,143,,9449.700000017881,897217.2999999821,83664,WL,C,2.0
7,26.499000072479248,immed,33500.99992752075,Mon Jun 08 2026 15:46:50 GMT-0500 (Central Daylight Time),906900.2999999821,A,wheat,I,t,222,,9683.0,897217.2999999821,83664,WL,C,2.0
7,26.848999977111816,immed,33151.00002288818,Mon Jun 08 2026 15:46:50 GMT-0500 (Central Daylight Time),907249.900000006,A,wheatenter,I,enter,338,,10032.600000023842,897217.2999999821,83664,WL,C,2.0
7,27.949000120162964,immed,32050.999879837036,Mon Jun 08 2026 15:46:50 GMT-0500 (Central Daylight Time),908350.1999999881,A,q,I,q,1096,,1100.0999999940395,907250.099999994,83664,WL,C,3.0
7,28.133000135421753,immed,31866.999864578247,Mon Jun 08 2026 15:46:50 GMT-0500 (Central Daylight Time),908533.5,A,qu,I,u,167,,1283.4000000059605,907250.099999994,83664,WL,C,3.0
7,28.216000080108643,immed,31783.999919891357,Mon Jun 08 2026 15:46:50 GMT-0500 (Central Daylight Time),908617.099999994,A,que,I,e,63,,1367.0,907250.099999994,83664,WL,C,3.0
7,28.366000175476074,immed,31633.999824523926,Mon Jun 08 2026 15:46:50 GMT-0500 (Central Daylight Time),908767.099999994,A,quee,I,e,133,,1517.0,907250.099999994,83664,WL,C,3.0
7,28.466000080108643,immed,31533.999919891357,Mon Jun 08 2026 15:46:50 GMT-0500 (Central Daylight Time),908866.900000006,A,queen,I,n,85,,1616.800000011921,907250.099999994,83664,WL,C,3.0
7,28.683000087738037,immed,31316.999912261963,Mon Jun 08 2026 15:46:50 GMT-0500 (Central Daylight Time),909083.599999994,A,queenenter,I,enter,194,,1833.5,907250.099999994,83664,WL,C,3.0
7,29.116000175476074,immed,30883.999824523926,Mon Jun 08 2026 15:46:50 GMT-0500 (Central Daylight Time),909517.1999999881,A,s,I,s,417,,433.19999998807907,909084.0,83664,WL,C,4.0
7,29.249000072479248,immed,30750.999927520752,Mon Jun 08 2026 15:46:50 GMT-0500 (Central Daylight Time),909650.2999999821,A,su,I,u,123,,566.2999999821186,909084.0,83664,WL,C,4.0
7,29.48300004005432,immed,30516.99995994568,Mon Jun 08 2026 15:46:50 GMT-0500 (Central Daylight Time),909883.599999994,A,sug,I,g,211,,799.5999999940395,909084.0,83664,WL,C,4.0
7,29.56599998474121,immed,30434.00001525879,Mon Jun 08 2026 15:46:50 GMT-0500 (Central Daylight Time),909966.900000006,A,suga,I,a,71,,882.9000000059605,909084.0,83664,WL,C,4.0
7,29.73300004005432,immed,30266.99995994568,Mon Jun 08 2026 15:46:50 GMT-0500 (Central Daylight Time),910133.599999994,A,sugar,I,r,156,,1049.5999999940395,909084.0,83664,WL,C,4.0
7,29.91600012779236,immed,30083.99987220764,Mon Jun 08 2026 15:46:50 GMT-0500 (Central Daylight Time),910316.900000006,A,sugarenter,I,enter,171,,1232.9000000059605,909084.0,83664,WL,C,4.0
7,31.18400001525879,immed,28815.99998474121,Mon Jun 08 2026 15:46:50 GMT-0500 (Central Daylight Time),911584.6999999881,A,h,I,h,1249,,1267.4000000059605,910317.2999999821,83664,WL,C,5.0
7,31.31599998474121,immed,28684.00001525879,Mon Jun 08 2026 15:46:50 GMT-0500 (Central Daylight Time),911717.099999994,A,ho,I,o,109,,1399.800000011921,910317.2999999821,83664,WL,C,5.0
7,31.466000080108643,immed,28533.999919891357,Mon Jun 08 2026 15:46:50 GMT-0500 (Central Daylight Time),911866.900000006,A,hom,I,m,137,,1549.6000000238419,910317.2999999821,83664,WL,C,5.0
7,31.616000175476074,immed,28383.999824523926,Mon Jun 08 2026 15:46:50 GMT-0500 (Central Daylight Time),912016.900000006,A,home,I,e,135,,1699.6000000238419,910317.2999999821,83664,WL,C,5.0
7,31.699000120162964,immed,28300.999879837036,Mon Jun 08 2026 15:46:50 GMT-0500 (Central Daylight Time),912100.2999999821,A,homeenter,I,enter,75,,1783.0,910317.2999999821,83664,WL,C,5.0
7,31.966000080108643,immed,28033.999919891357,Mon Jun 08 2026 15:46:50 GMT-0500 (Central Daylight Time),912366.7999999821,A,b,I,b,255,,266.09999999403954,912100.6999999881,83664,WL,C,6.0
7,32.134000062942505,immed,27865.999937057495,Mon Jun 08 2026 15:46:50 GMT-0500 (Central Daylight Time),912534.5,A,bo,I,o,150,,433.80000001192093,912100.6999999881,83664,WL,C,6.0
7,32.33400011062622,immed,27665.99988937378,Mon Jun 08 2026 15:46:50 GMT-0500 (Central Daylight Time),912734.599999994,A,boy,I,y,184,,633.9000000059605,912100.6999999881,83664,WL,C,6.0
7,32.532999992370605,immed,27467.000007629395,Mon Jun 08 2026 15:46:50 GMT-0500 (Central Daylight Time),912934.5,A,boyenter,I,enter,185,,833.8000000119209,912100.6999999881,83664,WL,C,6.0
7,33.06599998474121,immed,26934.00001525879,Mon Jun 08 2026 15:46:50 GMT-0500 (Central Daylight Time),913467.0,A,d,I,d,517,,532.0,912935.0,83664,WL,C,7.0
7,33.14900016784668,immed,26850.99983215332,Mon Jun 08 2026 15:46:50 GMT-0500 (Central Daylight Time),913550.2999999821,A,do,I,o,68,,615.2999999821186,912935.0,83664,WL,C,7.0
7,33.26600003242493,immed,26733.999967575073,Mon Jun 08 2026 15:46:50 GMT-0500 (Central Daylight Time),913666.900000006,A,doc,I,c,97,,731.9000000059605,912935.0,83664,WL,C,7.0
7,33.48300004005432,immed,26516.99995994568,Mon Jun 08 2026 15:46:50 GMT-0500 (Central Daylight Time),913883.900000006,A,doct,I,t,201,,948.9000000059605,912935.0,83664,WL,C,7.0
7,33.58300018310547,immed,26416.99981689453,Mon Jun 08 2026 15:46:50 GMT-0500 (Central Daylight Time),913983.6999999881,A,docto,I,o,81,,1048.699999988079,912935.0,83664,WL,C,7.0
7,33.75,immed,26250.0,Mon Jun 08 2026 15:46:50 GMT-0500 (Central Daylight Time),914150.5,A,doctor,I,r,150,,1215.5,912935.0,83664,WL,C,7.0
7,33.89900016784668,immed,26100.99983215332,Mon Jun 08 2026 15:46:50 GMT-0500 (Central Daylight Time),914300.2999999821,A,doctorenter,I,enter,135,,1365.2999999821186,912935.0,83664,WL,C,7.0
7,35.71600008010864,immed,24283.999919891357,Mon Jun 08 2026 15:46:50 GMT-0500 (Central Daylight Time),916117.1999999881,A,c,I,c,1794,,1816.4000000059605,914300.7999999821,83664,WL,C,8.0
7,35.866000175476074,immed,24133.999824523926,Mon Jun 08 2026 15:46:50 GMT-0500 (Central Daylight Time),916267.0,A,ca,I,a,128,,1966.2000000178814,914300.7999999821,83664,WL,C,8.0
7,35.98300004005432,immed,24016.99995994568,Mon Jun 08 2026 15:46:50 GMT-0500 (Central Daylight Time),916383.900000006,A,cam,I,m,102,,2083.100000023842,914300.7999999821,83664,WL,C,8.0
7,36.117000102996826,immed,23882.999897003174,Mon Jun 08 2026 15:46:50 GMT-0500 (Central Daylight Time),916518.099999994,A,camp,I,p,114,,2217.300000011921,914300.7999999821,83664,WL,C,8.0
7,36.31599998474121,immed,23684.00001525879,Mon Jun 08 2026 15:46:50 GMT-0500 (Central Daylight Time),916717.0,A,campenter,I,enter,190,,2416.2000000178814,914300.7999999821,83664,WL,C,8.0
7,36.64900016784668,immed,23350.99983215332,Mon Jun 08 2026 15:46:50 GMT-0500 (Central Daylight Time),917050.400000006,A,f,I,f,310,,332.80000001192093,916717.599999994,83664,WL,C,9.0
7,36.80000019073486,immed,23199.999809265137,Mon Jun 08 2026 15:46:50 GMT-0500 (Central Daylight Time),917200.599999994,A,fl,I,l,137,,483.0,916717.599999994,83664,WL,C,9.0
7,36.90000009536743,immed,23099.99990463257,Mon Jun 08 2026 15:46:50 GMT-0500 (Central Daylight Time),917301.2999999821,A,fla,I,a,88,,583.6999999880791,916717.599999994,83664,WL,C,9.0
7,37.117000102996826,immed,22882.999897003174,Mon Jun 08 2026 15:46:50 GMT-0500 (Central Daylight Time),917517.900000006,A,flag,I,g,194,,800.3000000119209,916717.599999994,83664,WL,C,9.0
7,37.24900007247925,immed,22750.999927520752,Mon Jun 08 2026 15:46:50 GMT-0500 (Central Daylight Time),917650.5,A,flagenter,I,enter,114,,932.9000000059605,916717.599999994,83664,WL,C,9.0
7,37.54900002479553,immed,22450.999975204468,Mon Jun 08 2026 15:46:50 GMT-0500 (Central Daylight Time),917950.400000006,A,l,I,l,293,,299.30000001192093,917651.099999994,83664,WL,C,10.0
7,37.76600003242493,immed,22233.999967575073,Mon Jun 08 2026 15:46:50 GMT-0500 (Central Daylight Time),918167.0,A,le,I,e,194,,515.9000000059605,917651.099999994,83664,WL,C,10.0
7,37.93300008773804,immed,22066.999912261963,Mon Jun 08 2026 15:46:50 GMT-0500 (Central Daylight Time),918333.7999999821,A,let,I,t,142,,682.6999999880791,917651.099999994,83664,WL,C,10.0
7,38.08400011062622,immed,21915.99988937378,Mon Jun 08 2026 15:46:50 GMT-0500 (Central Daylight Time),918484.6999999881,A,lett,I,t,127,,833.5999999940395,917651.099999994,83664,WL,C,10.0
7,38.217000007629395,immed,21782.999992370605,Mon Jun 08 2026 15:46:50 GMT-0500 (Central Daylight Time),918618.1999999881,A,lette,I,e,117,,967.0999999940395,917651.099999994,83664,WL,C,10.0
7,38.31599998474121,immed,21684.00001525879,Mon Jun 08 2026 15:46:50 GMT-0500 (Central Daylight Time),918717.099999994,A,letter,I,r,79,,1066.0,917651.099999994,83664,WL,C,10.0
7,38.5,immed,21500.0,Mon Jun 08 2026 15:46:50 GMT-0500 (Central Daylight Time),918901.1999999881,A,letterenter,I,enter,167,,1250.0999999940395,917651.099999994,83664,WL,C,10.0
7,39.450000047683716,immed,20549.999952316284,Mon Jun 08 2026 15:46:50 GMT-0500 (Central Daylight Time),919851.2999999821,A,c,I,c,931,,949.7999999821186,918901.5,83664,WL,C,11.0
7,39.60000014305115,immed,20399.999856948853,Mon Jun 08 2026 15:46:50 GMT-0500 (Central Daylight Time),920001.0,A,co,I,o,141,,1099.5,918901.5,83664,WL,C,11.0
7,39.71600008010864,immed,20283.999919891357,Mon Jun 08 2026 15:46:50 GMT-0500 (Central Daylight Time),920117.099999994,A,cor,I,r,102,,1215.5999999940395,918901.5,83664,WL,C,11.0
7,39.83300018310547,immed,20166.99981689453,Mon Jun 08 2026 15:46:50 GMT-0500 (Central Daylight Time),920233.7999999821,A,corn,I,n,110,,1332.2999999821186,918901.5,83664,WL,C,11.0
7,40.04900002479553,immed,19950.999975204468,Mon Jun 08 2026 15:46:50 GMT-0500 (Central Daylight Time),920450.599999994,A,cornenter,I,enter,196,,1549.0999999940395,918901.5,83664,WL,C,11.0
7,42.098999977111816,immed,17901.000022888184,Mon Jun 08 2026 15:46:50 GMT-0500 (Central Daylight Time),922500.5,A,n,I,n,2040,,2049.300000011921,920451.1999999881,83664,WL,C,12.0
7,42.21600008010864,immed,17783.999919891357,Mon Jun 08 2026 15:46:50 GMT-0500 (Central Daylight Time),922617.1999999881,A,na,I,a,105,,2166.0,920451.1999999881,83664,WL,C,12.0
7,42.31599998474121,immed,17684.00001525879,Mon Jun 08 2026 15:46:50 GMT-0500 (Central Daylight Time),922717.400000006,A,nai,I,i,85,,2266.2000000178814,920451.1999999881,83664,WL,C,12.0
7,42.450000047683716,immed,17549.999952316284,Mon Jun 08 2026 15:46:50 GMT-0500 (Central Daylight Time),922850.6999999881,A,nail,I,l,120,,2399.5,920451.1999999881,83664,WL,C,12.0
7,42.64900016784668,immed,17350.99983215332,Mon Jun 08 2026 15:46:50 GMT-0500 (Central Daylight Time),923050.5,A,nailenter,I,enter,191,,2599.300000011921,920451.1999999881,83664,WL,C,12.0
7,43.08300018310547,immed,16916.99981689453,Mon Jun 08 2026 15:46:50 GMT-0500 (Central Daylight Time),923484.099999994,A,c,I,c,410,,433.0,923051.099999994,83664,WL,C,13.0
7,43.23300004005432,immed,16766.99995994568,Mon Jun 08 2026 15:46:50 GMT-0500 (Central Daylight Time),923633.900000006,A,ca,I,a,141,,582.8000000119209,923051.099999994,83664,WL,C,13.0
7,43.43300008773804,immed,16566.999912261963,Mon Jun 08 2026 15:46:50 GMT-0500 (Central Daylight Time),923834.0,A,cat,I,t,184,,782.9000000059605,923051.099999994,83664,WL,C,13.0
7,43.58300018310547,immed,16416.99981689453,Mon Jun 08 2026 15:46:50 GMT-0500 (Central Daylight Time),923984.099999994,A,catt,I,t,136,,933.0,923051.099999994,83664,WL,C,13.0
7,43.699000120162964,immed,16300.999879837036,Mon Jun 08 2026 15:46:50 GMT-0500 (Central Daylight Time),924100.599999994,A,cattl,I,l,108,,1049.5,923051.099999994,83664,WL,C,13.0
7,43.80000019073486,immed,16199.999809265137,Mon Jun 08 2026 15:46:50 GMT-0500 (Central Daylight Time),924200.6999999881,A,cattle,I,e,92,,1149.5999999940395,923051.099999994,83664,WL,C,13.0
7,43.950000047683716,immed,16049.999952316284,Mon Jun 08 2026 15:46:50 GMT-0500 (Central Daylight Time),924351.1999999881,A,cattleenter,I,enter,128,,1300.0999999940395,923051.099999994,83664,WL,C,13.0
7,44.282999992370605,immed,15717.000007629395,Mon Jun 08 2026 15:46:50 GMT-0500 (Central Daylight Time),924684.099999994,A,s,I,s,309,,332.40000000596046,924351.6999999881,83664,WL,C,14.0
7,44.39900016784668,immed,15600.99983215332,Mon Jun 08 2026 15:46:50 GMT-0500 (Central Daylight Time),924800.5,A,sh,I,h,106,,448.80000001192093,924351.6999999881,83664,WL,C,14.0
7,44.56599998474121,immed,15434.000015258789,Mon Jun 08 2026 15:46:50 GMT-0500 (Central Daylight Time),924967.5,A,sho,I,o,150,,615.8000000119209,924351.6999999881,83664,WL,C,14.0
7,44.76600003242493,immed,15233.999967575073,Mon Jun 08 2026 15:46:50 GMT-0500 (Central Daylight Time),925167.099999994,A,shor,I,r,189,,815.4000000059605,924351.6999999881,83664,WL,C,14.0
7,44.882000207901,immed,15117.999792098999,Mon Jun 08 2026 15:46:50 GMT-0500 (Central Daylight Time),925283.099999994,A,shore,I,e,112,,931.4000000059605,924351.6999999881,83664,WL,C,14.0
7,45.03200006484985,immed,14967.999935150146,Mon Jun 08 2026 15:46:50 GMT-0500 (Central Daylight Time),925433.599999994,A,shoreenter,I,enter,140,,1081.9000000059605,924351.6999999881,83664,WL,C,14.0
7,46.73300004005432,immed,13266.999959945679,Mon Jun 08 2026 15:46:50 GMT-0500 (Central Daylight Time),927133.7999999821,A,b,I,b,1683,,1699.8999999761581,925433.900000006,83664,WL,C,15.0
7,46.848999977111816,immed,13151.000022888184,Mon Jun 08 2026 15:46:50 GMT-0500 (Central Daylight Time),927250.599999994,A,bo,I,o,109,,1816.699999988079,925433.900000006,83664,WL,C,15.0
7,47.0,immed,13000.0,Mon Jun 08 2026 15:46:50 GMT-0500 (Central Daylight Time),927400.7999999821,A,bod,I,d,139,,1966.8999999761581,925433.900000006,83664,WL,C,15.0
7,47.151000022888184,immed,12848.999977111816,Mon Jun 08 2026 15:46:50 GMT-0500 (Central Daylight Time),927552.599999994,A,body,I,y,128,,2118.699999988079,925433.900000006,83664,WL,C,15.0
7,47.33300018310547,immed,12666.999816894531,Mon Jun 08 2026 15:46:50 GMT-0500 (Central Daylight Time),927734.400000006,A,bodyenter,I,enter,160,,2300.5,925433.900000006,83664,WL,C,15.0
