block_c,block_dur,condition,countdown,datetime,endtime,list,multichar_response,project,response,response_time,session_number,start_end,starttime,subject_id,task,task_vers,trial
,,,,Fri Jul 10 2026 10:01:22 GMT-0500 (Central Daylight Time),,,,I,space,576,2,,,8102,WL,B,
prac,,0,,Fri Jul 10 2026 10:01:22 GMT-0500 (Central Daylight Time),,NA,b,I,b,2637,2,,,8102,WL,B,1.0
prac,,0,,Fri Jul 10 2026 10:01:22 GMT-0500 (Central Daylight Time),,NA,bo,I,o,1132,2,,,8102,WL,B,1.0
prac,,0,,Fri Jul 10 2026 10:01:22 GMT-0500 (Central Daylight Time),,NA,boo,I,o,168,2,,,8102,WL,B,1.0
prac,,0,,Fri Jul 10 2026 10:01:22 GMT-0500 (Central Daylight Time),,NA,boos,I,s,368,2,,,8102,WL,B,1.0
prac,,0,,Fri Jul 10 2026 10:01:22 GMT-0500 (Central Daylight Time),,NA,boost,I,t,273,2,,,8102,WL,B,1.0
prac,,0,,Fri Jul 10 2026 10:01:22 GMT-0500 (Central Daylight Time),,NA,boostenter,I,enter,2102,2,,,8102,WL,B,1.0
1,0.5339999198913574,learn,59466.00008010864,Fri Jul 10 2026 10:01:22 GMT-0500 (Central Daylight Time),115372.29999995232,A,c,I,c,514,2,533.1000001430511,114839.19999980927,8102,WL,B,1.0
1,0.9159998893737793,learn,59084.00011062622,Fri Jul 10 2026 10:01:22 GMT-0500 (Central Daylight Time),115755.19999980927,A,cl,I,l,362,2,916.0,114839.19999980927,8102,WL,B,1.0
1,1.2999999523162842,learn,58700.000047683716,Fri Jul 10 2026 10:01:22 GMT-0500 (Central Daylight Time),116138.59999990463,A,clo,I,o,366,2,1299.4000000953674,114839.19999980927,8102,WL,B,1.0
1,1.4839999675750732,learn,58516.00003242493,Fri Jul 10 2026 10:01:22 GMT-0500 (Central Daylight Time),116322.89999985695,A,cloc,I,c,168,2,1483.7000000476837,114839.19999980927,8102,WL,B,1.0
1,1.5829999446868896,learn,58417.00005531311,Fri Jul 10 2026 10:01:22 GMT-0500 (Central Daylight Time),116421.79999995232,A,clock,I,k,86,2,1582.6000001430511,114839.19999980927,8102,WL,B,1.0
1,1.8829998970031738,learn,58117.000102996826,Fri Jul 10 2026 10:01:22 GMT-0500 (Central Daylight Time),116721.5,A,clockenter,I,enter,281,2,1882.3000001907349,114839.19999980927,8102,WL,B,1.0
1,2.1500000953674316,learn,57849.99990463257,Fri Jul 10 2026 10:01:22 GMT-0500 (Central Daylight Time),116988.29999995232,A,c,I,c,256,2,266.2000000476837,116722.09999990463,8102,WL,B,2.0
1,2.382999897003174,learn,57617.000102996826,Fri Jul 10 2026 10:01:22 GMT-0500 (Central Daylight Time),117221.59999990463,A,ca,I,a,221,2,499.5,116722.09999990463,8102,WL,B,2.0
1,2.5160000324249268,learn,57483.99996757507,Fri Jul 10 2026 10:01:22 GMT-0500 (Central Daylight Time),117354.59999990463,A,cab,I,b,124,2,632.5,116722.09999990463,8102,WL,B,2.0
1,2.749000072479248,learn,57250.99992752075,Fri Jul 10 2026 10:01:22 GMT-0500 (Central Daylight Time),117588.0,A,cabi,I,i,215,2,865.9000000953674,116722.09999990463,8102,WL,B,2.0
1,2.8499999046325684,learn,57150.00009536743,Fri Jul 10 2026 10:01:22 GMT-0500 (Central Daylight Time),117689.19999980927,A,cabin,I,n,85,2,967.0999999046326,116722.09999990463,8102,WL,B,2.0
1,3.181999921798706,learn,56818.000078201294,Fri Jul 10 2026 10:01:22 GMT-0500 (Central Daylight Time),118021.0,A,cabinenter,I,enter,312,2,1298.9000000953674,116722.09999990463,8102,WL,B,2.0
1,3.3489999771118164,learn,56651.00002288818,Fri Jul 10 2026 10:01:22 GMT-0500 (Central Daylight Time),118187.89999985695,A,a,I,a,157,2,166.39999985694885,118021.5,8102,WL,B,3.0
1,3.631999969482422,learn,56368.00003051758,Fri Jul 10 2026 10:01:22 GMT-0500 (Central Daylight Time),118471.0,A,ar,I,r,270,2,449.5,118021.5,8102,WL,B,3.0
1,4.049000024795532,learn,55950.99997520447,Fri Jul 10 2026 10:01:22 GMT-0500 (Central Daylight Time),118887.39999985695,A,arm,I,m,403,2,865.8999998569489,118021.5,8102,WL,B,3.0
1,4.400000095367432,learn,55599.99990463257,Fri Jul 10 2026 10:01:22 GMT-0500 (Central Daylight Time),119238.79999995232,A,armenter,I,enter,339,2,1217.2999999523163,118021.5,8102,WL,B,3.0
1,4.882999897003174,learn,55117.000102996826,Fri Jul 10 2026 10:01:22 GMT-0500 (Central Daylight Time),119721.39999985695,A,w,I,w,475,2,482.2999999523163,119239.09999990463,8102,WL,B,4.0
1,5.04800009727478,learn,54951.99990272522,Fri Jul 10 2026 10:01:22 GMT-0500 (Central Daylight Time),119887.29999995232,A,wi,I,i,145,2,648.2000000476837,119239.09999990463,8102,WL,B,4.0
1,5.180999994277954,learn,54819.000005722046,Fri Jul 10 2026 10:01:22 GMT-0500 (Central Daylight Time),120020.59999990463,A,wif,I,f,123,2,781.5,119239.09999990463,8102,WL,B,4.0
1,5.296999931335449,learn,54703.00006866455,Fri Jul 10 2026 10:01:22 GMT-0500 (Central Daylight Time),120137.29999995232,A,wife,I,e,109,2,898.2000000476837,119239.09999990463,8102,WL,B,4.0
1,5.664000034332275,learn,54335.999965667725,Fri Jul 10 2026 10:01:22 GMT-0500 (Central Daylight Time),120503.69999980927,A,wifeenter,I,enter,360,2,1264.5999999046326,119239.09999990463,8102,WL,B,4.0
1,6.129999876022339,learn,53870.00012397766,Fri Jul 10 2026 10:01:22 GMT-0500 (Central Daylight Time),120970.0,A,p,I,p,450,2,466.0,120504.0,8102,WL,B,5.0
1,6.813999891281128,learn,53186.00010871887,Fri Jul 10 2026 10:01:22 GMT-0500 (Central Daylight Time),121653.39999985695,A,pu,I,u,664,2,1149.3999998569489,120504.0,8102,WL,B,5.0
1,7.062999963760376,learn,52937.000036239624,Fri Jul 10 2026 10:01:22 GMT-0500 (Central Daylight Time),121903.09999990463,A,pup,I,p,236,2,1399.0999999046326,120504.0,8102,WL,B,5.0
1,7.180000066757202,learn,52819.9999332428,Fri Jul 10 2026 10:01:22 GMT-0500 (Central Daylight Time),122019.89999985695,A,pupi,I,i,98,2,1515.8999998569489,120504.0,8102,WL,B,5.0
1,7.412999868392944,learn,52587.000131607056,Fri Jul 10 2026 10:01:22 GMT-0500 (Central Daylight Time),122253.19999980927,A,pupil,I,l,222,2,1749.1999998092651,120504.0,8102,WL,B,5.0
1,7.763000011444092,learn,52236.99998855591,Fri Jul 10 2026 10:01:22 GMT-0500 (Central Daylight Time),122603.19999980927,A,pupilenter,I,enter,340,2,2099.199999809265,120504.0,8102,WL,B,5.0
1,8.497999906539917,learn,51502.00009346008,Fri Jul 10 2026 10:01:22 GMT-0500 (Central Daylight Time),123337.59999990463,A,s,I,s,727,2,734.0,122603.59999990463,8102,WL,B,6.0
1,8.696000099182129,learn,51303.99990081787,Fri Jul 10 2026 10:01:22 GMT-0500 (Central Daylight Time),123536.09999990463,A,st,I,t,184,2,932.5,122603.59999990463,8102,WL,B,6.0
1,8.897000074386597,learn,51102.9999256134,Fri Jul 10 2026 10:01:22 GMT-0500 (Central Daylight Time),123737.0,A,str,I,r,194,2,1133.4000000953674,122603.59999990463,8102,WL,B,6.0
1,9.11299991607666,learn,50887.00008392334,Fri Jul 10 2026 10:01:22 GMT-0500 (Central Daylight Time),123952.5,A,stre,I,e,209,2,1348.9000000953674,122603.59999990463,8102,WL,B,6.0
1,9.246000051498413,learn,50753.99994850159,Fri Jul 10 2026 10:01:22 GMT-0500 (Central Daylight Time),124086.0,A,stree,I,e,121,2,1482.4000000953674,122603.59999990463,8102,WL,B,6.0
1,9.345999956130981,learn,50654.00004386902,Fri Jul 10 2026 10:01:22 GMT-0500 (Central Daylight Time),124185.89999985695,A,street,I,t,84,2,1582.2999999523163,122603.59999990463,8102,WL,B,6.0
1,9.846999883651733,learn,50153.00011634827,Fri Jul 10 2026 10:01:22 GMT-0500 (Central Daylight Time),124687.0,A,streeta,I,a,496,2,2083.4000000953674,122603.59999990463,8102,WL,B,6.0
1,10.029000043869019,learn,49970.99995613098,Fri Jul 10 2026 10:01:22 GMT-0500 (Central Daylight Time),124869.19999980927,A,streetar,I,r,171,2,2265.5999999046326,122603.59999990463,8102,WL,B,6.0
1,10.279000043869019,learn,49720.99995613098,Fri Jul 10 2026 10:01:22 GMT-0500 (Central Daylight Time),125119.19999980927,A,streetarm,I,m,238,2,2515.5999999046326,122603.59999990463,8102,WL,B,6.0
1,11.428999900817871,learn,48571.00009918213,Fri Jul 10 2026 10:01:22 GMT-0500 (Central Daylight Time),126268.79999995232,A,streetarmenter,I,enter,1139,2,3665.2000000476837,122603.59999990463,8102,WL,B,6.0
1,13.810999870300293,learn,46189.00012969971,Fri Jul 10 2026 10:01:22 GMT-0500 (Central Daylight Time),128651.19999980927,A,g,I,g,2373,2,2382.0,126269.19999980927,8102,WL,B,7.0
1,13.944999933242798,learn,46055.0000667572,Fri Jul 10 2026 10:01:22 GMT-0500 (Central Daylight Time),128784.5,A,gr,I,r,112,2,2515.300000190735,126269.19999980927,8102,WL,B,7.0
1,14.210999965667725,learn,45789.000034332275,Fri Jul 10 2026 10:01:22 GMT-0500 (Central Daylight Time),129051.0,A,gra,I,a,250,2,2781.800000190735,126269.19999980927,8102,WL,B,7.0
1,14.444000005722046,learn,45555.999994277954,Fri Jul 10 2026 10:01:22 GMT-0500 (Central Daylight Time),129284.29999995232,A,gras,I,s,223,2,3015.100000143051,126269.19999980927,8102,WL,B,7.0
1,14.628000020980835,learn,45371.999979019165,Fri Jul 10 2026 10:01:22 GMT-0500 (Central Daylight Time),129467.39999985695,A,grass,I,s,166,2,3198.2000000476837,126269.19999980927,8102,WL,B,7.0
1,15.82699990272522,learn,44173.00009727478,Fri Jul 10 2026 10:01:22 GMT-0500 (Central Daylight Time),130667.29999995232,A,grassenter,I,enter,1183,2,4398.100000143051,126269.19999980927,8102,WL,B,7.0
1,16.128000020980835,learn,43871.999979019165,Fri Jul 10 2026 10:01:22 GMT-0500 (Central Daylight Time),130968.09999990463,A,c,I,c,279,2,300.5,130667.59999990463,8102,WL,B,8.0
1,16.277999877929688,learn,43722.00012207031,Fri Jul 10 2026 10:01:22 GMT-0500 (Central Daylight Time),131117.5,A,ci,I,i,130,2,449.90000009536743,130667.59999990463,8102,WL,B,8.0
1,16.427000045776367,learn,43572.99995422363,Fri Jul 10 2026 10:01:22 GMT-0500 (Central Daylight Time),131267.09999990463,A,cit,I,t,140,2,599.5,130667.59999990463,8102,WL,B,8.0
1,16.594000101089478,learn,43405.99989891052,Fri Jul 10 2026 10:01:22 GMT-0500 (Central Daylight Time),131433.5,A,city,I,y,159,2,765.9000000953674,130667.59999990463,8102,WL,B,8.0
1,17.007999897003174,learn,42992.000102996826,Fri Jul 10 2026 10:01:22 GMT-0500 (Central Daylight Time),131848.19999980927,A,cityenter,I,enter,410,2,1180.5999999046326,130667.59999990463,8102,WL,B,8.0
1,21.509000062942505,learn,38490.999937057495,Fri Jul 10 2026 10:01:22 GMT-0500 (Central Daylight Time),136348.69999980927,A,c,I,c,4490,2,4500.099999904633,131848.59999990463,8102,WL,B,9.0
1,21.526000022888184,learn,38473.99997711182,Fri Jul 10 2026 10:01:22 GMT-0500 (Central Daylight Time),136365.39999985695,A,cx,I,x,0,2,4516.799999952316,131848.59999990463,8102,WL,B,9.0
1,22.22499990463257,learn,37775.00009536743,Fri Jul 10 2026 10:01:22 GMT-0500 (Central Daylight Time),137065.09999990463,A,c,I,backspace,685,2,5216.5,131848.59999990463,8102,WL,B,9.0
1,23.85800004005432,learn,36141.99995994568,Fri Jul 10 2026 10:01:22 GMT-0500 (Central Daylight Time),138698.19999980927,A,cf,I,f,1625,2,6849.599999904633,131848.59999990463,8102,WL,B,9.0
1,24.05900001525879,learn,35940.99998474121,Fri Jul 10 2026 10:01:22 GMT-0500 (Central Daylight Time),138899.09999990463,A,cfi,I,i,184,2,7050.5,131848.59999990463,8102,WL,B,9.0
1,24.2260000705719,learn,35773.9999294281,Fri Jul 10 2026 10:01:22 GMT-0500 (Central Daylight Time),139065.39999985695,A,cfir,I,r,159,2,7216.799999952316,131848.59999990463,8102,WL,B,9.0
1,24.341000080108643,learn,35658.99991989136,Fri Jul 10 2026 10:01:22 GMT-0500 (Central Daylight Time),139181.0,A,cfire,I,e,105,2,7332.400000095367,131848.59999990463,8102,WL,B,9.0
1,24.60800004005432,learn,35391.99995994568,Fri Jul 10 2026 10:01:22 GMT-0500 (Central Daylight Time),139447.59999990463,A,cfireenter,I,enter,245,2,7599.0,131848.59999990463,8102,WL,B,9.0
1,26.124000072479248,learn,33875.99992752075,Fri Jul 10 2026 10:01:22 GMT-0500 (Central Daylight Time),140963.89999985695,A,s,I,s,1498,2,1516.0999999046326,139447.79999995232,8102,WL,B,10.0
1,26.29099988937378,learn,33709.00011062622,Fri Jul 10 2026 10:01:22 GMT-0500 (Central Daylight Time),141130.29999995232,A,su,I,u,158,2,1682.5,139447.79999995232,8102,WL,B,10.0
1,26.506999969482422,learn,33493.00003051758,Fri Jul 10 2026 10:01:22 GMT-0500 (Central Daylight Time),141347.19999980927,A,sun,I,n,208,2,1899.3999998569489,139447.79999995232,8102,WL,B,10.0
1,26.806999921798706,learn,33193.000078201294,Fri Jul 10 2026 10:01:22 GMT-0500 (Central Daylight Time),141647.19999980927,A,sunenter,I,enter,287,2,2199.399999856949,139447.79999995232,8102,WL,B,10.0
1,29.60800004005432,learn,30391.99995994568,Fri Jul 10 2026 10:01:22 GMT-0500 (Central Daylight Time),144447.59999990463,A,s,I,s,2779,2,2800.0,141647.59999990463,8102,WL,B,11.0
1,29.83999991416931,learn,30160.00008583069,Fri Jul 10 2026 10:01:22 GMT-0500 (Central Daylight Time),144679.39999985695,A,st,I,t,219,2,3031.7999999523163,141647.59999990463,8102,WL,B,11.0
1,30.00600004196167,learn,29993.99995803833,Fri Jul 10 2026 10:01:22 GMT-0500 (Central Daylight Time),144846.09999990463,A,str,I,r,146,2,3198.5,141647.59999990463,8102,WL,B,11.0
1,30.17300009727478,learn,29826.99990272522,Fri Jul 10 2026 10:01:22 GMT-0500 (Central Daylight Time),145012.89999985695,A,stre,I,e,148,2,3365.2999999523163,141647.59999990463,8102,WL,B,11.0
1,30.322999954223633,learn,29677.000045776367,Fri Jul 10 2026 10:01:22 GMT-0500 (Central Daylight Time),145162.69999980927,A,stree,I,e,142,2,3515.0999999046326,141647.59999990463,8102,WL,B,11.0
1,30.405999898910522,learn,29594.000101089478,Fri Jul 10 2026 10:01:22 GMT-0500 (Central Daylight Time),145246.09999990463,A,street,I,t,64,2,3598.5,141647.59999990463,8102,WL,B,11.0
1,30.539000034332275,learn,29460.999965667725,Fri Jul 10 2026 10:01:22 GMT-0500 (Central Daylight Time),145379.19999980927,A,streetenter,I,enter,125,2,3731.5999999046326,141647.59999990463,8102,WL,B,11.0
1,33.75499987602234,learn,26245.00012397766,Fri Jul 10 2026 10:01:22 GMT-0500 (Central Daylight Time),148594.89999985695,A,d,I,d,3199,2,3215.2999999523163,145379.59999990463,8102,WL,B,12.0
1,33.956000089645386,learn,26043.999910354614,Fri Jul 10 2026 10:01:22 GMT-0500 (Central Daylight Time),148796.0,A,dr,I,r,191,2,3416.4000000953674,145379.59999990463,8102,WL,B,12.0
1,34.33800005912781,learn,25661.999940872192,Fri Jul 10 2026 10:01:22 GMT-0500 (Central Daylight Time),149178.09999990463,A,dre,I,e,366,2,3798.5,145379.59999990463,8102,WL,B,12.0
1,34.537999868392944,learn,25462.000131607056,Fri Jul 10 2026 10:01:22 GMT-0500 (Central Daylight Time),149378.0,A,drea,I,a,183,2,3998.4000000953674,145379.59999990463,8102,WL,B,12.0
1,34.65499997138977,learn,25345.00002861023,Fri Jul 10 2026 10:01:22 GMT-0500 (Central Daylight Time),149494.89999985695,A,dream,I,m,104,2,4115.299999952316,145379.59999990463,8102,WL,B,12.0
1,34.88800001144409,learn,25111.99998855591,Fri Jul 10 2026 10:01:22 GMT-0500 (Central Daylight Time),149727.89999985695,A,dreamenter,I,enter,219,2,4348.299999952316,145379.59999990463,8102,WL,B,12.0
1,39.61999988555908,learn,20380.000114440918,Fri Jul 10 2026 10:01:22 GMT-0500 (Central Daylight Time),154459.59999990463,A,c,I,c,4722,2,4731.200000047684,149728.39999985695,8102,WL,B,13.0
1,39.8529999256134,learn,20147.000074386597,Fri Jul 10 2026 10:01:22 GMT-0500 (Central Daylight Time),154692.89999985695,A,ca,I,a,222,2,4964.5,149728.39999985695,8102,WL,B,13.0
1,40.1029999256134,learn,19897.000074386597,Fri Jul 10 2026 10:01:22 GMT-0500 (Central Daylight Time),154943.0,A,car,I,r,229,2,5214.600000143051,149728.39999985695,8102,WL,B,13.0
1,40.40299987792969,learn,19597.000122070312,Fri Jul 10 2026 10:01:22 GMT-0500 (Central Daylight Time),155242.89999985695,A,carenter,I,enter,291,2,5514.5,149728.39999985695,8102,WL,B,13.0
1,50.81599998474121,learn,9184.000015258789,Fri Jul 10 2026 10:01:22 GMT-0500 (Central Daylight Time),165656.29999995232,A,f,I,f,10399,2,10413.0,155243.29999995232,8102,WL,B,14.0
1,50.93400001525879,learn,9065.999984741211,Fri Jul 10 2026 10:01:22 GMT-0500 (Central Daylight Time),165774.0,A,fi,I,i,98,2,10530.700000047684,155243.29999995232,8102,WL,B,14.0
1,51.06599998474121,learn,8934.000015258789,Fri Jul 10 2026 10:01:22 GMT-0500 (Central Daylight Time),165906.0,A,fir,I,r,116,2,10662.700000047684,155243.29999995232,8102,WL,B,14.0
1,51.18300008773804,learn,8816.999912261963,Fri Jul 10 2026 10:01:22 GMT-0500 (Central Daylight Time),166023.0,A,fire,I,e,104,2,10779.700000047684,155243.29999995232,8102,WL,B,14.0
1,51.382999897003174,learn,8617.000102996826,Fri Jul 10 2026 10:01:22 GMT-0500 (Central Daylight Time),166222.79999995232,A,fireenter,I,enter,179,2,10979.5,155243.29999995232,8102,WL,B,14.0
1,52.83299994468689,learn,7167.00005531311,Fri Jul 10 2026 10:01:22 GMT-0500 (Central Daylight Time),167672.5,A,c,I,c,1436,2,1449.4000000953674,166223.09999990463,8102,WL,B,15.0
1,53.8989999294281,learn,6101.000070571899,Fri Jul 10 2026 10:01:22 GMT-0500 (Central Daylight Time),168738.69999980927,A,ca,I,a,1057,2,2515.5999999046326,166223.09999990463,8102,WL,B,15.0
1,55.36500000953674,learn,4634.999990463257,Fri Jul 10 2026 10:01:22 GMT-0500 (Central Daylight Time),170204.89999985695,A,cai,I,i,1456,2,3981.7999999523163,166223.09999990463,8102,WL,B,15.0
1,55.46499991416931,learn,4535.0000858306885,Fri Jul 10 2026 10:01:22 GMT-0500 (Central Daylight Time),170304.5,A,cain,I,n,93,2,4081.4000000953674,166223.09999990463,8102,WL,B,15.0
1,55.681999921798706,learn,4318.000078201294,Fri Jul 10 2026 10:01:22 GMT-0500 (Central Daylight Time),170522.09999990463,A,cainb,I,b,202,2,4299.0,166223.09999990463,8102,WL,B,15.0
1,57.38199996948242,learn,2618.000030517578,Fri Jul 10 2026 10:01:22 GMT-0500 (Central Daylight Time),172221.89999985695,A,cainbenter,I,enter,1680,2,5998.799999952316,166223.09999990463,8102,WL,B,15.0
2,0.3489999771118164,learn,59651.00002288818,Fri Jul 10 2026 10:01:22 GMT-0500 (Central Daylight Time),240282.59999990463,A,w,I,w,342,2,349.59999990463257,239933.0,8102,WL,B,1.0
2,0.48199987411499023,learn,59518.00012588501,Fri Jul 10 2026 10:01:22 GMT-0500 (Central Daylight Time),240415.59999990463,A,wi,I,i,124,2,482.59999990463257,239933.0,8102,WL,B,1.0
2,0.5820000171661377,learn,59417.99998283386,Fri Jul 10 2026 10:01:22 GMT-0500 (Central Daylight Time),240515.79999995232,A,win,I,n,89,2,582.7999999523163,239933.0,8102,WL,B,1.0
2,0.6979999542236328,learn,59302.00004577637,Fri Jul 10 2026 10:01:22 GMT-0500 (Central Daylight Time),240632.29999995232,A,wind,I,d,109,2,699.2999999523163,239933.0,8102,WL,B,1.0
2,0.9479999542236328,learn,59052.00004577637,Fri Jul 10 2026 10:01:22 GMT-0500 (Central Daylight Time),240882.29999995232,A,windo,I,o,242,2,949.2999999523163,239933.0,8102,WL,B,1.0
2,1.1989998817443848,learn,58801.000118255615,Fri Jul 10 2026 10:01:22 GMT-0500 (Central Daylight Time),241132.5,A,window,I,w,231,2,1199.5,239933.0,8102,WL,B,1.0
2,1.6150000095367432,learn,58384.99999046326,Fri Jul 10 2026 10:01:22 GMT-0500 (Central Daylight Time),241549.29999995232,A,windowenter,I,enter,397,2,1616.2999999523163,239933.0,8102,WL,B,1.0
2,1.7649998664855957,learn,58235.000133514404,Fri Jul 10 2026 10:01:22 GMT-0500 (Central Daylight Time),241698.79999995232,A,d,I,d,141,2,149.10000014305115,241549.69999980927,8102,WL,B,2.0
2,2.065000057220459,learn,57934.99994277954,Fri Jul 10 2026 10:01:22 GMT-0500 (Central Daylight Time),241998.69999980927,A,do,I,o,286,2,449.0,241549.69999980927,8102,WL,B,2.0
2,2.247999906539917,learn,57752.00009346008,Fri Jul 10 2026 10:01:22 GMT-0500 (Central Daylight Time),242182.0,A,dor,I,r,162,2,632.3000001907349,241549.69999980927,8102,WL,B,2.0
2,2.365000009536743,learn,57634.99999046326,Fri Jul 10 2026 10:01:22 GMT-0500 (Central Daylight Time),242298.5,A,dorr,I,r,108,2,748.8000001907349,241549.69999980927,8102,WL,B,2.0
2,3.0480000972747803,learn,56951.99990272522,Fri Jul 10 2026 10:01:22 GMT-0500 (Central Daylight Time),242981.59999990463,A,dorrenter,I,enter,671,2,1431.9000000953674,241549.69999980927,8102,WL,B,2.0
2,3.2980000972747803,learn,56701.99990272522,Fri Jul 10 2026 10:01:22 GMT-0500 (Central Daylight Time),243231.59999990463,A,a,I,a,236,2,249.70000004768372,242981.89999985695,8102,WL,B,3.0
2,3.5820000171661377,learn,56417.99998283386,Fri Jul 10 2026 10:01:22 GMT-0500 (Central Daylight Time),243515.59999990463,A,ar,I,r,266,2,533.7000000476837,242981.89999985695,8102,WL,B,3.0
2,4.046999931335449,learn,55953.00006866455,Fri Jul 10 2026 10:01:22 GMT-0500 (Central Daylight Time),243981.29999995232,A,arm,I,m,454,2,999.4000000953674,242981.89999985695,8102,WL,B,3.0
2,4.63100004196167,learn,55368.99995803833,Fri Jul 10 2026 10:01:22 GMT-0500 (Central Daylight Time),244564.5,A,armenter,I,enter,563,2,1582.6000001430511,242981.89999985695,8102,WL,B,3.0
2,5.096999883651733,learn,54903.00011634827,Fri Jul 10 2026 10:01:22 GMT-0500 (Central Daylight Time),245031.0,A,s,I,s,462,2,466.2000000476837,244564.79999995232,8102,WL,B,4.0
2,5.263999938964844,learn,54736.000061035156,Fri Jul 10 2026 10:01:22 GMT-0500 (Central Daylight Time),245197.79999995232,A,sk,I,k,152,2,633.0,244564.79999995232,8102,WL,B,4.0
2,5.480999946594238,learn,54519.00005340576,Fri Jul 10 2026 10:01:22 GMT-0500 (Central Daylight Time),245414.59999990463,A,ski,I,i,195,2,849.7999999523163,244564.79999995232,8102,WL,B,4.0
2,5.647000074386597,learn,54352.9999256134,Fri Jul 10 2026 10:01:22 GMT-0500 (Central Daylight Time),245581.0,A,skin,I,n,147,2,1016.2000000476837,244564.79999995232,8102,WL,B,4.0
2,5.996999979019165,learn,54003.000020980835,Fri Jul 10 2026 10:01:22 GMT-0500 (Central Daylight Time),245930.89999985695,A,skinenter,I,enter,332,2,1366.0999999046326,244564.79999995232,8102,WL,B,4.0
2,6.129999876022339,learn,53870.00012397766,Fri Jul 10 2026 10:01:22 GMT-0500 (Central Daylight Time),246064.09999990463,A,s,I,s,127,2,132.79999995231628,245931.29999995232,8102,WL,B,5.0
2,6.414000034332275,learn,53585.999965667725,Fri Jul 10 2026 10:01:22 GMT-0500 (Central Daylight Time),246347.39999985695,A,st,I,t,265,2,416.09999990463257,245931.29999995232,8102,WL,B,5.0
2,6.71399998664856,learn,53286.00001335144,Fri Jul 10 2026 10:01:22 GMT-0500 (Central Daylight Time),246647.59999990463,A,sta,I,a,278,2,716.2999999523163,245931.29999995232,8102,WL,B,5.0
2,6.829999923706055,learn,53170.000076293945,Fri Jul 10 2026 10:01:22 GMT-0500 (Central Daylight Time),246764.0,A,star,I,r,106,2,832.7000000476837,245931.29999995232,8102,WL,B,5.0
2,7.246999979019165,learn,52753.000020980835,Fri Jul 10 2026 10:01:22 GMT-0500 (Central Daylight Time),247180.69999980927,A,starenter,I,enter,398,2,1249.3999998569489,245931.29999995232,8102,WL,B,5.0
2,7.647000074386597,learn,52352.9999256134,Fri Jul 10 2026 10:01:22 GMT-0500 (Central Daylight Time),247580.5,A,s,I,s,382,2,399.5,247181.0,8102,WL,B,6.0
2,7.879999876022339,learn,52120.00012397766,Fri Jul 10 2026 10:01:22 GMT-0500 (Central Daylight Time),247814.0,A,st,I,t,222,2,633.0,247181.0,8102,WL,B,6.0
2,8.213000059127808,learn,51786.99994087219,Fri Jul 10 2026 10:01:22 GMT-0500 (Central Daylight Time),248147.0,A,str,I,r,324,2,966.0,247181.0,8102,WL,B,6.0
2,8.412999868392944,learn,51587.000131607056,Fri Jul 10 2026 10:01:22 GMT-0500 (Central Daylight Time),248346.89999985695,A,stre,I,e,191,2,1165.8999998569489,247181.0,8102,WL,B,6.0
2,8.546000003814697,learn,51453.9999961853,Fri Jul 10 2026 10:01:22 GMT-0500 (Central Daylight Time),248479.89999985695,A,stree,I,e,128,2,1298.8999998569489,247181.0,8102,WL,B,6.0
2,8.697999954223633,learn,51302.00004577637,Fri Jul 10 2026 10:01:22 GMT-0500 (Central Daylight Time),248631.5,A,street,I,t,138,2,1450.5,247181.0,8102,WL,B,6.0
2,8.979000091552734,learn,51020.999908447266,Fri Jul 10 2026 10:01:22 GMT-0500 (Central Daylight Time),248913.19999980927,A,streetenter,I,enter,275,2,1732.1999998092651,247181.0,8102,WL,B,6.0
2,9.263000011444092,learn,50736.99998855591,Fri Jul 10 2026 10:01:22 GMT-0500 (Central Daylight Time),249196.69999980927,A,g,I,g,265,2,283.19999980926514,248913.5,8102,WL,B,7.0
2,9.395999908447266,learn,50604.000091552734,Fri Jul 10 2026 10:01:22 GMT-0500 (Central Daylight Time),249330.0,A,gr,I,r,127,2,416.5,248913.5,8102,WL,B,7.0
2,9.914000034332275,learn,50085.999965667725,Fri Jul 10 2026 10:01:22 GMT-0500 (Central Daylight Time),249847.89999985695,A,gra,I,a,503,2,934.3999998569489,248913.5,8102,WL,B,7.0
2,10.161999940872192,learn,49838.00005912781,Fri Jul 10 2026 10:01:22 GMT-0500 (Central Daylight Time),250096.39999985695,A,gras,I,s,234,2,1182.8999998569489,248913.5,8102,WL,B,7.0
2,10.345999956130981,learn,49654.00004386902,Fri Jul 10 2026 10:01:22 GMT-0500 (Central Daylight Time),250279.5,A,grass,I,s,170,2,1366.0,248913.5,8102,WL,B,7.0
2,11.69599986076355,learn,48304.00013923645,Fri Jul 10 2026 10:01:22 GMT-0500 (Central Daylight Time),251629.39999985695,A,grassenter,I,enter,1338,2,2715.899999856949,248913.5,8102,WL,B,7.0
2,11.928999900817871,learn,48071.00009918213,Fri Jul 10 2026 10:01:22 GMT-0500 (Central Daylight Time),251862.59999990463,A,c,I,c,212,2,232.90000009536743,251629.69999980927,8102,WL,B,8.0
2,12.029000043869019,learn,47970.99995613098,Fri Jul 10 2026 10:01:22 GMT-0500 (Central Daylight Time),251962.59999990463,A,cl,I,l,92,2,332.90000009536743,251629.69999980927,8102,WL,B,8.0
2,12.244999885559082,learn,47755.00011444092,Fri Jul 10 2026 10:01:22 GMT-0500 (Central Daylight Time),252179.09999990463,A,clo,I,o,208,2,549.4000000953674,251629.69999980927,8102,WL,B,8.0
2,12.428999900817871,learn,47571.00009918213,Fri Jul 10 2026 10:01:22 GMT-0500 (Central Daylight Time),252362.5,A,cloc,I,c,167,2,732.8000001907349,251629.69999980927,8102,WL,B,8.0
2,12.562999963760376,learn,47437.000036239624,Fri Jul 10 2026 10:01:22 GMT-0500 (Central Daylight Time),252496.59999990463,A,clock,I,k,128,2,866.9000000953674,251629.69999980927,8102,WL,B,8.0
2,13.01200008392334,learn,46987.99991607666,Fri Jul 10 2026 10:01:22 GMT-0500 (Central Daylight Time),252945.29999995232,A,clockenter,I,enter,433,2,1315.6000001430511,251629.69999980927,8102,WL,B,8.0
2,13.378000020980835,learn,46621.999979019165,Fri Jul 10 2026 10:01:22 GMT-0500 (Central Daylight Time),253312.0,A,l,I,l,353,2,366.30000019073486,252945.69999980927,8102,WL,B,9.0
2,13.51200008392334,learn,46487.99991607666,Fri Jul 10 2026 10:01:22 GMT-0500 (Central Daylight Time),253445.5,A,la,I,a,114,2,499.80000019073486,252945.69999980927,8102,WL,B,9.0
2,13.67799997329712,learn,46322.00002670288,Fri Jul 10 2026 10:01:22 GMT-0500 (Central Daylight Time),253612.0,A,lak,I,k,149,2,666.3000001907349,252945.69999980927,8102,WL,B,9.0
2,13.944999933242798,learn,46055.0000667572,Fri Jul 10 2026 10:01:22 GMT-0500 (Central Daylight Time),253878.59999990463,A,lake,I,e,246,2,932.9000000953674,252945.69999980927,8102,WL,B,9.0
2,14.277999877929688,learn,45722.00012207031,Fri Jul 10 2026 10:01:22 GMT-0500 (Central Daylight Time),254211.89999985695,A,lakeenter,I,enter,325,2,1266.2000000476837,252945.69999980927,8102,WL,B,9.0
2,14.74399995803833,learn,45256.00004196167,Fri Jul 10 2026 10:01:22 GMT-0500 (Central Daylight Time),254678.29999995232,A,f,I,f,446,2,466.10000014305115,254212.19999980927,8102,WL,B,10.0
2,14.91100001335144,learn,45088.99998664856,Fri Jul 10 2026 10:01:22 GMT-0500 (Central Daylight Time),254844.79999995232,A,fi,I,i,156,2,632.6000001430511,254212.19999980927,8102,WL,B,10.0
2,15.09500002861023,learn,44904.99997138977,Fri Jul 10 2026 10:01:22 GMT-0500 (Central Daylight Time),255029.19999980927,A,fir,I,r,174,2,817.0,254212.19999980927,8102,WL,B,10.0
2,15.194000005722046,learn,44805.999994277954,Fri Jul 10 2026 10:01:22 GMT-0500 (Central Daylight Time),255128.09999990463,A,fire,I,e,92,2,915.9000000953674,254212.19999980927,8102,WL,B,10.0
2,15.477999925613403,learn,44522.0000743866,Fri Jul 10 2026 10:01:22 GMT-0500 (Central Daylight Time),255411.5,A,fireenter,I,enter,274,2,1199.3000001907349,254212.19999980927,8102,WL,B,10.0
2,16.8439998626709,learn,43156.0001373291,Fri Jul 10 2026 10:01:22 GMT-0500 (Central Daylight Time),256777.5,A,,I,backspace,1351,2,1365.7000000476837,255411.79999995232,8102,WL,B,11.0
2,18.66000008583069,learn,41339.99991416931,Fri Jul 10 2026 10:01:22 GMT-0500 (Central Daylight Time),258593.59999990463,A,p,I,p,1809,2,3181.7999999523163,255411.79999995232,8102,WL,B,11.0
2,18.80999994277954,learn,41190.00005722046,Fri Jul 10 2026 10:01:22 GMT-0500 (Central Daylight Time),258743.59999990463,A,pi,I,i,145,2,3331.7999999523163,255411.79999995232,8102,WL,B,11.0
2,18.960000038146973,learn,41039.99996185303,Fri Jul 10 2026 10:01:22 GMT-0500 (Central Daylight Time),258893.79999995232,A,pip,I,p,139,2,3482.0,255411.79999995232,8102,WL,B,11.0
2,19.2260000705719,learn,40773.9999294281,Fri Jul 10 2026 10:01:22 GMT-0500 (Central Daylight Time),259159.89999985695,A,pipe,I,e,261,2,3748.0999999046326,255411.79999995232,8102,WL,B,11.0
2,20.276000022888184,learn,39723.99997711182,Fri Jul 10 2026 10:01:22 GMT-0500 (Central Daylight Time),260209.5,A,pipeenter,I,enter,1033,2,4797.700000047684,255411.79999995232,8102,WL,B,11.0
2,20.7260000705719,learn,39273.9999294281,Fri Jul 10 2026 10:01:22 GMT-0500 (Central Daylight Time),260659.39999985695,A,a,I,a,441,2,449.59999990463257,260209.79999995232,8102,WL,B,12.0
2,20.95899987220764,learn,39041.00012779236,Fri Jul 10 2026 10:01:22 GMT-0500 (Central Daylight Time),260892.69999980927,A,ar,I,r,214,2,682.8999998569489,260209.79999995232,8102,WL,B,12.0
2,21.175999879837036,learn,38824.000120162964,Fri Jul 10 2026 10:01:22 GMT-0500 (Central Daylight Time),261109.39999985695,A,arm,I,m,196,2,899.5999999046326,260209.79999995232,8102,WL,B,12.0
2,22.02500009536743,learn,37974.99990463257,Fri Jul 10 2026 10:01:22 GMT-0500 (Central Daylight Time),261959.09999990463,A,armenter,I,enter,844,2,1749.2999999523163,260209.79999995232,8102,WL,B,12.0
2,22.22499990463257,learn,37775.00009536743,Fri Jul 10 2026 10:01:22 GMT-0500 (Central Daylight Time),262159.0,A,w,I,w,195,2,199.5,261959.5,8102,WL,B,13.0
2,22.424999952316284,learn,37575.000047683716,Fri Jul 10 2026 10:01:22 GMT-0500 (Central Daylight Time),262358.89999985695,A,wi,I,i,195,2,399.39999985694885,261959.5,8102,WL,B,13.0
2,22.592000007629395,learn,37407.999992370605,Fri Jul 10 2026 10:01:22 GMT-0500 (Central Daylight Time),262525.5,A,wif,I,f,154,2,566.0,261959.5,8102,WL,B,13.0
2,22.70799994468689,learn,37292.00005531311,Fri Jul 10 2026 10:01:22 GMT-0500 (Central Daylight Time),262642.09999990463,A,wife,I,e,99,2,682.5999999046326,261959.5,8102,WL,B,13.0
2,22.907999992370605,learn,37092.000007629395,Fri Jul 10 2026 10:01:22 GMT-0500 (Central Daylight Time),262841.89999985695,A,wifeenter,I,enter,192,2,882.3999998569489,261959.5,8102,WL,B,13.0
2,23.240999937057495,learn,36759.000062942505,Fri Jul 10 2026 10:01:22 GMT-0500 (Central Daylight Time),263175.19999980927,A,p,I,p,328,2,332.89999985694885,262842.2999999523,8102,WL,B,14.0
2,23.591000080108643,learn,36408.99991989136,Fri Jul 10 2026 10:01:22 GMT-0500 (Central Daylight Time),263525.19999980927,A,pu,I,u,330,2,682.8999998569489,262842.2999999523,8102,WL,B,14.0
2,23.907999992370605,learn,36092.000007629395,Fri Jul 10 2026 10:01:22 GMT-0500 (Central Daylight Time),263841.69999980927,A,pup,I,p,301,2,999.3999998569489,262842.2999999523,8102,WL,B,14.0
2,24.240999937057495,learn,35759.000062942505,Fri Jul 10 2026 10:01:22 GMT-0500 (Central Daylight Time),264175.0,A,pupi,I,i,320,2,1332.7000000476837,262842.2999999523,8102,WL,B,14.0
2,24.45799994468689,learn,35542.00005531311,Fri Jul 10 2026 10:01:22 GMT-0500 (Central Daylight Time),264391.59999990463,A,pupil,I,l,201,2,1549.2999999523163,262842.2999999523,8102,WL,B,14.0
2,24.808000087738037,learn,35191.99991226196,Fri Jul 10 2026 10:01:22 GMT-0500 (Central Daylight Time),264741.59999990463,A,pupilenter,I,enter,339,2,1899.2999999523163,262842.2999999523,8102,WL,B,14.0
2,29.240000009536743,learn,30759.999990463257,Fri Jul 10 2026 10:01:22 GMT-0500 (Central Daylight Time),269173.39999985695,A,c,I,c,4411,2,4431.5,264741.89999985695,8102,WL,B,15.0
2,29.372999906539917,learn,30627.000093460083,Fri Jul 10 2026 10:01:22 GMT-0500 (Central Daylight Time),269306.59999990463,A,ca,I,a,124,2,4564.700000047684,264741.89999985695,8102,WL,B,15.0
2,29.48900008201599,learn,30510.99991798401,Fri Jul 10 2026 10:01:22 GMT-0500 (Central Daylight Time),269423.39999985695,A,cab,I,b,102,2,4681.5,264741.89999985695,8102,WL,B,15.0
2,29.73900008201599,learn,30260.99991798401,Fri Jul 10 2026 10:01:22 GMT-0500 (Central Daylight Time),269673.2999999523,A,cabi,I,i,234,2,4931.400000095367,264741.89999985695,8102,WL,B,15.0
2,29.85599994659424,learn,30144.00005340576,Fri Jul 10 2026 10:01:22 GMT-0500 (Central Daylight Time),269789.89999985695,A,cabin,I,n,96,2,5048.0,264741.89999985695,8102,WL,B,15.0
2,30.206000089645386,learn,29793.999910354614,Fri Jul 10 2026 10:01:22 GMT-0500 (Central Daylight Time),270139.69999980927,A,cabinenter,I,enter,339,2,5397.799999952316,264741.89999985695,8102,WL,B,15.0
3,0.31599998474121094,learn,59684.00001525879,Fri Jul 10 2026 10:01:22 GMT-0500 (Central Daylight Time),337835.39999985695,A,s,I,s,308,2,316.09999990463257,337519.2999999523,8102,WL,B,1.0
3,0.6499998569488525,learn,59350.00014305115,Fri Jul 10 2026 10:01:22 GMT-0500 (Central Daylight Time),338169.69999980927,A,st,I,t,318,2,650.3999998569489,337519.2999999523,8102,WL,B,1.0
3,1.0160000324249268,learn,58983.99996757507,Fri Jul 10 2026 10:01:22 GMT-0500 (Central Daylight Time),338535.19999980927,A,str,I,r,360,2,1015.8999998569489,337519.2999999523,8102,WL,B,1.0
3,1.248999834060669,learn,58751.00016593933,Fri Jul 10 2026 10:01:22 GMT-0500 (Central Daylight Time),338768.5,A,stre,I,e,219,2,1249.2000000476837,337519.2999999523,8102,WL,B,1.0
3,1.4159998893737793,learn,58584.00011062622,Fri Jul 10 2026 10:01:22 GMT-0500 (Central Daylight Time),338935.2999999523,A,stree,I,e,154,2,1416.0,337519.2999999523,8102,WL,B,1.0
3,1.565999984741211,learn,58434.00001525879,Fri Jul 10 2026 10:01:22 GMT-0500 (Central Daylight Time),339085.19999980927,A,street,I,t,130,2,1565.8999998569489,337519.2999999523,8102,WL,B,1.0
3,2.131999969482422,learn,57868.00003051758,Fri Jul 10 2026 10:01:22 GMT-0500 (Central Daylight Time),339651.69999980927,A,streetenter,I,enter,557,2,2132.399999856949,337519.2999999523,8102,WL,B,1.0
3,2.4149999618530273,learn,57585.00003814697,Fri Jul 10 2026 10:01:22 GMT-0500 (Central Daylight Time),339934.69999980927,A,g,I,g,271,2,282.69999980926514,339652.0,8102,WL,B,2.0
3,2.5989999771118164,learn,57401.00002288818,Fri Jul 10 2026 10:01:22 GMT-0500 (Central Daylight Time),340118.0,A,gr,I,r,171,2,466.0,339652.0,8102,WL,B,2.0
3,2.8329999446868896,learn,57167.00005531311,Fri Jul 10 2026 10:01:22 GMT-0500 (Central Daylight Time),340352.39999985695,A,gra,I,a,228,2,700.3999998569489,339652.0,8102,WL,B,2.0
3,3.049999952316284,learn,56950.000047683716,Fri Jul 10 2026 10:01:22 GMT-0500 (Central Daylight Time),340569.19999980927,A,gras,I,s,202,2,917.1999998092651,339652.0,8102,WL,B,2.0
3,3.2149999141693115,learn,56785.00008583069,Fri Jul 10 2026 10:01:22 GMT-0500 (Central Daylight Time),340734.39999985695,A,grass,I,s,153,2,1082.3999998569489,339652.0,8102,WL,B,2.0
3,3.615000009536743,learn,56384.99999046326,Fri Jul 10 2026 10:01:22 GMT-0500 (Central Daylight Time),341134.2999999523,A,grassenter,I,enter,380,2,1482.2999999523163,339652.0,8102,WL,B,2.0
3,3.9149999618530273,learn,56085.00003814697,Fri Jul 10 2026 10:01:22 GMT-0500 (Central Daylight Time),341434.2999999523,A,d,I,d,284,2,299.60000014305115,341134.69999980927,8102,WL,B,3.0
3,4.082000017166138,learn,55917.99998283386,Fri Jul 10 2026 10:01:22 GMT-0500 (Central Daylight Time),341601.0,A,do,I,o,152,2,466.30000019073486,341134.69999980927,8102,WL,B,3.0
3,4.3480000495910645,learn,55651.999950408936,Fri Jul 10 2026 10:01:22 GMT-0500 (Central Daylight Time),341867.69999980927,A,doo,I,o,249,2,733.0,341134.69999980927,8102,WL,B,3.0
3,4.531999826431274,learn,55468.000173568726,Fri Jul 10 2026 10:01:22 GMT-0500 (Central Daylight Time),342050.7999999523,A,door,I,r,175,2,916.1000001430511,341134.69999980927,8102,WL,B,3.0
3,4.865000009536743,learn,55134.99999046326,Fri Jul 10 2026 10:01:22 GMT-0500 (Central Daylight Time),342384.2999999523,A,doorenter,I,enter,320,2,1249.6000001430511,341134.69999980927,8102,WL,B,3.0
3,5.080999851226807,learn,54919.00014877319,Fri Jul 10 2026 10:01:22 GMT-0500 (Central Daylight Time),342600.5,A,a,I,a,209,2,215.80000019073486,342384.69999980927,8102,WL,B,4.0
3,5.3480000495910645,learn,54651.999950408936,Fri Jul 10 2026 10:01:22 GMT-0500 (Central Daylight Time),342867.19999980927,A,ar,I,r,250,2,482.5,342384.69999980927,8102,WL,B,4.0
3,5.730999946594238,learn,54269.00005340576,Fri Jul 10 2026 10:01:22 GMT-0500 (Central Daylight Time),343250.69999980927,A,arm,I,m,366,2,866.0,342384.69999980927,8102,WL,B,4.0
3,6.014999866485596,learn,53985.000133514404,Fri Jul 10 2026 10:01:22 GMT-0500 (Central Daylight Time),343533.89999985695,A,armenter,I,enter,272,2,1149.2000000476837,342384.69999980927,8102,WL,B,4.0
3,6.21399998664856,learn,53786.00001335144,Fri Jul 10 2026 10:01:22 GMT-0500 (Central Daylight Time),343733.59999990463,A,s,I,s,181,2,199.40000009536743,343534.19999980927,8102,WL,B,5.0
3,6.461999893188477,learn,53538.00010681152,Fri Jul 10 2026 10:01:22 GMT-0500 (Central Daylight Time),343981.0,A,st,I,t,243,2,446.80000019073486,343534.19999980927,8102,WL,B,5.0
3,6.646999835968018,learn,53353.00016403198,Fri Jul 10 2026 10:01:22 GMT-0500 (Central Daylight Time),344166.59999990463,A,sta,I,a,172,2,632.4000000953674,343534.19999980927,8102,WL,B,5.0
3,6.763999938964844,learn,53236.000061035156,Fri Jul 10 2026 10:01:22 GMT-0500 (Central Daylight Time),344283.39999985695,A,star,I,r,105,2,749.2000000476837,343534.19999980927,8102,WL,B,5.0
3,7.13100004196167,learn,52868.99995803833,Fri Jul 10 2026 10:01:22 GMT-0500 (Central Daylight Time),344650.09999990463,A,starenter,I,enter,359,2,1115.9000000953674,343534.19999980927,8102,WL,B,5.0
3,7.414999961853027,learn,52585.00003814697,Fri Jul 10 2026 10:01:22 GMT-0500 (Central Daylight Time),344934.39999985695,A,w,I,w,264,2,284.0,344650.39999985695,8102,WL,B,6.0
3,7.664000034332275,learn,52335.999965667725,Fri Jul 10 2026 10:01:22 GMT-0500 (Central Daylight Time),345182.89999985695,A,wi,I,i,244,2,532.5,344650.39999985695,8102,WL,B,6.0
3,7.914000034332275,learn,52085.999965667725,Fri Jul 10 2026 10:01:22 GMT-0500 (Central Daylight Time),345433.09999990463,A,wif,I,f,235,2,782.7000000476837,344650.39999985695,8102,WL,B,6.0
3,8.04699993133545,learn,51953.00006866455,Fri Jul 10 2026 10:01:22 GMT-0500 (Central Daylight Time),345566.2999999523,A,wife,I,e,122,2,915.9000000953674,344650.39999985695,8102,WL,B,6.0
3,8.829999923706055,learn,51170.000076293945,Fri Jul 10 2026 10:01:22 GMT-0500 (Central Daylight Time),346349.39999985695,A,wifeenter,I,enter,772,2,1699.0,344650.39999985695,8102,WL,B,6.0
3,9.162999868392944,learn,50837.000131607056,Fri Jul 10 2026 10:01:22 GMT-0500 (Central Daylight Time),346682.69999980927,A,d,I,d,318,2,333.0,346349.69999980927,8102,WL,B,7.0
3,9.412999868392944,learn,50587.000131607056,Fri Jul 10 2026 10:01:22 GMT-0500 (Central Daylight Time),346932.5,A,do,I,o,240,2,582.8000001907349,346349.69999980927,8102,WL,B,7.0
3,9.562999963760376,learn,50437.000036239624,Fri Jul 10 2026 10:01:22 GMT-0500 (Central Daylight Time),347082.59999990463,A,doo,I,o,142,2,732.9000000953674,346349.69999980927,8102,WL,B,7.0
3,9.898000001907349,learn,50101.99999809265,Fri Jul 10 2026 10:01:22 GMT-0500 (Central Daylight Time),347416.7999999523,A,door,I,r,328,2,1067.1000001430511,346349.69999980927,8102,WL,B,7.0
3,10.730000019073486,learn,49269.999980926514,Fri Jul 10 2026 10:01:22 GMT-0500 (Central Daylight Time),348249.09999990463,A,doorenter,I,enter,817,2,1899.4000000953674,346349.69999980927,8102,WL,B,7.0
3,10.929999828338623,learn,49070.00017166138,Fri Jul 10 2026 10:01:22 GMT-0500 (Central Daylight Time),348448.7999999523,A,w,I,w,193,2,199.5,348249.2999999523,8102,WL,B,8.0
3,11.19599986076355,learn,48804.00013923645,Fri Jul 10 2026 10:01:22 GMT-0500 (Central Daylight Time),348715.39999985695,A,wi,I,i,257,2,466.09999990463257,348249.2999999523,8102,WL,B,8.0
3,11.296000003814697,learn,48703.9999961853,Fri Jul 10 2026 10:01:22 GMT-0500 (Central Daylight Time),348815.5,A,win,I,n,95,2,566.2000000476837,348249.2999999523,8102,WL,B,8.0
3,11.463000059127808,learn,48536.99994087219,Fri Jul 10 2026 10:01:22 GMT-0500 (Central Daylight Time),348982.19999980927,A,wind,I,d,155,2,732.8999998569489,348249.2999999523,8102,WL,B,8.0
3,11.628999948501587,learn,48371.00005149841,Fri Jul 10 2026 10:01:22 GMT-0500 (Central Daylight Time),349148.5,A,windo,I,o,156,2,899.2000000476837,348249.2999999523,8102,WL,B,8.0
3,12.062999963760376,learn,47937.000036239624,Fri Jul 10 2026 10:01:22 GMT-0500 (Central Daylight Time),349582.0,A,window,I,w,422,2,1332.7000000476837,348249.2999999523,8102,WL,B,8.0
3,12.361999988555908,learn,47638.00001144409,Fri Jul 10 2026 10:01:22 GMT-0500 (Central Daylight Time),349881.59999990463,A,windowenter,I,enter,285,2,1632.2999999523163,348249.2999999523,8102,WL,B,8.0
3,12.645999908447266,learn,47354.000091552734,Fri Jul 10 2026 10:01:22 GMT-0500 (Central Daylight Time),350165.0,A,c,I,c,265,2,283.10000014305115,349881.89999985695,8102,WL,B,9.0
3,12.861999988555908,learn,47138.00001144409,Fri Jul 10 2026 10:01:22 GMT-0500 (Central Daylight Time),350381.59999990463,A,ci,I,i,205,2,499.7000000476837,349881.89999985695,8102,WL,B,9.0
3,13.128999948501587,learn,46871.00005149841,Fri Jul 10 2026 10:01:22 GMT-0500 (Central Daylight Time),350648.09999990463,A,cit,I,t,246,2,766.2000000476837,349881.89999985695,8102,WL,B,9.0
3,13.279000043869019,learn,46720.99995613098,Fri Jul 10 2026 10:01:22 GMT-0500 (Central Daylight Time),350798.7999999523,A,city,I,y,146,2,916.9000000953674,349881.89999985695,8102,WL,B,9.0
3,13.678999900817871,learn,46321.00009918213,Fri Jul 10 2026 10:01:22 GMT-0500 (Central Daylight Time),351198.19999980927,A,cityenter,I,enter,379,2,1316.2999999523163,349881.89999985695,8102,WL,B,9.0
3,13.94599986076355,learn,46054.00013923645,Fri Jul 10 2026 10:01:22 GMT-0500 (Central Daylight Time),351465.39999985695,A,c,I,c,261,2,267.0,351198.39999985695,8102,WL,B,10.0
3,14.128999948501587,learn,45871.00005149841,Fri Jul 10 2026 10:01:22 GMT-0500 (Central Daylight Time),351647.7999999523,A,ca,I,a,169,2,449.40000009536743,351198.39999985695,8102,WL,B,10.0
3,14.227999925613403,learn,45772.0000743866,Fri Jul 10 2026 10:01:22 GMT-0500 (Central Daylight Time),351747.7999999523,A,cab,I,b,90,2,549.4000000953674,351198.39999985695,8102,WL,B,10.0
3,14.461999893188477,learn,45538.00010681152,Fri Jul 10 2026 10:01:22 GMT-0500 (Central Daylight Time),351981.09999990463,A,cabi,I,i,214,2,782.7000000476837,351198.39999985695,8102,WL,B,10.0
3,14.562000036239624,learn,45437.999963760376,Fri Jul 10 2026 10:01:22 GMT-0500 (Central Daylight Time),352081.19999980927,A,cabin,I,n,85,2,882.7999999523163,351198.39999985695,8102,WL,B,10.0
3,15.044999837875366,learn,44955.000162124634,Fri Jul 10 2026 10:01:22 GMT-0500 (Central Daylight Time),352564.09999990463,A,cabinenter,I,enter,473,2,1365.7000000476837,351198.39999985695,8102,WL,B,10.0
3,15.394999980926514,learn,44605.000019073486,Fri Jul 10 2026 10:01:22 GMT-0500 (Central Daylight Time),352914.09999990463,A,l,I,l,343,2,349.7999999523163,352564.2999999523,8102,WL,B,11.0
3,15.543999910354614,learn,44456.000089645386,Fri Jul 10 2026 10:01:22 GMT-0500 (Central Daylight Time),353063.7999999523,A,la,I,a,144,2,499.5,352564.2999999523,8102,WL,B,11.0
3,15.710999965667725,learn,44289.000034332275,Fri Jul 10 2026 10:01:22 GMT-0500 (Central Daylight Time),353230.69999980927,A,lak,I,k,156,2,666.3999998569489,352564.2999999523,8102,WL,B,11.0
3,15.92799997329712,learn,44072.00002670288,Fri Jul 10 2026 10:01:22 GMT-0500 (Central Daylight Time),353447.0,A,lake,I,e,196,2,882.7000000476837,352564.2999999523,8102,WL,B,11.0
3,17.027999877929688,learn,42972.00012207031,Fri Jul 10 2026 10:01:22 GMT-0500 (Central Daylight Time),354546.89999985695,A,lakeenter,I,enter,1083,2,1982.5999999046326,352564.2999999523,8102,WL,B,11.0
3,17.47699999809265,learn,42523.00000190735,Fri Jul 10 2026 10:01:22 GMT-0500 (Central Daylight Time),354996.69999980927,A,f,I,f,431,2,449.5,354547.19999980927,8102,WL,B,12.0
3,17.67799997329712,learn,42322.00002670288,Fri Jul 10 2026 10:01:22 GMT-0500 (Central Daylight Time),355197.09999990463,A,fi,I,i,181,2,649.9000000953674,354547.19999980927,8102,WL,B,12.0
3,17.82699990272522,learn,42173.00009727478,Fri Jul 10 2026 10:01:22 GMT-0500 (Central Daylight Time),355346.59999990463,A,fir,I,r,142,2,799.4000000953674,354547.19999980927,8102,WL,B,12.0
3,17.99399995803833,learn,42006.00004196167,Fri Jul 10 2026 10:01:22 GMT-0500 (Central Daylight Time),355513.09999990463,A,fire,I,e,152,2,965.9000000953674,354547.19999980927,8102,WL,B,12.0
3,18.560999870300293,learn,41439.00012969971,Fri Jul 10 2026 10:01:22 GMT-0500 (Central Daylight Time),356079.7999999523,A,fireenter,I,enter,553,2,1532.6000001430511,354547.19999980927,8102,WL,B,12.0
3,18.960000038146973,learn,41039.99996185303,Fri Jul 10 2026 10:01:22 GMT-0500 (Central Daylight Time),356479.5,A,s,I,s,394,2,399.30000019073486,356080.19999980927,8102,WL,B,13.0
3,19.14400005340576,learn,40855.99994659424,Fri Jul 10 2026 10:01:22 GMT-0500 (Central Daylight Time),356663.0,A,sk,I,k,171,2,582.8000001907349,356080.19999980927,8102,WL,B,13.0
3,19.427000045776367,learn,40572.99995422363,Fri Jul 10 2026 10:01:22 GMT-0500 (Central Daylight Time),356946.0,A,ski,I,i,275,2,865.8000001907349,356080.19999980927,8102,WL,B,13.0
3,19.710000038146973,learn,40289.99996185303,Fri Jul 10 2026 10:01:22 GMT-0500 (Central Daylight Time),357229.69999980927,A,skin,I,n,264,2,1149.5,356080.19999980927,8102,WL,B,13.0
3,20.210000038146973,learn,39789.99996185303,Fri Jul 10 2026 10:01:22 GMT-0500 (Central Daylight Time),357729.2999999523,A,skinenter,I,enter,484,2,1649.1000001430511,356080.19999980927,8102,WL,B,13.0
3,20.55999994277954,learn,39440.00005722046,Fri Jul 10 2026 10:01:22 GMT-0500 (Central Daylight Time),358079.19999980927,A,c,I,c,337,2,349.59999990463257,357729.59999990463,8102,WL,B,14.0
3,20.710000038146973,learn,39289.99996185303,Fri Jul 10 2026 10:01:22 GMT-0500 (Central Daylight Time),358228.89999985695,A,cl,I,l,139,2,499.2999999523163,357729.59999990463,8102,WL,B,14.0
3,20.960000038146973,learn,39039.99996185303,Fri Jul 10 2026 10:01:22 GMT-0500 (Central Daylight Time),358479.19999980927,A,clo,I,o,238,2,749.5999999046326,357729.59999990463,8102,WL,B,14.0
3,21.259999990463257,learn,38740.00000953674,Fri Jul 10 2026 10:01:22 GMT-0500 (Central Daylight Time),358778.7999999523,A,cloc,I,c,282,2,1049.2000000476837,357729.59999990463,8102,WL,B,14.0
3,21.375999927520752,learn,38624.00007247925,Fri Jul 10 2026 10:01:22 GMT-0500 (Central Daylight Time),358895.5,A,clock,I,k,103,2,1165.9000000953674,357729.59999990463,8102,WL,B,14.0
3,21.759999990463257,learn,38240.00000953674,Fri Jul 10 2026 10:01:22 GMT-0500 (Central Daylight Time),359278.89999985695,A,clockenter,I,enter,363,2,1549.2999999523163,357729.59999990463,8102,WL,B,14.0
3,22.842999935150146,learn,37157.00006484985,Fri Jul 10 2026 10:01:22 GMT-0500 (Central Daylight Time),360362.39999985695,A,,I,backspace,1067,2,1083.2000000476837,359279.19999980927,8102,WL,B,15.0
3,23.092000007629395,learn,36907.999992370605,Fri Jul 10 2026 10:01:22 GMT-0500 (Central Daylight Time),360611.69999980927,A,p,I,p,240,2,1332.5,359279.19999980927,8102,WL,B,15.0
3,23.258999824523926,learn,36741.000175476074,Fri Jul 10 2026 10:01:22 GMT-0500 (Central Daylight Time),360778.39999985695,A,pi,I,i,151,2,1499.2000000476837,359279.19999980927,8102,WL,B,15.0
3,23.39199995994568,learn,36608.00004005432,Fri Jul 10 2026 10:01:22 GMT-0500 (Central Daylight Time),360911.39999985695,A,pip,I,p,128,2,1632.2000000476837,359279.19999980927,8102,WL,B,15.0
3,23.658999919891357,learn,36341.00008010864,Fri Jul 10 2026 10:01:22 GMT-0500 (Central Daylight Time),361178.19999980927,A,pipe,I,e,251,2,1899.0,359279.19999980927,8102,WL,B,15.0
3,23.85800004005432,learn,36141.99995994568,Fri Jul 10 2026 10:01:22 GMT-0500 (Central Daylight Time),361378.09999990463,A,pipeenter,I,enter,192,2,2098.9000000953674,359279.19999980927,8102,WL,B,15.0
4,0.6830000877380371,learn,59316.99991226196,Fri Jul 10 2026 10:01:22 GMT-0500 (Central Daylight Time),431306.19999980927,A,s,I,s,676,2,682.7999999523163,430623.39999985695,8102,WL,B,1.0
4,1.0490000247955322,learn,58950.99997520447,Fri Jul 10 2026 10:01:22 GMT-0500 (Central Daylight Time),431672.39999985695,A,st,I,t,360,2,1049.0,430623.39999985695,8102,WL,B,1.0
4,1.2990000247955322,learn,58700.99997520447,Fri Jul 10 2026 10:01:22 GMT-0500 (Central Daylight Time),431922.69999980927,A,str,I,r,233,2,1299.2999999523163,430623.39999985695,8102,WL,B,1.0
4,1.5160000324249268,learn,58483.99996757507,Fri Jul 10 2026 10:01:22 GMT-0500 (Central Daylight Time),432139.19999980927,A,stre,I,e,200,2,1515.7999999523163,430623.39999985695,8102,WL,B,1.0
4,1.6660001277923584,learn,58333.99987220764,Fri Jul 10 2026 10:01:22 GMT-0500 (Central Daylight Time),432289.2999999523,A,stree,I,e,142,2,1665.9000000953674,430623.39999985695,8102,WL,B,1.0
4,1.815999984741211,learn,58184.00001525879,Fri Jul 10 2026 10:01:22 GMT-0500 (Central Daylight Time),432439.09999990463,A,street,I,t,138,2,1815.7000000476837,430623.39999985695,8102,WL,B,1.0
4,2.1489999294281006,learn,57851.0000705719,Fri Jul 10 2026 10:01:22 GMT-0500 (Central Daylight Time),432772.5,A,streetenter,I,enter,323,2,2149.100000143051,430623.39999985695,8102,WL,B,1.0
4,2.499000072479248,learn,57500.99992752075,Fri Jul 10 2026 10:01:22 GMT-0500 (Central Daylight Time),433122.2999999523,A,g,I,g,342,2,349.5,432772.7999999523,8102,WL,B,2.0
4,2.7160000801086426,learn,57283.99991989136,Fri Jul 10 2026 10:01:22 GMT-0500 (Central Daylight Time),433339.5,A,gr,I,r,201,2,566.7000000476837,432772.7999999523,8102,WL,B,2.0
4,3.065000057220459,learn,56934.99994277954,Fri Jul 10 2026 10:01:22 GMT-0500 (Central Daylight Time),433688.5,A,gra,I,a,343,2,915.7000000476837,432772.7999999523,8102,WL,B,2.0
4,3.381999969482422,learn,56618.00003051758,Fri Jul 10 2026 10:01:22 GMT-0500 (Central Daylight Time),434005.39999985695,A,gras,I,s,298,2,1232.5999999046326,432772.7999999523,8102,WL,B,2.0
4,3.5160000324249268,learn,56483.99996757507,Fri Jul 10 2026 10:01:22 GMT-0500 (Central Daylight Time),434138.59999990463,A,grass,I,s,118,2,1365.7999999523163,432772.7999999523,8102,WL,B,2.0
4,4.266000032424927,learn,55733.99996757507,Fri Jul 10 2026 10:01:22 GMT-0500 (Central Daylight Time),434889.2999999523,A,grassenter,I,enter,743,2,2116.5,432772.7999999523,8102,WL,B,2.0
4,4.815000057220459,learn,55184.99994277954,Fri Jul 10 2026 10:01:22 GMT-0500 (Central Daylight Time),435438.19999980927,A,a,I,a,529,2,548.5999999046326,434889.59999990463,8102,WL,B,3.0
4,5.181999921798706,learn,54818.000078201294,Fri Jul 10 2026 10:01:22 GMT-0500 (Central Daylight Time),435804.89999985695,A,ar,I,r,356,2,915.2999999523163,434889.59999990463,8102,WL,B,3.0
4,5.5980000495910645,learn,54401.999950408936,Fri Jul 10 2026 10:01:22 GMT-0500 (Central Daylight Time),436221.09999990463,A,arm,I,m,398,2,1331.5,434889.59999990463,8102,WL,B,3.0
4,6.148000001907349,learn,53851.99999809265,Fri Jul 10 2026 10:01:22 GMT-0500 (Central Daylight Time),436771.0,A,armenter,I,enter,533,2,1881.4000000953674,434889.59999990463,8102,WL,B,3.0
4,6.4649999141693115,learn,53535.00008583069,Fri Jul 10 2026 10:01:22 GMT-0500 (Central Daylight Time),437087.7999999523,A,c,I,c,303,2,316.5,436771.2999999523,8102,WL,B,4.0
4,6.664999961853027,learn,53335.00003814697,Fri Jul 10 2026 10:01:22 GMT-0500 (Central Daylight Time),437287.7999999523,A,ci,I,i,187,2,516.5,436771.2999999523,8102,WL,B,4.0
4,6.980999946594238,learn,53019.00005340576,Fri Jul 10 2026 10:01:22 GMT-0500 (Central Daylight Time),437604.19999980927,A,cit,I,t,298,2,832.8999998569489,436771.2999999523,8102,WL,B,4.0
4,7.2149999141693115,learn,52785.00008583069,Fri Jul 10 2026 10:01:22 GMT-0500 (Central Daylight Time),437838.59999990463,A,city,I,y,214,2,1067.2999999523163,436771.2999999523,8102,WL,B,4.0
4,7.808000087738037,learn,52191.99991226196,Fri Jul 10 2026 10:01:22 GMT-0500 (Central Daylight Time),438431.0,A,cityenter,I,enter,451,2,1659.7000000476837,436771.2999999523,8102,WL,B,4.0
4,8.447999954223633,learn,51552.00004577637,Fri Jul 10 2026 10:01:22 GMT-0500 (Central Daylight Time),439071.2999999523,A,w,I,w,619,2,640.0,438431.2999999523,8102,WL,B,5.0
4,8.631999969482422,learn,51368.00003051758,Fri Jul 10 2026 10:01:22 GMT-0500 (Central Daylight Time),439254.89999985695,A,wi,I,i,171,2,823.5999999046326,438431.2999999523,8102,WL,B,5.0
4,8.848000049591064,learn,51151.999950408936,Fri Jul 10 2026 10:01:22 GMT-0500 (Central Daylight Time),439471.19999980927,A,wif,I,f,196,2,1039.8999998569489,438431.2999999523,8102,WL,B,5.0
4,8.996999979019165,learn,51003.000020980835,Fri Jul 10 2026 10:01:22 GMT-0500 (Central Daylight Time),439620.19999980927,A,wife,I,e,139,2,1188.8999998569489,438431.2999999523,8102,WL,B,5.0
4,9.79699993133545,learn,50203.00006866455,Fri Jul 10 2026 10:01:22 GMT-0500 (Central Daylight Time),440419.89999985695,A,wifeenter,I,enter,790,2,1988.5999999046326,438431.2999999523,8102,WL,B,5.0
4,10.013999938964844,learn,49986.000061035156,Fri Jul 10 2026 10:01:22 GMT-0500 (Central Daylight Time),440636.69999980927,A,s,I,s,207,2,216.5,440420.19999980927,8102,WL,B,6.0
4,10.246000051498413,learn,49753.99994850159,Fri Jul 10 2026 10:01:22 GMT-0500 (Central Daylight Time),440869.59999990463,A,st,I,t,221,2,449.40000009536743,440420.19999980927,8102,WL,B,6.0
4,10.496999979019165,learn,49503.000020980835,Fri Jul 10 2026 10:01:22 GMT-0500 (Central Daylight Time),441119.7999999523,A,sta,I,a,237,2,699.6000001430511,440420.19999980927,8102,WL,B,6.0
4,10.630000114440918,learn,49369.99988555908,Fri Jul 10 2026 10:01:22 GMT-0500 (Central Daylight Time),441253.0,A,star,I,r,123,2,832.8000001907349,440420.19999980927,8102,WL,B,6.0
4,11.213000059127808,learn,48786.99994087219,Fri Jul 10 2026 10:01:22 GMT-0500 (Central Daylight Time),441836.2999999523,A,starenter,I,enter,573,2,1416.1000001430511,440420.19999980927,8102,WL,B,6.0
4,11.546000003814697,learn,48453.9999961853,Fri Jul 10 2026 10:01:22 GMT-0500 (Central Daylight Time),442169.5,A,w,I,w,326,2,332.80000019073486,441836.69999980927,8102,WL,B,7.0
4,11.696000099182129,learn,48303.99990081787,Fri Jul 10 2026 10:01:22 GMT-0500 (Central Daylight Time),442319.19999980927,A,wi,I,i,137,2,482.5,441836.69999980927,8102,WL,B,7.0
4,11.796000003814697,learn,48203.9999961853,Fri Jul 10 2026 10:01:22 GMT-0500 (Central Daylight Time),442419.2999999523,A,win,I,n,91,2,582.6000001430511,441836.69999980927,8102,WL,B,7.0
4,11.980000019073486,learn,48019.999980926514,Fri Jul 10 2026 10:01:22 GMT-0500 (Central Daylight Time),442602.69999980927,A,wind,I,d,167,2,766.0,441836.69999980927,8102,WL,B,7.0
4,12.163000106811523,learn,47836.99989318848,Fri Jul 10 2026 10:01:22 GMT-0500 (Central Daylight Time),442785.89999985695,A,windo,I,o,176,2,949.2000000476837,441836.69999980927,8102,WL,B,7.0
4,12.496000051498413,learn,47503.99994850159,Fri Jul 10 2026 10:01:22 GMT-0500 (Central Daylight Time),443119.19999980927,A,window,I,w,313,2,1282.5,441836.69999980927,8102,WL,B,7.0
4,13.312000036239624,learn,46687.999963760376,Fri Jul 10 2026 10:01:22 GMT-0500 (Central Daylight Time),443935.59999990463,A,windowenter,I,enter,811,2,2098.9000000953674,441836.69999980927,8102,WL,B,7.0
4,14.09500002861023,learn,45904.99997138977,Fri Jul 10 2026 10:01:22 GMT-0500 (Central Daylight Time),444718.59999990463,A,p,I,p,762,2,782.7999999523163,443935.7999999523,8102,WL,B,8.0
4,14.26200008392334,learn,45737.99991607666,Fri Jul 10 2026 10:01:22 GMT-0500 (Central Daylight Time),444885.39999985695,A,pu,I,u,156,2,949.5999999046326,443935.7999999523,8102,WL,B,8.0
4,14.444999933242798,learn,45555.0000667572,Fri Jul 10 2026 10:01:22 GMT-0500 (Central Daylight Time),445068.39999985695,A,pup,I,p,173,2,1132.5999999046326,443935.7999999523,8102,WL,B,8.0
4,14.545000076293945,learn,45454.999923706055,Fri Jul 10 2026 10:01:22 GMT-0500 (Central Daylight Time),445168.59999990463,A,pupi,I,i,86,2,1232.7999999523163,443935.7999999523,8102,WL,B,8.0
4,14.76200008392334,learn,45237.99991607666,Fri Jul 10 2026 10:01:22 GMT-0500 (Central Daylight Time),445385.0,A,pupil,I,l,210,2,1449.2000000476837,443935.7999999523,8102,WL,B,8.0
4,15.26200008392334,learn,44737.99991607666,Fri Jul 10 2026 10:01:22 GMT-0500 (Central Daylight Time),445885.0,A,pupilenter,I,enter,489,2,1949.2000000476837,443935.7999999523,8102,WL,B,8.0
4,15.644999980926514,learn,44355.000019073486,Fri Jul 10 2026 10:01:22 GMT-0500 (Central Daylight Time),446268.19999980927,A,c,I,c,365,2,382.89999985694885,445885.2999999523,8102,WL,B,9.0
4,15.778000116348267,learn,44221.99988365173,Fri Jul 10 2026 10:01:22 GMT-0500 (Central Daylight Time),446401.59999990463,A,ca,I,a,118,2,516.2999999523163,445885.2999999523,8102,WL,B,9.0
4,16.128000020980835,learn,43871.999979019165,Fri Jul 10 2026 10:01:22 GMT-0500 (Central Daylight Time),446751.2999999523,A,cab,I,b,337,2,866.0,445885.2999999523,8102,WL,B,9.0
4,16.32800006866455,learn,43671.99993133545,Fri Jul 10 2026 10:01:22 GMT-0500 (Central Daylight Time),446950.89999985695,A,cabi,I,i,195,2,1065.5999999046326,445885.2999999523,8102,WL,B,9.0
4,16.460999965667725,learn,43539.000034332275,Fri Jul 10 2026 10:01:22 GMT-0500 (Central Daylight Time),447084.5,A,cabin,I,n,123,2,1199.2000000476837,445885.2999999523,8102,WL,B,9.0
4,16.82800006866455,learn,43171.99993133545,Fri Jul 10 2026 10:01:22 GMT-0500 (Central Daylight Time),447451.0,A,cabinenter,I,enter,358,2,1565.7000000476837,445885.2999999523,8102,WL,B,9.0
4,17.16100001335144,learn,42838.99998664856,Fri Jul 10 2026 10:01:22 GMT-0500 (Central Daylight Time),447784.2999999523,A,l,I,l,327,2,332.90000009536743,447451.39999985695,8102,WL,B,10.0
4,17.312000036239624,learn,42687.999963760376,Fri Jul 10 2026 10:01:22 GMT-0500 (Central Daylight Time),447934.69999980927,A,la,I,a,130,2,483.2999999523163,447451.39999985695,8102,WL,B,10.0
4,17.462000131607056,learn,42537.999868392944,Fri Jul 10 2026 10:01:22 GMT-0500 (Central Daylight Time),448085.09999990463,A,lak,I,k,132,2,633.7000000476837,447451.39999985695,8102,WL,B,10.0
4,17.628000020980835,learn,42371.999979019165,Fri Jul 10 2026 10:01:22 GMT-0500 (Central Daylight Time),448251.0,A,lake,I,e,148,2,799.6000001430511,447451.39999985695,8102,WL,B,10.0
4,18.844000101089478,learn,41155.99989891052,Fri Jul 10 2026 10:01:22 GMT-0500 (Central Daylight Time),449467.09999990463,A,lakeenter,I,enter,1208,2,2015.7000000476837,447451.39999985695,8102,WL,B,10.0
4,20.22699999809265,learn,39773.00000190735,Fri Jul 10 2026 10:01:22 GMT-0500 (Central Daylight Time),450850.09999990463,A,s,I,s,1375,2,1382.7000000476837,449467.39999985695,8102,WL,B,11.0
4,20.344000101089478,learn,39655.99989891052,Fri Jul 10 2026 10:01:22 GMT-0500 (Central Daylight Time),450967.09999990463,A,sk,I,k,104,2,1499.7000000476837,449467.39999985695,8102,WL,B,11.0
4,20.610000133514404,learn,39389.999866485596,Fri Jul 10 2026 10:01:22 GMT-0500 (Central Daylight Time),451233.19999980927,A,ski,I,i,259,2,1765.7999999523163,449467.39999985695,8102,WL,B,11.0
4,20.759999990463257,learn,39240.00000953674,Fri Jul 10 2026 10:01:22 GMT-0500 (Central Daylight Time),451383.19999980927,A,skin,I,n,137,2,1915.7999999523163,449467.39999985695,8102,WL,B,11.0
4,21.677000045776367,learn,38322.99995422363,Fri Jul 10 2026 10:01:22 GMT-0500 (Central Daylight Time),452299.7999999523,A,skinenter,I,enter,899,2,2832.4000000953674,449467.39999985695,8102,WL,B,11.0
4,22.009999990463257,learn,37990.00000953674,Fri Jul 10 2026 10:01:22 GMT-0500 (Central Daylight Time),452632.69999980927,A,p,I,p,326,2,332.59999990463257,452300.09999990463,8102,WL,B,12.0
4,22.2260000705719,learn,37773.9999294281,Fri Jul 10 2026 10:01:22 GMT-0500 (Central Daylight Time),452849.2999999523,A,pi,I,i,210,2,549.2000000476837,452300.09999990463,8102,WL,B,12.0
4,22.41000008583069,learn,37589.99991416931,Fri Jul 10 2026 10:01:22 GMT-0500 (Central Daylight Time),453033.5,A,pip,I,p,177,2,733.4000000953674,452300.09999990463,8102,WL,B,12.0
4,22.858999967575073,learn,37141.00003242493,Fri Jul 10 2026 10:01:22 GMT-0500 (Central Daylight Time),453482.59999990463,A,pipe,I,e,432,2,1182.5,452300.09999990463,8102,WL,B,12.0
4,23.325999975204468,learn,36674.00002479553,Fri Jul 10 2026 10:01:22 GMT-0500 (Central Daylight Time),453949.0,A,pipeenter,I,enter,456,2,1648.9000000953674,452300.09999990463,8102,WL,B,12.0
4,23.80900001525879,learn,36190.99998474121,Fri Jul 10 2026 10:01:22 GMT-0500 (Central Daylight Time),454431.7999999523,A,f,I,f,477,2,482.2999999523163,453949.5,8102,WL,B,13.0
4,24.009999990463257,learn,35990.00000953674,Fri Jul 10 2026 10:01:22 GMT-0500 (Central Daylight Time),454633.09999990463,A,fi,I,i,195,2,683.5999999046326,453949.5,8102,WL,B,13.0
4,24.176000118255615,learn,35823.999881744385,Fri Jul 10 2026 10:01:22 GMT-0500 (Central Daylight Time),454799.19999980927,A,fir,I,r,153,2,849.6999998092651,453949.5,8102,WL,B,13.0
4,24.325999975204468,learn,35674.00002479553,Fri Jul 10 2026 10:01:22 GMT-0500 (Central Daylight Time),454948.7999999523,A,fire,I,e,139,2,999.2999999523163,453949.5,8102,WL,B,13.0
4,24.908999919891357,learn,35091.00008010864,Fri Jul 10 2026 10:01:22 GMT-0500 (Central Daylight Time),455532.0,A,fireenter,I,enter,574,2,1582.5,453949.5,8102,WL,B,13.0
4,25.20799994468689,learn,34792.00005531311,Fri Jul 10 2026 10:01:22 GMT-0500 (Central Daylight Time),455831.5,A,c,I,c,294,2,299.2000000476837,455532.2999999523,8102,WL,B,14.0
4,25.358999967575073,learn,34641.00003242493,Fri Jul 10 2026 10:01:22 GMT-0500 (Central Daylight Time),455981.69999980927,A,cl,I,l,131,2,449.39999985694885,455532.2999999523,8102,WL,B,14.0
4,25.55900001525879,learn,34440.99998474121,Fri Jul 10 2026 10:01:22 GMT-0500 (Central Daylight Time),456181.69999980927,A,clo,I,o,189,2,649.3999998569489,455532.2999999523,8102,WL,B,14.0
4,25.875,learn,34125.0,Fri Jul 10 2026 10:01:22 GMT-0500 (Central Daylight Time),456498.09999990463,A,cloc,I,c,308,2,965.7999999523163,455532.2999999523,8102,WL,B,14.0
4,26.04200005531311,learn,33957.99994468689,Fri Jul 10 2026 10:01:22 GMT-0500 (Central Daylight Time),456665.09999990463,A,clock,I,k,152,2,1132.7999999523163,455532.2999999523,8102,WL,B,14.0
4,27.95799994468689,learn,32042.00005531311,Fri Jul 10 2026 10:01:22 GMT-0500 (Central Daylight Time),458580.89999985695,A,clockenter,I,enter,1905,2,3048.5999999046326,455532.2999999523,8102,WL,B,14.0
4,33.17300009727478,learn,26826.99990272522,Fri Jul 10 2026 10:01:22 GMT-0500 (Central Daylight Time),463795.7999999523,A,a,I,a,5196,2,5214.5,458581.2999999523,8102,WL,B,15.0
4,33.388999938964844,learn,26611.000061035156,Fri Jul 10 2026 10:01:22 GMT-0500 (Central Daylight Time),464012.69999980927,A,ar,I,r,206,2,5431.399999856949,458581.2999999523,8102,WL,B,15.0
4,33.57299995422363,learn,26427.000045776367,Fri Jul 10 2026 10:01:22 GMT-0500 (Central Daylight Time),464195.89999985695,A,arm,I,m,172,2,5614.599999904633,458581.2999999523,8102,WL,B,15.0
4,34.48900008201599,learn,25510.99991798401,Fri Jul 10 2026 10:01:22 GMT-0500 (Central Daylight Time),465112.0,A,armenter,I,enter,911,2,6530.700000047684,458581.2999999523,8102,WL,B,15.0
5,0.2330000400543213,learn,60000.0,Fri Jul 10 2026 10:01:22 GMT-0500 (Central Daylight Time),533241.0,A,s,I,s,219,2,233.60000014305115,533007.399999857,8102,WL,B,1.0
5,0.5329999923706055,learn,60000.0,Fri Jul 10 2026 10:01:22 GMT-0500 (Central Daylight Time),533540.6999998093,A,st,I,t,289,2,533.2999999523163,533007.399999857,8102,WL,B,1.0
5,1.0839998722076416,learn,60000.0,Fri Jul 10 2026 10:01:22 GMT-0500 (Central Daylight Time),534091.6999998093,A,str,I,r,534,2,1084.2999999523163,533007.399999857,8102,WL,B,1.0
5,1.565999984741211,learn,60000.0,Fri Jul 10 2026 10:01:22 GMT-0500 (Central Daylight Time),534573.899999857,A,stre,I,e,462,2,1566.5,533007.399999857,8102,WL,B,1.0
5,1.7330000400543213,learn,60000.0,Fri Jul 10 2026 10:01:22 GMT-0500 (Central Daylight Time),534740.1999998093,A,stree,I,e,156,2,1732.7999999523163,533007.399999857,8102,WL,B,1.0
5,1.9489998817443848,learn,60000.0,Fri Jul 10 2026 10:01:22 GMT-0500 (Central Daylight Time),534956.6999998093,A,street,I,t,206,2,1949.2999999523163,533007.399999857,8102,WL,B,1.0
5,2.3989999294281006,learn,60000.0,Fri Jul 10 2026 10:01:22 GMT-0500 (Central Daylight Time),535406.6999998093,A,streetenter,I,enter,437,2,2399.2999999523163,533007.399999857,8102,WL,B,1.0
5,2.681999921798706,learn,60000.0,Fri Jul 10 2026 10:01:22 GMT-0500 (Central Daylight Time),535690.0999999046,A,g,I,g,275,2,283.09999990463257,535407.0,8102,WL,B,2.0
5,2.865999937057495,learn,60000.0,Fri Jul 10 2026 10:01:22 GMT-0500 (Central Daylight Time),535873.1999998093,A,gr,I,r,176,2,466.19999980926514,535407.0,8102,WL,B,2.0
5,3.2990000247955322,learn,60000.0,Fri Jul 10 2026 10:01:22 GMT-0500 (Central Daylight Time),536306.7999999523,A,gra,I,a,417,2,899.7999999523163,535407.0,8102,WL,B,2.0
5,3.631999969482422,learn,60000.0,Fri Jul 10 2026 10:01:22 GMT-0500 (Central Daylight Time),536639.6999998093,A,gras,I,s,321,2,1232.6999998092651,535407.0,8102,WL,B,2.0
5,3.7820000648498535,learn,60000.0,Fri Jul 10 2026 10:01:22 GMT-0500 (Central Daylight Time),536789.5,A,grass,I,s,139,2,1382.5,535407.0,8102,WL,B,2.0
5,4.0320000648498535,learn,60000.0,Fri Jul 10 2026 10:01:22 GMT-0500 (Central Daylight Time),537039.5999999046,A,grassenter,I,enter,237,2,1632.5999999046326,535407.0,8102,WL,B,2.0
5,4.264999866485596,learn,60000.0,Fri Jul 10 2026 10:01:22 GMT-0500 (Central Daylight Time),537273.0999999046,A,a,I,a,219,2,233.09999990463257,537040.0,8102,WL,B,3.0
5,4.565000057220459,learn,60000.0,Fri Jul 10 2026 10:01:22 GMT-0500 (Central Daylight Time),537572.7999999523,A,ar,I,r,281,2,532.7999999523163,537040.0,8102,WL,B,3.0
5,4.815000057220459,learn,60000.0,Fri Jul 10 2026 10:01:22 GMT-0500 (Central Daylight Time),537822.7999999523,A,arm,I,m,230,2,782.7999999523163,537040.0,8102,WL,B,3.0
5,5.448999881744385,learn,60000.0,Fri Jul 10 2026 10:01:22 GMT-0500 (Central Daylight Time),538456.5,A,armenter,I,enter,612,2,1416.5,537040.0,8102,WL,B,3.0
5,5.7149999141693115,learn,60000.0,Fri Jul 10 2026 10:01:22 GMT-0500 (Central Daylight Time),538722.5,A,d,I,d,250,2,265.7000000476837,538456.7999999523,8102,WL,B,4.0
5,5.915999889373779,learn,60000.0,Fri Jul 10 2026 10:01:22 GMT-0500 (Central Daylight Time),538923.399999857,A,do,I,o,184,2,466.59999990463257,538456.7999999523,8102,WL,B,4.0
5,6.047999858856201,learn,60000.0,Fri Jul 10 2026 10:01:22 GMT-0500 (Central Daylight Time),539055.7999999523,A,doo,I,o,118,2,599.0,538456.7999999523,8102,WL,B,4.0
5,6.164999961853027,learn,60000.0,Fri Jul 10 2026 10:01:22 GMT-0500 (Central Daylight Time),539172.1999998093,A,door,I,r,107,2,715.3999998569489,538456.7999999523,8102,WL,B,4.0
5,6.38100004196167,learn,60000.0,Fri Jul 10 2026 10:01:22 GMT-0500 (Central Daylight Time),539388.7999999523,A,doorenter,I,enter,198,2,932.0,538456.7999999523,8102,WL,B,4.0
5,6.580999851226807,learn,60000.0,Fri Jul 10 2026 10:01:22 GMT-0500 (Central Daylight Time),539588.6999998093,A,s,I,s,182,2,199.59999990463257,539389.0999999046,8102,WL,B,5.0
5,6.7809998989105225,learn,60000.0,Fri Jul 10 2026 10:01:22 GMT-0500 (Central Daylight Time),539788.7999999523,A,st,I,t,181,2,399.7000000476837,539389.0999999046,8102,WL,B,5.0
5,6.980999946594238,learn,60000.0,Fri Jul 10 2026 10:01:22 GMT-0500 (Central Daylight Time),539988.6999998093,A,sta,I,a,182,2,599.5999999046326,539389.0999999046,8102,WL,B,5.0
5,7.0980000495910645,learn,60000.0,Fri Jul 10 2026 10:01:22 GMT-0500 (Central Daylight Time),540105.1999998093,A,star,I,r,110,2,716.0999999046326,539389.0999999046,8102,WL,B,5.0
5,7.496999979019165,learn,60000.0,Fri Jul 10 2026 10:01:22 GMT-0500 (Central Daylight Time),540505.1999998093,A,starenter,I,enter,393,2,1116.0999999046326,539389.0999999046,8102,WL,B,5.0
5,7.730999946594238,learn,60000.0,Fri Jul 10 2026 10:01:22 GMT-0500 (Central Daylight Time),540738.5,A,w,I,w,226,2,233.0,540505.5,8102,WL,B,6.0
5,8.04699993133545,learn,60000.0,Fri Jul 10 2026 10:01:22 GMT-0500 (Central Daylight Time),541054.899999857,A,wi,I,i,312,2,549.3999998569489,540505.5,8102,WL,B,6.0
5,8.180000066757202,learn,60000.0,Fri Jul 10 2026 10:01:22 GMT-0500 (Central Daylight Time),541188.399999857,A,wif,I,f,116,2,682.8999998569489,540505.5,8102,WL,B,6.0
5,8.27999997138977,learn,60000.0,Fri Jul 10 2026 10:01:22 GMT-0500 (Central Daylight Time),541288.1999998093,A,wife,I,e,92,2,782.6999998092651,540505.5,8102,WL,B,6.0
5,8.513999938964844,learn,60000.0,Fri Jul 10 2026 10:01:22 GMT-0500 (Central Daylight Time),541521.7999999523,A,wifeenter,I,enter,218,2,1016.2999999523163,540505.5,8102,WL,B,6.0
5,8.813999891281128,learn,60000.0,Fri Jul 10 2026 10:01:22 GMT-0500 (Central Daylight Time),541821.6999998093,A,p,I,p,289,2,299.59999990463257,541522.0999999046,8102,WL,B,7.0
5,9.013999938964844,learn,60000.0,Fri Jul 10 2026 10:01:22 GMT-0500 (Central Daylight Time),542021.5,A,pu,I,u,188,2,499.40000009536743,541522.0999999046,8102,WL,B,7.0
5,9.230000019073486,learn,60000.0,Fri Jul 10 2026 10:01:22 GMT-0500 (Central Daylight Time),542238.0,A,pui,I,i,205,2,715.9000000953674,541522.0999999046,8102,WL,B,7.0
5,9.44700002670288,learn,60000.0,Fri Jul 10 2026 10:01:22 GMT-0500 (Central Daylight Time),542454.5999999046,A,puil,I,l,196,2,932.5,541522.0999999046,8102,WL,B,7.0
5,10.395999908447266,learn,60000.0,Fri Jul 10 2026 10:01:22 GMT-0500 (Central Daylight Time),543404.0999999046,A,puilenter,I,enter,940,2,1882.0,541522.0999999046,8102,WL,B,7.0
5,10.680000066757202,learn,60000.0,Fri Jul 10 2026 10:01:22 GMT-0500 (Central Daylight Time),543687.5,A,w,I,w,270,2,283.10000014305115,543404.399999857,8102,WL,B,8.0
5,10.812999963760376,learn,60000.0,Fri Jul 10 2026 10:01:22 GMT-0500 (Central Daylight Time),543821.0999999046,A,wi,I,i,114,2,416.7000000476837,543404.399999857,8102,WL,B,8.0
5,10.914000034332275,learn,60000.0,Fri Jul 10 2026 10:01:22 GMT-0500 (Central Daylight Time),543921.6999998093,A,win,I,n,93,2,517.2999999523163,543404.399999857,8102,WL,B,8.0
5,11.095999956130981,learn,60000.0,Fri Jul 10 2026 10:01:22 GMT-0500 (Central Daylight Time),544104.0,A,wind,I,d,168,2,699.6000001430511,543404.399999857,8102,WL,B,8.0
5,11.246000051498413,learn,60000.0,Fri Jul 10 2026 10:01:22 GMT-0500 (Central Daylight Time),544254.0999999046,A,windo,I,o,130,2,849.7000000476837,543404.399999857,8102,WL,B,8.0
5,11.379999876022339,learn,60000.0,Fri Jul 10 2026 10:01:22 GMT-0500 (Central Daylight Time),544387.399999857,A,window,I,w,116,2,983.0,543404.399999857,8102,WL,B,8.0
5,11.963000059127808,learn,60000.0,Fri Jul 10 2026 10:01:22 GMT-0500 (Central Daylight Time),544970.6999998093,A,windowenter,I,enter,567,2,1566.2999999523163,543404.399999857,8102,WL,B,8.0
5,12.51199984550476,learn,60000.0,Fri Jul 10 2026 10:01:22 GMT-0500 (Central Daylight Time),545520.2999999523,A,c,I,c,535,2,549.2999999523163,544971.0,8102,WL,B,9.0
5,12.728999853134155,learn,60000.0,Fri Jul 10 2026 10:01:22 GMT-0500 (Central Daylight Time),545736.899999857,A,ci,I,i,202,2,765.8999998569489,544971.0,8102,WL,B,9.0
5,12.895999908447266,learn,60000.0,Fri Jul 10 2026 10:01:22 GMT-0500 (Central Daylight Time),545903.7999999523,A,cit,I,t,153,2,932.7999999523163,544971.0,8102,WL,B,9.0
5,13.062000036239624,learn,60000.0,Fri Jul 10 2026 10:01:22 GMT-0500 (Central Daylight Time),546070.0999999046,A,city,I,y,146,2,1099.0999999046326,544971.0,8102,WL,B,9.0
5,13.763000011444092,learn,60000.0,Fri Jul 10 2026 10:01:22 GMT-0500 (Central Daylight Time),546771.0999999046,A,cityenter,I,enter,684,2,1800.0999999046326,544971.0,8102,WL,B,9.0
5,13.994999885559082,learn,60000.0,Fri Jul 10 2026 10:01:22 GMT-0500 (Central Daylight Time),547003.0999999046,A,c,I,c,223,2,231.79999995231628,546771.2999999523,8102,WL,B,10.0
5,14.129999876022339,learn,60000.0,Fri Jul 10 2026 10:01:22 GMT-0500 (Central Daylight Time),547137.399999857,A,ca,I,a,127,2,366.09999990463257,546771.2999999523,8102,WL,B,10.0
5,14.211999893188477,learn,60000.0,Fri Jul 10 2026 10:01:22 GMT-0500 (Central Daylight Time),547219.7999999523,A,cab,I,b,73,2,448.5,546771.2999999523,8102,WL,B,10.0
5,14.444999933242798,learn,60000.0,Fri Jul 10 2026 10:01:22 GMT-0500 (Central Daylight Time),547453.0,A,cabi,I,i,215,2,681.7000000476837,546771.2999999523,8102,WL,B,10.0
5,14.527999877929688,learn,60000.0,Fri Jul 10 2026 10:01:22 GMT-0500 (Central Daylight Time),547535.899999857,A,cabin,I,n,77,2,764.5999999046326,546771.2999999523,8102,WL,B,10.0
5,14.911999940872192,learn,60000.0,Fri Jul 10 2026 10:01:22 GMT-0500 (Central Daylight Time),547919.6999998093,A,cabinenter,I,enter,363,2,1148.3999998569489,546771.2999999523,8102,WL,B,10.0
5,15.17799997329712,learn,60000.0,Fri Jul 10 2026 10:01:22 GMT-0500 (Central Daylight Time),548186.1999998093,A,l,I,l,251,2,266.19999980926514,547920.0,8102,WL,B,11.0
5,15.34500002861023,learn,60000.0,Fri Jul 10 2026 10:01:22 GMT-0500 (Central Daylight Time),548352.5999999046,A,la,I,a,152,2,432.59999990463257,547920.0,8102,WL,B,11.0
5,15.510999917984009,learn,60000.0,Fri Jul 10 2026 10:01:22 GMT-0500 (Central Daylight Time),548519.0999999046,A,lak,I,k,154,2,599.0999999046326,547920.0,8102,WL,B,11.0
5,15.694999933242798,learn,60000.0,Fri Jul 10 2026 10:01:22 GMT-0500 (Central Daylight Time),548702.6999998093,A,lake,I,e,171,2,782.6999998092651,547920.0,8102,WL,B,11.0
5,16.24399995803833,learn,60000.0,Fri Jul 10 2026 10:01:22 GMT-0500 (Central Daylight Time),549252.399999857,A,lakeenter,I,enter,531,2,1332.3999998569489,547920.0,8102,WL,B,11.0
5,16.74399995803833,learn,60000.0,Fri Jul 10 2026 10:01:22 GMT-0500 (Central Daylight Time),549752.2999999523,A,s,I,s,493,2,499.60000014305115,549252.6999998093,8102,WL,B,12.0
5,16.894999980926514,learn,60000.0,Fri Jul 10 2026 10:01:22 GMT-0500 (Central Daylight Time),549902.5999999046,A,sk,I,k,130,2,649.9000000953674,549252.6999998093,8102,WL,B,12.0
5,17.111000061035156,learn,60000.0,Fri Jul 10 2026 10:01:22 GMT-0500 (Central Daylight Time),550118.899999857,A,ski,I,i,204,2,866.2000000476837,549252.6999998093,8102,WL,B,12.0
5,17.26099991798401,learn,60000.0,Fri Jul 10 2026 10:01:22 GMT-0500 (Central Daylight Time),550268.7999999523,A,skin,I,n,132,2,1016.1000001430511,549252.6999998093,8102,WL,B,12.0
5,17.861000061035156,learn,60000.0,Fri Jul 10 2026 10:01:22 GMT-0500 (Central Daylight Time),550868.5,A,skinenter,I,enter,590,2,1615.8000001907349,549252.6999998093,8102,WL,B,12.0
5,18.177000045776367,learn,60000.0,Fri Jul 10 2026 10:01:22 GMT-0500 (Central Daylight Time),551185.1999998093,A,f,I,f,310,2,316.2999999523163,550868.899999857,8102,WL,B,13.0
5,18.3439998626709,learn,60000.0,Fri Jul 10 2026 10:01:22 GMT-0500 (Central Daylight Time),551352.0,A,fi,I,i,153,2,483.10000014305115,550868.899999857,8102,WL,B,13.0
5,18.477999925613403,learn,60000.0,Fri Jul 10 2026 10:01:22 GMT-0500 (Central Daylight Time),551485.399999857,A,fir,I,r,114,2,616.5,550868.899999857,8102,WL,B,13.0
5,18.626999855041504,learn,60000.0,Fri Jul 10 2026 10:01:22 GMT-0500 (Central Daylight Time),551634.899999857,A,fire,I,e,133,2,766.0,550868.899999857,8102,WL,B,13.0
5,19.710999965667725,learn,60000.0,Fri Jul 10 2026 10:01:22 GMT-0500 (Central Daylight Time),552719.0,A,fireenter,I,enter,1080,2,1850.1000001430511,550868.899999857,8102,WL,B,13.0
5,20.126999855041504,learn,60000.0,Fri Jul 10 2026 10:01:22 GMT-0500 (Central Daylight Time),553134.5,A,p,I,p,396,2,415.2000000476837,552719.2999999523,8102,WL,B,14.0
5,20.342999935150146,learn,60000.0,Fri Jul 10 2026 10:01:22 GMT-0500 (Central Daylight Time),553350.899999857,A,pi,I,i,212,2,631.5999999046326,552719.2999999523,8102,WL,B,14.0
5,20.493000030517578,learn,60000.0,Fri Jul 10 2026 10:01:22 GMT-0500 (Central Daylight Time),553501.1999998093,A,pip,I,p,139,2,781.8999998569489,552719.2999999523,8102,WL,B,14.0
5,20.82699990272522,learn,60000.0,Fri Jul 10 2026 10:01:22 GMT-0500 (Central Daylight Time),553835.399999857,A,pipe,I,e,317,2,1116.0999999046326,552719.2999999523,8102,WL,B,14.0
5,21.075999975204468,learn,60000.0,Fri Jul 10 2026 10:01:22 GMT-0500 (Central Daylight Time),554084.2999999523,A,pipeenter,I,enter,231,2,1365.0,552719.2999999523,8102,WL,B,14.0
5,21.376999855041504,learn,60000.0,Fri Jul 10 2026 10:01:22 GMT-0500 (Central Daylight Time),554385.1999998093,A,c,I,c,294,2,300.69999980926514,554084.5,8102,WL,B,15.0
5,21.526000022888184,learn,60000.0,Fri Jul 10 2026 10:01:22 GMT-0500 (Central Daylight Time),554534.0999999046,A,cl,I,l,138,2,449.59999990463257,554084.5,8102,WL,B,15.0
5,21.759999990463257,learn,60000.0,Fri Jul 10 2026 10:01:22 GMT-0500 (Central Daylight Time),554767.5,A,clo,I,o,212,2,683.0,554084.5,8102,WL,B,15.0
5,21.90999984741211,learn,60000.0,Fri Jul 10 2026 10:01:22 GMT-0500 (Central Daylight Time),554917.5,A,cloc,I,c,139,2,833.0,554084.5,8102,WL,B,15.0
5,22.026000022888184,learn,60000.0,Fri Jul 10 2026 10:01:22 GMT-0500 (Central Daylight Time),555034.0,A,clock,I,k,109,2,949.5,554084.5,8102,WL,B,15.0
5,22.7260000705719,learn,60000.0,Fri Jul 10 2026 10:01:22 GMT-0500 (Central Daylight Time),555733.7999999523,A,clockenter,I,enter,688,2,1649.2999999523163,554084.5,8102,WL,B,15.0
6,0.34999990463256836,distr,59650.00009536743,Fri Jul 10 2026 10:01:22 GMT-0500 (Central Daylight Time),624245.5999999046,B,c,I,c,332,2,349.90000009536743,623895.6999998093,8102,WL,B,1.0
6,0.7000000476837158,distr,59299.999952316284,Fri Jul 10 2026 10:01:22 GMT-0500 (Central Daylight Time),624595.6999998093,B,ce,I,e,332,2,700.0,623895.6999998093,8102,WL,B,1.0
6,1.1329998970031738,distr,58867.000102996826,Fri Jul 10 2026 10:01:22 GMT-0500 (Central Daylight Time),625028.5999999046,B,cel,I,l,415,2,1132.9000000953674,623895.6999998093,8102,WL,B,1.0
6,1.2660000324249268,distr,58733.99996757507,Fri Jul 10 2026 10:01:22 GMT-0500 (Central Daylight Time),625161.899999857,B,cell,I,l,126,2,1266.2000000476837,623895.6999998093,8102,WL,B,1.0
6,1.5160000324249268,distr,58483.99996757507,Fri Jul 10 2026 10:01:22 GMT-0500 (Central Daylight Time),625411.5999999046,B,cellenter,I,enter,240,2,1515.9000000953674,623895.6999998093,8102,WL,B,1.0
6,1.931999921798706,distr,58068.000078201294,Fri Jul 10 2026 10:01:22 GMT-0500 (Central Daylight Time),625828.399999857,B,v,I,v,399,2,416.5,625411.899999857,8102,WL,B,2.0
6,2.0490000247955322,distr,57950.99997520447,Fri Jul 10 2026 10:01:22 GMT-0500 (Central Daylight Time),625945.0999999046,B,vi,I,i,102,2,533.2000000476837,625411.899999857,8102,WL,B,2.0
6,2.25,distr,57750.0,Fri Jul 10 2026 10:01:22 GMT-0500 (Central Daylight Time),626145.7999999523,B,vil,I,l,193,2,733.9000000953674,625411.899999857,8102,WL,B,2.0
6,2.3989999294281006,distr,57601.0000705719,Fri Jul 10 2026 10:01:22 GMT-0500 (Central Daylight Time),626295.0999999046,B,vill,I,l,136,2,883.2000000476837,625411.899999857,8102,WL,B,2.0
6,2.5149998664855957,distr,57485.000133514404,Fri Jul 10 2026 10:01:22 GMT-0500 (Central Daylight Time),626411.5,B,villa,I,a,108,2,999.6000001430511,625411.899999857,8102,WL,B,2.0
6,2.681999921798706,distr,57318.000078201294,Fri Jul 10 2026 10:01:22 GMT-0500 (Central Daylight Time),626578.399999857,B,villag,I,g,150,2,1166.5,625411.899999857,8102,WL,B,2.0
6,2.815000057220459,distr,57184.99994277954,Fri Jul 10 2026 10:01:22 GMT-0500 (Central Daylight Time),626711.399999857,B,village,I,e,113,2,1299.5,625411.899999857,8102,WL,B,2.0
6,3.115999937057495,distr,56884.000062942505,Fri Jul 10 2026 10:01:22 GMT-0500 (Central Daylight Time),627012.0999999046,B,villageenter,I,enter,296,2,1600.2000000476837,625411.899999857,8102,WL,B,2.0
6,3.315000057220459,distr,56684.99994277954,Fri Jul 10 2026 10:01:22 GMT-0500 (Central Daylight Time),627211.0,B,a,I,a,181,2,198.70000004768372,627012.2999999523,8102,WL,B,3.0
6,3.5319998264312744,distr,56468.000173568726,Fri Jul 10 2026 10:01:22 GMT-0500 (Central Daylight Time),627428.0,B,ar,I,r,199,2,415.7000000476837,627012.2999999523,8102,WL,B,3.0
6,4.0980000495910645,distr,55901.999950408936,Fri Jul 10 2026 10:01:22 GMT-0500 (Central Daylight Time),627994.399999857,B,arm,I,m,559,2,982.0999999046326,627012.2999999523,8102,WL,B,3.0
6,4.281999826431274,distr,55718.000173568726,Fri Jul 10 2026 10:01:22 GMT-0500 (Central Daylight Time),628177.899999857,B,army,I,y,168,2,1165.5999999046326,627012.2999999523,8102,WL,B,3.0
6,4.681999921798706,distr,55318.000078201294,Fri Jul 10 2026 10:01:22 GMT-0500 (Central Daylight Time),628577.7999999523,B,armyenter,I,enter,384,2,1565.5,627012.2999999523,8102,WL,B,3.0
6,5.065000057220459,distr,54934.99994277954,Fri Jul 10 2026 10:01:22 GMT-0500 (Central Daylight Time),628960.6999998093,B,b,I,b,377,2,382.59999990463257,628578.0999999046,8102,WL,B,4.0
6,5.247999906539917,distr,54752.00009346008,Fri Jul 10 2026 10:01:22 GMT-0500 (Central Daylight Time),629144.0,B,bu,I,u,170,2,565.9000000953674,628578.0999999046,8102,WL,B,4.0
6,5.430999994277954,distr,54569.000005722046,Fri Jul 10 2026 10:01:22 GMT-0500 (Central Daylight Time),629327.0999999046,B,bui,I,i,161,2,749.0,628578.0999999046,8102,WL,B,4.0
6,5.580999851226807,distr,54419.00014877319,Fri Jul 10 2026 10:01:22 GMT-0500 (Central Daylight Time),629477.399999857,B,buil,I,l,139,2,899.2999999523163,628578.0999999046,8102,WL,B,4.0
6,5.748999834060669,distr,54251.00016593933,Fri Jul 10 2026 10:01:22 GMT-0500 (Central Daylight Time),629644.7999999523,B,build,I,d,157,2,1066.7000000476837,628578.0999999046,8102,WL,B,4.0
6,5.88100004196167,distr,54118.99995803833,Fri Jul 10 2026 10:01:22 GMT-0500 (Central Daylight Time),629777.1999998093,B,buildi,I,i,117,2,1199.0999999046326,628578.0999999046,8102,WL,B,4.0
6,5.9649999141693115,distr,54035.00008583069,Fri Jul 10 2026 10:01:22 GMT-0500 (Central Daylight Time),629860.5999999046,B,buildin,I,n,73,2,1282.5,628578.0999999046,8102,WL,B,4.0
6,6.197999954223633,distr,53802.00004577637,Fri Jul 10 2026 10:01:22 GMT-0500 (Central Daylight Time),630093.6999998093,B,building,I,g,222,2,1515.5999999046326,628578.0999999046,8102,WL,B,4.0
6,6.447999954223633,distr,53552.00004577637,Fri Jul 10 2026 10:01:22 GMT-0500 (Central Daylight Time),630343.6999998093,B,buildingenter,I,enter,244,2,1765.5999999046326,628578.0999999046,8102,WL,B,4.0
6,6.832000017166138,distr,53167.99998283386,Fri Jul 10 2026 10:01:22 GMT-0500 (Central Daylight Time),630727.899999857,B,b,I,b,362,2,383.7999999523163,630344.0999999046,8102,WL,B,5.0
6,6.980999946594238,distr,53019.00005340576,Fri Jul 10 2026 10:01:22 GMT-0500 (Central Daylight Time),630877.0,B,ba,I,a,129,2,532.9000000953674,630344.0999999046,8102,WL,B,5.0
6,7.096999883651733,distr,52903.00011634827,Fri Jul 10 2026 10:01:22 GMT-0500 (Central Daylight Time),630993.2999999523,B,bab,I,b,109,2,649.2000000476837,630344.0999999046,8102,WL,B,5.0
6,7.330999851226807,distr,52669.00014877319,Fri Jul 10 2026 10:01:22 GMT-0500 (Central Daylight Time),631226.7999999523,B,baby,I,y,225,2,882.7000000476837,630344.0999999046,8102,WL,B,5.0
6,7.730999946594238,distr,52269.00005340576,Fri Jul 10 2026 10:01:22 GMT-0500 (Central Daylight Time),631626.6999998093,B,babyenter,I,enter,392,2,1282.5999999046326,630344.0999999046,8102,WL,B,5.0
6,8.113999843597412,distr,51886.00015640259,Fri Jul 10 2026 10:01:22 GMT-0500 (Central Daylight Time),632009.6999998093,B,o,I,o,376,2,382.69999980926514,631627.0,8102,WL,B,6.0
6,8.246999979019165,distr,51753.000020980835,Fri Jul 10 2026 10:01:22 GMT-0500 (Central Daylight Time),632143.1999998093,B,oc,I,c,120,2,516.1999998092651,631627.0,8102,WL,B,6.0
6,8.429999828338623,distr,51570.00017166138,Fri Jul 10 2026 10:01:22 GMT-0500 (Central Daylight Time),632326.1999998093,B,oce,I,e,171,2,699.1999998092651,631627.0,8102,WL,B,6.0
6,8.646999835968018,distr,51353.00016403198,Fri Jul 10 2026 10:01:22 GMT-0500 (Central Daylight Time),632543.0999999046,B,ocea,I,a,204,2,916.0999999046326,631627.0,8102,WL,B,6.0
6,8.812999963760376,distr,51187.000036239624,Fri Jul 10 2026 10:01:22 GMT-0500 (Central Daylight Time),632709.399999857,B,ocean,I,n,147,2,1082.3999998569489,631627.0,8102,WL,B,6.0
6,10.29699993133545,distr,49703.00006866455,Fri Jul 10 2026 10:01:22 GMT-0500 (Central Daylight Time),634192.7999999523,B,oceanenter,I,enter,1469,2,2565.7999999523163,631627.0,8102,WL,B,6.0
6,10.562999963760376,distr,49437.000036239624,Fri Jul 10 2026 10:01:22 GMT-0500 (Central Daylight Time),634459.0999999046,B,r,I,r,258,2,265.90000009536743,634193.1999998093,8102,WL,B,7.0
6,10.730000019073486,distr,49269.999980926514,Fri Jul 10 2026 10:01:22 GMT-0500 (Central Daylight Time),634625.7999999523,B,ro,I,o,151,2,432.60000014305115,634193.1999998093,8102,WL,B,7.0
6,10.88100004196167,distr,49118.99995803833,Fri Jul 10 2026 10:01:22 GMT-0500 (Central Daylight Time),634776.5999999046,B,roc,I,c,145,2,583.4000000953674,634193.1999998093,8102,WL,B,7.0
6,11.046000003814697,distr,48953.9999961853,Fri Jul 10 2026 10:01:22 GMT-0500 (Central Daylight Time),634942.1999998093,B,rock,I,k,154,2,749.0,634193.1999998093,8102,WL,B,7.0
6,11.628999948501587,distr,48371.00005149841,Fri Jul 10 2026 10:01:22 GMT-0500 (Central Daylight Time),635525.2999999523,B,rockenter,I,enter,564,2,1332.1000001430511,634193.1999998093,8102,WL,B,7.0
6,11.878999948501587,distr,48121.00005149841,Fri Jul 10 2026 10:01:22 GMT-0500 (Central Daylight Time),635775.1999998093,B,f,I,f,229,2,249.59999990463257,635525.5999999046,8102,WL,B,8.0
6,12.046000003814697,distr,47953.9999961853,Fri Jul 10 2026 10:01:22 GMT-0500 (Central Daylight Time),635941.899999857,B,fr,I,r,155,2,416.2999999523163,635525.5999999046,8102,WL,B,8.0
6,12.162999868392944,distr,47837.000131607056,Fri Jul 10 2026 10:01:22 GMT-0500 (Central Daylight Time),636058.5999999046,B,fri,I,i,101,2,533.0,635525.5999999046,8102,WL,B,8.0
6,12.312999963760376,distr,47687.000036239624,Fri Jul 10 2026 10:01:22 GMT-0500 (Central Daylight Time),636209.5,B,frie,I,e,143,2,683.9000000953674,635525.5999999046,8102,WL,B,8.0
6,12.461999893188477,distr,47538.00010681152,Fri Jul 10 2026 10:01:22 GMT-0500 (Central Daylight Time),636358.5,B,frien,I,n,137,2,832.9000000953674,635525.5999999046,8102,WL,B,8.0
6,12.662999868392944,distr,47337.000131607056,Fri Jul 10 2026 10:01:22 GMT-0500 (Central Daylight Time),636559.399999857,B,friend,I,d,180,2,1033.7999999523163,635525.5999999046,8102,WL,B,8.0
6,12.895999908447266,distr,47104.000091552734,Fri Jul 10 2026 10:01:22 GMT-0500 (Central Daylight Time),636791.7999999523,B,friendenter,I,enter,219,2,1266.2000000476837,635525.5999999046,8102,WL,B,8.0
6,15.294999837875366,distr,44705.000162124634,Fri Jul 10 2026 10:01:22 GMT-0500 (Central Daylight Time),639190.899999857,B,d,I,d,2386,2,2398.7999999523163,636792.0999999046,8102,WL,B,9.0
6,15.494999885559082,distr,44505.00011444092,Fri Jul 10 2026 10:01:22 GMT-0500 (Central Daylight Time),639390.7999999523,B,dr,I,r,196,2,2598.7000000476837,636792.0999999046,8102,WL,B,9.0
6,15.628000020980835,distr,44371.999979019165,Fri Jul 10 2026 10:01:22 GMT-0500 (Central Daylight Time),639524.1999998093,B,dre,I,e,116,2,2732.0999999046326,636792.0999999046,8102,WL,B,9.0
6,15.878000020980835,distr,44121.999979019165,Fri Jul 10 2026 10:01:22 GMT-0500 (Central Daylight Time),639774.0,B,dres,I,s,230,2,2981.9000000953674,636792.0999999046,8102,WL,B,9.0
6,16.027999877929688,distr,43972.00012207031,Fri Jul 10 2026 10:01:22 GMT-0500 (Central Daylight Time),639924.1999998093,B,dress,I,s,132,2,3132.0999999046326,636792.0999999046,8102,WL,B,9.0
6,16.211999893188477,distr,43788.00010681152,Fri Jul 10 2026 10:01:22 GMT-0500 (Central Daylight Time),640108.399999857,B,dressenter,I,enter,166,2,3316.2999999523163,636792.0999999046,8102,WL,B,9.0
6,16.560999870300293,distr,43439.00012969971,Fri Jul 10 2026 10:01:22 GMT-0500 (Central Daylight Time),640457.0999999046,B,b,I,b,334,2,348.5,640108.5999999046,8102,WL,B,10.0
6,16.694999933242798,distr,43305.0000667572,Fri Jul 10 2026 10:01:22 GMT-0500 (Central Daylight Time),640590.5,B,ba,I,a,113,2,481.90000009536743,640108.5999999046,8102,WL,B,10.0
6,16.8439998626709,distr,43156.0001373291,Fri Jul 10 2026 10:01:22 GMT-0500 (Central Daylight Time),640740.2999999523,B,bar,I,r,140,2,631.7000000476837,640108.5999999046,8102,WL,B,10.0
6,17.227999925613403,distr,42772.0000743866,Fri Jul 10 2026 10:01:22 GMT-0500 (Central Daylight Time),641123.7999999523,B,barenter,I,enter,366,2,1015.2000000476837,640108.5999999046,8102,WL,B,10.0
6,23.875,distr,36125.0,Fri Jul 10 2026 10:01:22 GMT-0500 (Central Daylight Time),647771.5,B,b,I,b,6630,2,6647.300000190735,641124.1999998093,8102,WL,B,11.0
6,23.97499990463257,distr,36025.00009536743,Fri Jul 10 2026 10:01:22 GMT-0500 (Central Daylight Time),647871.399999857,B,bu,I,u,87,2,6747.200000047684,641124.1999998093,8102,WL,B,11.0
6,24.191999912261963,distr,35808.00008773804,Fri Jul 10 2026 10:01:22 GMT-0500 (Central Daylight Time),648087.899999857,B,bui,I,i,196,2,6963.700000047684,641124.1999998093,8102,WL,B,11.0
6,24.342000007629395,distr,35657.999992370605,Fri Jul 10 2026 10:01:22 GMT-0500 (Central Daylight Time),648238.0,B,buil,I,l,131,2,7113.800000190735,641124.1999998093,8102,WL,B,11.0
6,24.491999864578247,distr,35508.00013542175,Fri Jul 10 2026 10:01:22 GMT-0500 (Central Daylight Time),648388.0999999046,B,build,I,d,132,2,7263.900000095367,641124.1999998093,8102,WL,B,11.0
6,24.575000047683716,distr,35424.999952316284,Fri Jul 10 2026 10:01:22 GMT-0500 (Central Daylight Time),648471.2999999523,B,buildi,I,i,70,2,7347.100000143051,641124.1999998093,8102,WL,B,11.0
6,24.65999984741211,distr,35340.00015258789,Fri Jul 10 2026 10:01:22 GMT-0500 (Central Daylight Time),648555.7999999523,B,buildin,I,n,75,2,7431.600000143051,641124.1999998093,8102,WL,B,11.0
6,24.907999992370605,distr,35092.000007629395,Fri Jul 10 2026 10:01:22 GMT-0500 (Central Daylight Time),648804.399999857,B,building,I,g,239,2,7680.200000047684,641124.1999998093,8102,WL,B,11.0
6,25.375,distr,34625.0,Fri Jul 10 2026 10:01:22 GMT-0500 (Central Daylight Time),649271.0999999046,B,buildingenter,I,enter,453,2,8146.900000095367,641124.1999998093,8102,WL,B,11.0
6,25.557999849319458,distr,34442.00015068054,Fri Jul 10 2026 10:01:22 GMT-0500 (Central Daylight Time),649454.2999999523,B,c,I,c,171,2,182.90000009536743,649271.399999857,8102,WL,B,12.0
6,25.70799994468689,distr,34292.00005531311,Fri Jul 10 2026 10:01:22 GMT-0500 (Central Daylight Time),649604.5,B,ce,I,e,133,2,333.10000014305115,649271.399999857,8102,WL,B,12.0
6,25.85800004005432,distr,34141.99995994568,Fri Jul 10 2026 10:01:22 GMT-0500 (Central Daylight Time),649754.2999999523,B,cel,I,l,141,2,482.90000009536743,649271.399999857,8102,WL,B,12.0
6,26.008999824523926,distr,33991.000175476074,Fri Jul 10 2026 10:01:22 GMT-0500 (Central Daylight Time),649905.1999998093,B,cell,I,l,144,2,633.7999999523163,649271.399999857,8102,WL,B,12.0
6,26.191999912261963,distr,33808.00008773804,Fri Jul 10 2026 10:01:22 GMT-0500 (Central Daylight Time),650087.6999998093,B,cellenter,I,enter,161,2,816.2999999523163,649271.399999857,8102,WL,B,12.0
6,28.256999969482422,distr,31743.000030517578,Fri Jul 10 2026 10:01:22 GMT-0500 (Central Daylight Time),652153.5,B,o,I,o,2050,2,2065.600000143051,650087.899999857,8102,WL,B,13.0
6,28.37399983406067,distr,31626.00016593933,Fri Jul 10 2026 10:01:22 GMT-0500 (Central Daylight Time),652270.0,B,oc,I,c,105,2,2182.100000143051,650087.899999857,8102,WL,B,13.0
6,28.506999969482422,distr,31493.000030517578,Fri Jul 10 2026 10:01:22 GMT-0500 (Central Daylight Time),652403.2999999523,B,oce,I,e,124,2,2315.4000000953674,650087.899999857,8102,WL,B,13.0
6,28.740999937057495,distr,31259.000062942505,Fri Jul 10 2026 10:01:22 GMT-0500 (Central Daylight Time),652636.7999999523,B,ocea,I,a,215,2,2548.9000000953674,650087.899999857,8102,WL,B,13.0
6,28.924000024795532,distr,31075.999975204468,Fri Jul 10 2026 10:01:22 GMT-0500 (Central Daylight Time),652820.0999999046,B,ocean,I,n,174,2,2732.2000000476837,650087.899999857,8102,WL,B,13.0
6,30.622999906539917,distr,29377.000093460083,Fri Jul 10 2026 10:01:22 GMT-0500 (Central Daylight Time),654519.399999857,B,oceanenter,I,enter,1686,2,4431.5,650087.899999857,8102,WL,B,13.0
6,31.822999954223633,distr,28177.000045776367,Fri Jul 10 2026 10:01:22 GMT-0500 (Central Daylight Time),655719.2999999523,B,s,I,s,1179,2,1199.7000000476837,654519.5999999046,8102,WL,B,14.0
6,32.00699996948242,distr,27993.000030517578,Fri Jul 10 2026 10:01:22 GMT-0500 (Central Daylight Time),655903.5,B,sa,I,a,163,2,1383.9000000953674,654519.5999999046,8102,WL,B,14.0
6,32.07299995422363,distr,27927.000045776367,Fri Jul 10 2026 10:01:22 GMT-0500 (Central Daylight Time),655968.899999857,B,san,I,n,51,2,1449.2999999523163,654519.5999999046,8102,WL,B,14.0
6,32.20599985122681,distr,27794.000148773193,Fri Jul 10 2026 10:01:22 GMT-0500 (Central Daylight Time),656102.2999999523,B,sand,I,d,113,2,1582.7000000476837,654519.5999999046,8102,WL,B,14.0
6,32.33899998664856,distr,27661.00001335144,Fri Jul 10 2026 10:01:22 GMT-0500 (Central Daylight Time),656235.1999998093,B,sandenter,I,enter,124,2,1715.5999999046326,654519.5999999046,8102,WL,B,14.0
6,36.05499982833862,distr,23945.000171661377,Fri Jul 10 2026 10:01:22 GMT-0500 (Central Daylight Time),659951.0,B,c,I,c,3711,2,3715.5,656235.5,8102,WL,B,15.0
6,36.687999963760376,distr,23312.000036239624,Fri Jul 10 2026 10:01:22 GMT-0500 (Central Daylight Time),660583.899999857,B,cp,I,p,627,2,4348.399999856949,656235.5,8102,WL,B,15.0
6,36.80499982833862,distr,23195.000171661377,Fri Jul 10 2026 10:01:22 GMT-0500 (Central Daylight Time),660700.7999999523,B,cpa,I,a,107,2,4465.299999952316,656235.5,8102,WL,B,15.0
6,36.954999923706055,distr,23045.000076293945,Fri Jul 10 2026 10:01:22 GMT-0500 (Central Daylight Time),660850.7999999523,B,cpal,I,l,142,2,4615.299999952316,656235.5,8102,WL,B,15.0
6,37.08899998664856,distr,22911.00001335144,Fri Jul 10 2026 10:01:22 GMT-0500 (Central Daylight Time),660985.0,B,cpala,I,a,127,2,4749.5,656235.5,8102,WL,B,15.0
6,37.287999868392944,distr,22712.000131607056,Fri Jul 10 2026 10:01:22 GMT-0500 (Central Daylight Time),661184.0999999046,B,cpalac,I,c,185,2,4948.599999904633,656235.5,8102,WL,B,15.0
6,37.38800001144409,distr,22611.99998855591,Fri Jul 10 2026 10:01:22 GMT-0500 (Central Daylight Time),661284.0999999046,B,cpalace,I,e,82,2,5048.599999904633,656235.5,8102,WL,B,15.0
6,37.58800005912781,distr,22411.999940872192,Fri Jul 10 2026 10:01:22 GMT-0500 (Central Daylight Time),661484.0,B,cpalaceenter,I,enter,182,2,5248.5,656235.5,8102,WL,B,15.0
7,2.1659998893737793,immed,57834.00011062622,Fri Jul 10 2026 10:01:22 GMT-0500 (Central Daylight Time),665299.0999999046,A,p,I,p,2158,2,2165.5,663133.5999999046,8102,WL,B,1.0
7,2.4159998893737793,immed,57584.00011062622,Fri Jul 10 2026 10:01:22 GMT-0500 (Central Daylight Time),665549.2999999523,A,pa,I,a,239,2,2415.7000000476837,663133.5999999046,8102,WL,B,1.0
7,2.7159998416900635,immed,57284.00015830994,Fri Jul 10 2026 10:01:22 GMT-0500 (Central Daylight Time),665849.0999999046,A,pal,I,l,285,2,2715.5,663133.5999999046,8102,WL,B,1.0
7,2.998999834060669,immed,57001.00016593933,Fri Jul 10 2026 10:01:22 GMT-0500 (Central Daylight Time),666132.6999998093,A,pala,I,a,265,2,2999.0999999046326,663133.5999999046,8102,WL,B,1.0
7,3.25,immed,56750.0,Fri Jul 10 2026 10:01:22 GMT-0500 (Central Daylight Time),666383.5999999046,A,palac,I,c,237,2,3250.0,663133.5999999046,8102,WL,B,1.0
7,3.3989999294281006,immed,56601.0000705719,Fri Jul 10 2026 10:01:22 GMT-0500 (Central Daylight Time),666532.2999999523,A,palace,I,e,131,2,3398.7000000476837,663133.5999999046,8102,WL,B,1.0
7,3.681999921798706,immed,56318.000078201294,Fri Jul 10 2026 10:01:22 GMT-0500 (Central Daylight Time),666815.5,A,palaceenter,I,enter,270,2,3681.9000000953674,663133.5999999046,8102,WL,B,1.0
7,4.016000032424927,immed,55983.99996757507,Fri Jul 10 2026 10:01:22 GMT-0500 (Central Daylight Time),667148.899999857,A,o,I,o,315,2,333.2000000476837,666815.6999998093,8102,WL,B,2.0
7,4.131999969482422,immed,55868.00003051758,Fri Jul 10 2026 10:01:22 GMT-0500 (Central Daylight Time),667265.5999999046,A,oc,I,c,102,2,449.90000009536743,666815.6999998093,8102,WL,B,2.0
7,4.266000032424927,immed,55733.99996757507,Fri Jul 10 2026 10:01:22 GMT-0500 (Central Daylight Time),667398.7999999523,A,oce,I,e,120,2,583.1000001430511,666815.6999998093,8102,WL,B,2.0
7,4.48199987411499,immed,55518.00012588501,Fri Jul 10 2026 10:01:22 GMT-0500 (Central Daylight Time),667615.2999999523,A,ocea,I,a,203,2,799.6000001430511,666815.6999998093,8102,WL,B,2.0
7,4.681999921798706,immed,55318.000078201294,Fri Jul 10 2026 10:01:22 GMT-0500 (Central Daylight Time),667815.399999857,A,ocean,I,n,187,2,999.7000000476837,666815.6999998093,8102,WL,B,2.0
7,5.23199987411499,immed,54768.00012588501,Fri Jul 10 2026 10:01:22 GMT-0500 (Central Daylight Time),668365.0,A,oceanenter,I,enter,539,2,1549.3000001907349,666815.6999998093,8102,WL,B,2.0
7,5.4649999141693115,immed,54535.00008583069,Fri Jul 10 2026 10:01:22 GMT-0500 (Central Daylight Time),668598.2999999523,A,c,I,c,221,2,232.90000009536743,668365.399999857,8102,WL,B,3.0
7,5.565000057220459,immed,54434.99994277954,Fri Jul 10 2026 10:01:22 GMT-0500 (Central Daylight Time),668698.399999857,A,ce,I,e,92,2,333.0,668365.399999857,8102,WL,B,3.0
7,6.664999961853027,immed,53335.00003814697,Fri Jul 10 2026 10:01:22 GMT-0500 (Central Daylight Time),669797.899999857,A,cel,I,l,1079,2,1432.5,668365.399999857,8102,WL,B,3.0
7,7.180999994277954,immed,52819.000005722046,Fri Jul 10 2026 10:01:22 GMT-0500 (Central Daylight Time),670314.5999999046,A,ce,I,backspace,509,2,1949.2000000476837,668365.399999857,8102,WL,B,3.0
7,7.330999851226807,immed,52669.00014877319,Fri Jul 10 2026 10:01:22 GMT-0500 (Central Daylight Time),670464.0,A,c,I,backspace,144,2,2098.600000143051,668365.399999857,8102,WL,B,3.0
7,7.497999906539917,immed,52502.00009346008,Fri Jul 10 2026 10:01:22 GMT-0500 (Central Daylight Time),670631.0999999046,A,,I,backspace,146,2,2265.7000000476837,668365.399999857,8102,WL,B,3.0
7,7.648000001907349,immed,52351.99999809265,Fri Jul 10 2026 10:01:22 GMT-0500 (Central Daylight Time),670781.0,A,,I,backspace,132,2,2415.600000143051,668365.399999857,8102,WL,B,3.0
7,8.113999843597412,immed,51886.00015640259,Fri Jul 10 2026 10:01:22 GMT-0500 (Central Daylight Time),671247.5999999046,A,c,I,c,446,2,2882.2000000476837,668365.399999857,8102,WL,B,3.0
7,8.263999938964844,immed,51736.000061035156,Fri Jul 10 2026 10:01:22 GMT-0500 (Central Daylight Time),671397.5,A,ca,I,a,131,2,3032.100000143051,668365.399999857,8102,WL,B,3.0
7,8.348000049591064,immed,51651.999950408936,Fri Jul 10 2026 10:01:22 GMT-0500 (Central Daylight Time),671480.6999998093,A,cab,I,b,78,2,3115.2999999523163,668365.399999857,8102,WL,B,3.0
7,8.54699993133545,immed,51453.00006866455,Fri Jul 10 2026 10:01:22 GMT-0500 (Central Daylight Time),671680.5999999046,A,cabi,I,i,194,2,3315.2000000476837,668365.399999857,8102,WL,B,3.0
7,8.664000034332275,immed,51335.999965667725,Fri Jul 10 2026 10:01:22 GMT-0500 (Central Daylight Time),671797.399999857,A,cabin,I,n,106,2,3432.0,668365.399999857,8102,WL,B,3.0
7,9.246999979019165,immed,50753.000020980835,Fri Jul 10 2026 10:01:22 GMT-0500 (Central Daylight Time),672380.399999857,A,cabinenter,I,enter,573,2,4015.0,668365.399999857,8102,WL,B,3.0
7,9.563999891281128,immed,50436.00010871887,Fri Jul 10 2026 10:01:22 GMT-0500 (Central Daylight Time),672696.899999857,A,l,I,l,302,2,316.09999990463257,672380.7999999523,8102,WL,B,4.0
7,9.69700002670288,immed,50302.99997329712,Fri Jul 10 2026 10:01:22 GMT-0500 (Central Daylight Time),672830.399999857,A,la,I,a,114,2,449.59999990463257,672380.7999999523,8102,WL,B,4.0
7,9.813999891281128,immed,50186.00010871887,Fri Jul 10 2026 10:01:22 GMT-0500 (Central Daylight Time),672946.899999857,A,lak,I,k,108,2,566.0999999046326,672380.7999999523,8102,WL,B,4.0
7,9.96399998664856,immed,50036.00001335144,Fri Jul 10 2026 10:01:22 GMT-0500 (Central Daylight Time),673096.899999857,A,lake,I,e,143,2,716.0999999046326,672380.7999999523,8102,WL,B,4.0
7,10.19700002670288,immed,49802.99997329712,Fri Jul 10 2026 10:01:22 GMT-0500 (Central Daylight Time),673330.2999999523,A,lakeenter,I,enter,218,2,949.5,672380.7999999523,8102,WL,B,4.0
7,10.496999979019165,immed,49503.000020980835,Fri Jul 10 2026 10:01:22 GMT-0500 (Central Daylight Time),673630.0999999046,A,p,I,p,288,2,299.40000009536743,673330.6999998093,8102,WL,B,5.0
7,10.713000059127808,immed,49286.99994087219,Fri Jul 10 2026 10:01:22 GMT-0500 (Central Daylight Time),673846.5999999046,A,pi,I,i,204,2,515.9000000953674,673330.6999998093,8102,WL,B,5.0
7,10.882999897003174,immed,49117.000102996826,Fri Jul 10 2026 10:01:22 GMT-0500 (Central Daylight Time),674016.5,A,pip,I,p,106,2,685.8000001907349,673330.6999998093,8102,WL,B,5.0
7,11.131999969482422,immed,48868.00003051758,Fri Jul 10 2026 10:01:22 GMT-0500 (Central Daylight Time),674265.0,A,pipe,I,e,233,2,934.3000001907349,673330.6999998093,8102,WL,B,5.0
7,11.412999868392944,immed,48587.000131607056,Fri Jul 10 2026 10:01:22 GMT-0500 (Central Daylight Time),674546.399999857,A,pipeenter,I,enter,263,2,1215.7000000476837,673330.6999998093,8102,WL,B,5.0
7,11.646999835968018,immed,48353.00016403198,Fri Jul 10 2026 10:01:22 GMT-0500 (Central Daylight Time),674779.899999857,A,c,I,c,216,2,233.20000004768372,674546.6999998093,8102,WL,B,6.0
7,11.763000011444092,immed,48236.99998855591,Fri Jul 10 2026 10:01:22 GMT-0500 (Central Daylight Time),674896.2999999523,A,cl,I,l,103,2,349.60000014305115,674546.6999998093,8102,WL,B,6.0
7,11.980000019073486,immed,48019.999980926514,Fri Jul 10 2026 10:01:22 GMT-0500 (Central Daylight Time),675112.899999857,A,clo,I,o,202,2,566.2000000476837,674546.6999998093,8102,WL,B,6.0
7,12.11299991607666,immed,47887.00008392334,Fri Jul 10 2026 10:01:22 GMT-0500 (Central Daylight Time),675246.2999999523,A,cloc,I,c,122,2,699.6000001430511,674546.6999998093,8102,WL,B,6.0
7,12.230000019073486,immed,47769.999980926514,Fri Jul 10 2026 10:01:22 GMT-0500 (Central Daylight Time),675362.7999999523,A,clock,I,k,100,2,816.1000001430511,674546.6999998093,8102,WL,B,6.0
7,12.546000003814697,immed,47453.9999961853,Fri Jul 10 2026 10:01:22 GMT-0500 (Central Daylight Time),675679.5,A,clockenter,I,enter,303,2,1132.8000001907349,674546.6999998093,8102,WL,B,6.0
7,14.845999956130981,immed,45154.00004386902,Fri Jul 10 2026 10:01:22 GMT-0500 (Central Daylight Time),677978.7999999523,A,w,I,w,2283,2,2299.100000143051,675679.6999998093,8102,WL,B,7.0
7,15.046000003814697,immed,44953.9999961853,Fri Jul 10 2026 10:01:22 GMT-0500 (Central Daylight Time),678178.7999999523,A,wi,I,i,191,2,2499.100000143051,675679.6999998093,8102,WL,B,7.0
7,15.180000066757202,immed,44819.9999332428,Fri Jul 10 2026 10:01:22 GMT-0500 (Central Daylight Time),678312.7999999523,A,wif,I,f,127,2,2633.100000143051,675679.6999998093,8102,WL,B,7.0
7,15.294999837875366,immed,44705.000162124634,Fri Jul 10 2026 10:01:22 GMT-0500 (Central Daylight Time),678428.5,A,wife,I,e,97,2,2748.800000190735,675679.6999998093,8102,WL,B,7.0
7,15.444999933242798,immed,44555.0000667572,Fri Jul 10 2026 10:01:22 GMT-0500 (Central Daylight Time),678578.5,A,wifeenter,I,enter,134,2,2898.800000190735,675679.6999998093,8102,WL,B,7.0
7,15.59500002861023,immed,44404.99997138977,Fri Jul 10 2026 10:01:22 GMT-0500 (Central Daylight Time),678728.6999998093,A,s,I,s,136,2,149.89999985694885,678578.7999999523,8102,WL,B,8.0
7,15.812000036239624,immed,44187.999963760376,Fri Jul 10 2026 10:01:22 GMT-0500 (Central Daylight Time),678945.1999998093,A,st,I,t,202,2,366.39999985694885,678578.7999999523,8102,WL,B,8.0
7,16.144999980926514,immed,43855.000019073486,Fri Jul 10 2026 10:01:22 GMT-0500 (Central Daylight Time),679278.2999999523,A,sta,I,a,312,2,699.5,678578.7999999523,8102,WL,B,8.0
7,16.294999837875366,immed,43705.000162124634,Fri Jul 10 2026 10:01:22 GMT-0500 (Central Daylight Time),679428.1999998093,A,star,I,r,132,2,849.3999998569489,678578.7999999523,8102,WL,B,8.0
7,16.76199984550476,immed,43238.00015449524,Fri Jul 10 2026 10:01:22 GMT-0500 (Central Daylight Time),679894.6999998093,A,starenter,I,enter,454,2,1315.8999998569489,678578.7999999523,8102,WL,B,8.0
7,17.527999877929688,immed,42472.00012207031,Fri Jul 10 2026 10:01:22 GMT-0500 (Central Daylight Time),680661.2999999523,A,d,I,d,748,2,766.2999999523163,679895.0,8102,WL,B,9.0
7,17.727999925613403,immed,42272.0000743866,Fri Jul 10 2026 10:01:22 GMT-0500 (Central Daylight Time),680861.2999999523,A,do,I,o,189,2,966.2999999523163,679895.0,8102,WL,B,9.0
7,17.894999980926514,immed,42105.000019073486,Fri Jul 10 2026 10:01:22 GMT-0500 (Central Daylight Time),681027.899999857,A,doo,I,o,157,2,1132.8999998569489,679895.0,8102,WL,B,9.0
7,17.994999885559082,immed,42005.00011444092,Fri Jul 10 2026 10:01:22 GMT-0500 (Central Daylight Time),681127.7999999523,A,door,I,r,94,2,1232.7999999523163,679895.0,8102,WL,B,9.0
7,18.227999925613403,immed,41772.0000743866,Fri Jul 10 2026 10:01:22 GMT-0500 (Central Daylight Time),681360.899999857,A,doorenter,I,enter,219,2,1465.8999998569489,679895.0,8102,WL,B,9.0
7,18.378000020980835,immed,41621.999979019165,Fri Jul 10 2026 10:01:22 GMT-0500 (Central Daylight Time),681511.0,A,a,I,a,130,2,149.80000019073486,681361.1999998093,8102,WL,B,10.0
7,18.543999910354614,immed,41456.000089645386,Fri Jul 10 2026 10:01:22 GMT-0500 (Central Daylight Time),681677.399999857,A,ar,I,r,155,2,316.2000000476837,681361.1999998093,8102,WL,B,10.0
7,18.91100001335144,immed,41088.99998664856,Fri Jul 10 2026 10:01:22 GMT-0500 (Central Daylight Time),682044.0999999046,A,arm,I,m,357,2,682.9000000953674,681361.1999998093,8102,WL,B,10.0
7,19.24399995803833,immed,40756.00004196167,Fri Jul 10 2026 10:01:22 GMT-0500 (Central Daylight Time),682377.2999999523,A,armenter,I,enter,326,2,1016.1000001430511,681361.1999998093,8102,WL,B,10.0
7,19.677000045776367,immed,40322.99995422363,Fri Jul 10 2026 10:01:22 GMT-0500 (Central Daylight Time),682810.5,A,g,I,g,417,2,433.0,682377.5,8102,WL,B,11.0
7,19.82699990272522,immed,40173.00009727478,Fri Jul 10 2026 10:01:22 GMT-0500 (Central Daylight Time),682960.5,A,gr,I,r,136,2,583.0,682377.5,8102,WL,B,11.0
7,20.043999910354614,immed,39956.000089645386,Fri Jul 10 2026 10:01:22 GMT-0500 (Central Daylight Time),683177.1999998093,A,gra,I,a,201,2,799.6999998092651,682377.5,8102,WL,B,11.0
7,20.26099991798401,immed,39739.00008201599,Fri Jul 10 2026 10:01:22 GMT-0500 (Central Daylight Time),683393.899999857,A,gras,I,s,201,2,1016.3999998569489,682377.5,8102,WL,B,11.0
7,20.39400005340576,immed,39605.99994659424,Fri Jul 10 2026 10:01:22 GMT-0500 (Central Daylight Time),683527.0999999046,A,grass,I,s,129,2,1149.5999999046326,682377.5,8102,WL,B,11.0
7,20.55999994277954,immed,39440.00005722046,Fri Jul 10 2026 10:01:22 GMT-0500 (Central Daylight Time),683693.399999857,A,grassenter,I,enter,148,2,1315.8999998569489,682377.5,8102,WL,B,11.0
7,20.759999990463257,immed,39240.00000953674,Fri Jul 10 2026 10:01:22 GMT-0500 (Central Daylight Time),683893.5,A,s,I,s,180,2,199.80000019073486,683693.6999998093,8102,WL,B,12.0
7,20.960000038146973,immed,39039.99996185303,Fri Jul 10 2026 10:01:22 GMT-0500 (Central Daylight Time),684093.2999999523,A,st,I,t,189,2,399.60000014305115,683693.6999998093,8102,WL,B,12.0
7,21.14400005340576,immed,38855.99994659424,Fri Jul 10 2026 10:01:22 GMT-0500 (Central Daylight Time),684276.7999999523,A,str,I,r,173,2,583.1000001430511,683693.6999998093,8102,WL,B,12.0
7,21.32699990272522,immed,38673.00009727478,Fri Jul 10 2026 10:01:22 GMT-0500 (Central Daylight Time),684460.0,A,stre,I,e,166,2,766.3000001907349,683693.6999998093,8102,WL,B,12.0
7,21.47699999809265,immed,38523.00000190735,Fri Jul 10 2026 10:01:22 GMT-0500 (Central Daylight Time),684610.0,A,stree,I,e,142,2,916.3000001907349,683693.6999998093,8102,WL,B,12.0
7,21.592999935150146,immed,38407.00006484985,Fri Jul 10 2026 10:01:22 GMT-0500 (Central Daylight Time),684726.5,A,street,I,t,104,2,1032.8000001907349,683693.6999998093,8102,WL,B,12.0
7,21.859999895095825,immed,38140.000104904175,Fri Jul 10 2026 10:01:22 GMT-0500 (Central Daylight Time),684993.399999857,A,streetenter,I,enter,253,2,1299.7000000476837,683693.6999998093,8102,WL,B,12.0
7,24.526000022888184,immed,35473.99997711182,Fri Jul 10 2026 10:01:22 GMT-0500 (Central Daylight Time),687658.899999857,A,p,I,p,2657,2,2665.2000000476837,684993.6999998093,8102,WL,B,13.0
7,24.759000062942505,immed,35240.999937057495,Fri Jul 10 2026 10:01:22 GMT-0500 (Central Daylight Time),687892.399999857,A,pu,I,u,215,2,2898.7000000476837,684993.6999998093,8102,WL,B,13.0
7,24.9760000705719,immed,35023.9999294281,Fri Jul 10 2026 10:01:22 GMT-0500 (Central Daylight Time),688109.0,A,pup,I,p,198,2,3115.300000190735,684993.6999998093,8102,WL,B,13.0
7,25.342000007629395,immed,34657.999992370605,Fri Jul 10 2026 10:01:22 GMT-0500 (Central Daylight Time),688475.399999857,A,pupi,I,i,357,2,3481.7000000476837,684993.6999998093,8102,WL,B,13.0
7,25.592000007629395,immed,34407.999992370605,Fri Jul 10 2026 10:01:22 GMT-0500 (Central Daylight Time),688725.2999999523,A,pupil,I,l,239,2,3731.600000143051,684993.6999998093,8102,WL,B,13.0
7,25.925999879837036,immed,34074.000120162964,Fri Jul 10 2026 10:01:22 GMT-0500 (Central Daylight Time),689058.6999998093,A,pupilenter,I,enter,325,2,4065.0,684993.6999998093,8102,WL,B,13.0
7,29.5239999294281,immed,30476.0000705719,Fri Jul 10 2026 10:01:22 GMT-0500 (Central Daylight Time),692657.1999998093,A,c,I,c,3592,2,3598.199999809265,689059.0,8102,WL,B,14.0
7,29.69099998474121,immed,30309.00001525879,Fri Jul 10 2026 10:01:22 GMT-0500 (Central Daylight Time),692824.0999999046,A,ca,I,a,153,2,3765.0999999046326,689059.0,8102,WL,B,14.0
7,29.806999921798706,immed,30193.000078201294,Fri Jul 10 2026 10:01:22 GMT-0500 (Central Daylight Time),692940.5999999046,A,cab,I,b,98,2,3881.5999999046326,689059.0,8102,WL,B,14.0
7,30.04099988937378,immed,29959.00011062622,Fri Jul 10 2026 10:01:22 GMT-0500 (Central Daylight Time),693173.899999857,A,cabi,I,i,212,2,4114.899999856949,689059.0,8102,WL,B,14.0
7,30.10699987411499,immed,29893.00012588501,Fri Jul 10 2026 10:01:22 GMT-0500 (Central Daylight Time),693240.5,A,cabin,I,n,60,2,4181.5,689059.0,8102,WL,B,14.0
7,30.35699987411499,immed,29643.00012588501,Fri Jul 10 2026 10:01:22 GMT-0500 (Central Daylight Time),693490.5,A,cabinenter,I,enter,241,2,4431.5,689059.0,8102,WL,B,14.0
7,30.58999991416931,immed,29410.00008583069,Fri Jul 10 2026 10:01:22 GMT-0500 (Central Daylight Time),693723.5,A,l,I,l,214,2,232.80000019073486,693490.6999998093,8102,WL,B,15.0
7,30.691999912261963,immed,29308.000087738037,Fri Jul 10 2026 10:01:22 GMT-0500 (Central Daylight Time),693824.7999999523,A,la,I,a,86,2,334.10000014305115,693490.6999998093,8102,WL,B,15.0
7,30.840999841690063,immed,29159.000158309937,Fri Jul 10 2026 10:01:22 GMT-0500 (Central Daylight Time),693973.6999998093,A,lak,I,k,129,2,483.0,693490.6999998093,8102,WL,B,15.0
7,30.990000009536743,immed,29009.999990463257,Fri Jul 10 2026 10:01:22 GMT-0500 (Central Daylight Time),694123.5999999046,A,lake,I,e,141,2,632.9000000953674,693490.6999998093,8102,WL,B,15.0
7,31.19000005722046,immed,28809.99994277954,Fri Jul 10 2026 10:01:22 GMT-0500 (Central Daylight Time),694323.5999999046,A,lakeenter,I,enter,183,2,832.9000000953674,693490.6999998093,8102,WL,B,15.0
