block_c,block_dur,condition,countdown,datetime,endtime,list,multichar_response,project,response,response_time,session_number,start_end,starttime,subject_id,task,task_vers,trial
,,,,Fri Jul 24 2026 10:41:31 GMT-0400 (Eastern Daylight Time),,,,I,space,760,1,,,9084,WL,C,
prac,,0,,Fri Jul 24 2026 10:41:31 GMT-0400 (Eastern Daylight Time),,NA,b,I,b,4097,1,,,9084,WL,C,1.0
prac,,0,,Fri Jul 24 2026 10:41:31 GMT-0400 (Eastern Daylight Time),,NA,bo,I,o,248,1,,,9084,WL,C,1.0
prac,,0,,Fri Jul 24 2026 10:41:31 GMT-0400 (Eastern Daylight Time),,NA,boo,I,o,134,1,,,9084,WL,C,1.0
prac,,0,,Fri Jul 24 2026 10:41:31 GMT-0400 (Eastern Daylight Time),,NA,boos,I,s,390,1,,,9084,WL,C,1.0
prac,,0,,Fri Jul 24 2026 10:41:31 GMT-0400 (Eastern Daylight Time),,NA,boost,I,t,174,1,,,9084,WL,C,1.0
prac,,0,,Fri Jul 24 2026 10:41:31 GMT-0400 (Eastern Daylight Time),,NA,boostenter,I,enter,334,1,,,9084,WL,C,1.0
1,2.866999864578247,learn,57133.00013542175,Fri Jul 24 2026 10:41:31 GMT-0400 (Eastern Daylight Time),127252.0,A,c,I,c,2848,1,2865.9000000003725,124386.09999999963,9084,WL,C,1.0
1,3.383999824523926,learn,56616.000175476074,Fri Jul 24 2026 10:41:31 GMT-0400 (Eastern Daylight Time),127768.5,A,ca,I,a,492,1,3382.4000000003725,124386.09999999963,9084,WL,C,1.0
1,3.633999824523926,learn,56366.000175476074,Fri Jul 24 2026 10:41:31 GMT-0400 (Eastern Daylight Time),128018.5,A,cat,I,t,223,1,3632.4000000003725,124386.09999999963,9084,WL,C,1.0
1,3.7839999198913574,learn,56216.00008010864,Fri Jul 24 2026 10:41:31 GMT-0400 (Eastern Daylight Time),128168.29999999981,A,catt,I,t,135,1,3782.2000000001863,124386.09999999963,9084,WL,C,1.0
1,4.066999912261963,learn,55933.00008773804,Fri Jul 24 2026 10:41:31 GMT-0400 (Eastern Daylight Time),128452.09999999963,A,cattl,I,l,270,1,4066.0,124386.09999999963,9084,WL,C,1.0
1,4.1499998569488525,learn,55850.00014305115,Fri Jul 24 2026 10:41:31 GMT-0400 (Eastern Daylight Time),128534.70000000019,A,cattle,I,e,70,1,4148.600000000559,124386.09999999963,9084,WL,C,1.0
1,4.7829999923706055,learn,55217.000007629395,Fri Jul 24 2026 10:41:31 GMT-0400 (Eastern Daylight Time),129167.89999999944,A,cattleenter,I,enter,610,1,4781.799999999814,124386.09999999963,9084,WL,C,1.0
1,5.949999809265137,learn,54050.00019073486,Fri Jul 24 2026 10:41:31 GMT-0400 (Eastern Daylight Time),130335.0,A,q,I,q,1147,1,1166.4000000003725,129168.59999999963,9084,WL,C,2.0
1,6.483999967575073,learn,53516.00003242493,Fri Jul 24 2026 10:41:31 GMT-0400 (Eastern Daylight Time),130868.39999999944,A,qu,I,u,503,1,1699.7999999998137,129168.59999999963,9084,WL,C,2.0
1,6.916999816894531,learn,53083.00018310547,Fri Jul 24 2026 10:41:31 GMT-0400 (Eastern Daylight Time),131301.59999999963,A,que,I,e,420,1,2133.0,129168.59999999963,9084,WL,C,2.0
1,7.166999816894531,learn,52833.00018310547,Fri Jul 24 2026 10:41:31 GMT-0400 (Eastern Daylight Time),131551.7000000002,A,quee,I,e,226,1,2383.100000000559,129168.59999999963,9084,WL,C,2.0
1,7.549999952316284,learn,52450.000047683716,Fri Jul 24 2026 10:41:31 GMT-0400 (Eastern Daylight Time),131935.0,A,queen,I,n,369,1,2766.4000000003725,129168.59999999963,9084,WL,C,2.0
1,8.382999897003174,learn,51617.000102996826,Fri Jul 24 2026 10:41:31 GMT-0400 (Eastern Daylight Time),132767.89999999944,A,queenenter,I,enter,809,1,3599.2999999998137,129168.59999999963,9084,WL,C,2.0
1,9.583999872207642,learn,50416.00012779236,Fri Jul 24 2026 10:41:31 GMT-0400 (Eastern Daylight Time),133968.39999999944,A,s,I,s,1188,1,1199.8999999994412,132768.5,9084,WL,C,3.0
1,9.733999967575073,learn,50266.00003242493,Fri Jul 24 2026 10:41:31 GMT-0400 (Eastern Daylight Time),134118.2999999998,A,sh,I,h,136,1,1349.7999999998137,132768.5,9084,WL,C,3.0
1,9.849999904632568,learn,50150.00009536743,Fri Jul 24 2026 10:41:31 GMT-0400 (Eastern Daylight Time),134235.09999999963,A,sho,I,o,95,1,1466.5999999996275,132768.5,9084,WL,C,3.0
1,9.967000007629395,learn,50032.999992370605,Fri Jul 24 2026 10:41:31 GMT-0400 (Eastern Daylight Time),134351.7999999998,A,shor,I,r,101,1,1583.2999999998137,132768.5,9084,WL,C,3.0
1,10.083999872207642,learn,49916.00012779236,Fri Jul 24 2026 10:41:31 GMT-0400 (Eastern Daylight Time),134468.39999999944,A,shore,I,e,79,1,1699.8999999994412,132768.5,9084,WL,C,3.0
1,10.717000007629395,learn,49282.999992370605,Fri Jul 24 2026 10:41:31 GMT-0400 (Eastern Daylight Time),135101.2999999998,A,shoreenter,I,enter,602,1,2332.7999999998137,132768.5,9084,WL,C,3.0
1,11.434000015258789,learn,48565.99998474121,Fri Jul 24 2026 10:41:31 GMT-0400 (Eastern Daylight Time),135818.5,A,f,I,f,703,1,716.7000000001863,135101.7999999998,9084,WL,C,4.0
1,11.717000007629395,learn,48282.999992370605,Fri Jul 24 2026 10:41:31 GMT-0400 (Eastern Daylight Time),136101.59999999963,A,fl,I,l,267,1,999.7999999998137,135101.7999999998,9084,WL,C,4.0
1,11.799999952316284,learn,48200.000047683716,Fri Jul 24 2026 10:41:31 GMT-0400 (Eastern Daylight Time),136185.0,A,fla,I,a,68,1,1083.2000000001863,135101.7999999998,9084,WL,C,4.0
1,12.049999952316284,learn,47950.000047683716,Fri Jul 24 2026 10:41:31 GMT-0400 (Eastern Daylight Time),136435.0,A,flag,I,g,233,1,1333.2000000001863,135101.7999999998,9084,WL,C,4.0
1,12.967000007629395,learn,47032.999992370605,Fri Jul 24 2026 10:41:31 GMT-0400 (Eastern Daylight Time),137351.2999999998,A,flagenter,I,enter,893,1,2249.5,135101.7999999998,9084,WL,C,4.0
1,14.434000015258789,learn,45565.99998474121,Fri Jul 24 2026 10:41:31 GMT-0400 (Eastern Daylight Time),138818.2999999998,A,s,I,s,1444,1,1466.4000000003725,137351.89999999944,9084,WL,C,5.0
1,14.616999864578247,learn,45383.00013542175,Fri Jul 24 2026 10:41:31 GMT-0400 (Eastern Daylight Time),139001.7000000002,A,su,I,u,159,1,1649.800000000745,137351.89999999944,9084,WL,C,5.0
1,14.967000007629395,learn,45032.999992370605,Fri Jul 24 2026 10:41:31 GMT-0400 (Eastern Daylight Time),139351.7000000002,A,sug,I,g,324,1,1999.800000000745,137351.89999999944,9084,WL,C,5.0
1,15.25,learn,44750.0,Fri Jul 24 2026 10:41:31 GMT-0400 (Eastern Daylight Time),139635.09999999963,A,suga,I,a,265,1,2283.2000000001863,137351.89999999944,9084,WL,C,5.0
1,15.482999801635742,learn,44517.00019836426,Fri Jul 24 2026 10:41:31 GMT-0400 (Eastern Daylight Time),139868.2000000002,A,sugar,I,r,223,1,2516.300000000745,137351.89999999944,9084,WL,C,5.0
1,16.26699995994568,learn,43733.00004005432,Fri Jul 24 2026 10:41:31 GMT-0400 (Eastern Daylight Time),140651.2999999998,A,sugarenter,I,enter,754,1,3299.4000000003725,137351.89999999944,9084,WL,C,5.0
1,19.449999809265137,learn,40550.00019073486,Fri Jul 24 2026 10:41:31 GMT-0400 (Eastern Daylight Time),143835.0,A,c,I,c,3161,1,3183.2000000001863,140651.7999999998,9084,WL,C,6.0
1,20.383999824523926,learn,39616.000175476074,Fri Jul 24 2026 10:41:31 GMT-0400 (Eastern Daylight Time),144768.39999999944,A,ca,I,a,911,1,4116.5999999996275,140651.7999999998,9084,WL,C,6.0
1,20.59999990463257,learn,39400.00009536743,Fri Jul 24 2026 10:41:31 GMT-0400 (Eastern Daylight Time),144984.2000000002,A,cam,I,m,200,1,4332.4000000003725,140651.7999999998,9084,WL,C,6.0
1,20.866999864578247,learn,39133.00013542175,Fri Jul 24 2026 10:41:31 GMT-0400 (Eastern Daylight Time),145251.59999999963,A,camp,I,p,244,1,4599.799999999814,140651.7999999998,9084,WL,C,6.0
1,21.133999824523926,learn,38866.000175476074,Fri Jul 24 2026 10:41:31 GMT-0400 (Eastern Daylight Time),145518.2999999998,A,campi,I,i,245,1,4866.5,140651.7999999998,9084,WL,C,6.0
1,21.283999919891357,learn,38716.00008010864,Fri Jul 24 2026 10:41:31 GMT-0400 (Eastern Daylight Time),145668.39999999944,A,campin,I,n,131,1,5016.5999999996275,140651.7999999998,9084,WL,C,6.0
1,21.449999809265137,learn,38550.00019073486,Fri Jul 24 2026 10:41:31 GMT-0400 (Eastern Daylight Time),145835.0,A,camping,I,g,142,1,5183.200000000186,140651.7999999998,9084,WL,C,6.0
1,22.449999809265137,learn,37550.00019073486,Fri Jul 24 2026 10:41:31 GMT-0400 (Eastern Daylight Time),146834.59999999963,A,campingenter,I,enter,966,1,6182.799999999814,140651.7999999998,9084,WL,C,6.0
1,23.299999952316284,learn,36700.000047683716,Fri Jul 24 2026 10:41:31 GMT-0400 (Eastern Daylight Time),147684.7999999998,A,t,I,t,842,1,849.7999999998137,146835.0,9084,WL,C,7.0
1,23.733999967575073,learn,36266.00003242493,Fri Jul 24 2026 10:41:31 GMT-0400 (Eastern Daylight Time),148118.2999999998,A,to,I,o,421,1,1283.2999999998137,146835.0,9084,WL,C,7.0
1,23.883999824523926,learn,36116.000175476074,Fri Jul 24 2026 10:41:31 GMT-0400 (Eastern Daylight Time),148268.39999999944,A,tow,I,w,139,1,1433.3999999994412,146835.0,9084,WL,C,7.0
1,24.316999912261963,learn,35683.00008773804,Fri Jul 24 2026 10:41:31 GMT-0400 (Eastern Daylight Time),148701.7000000002,A,towe,I,e,413,1,1866.7000000001863,146835.0,9084,WL,C,7.0
1,24.449999809265137,learn,35550.00019073486,Fri Jul 24 2026 10:41:31 GMT-0400 (Eastern Daylight Time),148835.09999999963,A,tower,I,r,107,1,2000.0999999996275,146835.0,9084,WL,C,7.0
1,24.91699981689453,learn,35083.00018310547,Fri Jul 24 2026 10:41:31 GMT-0400 (Eastern Daylight Time),149301.2000000002,A,towerenter,I,enter,448,1,2466.2000000001863,146835.0,9084,WL,C,7.0
1,31.699999809265137,learn,28300.000190734863,Fri Jul 24 2026 10:41:31 GMT-0400 (Eastern Daylight Time),156084.7000000002,A,l,I,l,6776,1,6783.100000000559,149301.59999999963,9084,WL,C,8.0
1,31.883999824523926,learn,28116.000175476074,Fri Jul 24 2026 10:41:31 GMT-0400 (Eastern Daylight Time),156268.39999999944,A,le,I,e,158,1,6966.799999999814,149301.59999999963,9084,WL,C,8.0
1,32.133999824523926,learn,27866.000175476074,Fri Jul 24 2026 10:41:31 GMT-0400 (Eastern Daylight Time),156518.2999999998,A,let,I,t,228,1,7216.700000000186,149301.59999999963,9084,WL,C,8.0
1,32.33399987220764,learn,27666.00012779236,Fri Jul 24 2026 10:41:31 GMT-0400 (Eastern Daylight Time),156718.5,A,lett,I,t,180,1,7416.9000000003725,149301.59999999963,9084,WL,C,8.0
1,32.43400001525879,learn,27565.99998474121,Fri Jul 24 2026 10:41:31 GMT-0400 (Eastern Daylight Time),156818.2999999998,A,lette,I,e,73,1,7516.700000000186,149301.59999999963,9084,WL,C,8.0
1,32.549999952316284,learn,27450.000047683716,Fri Jul 24 2026 10:41:31 GMT-0400 (Eastern Daylight Time),156935.0,A,letter,I,r,102,1,7633.4000000003725,149301.59999999963,9084,WL,C,8.0
1,33.26699995994568,learn,26733.00004005432,Fri Jul 24 2026 10:41:31 GMT-0400 (Eastern Daylight Time),157651.2999999998,A,letterenter,I,enter,706,1,8349.700000000186,149301.59999999963,9084,WL,C,8.0
1,53.89999985694885,learn,6100.0001430511475,Fri Jul 24 2026 10:41:31 GMT-0400 (Eastern Daylight Time),178285.2000000002,A,f,I,f,20617,1,20633.5,157651.7000000002,9084,WL,C,9.0
1,54.133999824523926,learn,5866.000175476074,Fri Jul 24 2026 10:41:31 GMT-0400 (Eastern Daylight Time),178518.39999999944,A,fl,I,l,213,1,20866.699999999255,157651.7000000002,9084,WL,C,9.0
1,54.51699995994568,learn,5483.000040054321,Fri Jul 24 2026 10:41:31 GMT-0400 (Eastern Daylight Time),178901.7000000002,A,fla,I,a,354,1,21250.0,157651.7000000002,9084,WL,C,9.0
1,54.68400001525879,learn,5315.999984741211,Fri Jul 24 2026 10:41:31 GMT-0400 (Eastern Daylight Time),179068.39999999944,A,flag,I,g,140,1,21416.699999999255,157651.7000000002,9084,WL,C,9.0
1,55.09999990463257,learn,4900.000095367432,Fri Jul 24 2026 10:41:31 GMT-0400 (Eastern Daylight Time),179484.59999999963,A,flagenter,I,enter,397,1,21832.89999999944,157651.7000000002,9084,WL,C,9.0
1,59.69999980926514,learn,300.0001907348633,Fri Jul 24 2026 10:41:31 GMT-0400 (Eastern Daylight Time),184085.09999999963,A,m,I,m,4584,1,4600.200000000186,179484.89999999944,9084,WL,C,10.0
1,60.01699995994568,learn,-16.99995994567871,Fri Jul 24 2026 10:41:31 GMT-0400 (Eastern Daylight Time),184401.89999999944,A,mNone,I,None,304,1,4917.0,179484.89999999944,9084,WL,C,10.0
2,1.433000087738037,learn,58566.99991226196,Fri Jul 24 2026 10:41:31 GMT-0400 (Eastern Daylight Time),256935.2000000002,A,b,I,b,1422,1,1433.300000000745,255501.89999999944,9084,WL,C,1.0
2,1.6000001430511475,learn,58399.99985694885,Fri Jul 24 2026 10:41:31 GMT-0400 (Eastern Daylight Time),257101.7000000002,A,bo,I,o,154,1,1599.800000000745,255501.89999999944,9084,WL,C,1.0
2,1.7669999599456787,learn,58233.00004005432,Fri Jul 24 2026 10:41:31 GMT-0400 (Eastern Daylight Time),257268.39999999944,A,bod,I,d,147,1,1766.5,255501.89999999944,9084,WL,C,1.0
2,1.933000087738037,learn,58066.99991226196,Fri Jul 24 2026 10:41:31 GMT-0400 (Eastern Daylight Time),257435.09999999963,A,body,I,y,150,1,1933.2000000001863,255501.89999999944,9084,WL,C,1.0
2,2.383000135421753,learn,57616.99986457825,Fri Jul 24 2026 10:41:31 GMT-0400 (Eastern Daylight Time),257884.7000000002,A,bodyenter,I,enter,434,1,2382.800000000745,255501.89999999944,9084,WL,C,1.0
2,2.817000150680542,learn,57182.99984931946,Fri Jul 24 2026 10:41:31 GMT-0400 (Eastern Daylight Time),258318.39999999944,A,s,I,s,416,1,433.5,257884.89999999944,9084,WL,C,2.0
2,2.950000047683716,learn,57049.999952316284,Fri Jul 24 2026 10:41:31 GMT-0400 (Eastern Daylight Time),258451.89999999944,A,sh,I,h,116,1,567.0,257884.89999999944,9084,WL,C,2.0
2,3.049999952316284,learn,56950.000047683716,Fri Jul 24 2026 10:41:31 GMT-0400 (Eastern Daylight Time),258551.5,A,sho,I,o,76,1,666.6000000005588,257884.89999999944,9084,WL,C,2.0
2,3.2170000076293945,learn,56782.999992370605,Fri Jul 24 2026 10:41:31 GMT-0400 (Eastern Daylight Time),258718.39999999944,A,shor,I,r,152,1,833.5,257884.89999999944,9084,WL,C,2.0
2,3.383000135421753,learn,56616.99986457825,Fri Jul 24 2026 10:41:31 GMT-0400 (Eastern Daylight Time),258884.7999999998,A,shore,I,e,156,1,999.9000000003725,257884.89999999944,9084,WL,C,2.0
2,3.700000047683716,learn,56299.999952316284,Fri Jul 24 2026 10:41:31 GMT-0400 (Eastern Daylight Time),259201.2999999998,A,shoreenter,I,enter,300,1,1316.4000000003725,257884.89999999944,9084,WL,C,2.0
2,4.0,learn,56000.0,Fri Jul 24 2026 10:41:31 GMT-0400 (Eastern Daylight Time),259501.7000000002,A,c,I,c,291,1,299.90000000037253,259201.7999999998,9084,WL,C,3.0
2,4.200000047683716,learn,55799.999952316284,Fri Jul 24 2026 10:41:31 GMT-0400 (Eastern Daylight Time),259701.7999999998,A,ca,I,a,187,1,500.0,259201.7999999998,9084,WL,C,3.0
2,4.41700005531311,learn,55582.99994468689,Fri Jul 24 2026 10:41:31 GMT-0400 (Eastern Daylight Time),259918.39999999944,A,cat,I,t,195,1,716.5999999996275,259201.7999999998,9084,WL,C,3.0
2,4.6000001430511475,learn,55399.99985694885,Fri Jul 24 2026 10:41:31 GMT-0400 (Eastern Daylight Time),260101.7000000002,A,catt,I,t,171,1,899.9000000003725,259201.7999999998,9084,WL,C,3.0
2,4.83299994468689,learn,55167.00005531311,Fri Jul 24 2026 10:41:31 GMT-0400 (Eastern Daylight Time),260335.09999999963,A,cattl,I,l,220,1,1133.2999999998137,259201.7999999998,9084,WL,C,3.0
2,4.950000047683716,learn,55049.999952316284,Fri Jul 24 2026 10:41:31 GMT-0400 (Eastern Daylight Time),260451.89999999944,A,cattle,I,e,100,1,1250.0999999996275,259201.7999999998,9084,WL,C,3.0
2,5.266000032424927,learn,54733.99996757507,Fri Jul 24 2026 10:41:31 GMT-0400 (Eastern Daylight Time),260768.0,A,cattleenter,I,enter,299,1,1566.2000000001863,259201.7999999998,9084,WL,C,3.0
2,5.549999952316284,learn,54450.000047683716,Fri Jul 24 2026 10:41:31 GMT-0400 (Eastern Daylight Time),261051.7999999998,A,s,I,s,269,1,283.40000000037253,260768.39999999944,9084,WL,C,4.0
2,5.733000040054321,learn,54266.99995994568,Fri Jul 24 2026 10:41:31 GMT-0400 (Eastern Daylight Time),261235.09999999963,A,su,I,u,166,1,466.70000000018626,260768.39999999944,9084,WL,C,4.0
2,5.8500001430511475,learn,54149.99985694885,Fri Jul 24 2026 10:41:31 GMT-0400 (Eastern Daylight Time),261351.7999999998,A,sug,I,g,94,1,583.4000000003725,260768.39999999944,9084,WL,C,4.0
2,6.2829999923706055,learn,53717.000007629395,Fri Jul 24 2026 10:41:31 GMT-0400 (Eastern Daylight Time),261785.09999999963,A,suga,I,a,404,1,1016.7000000001863,260768.39999999944,9084,WL,C,4.0
2,6.483000040054321,learn,53516.99995994568,Fri Jul 24 2026 10:41:31 GMT-0400 (Eastern Daylight Time),261985.09999999963,A,sugar,I,r,177,1,1216.7000000001863,260768.39999999944,9084,WL,C,4.0
2,6.8500001430511475,learn,53149.99985694885,Fri Jul 24 2026 10:41:31 GMT-0400 (Eastern Daylight Time),262351.2999999998,A,sugarenter,I,enter,335,1,1582.9000000003725,260768.39999999944,9084,WL,C,4.0
2,7.2170000076293945,learn,52782.999992370605,Fri Jul 24 2026 10:41:31 GMT-0400 (Eastern Daylight Time),262718.39999999944,A,c,I,c,358,1,366.69999999925494,262351.7000000002,9084,WL,C,5.0
2,7.41700005531311,learn,52582.99994468689,Fri Jul 24 2026 10:41:31 GMT-0400 (Eastern Daylight Time),262918.39999999944,A,co,I,o,180,1,566.6999999992549,262351.7000000002,9084,WL,C,5.0
2,7.567000150680542,learn,52432.99984931946,Fri Jul 24 2026 10:41:31 GMT-0400 (Eastern Daylight Time),263068.39999999944,A,cor,I,r,131,1,716.6999999992549,262351.7000000002,9084,WL,C,5.0
2,7.7829999923706055,learn,52217.000007629395,Fri Jul 24 2026 10:41:31 GMT-0400 (Eastern Daylight Time),263285.2000000002,A,corn,I,n,197,1,933.5,262351.7000000002,9084,WL,C,5.0
2,8.400000095367432,learn,51599.99990463257,Fri Jul 24 2026 10:41:31 GMT-0400 (Eastern Daylight Time),263901.2999999998,A,cornenter,I,enter,587,1,1549.5999999996275,262351.7000000002,9084,WL,C,5.0
2,8.799999952316284,learn,51200.000047683716,Fri Jul 24 2026 10:41:31 GMT-0400 (Eastern Daylight Time),264301.7999999998,A,t,I,t,384,1,400.09999999962747,263901.7000000002,9084,WL,C,6.0
2,8.983000040054321,learn,51016.99995994568,Fri Jul 24 2026 10:41:31 GMT-0400 (Eastern Daylight Time),264485.0999999996,A,to,I,o,162,1,583.3999999994412,263901.7000000002,9084,WL,C,6.0
2,9.117000102996826,learn,50882.999897003174,Fri Jul 24 2026 10:41:31 GMT-0400 (Eastern Daylight Time),264618.39999999944,A,tow,I,w,114,1,716.6999999992549,263901.7000000002,9084,WL,C,6.0
2,9.450000047683716,learn,50549.999952316284,Fri Jul 24 2026 10:41:31 GMT-0400 (Eastern Daylight Time),264951.89999999944,A,town,I,n,311,1,1050.199999999255,263901.7000000002,9084,WL,C,6.0
2,9.633000135421753,learn,50366.99986457825,Fri Jul 24 2026 10:41:31 GMT-0400 (Eastern Daylight Time),265135.2000000002,A,towne,I,e,162,1,1233.5,263901.7000000002,9084,WL,C,6.0
2,9.75,learn,50250.0,Fri Jul 24 2026 10:41:31 GMT-0400 (Eastern Daylight Time),265251.89999999944,A,towner,I,r,90,1,1350.199999999255,263901.7000000002,9084,WL,C,6.0
2,10.549999952316284,learn,49450.000047683716,Fri Jul 24 2026 10:41:31 GMT-0400 (Eastern Daylight Time),266051.89999999944,A,towne,I,backspace,782,1,2150.199999999255,263901.7000000002,9084,WL,C,6.0
2,10.717000007629395,learn,49282.999992370605,Fri Jul 24 2026 10:41:31 GMT-0400 (Eastern Daylight Time),266218.39999999944,A,town,I,backspace,149,1,2316.699999999255,263901.7000000002,9084,WL,C,6.0
2,10.900000095367432,learn,49099.99990463257,Fri Jul 24 2026 10:41:31 GMT-0400 (Eastern Daylight Time),266401.7999999998,A,tow,I,backspace,158,1,2500.0999999996275,263901.7000000002,9084,WL,C,6.0
2,11.284000158309937,learn,48715.99984169006,Fri Jul 24 2026 10:41:31 GMT-0400 (Eastern Daylight Time),266785.2000000002,A,towe,I,e,368,1,2883.5,263901.7000000002,9084,WL,C,6.0
2,11.450000047683716,learn,48549.999952316284,Fri Jul 24 2026 10:41:31 GMT-0400 (Eastern Daylight Time),266951.7999999998,A,tower,I,r,153,1,3050.0999999996275,263901.7000000002,9084,WL,C,6.0
2,12.032999992370605,learn,47967.000007629395,Fri Jul 24 2026 10:41:31 GMT-0400 (Eastern Daylight Time),267534.7000000002,A,towerenter,I,enter,569,1,3633.0,263901.7000000002,9084,WL,C,6.0
2,12.600000143051147,learn,47399.99985694885,Fri Jul 24 2026 10:41:31 GMT-0400 (Eastern Daylight Time),268101.7000000002,A,q,I,q,559,1,566.6000000005588,267535.0999999996,9084,WL,C,7.0
2,13.16700005531311,learn,46832.99994468689,Fri Jul 24 2026 10:41:31 GMT-0400 (Eastern Daylight Time),268668.39999999944,A,qu,I,u,548,1,1133.2999999998137,267535.0999999996,9084,WL,C,7.0
2,13.367000102996826,learn,46632.999897003174,Fri Jul 24 2026 10:41:31 GMT-0400 (Eastern Daylight Time),268868.39999999944,A,que,I,e,181,1,1333.2999999998137,267535.0999999996,9084,WL,C,7.0
2,13.567000150680542,learn,46432.99984931946,Fri Jul 24 2026 10:41:31 GMT-0400 (Eastern Daylight Time),269068.5,A,quee,I,e,170,1,1533.4000000003725,267535.0999999996,9084,WL,C,7.0
2,13.817000150680542,learn,46182.99984931946,Fri Jul 24 2026 10:41:31 GMT-0400 (Eastern Daylight Time),269318.39999999944,A,queen,I,n,238,1,1783.2999999998137,267535.0999999996,9084,WL,C,7.0
2,14.983000040054321,learn,45016.99995994568,Fri Jul 24 2026 10:41:31 GMT-0400 (Eastern Daylight Time),270484.5999999996,A,queenenter,I,enter,1147,1,2949.5,267535.0999999996,9084,WL,C,7.0
2,16.067000150680542,learn,43932.99984931946,Fri Jul 24 2026 10:41:31 GMT-0400 (Eastern Daylight Time),271568.5,A,c,I,c,1063,1,1083.5,270485.0,9084,WL,C,8.0
2,16.23300004005432,learn,43766.99995994568,Fri Jul 24 2026 10:41:31 GMT-0400 (Eastern Daylight Time),271735.0999999996,A,ca,I,a,151,1,1250.0999999996275,270485.0,9084,WL,C,8.0
2,16.367000102996826,learn,43632.999897003174,Fri Jul 24 2026 10:41:31 GMT-0400 (Eastern Daylight Time),271868.5,A,cam,I,m,98,1,1383.5,270485.0,9084,WL,C,8.0
2,16.5,learn,43500.0,Fri Jul 24 2026 10:41:31 GMT-0400 (Eastern Daylight Time),272001.7999999998,A,camp,I,p,108,1,1516.7999999998137,270485.0,9084,WL,C,8.0
2,17.15000009536743,learn,42849.99990463257,Fri Jul 24 2026 10:41:31 GMT-0400 (Eastern Daylight Time),272651.39999999944,A,campenter,I,enter,622,1,2166.399999999441,270485.0,9084,WL,C,8.0
2,19.933000087738037,learn,40066.99991226196,Fri Jul 24 2026 10:41:31 GMT-0400 (Eastern Daylight Time),275435.0999999996,A,n,I,n,2770,1,2783.2999999998137,272651.7999999998,9084,WL,C,9.0
2,20.100000143051147,learn,39899.99985694885,Fri Jul 24 2026 10:41:31 GMT-0400 (Eastern Daylight Time),275601.7999999998,A,na,I,a,150,1,2950.0,272651.7999999998,9084,WL,C,9.0
2,20.282999992370605,learn,39717.000007629395,Fri Jul 24 2026 10:41:31 GMT-0400 (Eastern Daylight Time),275785.0999999996,A,nai,I,i,164,1,3133.2999999998137,272651.7999999998,9084,WL,C,9.0
2,20.98300004005432,learn,39016.99995994568,Fri Jul 24 2026 10:41:31 GMT-0400 (Eastern Daylight Time),276485.0999999996,A,nail,I,l,680,1,3833.2999999998137,272651.7999999998,9084,WL,C,9.0
2,21.549999952316284,learn,38450.000047683716,Fri Jul 24 2026 10:41:31 GMT-0400 (Eastern Daylight Time),277051.39999999944,A,nailenter,I,enter,553,1,4399.5999999996275,272651.7999999998,9084,WL,C,9.0
2,26.100000143051147,learn,33899.99985694885,Fri Jul 24 2026 10:41:31 GMT-0400 (Eastern Daylight Time),281601.7000000002,A,l,I,l,4538,1,4550.0,277051.7000000002,9084,WL,C,10.0
2,26.633000135421753,learn,33366.99986457825,Fri Jul 24 2026 10:41:31 GMT-0400 (Eastern Daylight Time),282135.2000000002,A,le,I,e,512,1,5083.5,277051.7000000002,9084,WL,C,10.0
2,26.90000009536743,learn,33099.99990463257,Fri Jul 24 2026 10:41:31 GMT-0400 (Eastern Daylight Time),282401.7000000002,A,let,I,t,241,1,5350.0,277051.7000000002,9084,WL,C,10.0
2,27.08400011062622,learn,32915.99988937378,Fri Jul 24 2026 10:41:31 GMT-0400 (Eastern Daylight Time),282585.2000000002,A,lett,I,t,159,1,5533.5,277051.7000000002,9084,WL,C,10.0
2,27.16600012779236,learn,32833.99987220764,Fri Jul 24 2026 10:41:31 GMT-0400 (Eastern Daylight Time),282668.0,A,lette,I,e,63,1,5616.299999999814,277051.7000000002,9084,WL,C,10.0
2,27.33299994468689,learn,32667.00005531311,Fri Jul 24 2026 10:41:31 GMT-0400 (Eastern Daylight Time),282835.0999999996,A,letter,I,r,136,1,5783.399999999441,277051.7000000002,9084,WL,C,10.0
2,28.08299994468689,learn,31917.00005531311,Fri Jul 24 2026 10:41:31 GMT-0400 (Eastern Daylight Time),283584.7000000002,A,letterenter,I,enter,726,1,6533.0,277051.7000000002,9084,WL,C,10.0
2,32.08299994468689,learn,27917.00005531311,Fri Jul 24 2026 10:41:31 GMT-0400 (Eastern Daylight Time),287585.2000000002,A,d,I,d,3981,1,4000.2000000001863,283585.0,9084,WL,C,11.0
2,32.23300004005432,learn,27766.99995994568,Fri Jul 24 2026 10:41:31 GMT-0400 (Eastern Daylight Time),287734.7999999998,A,do,I,o,128,1,4149.799999999814,283585.0,9084,WL,C,11.0
2,32.35000014305115,learn,27649.999856948853,Fri Jul 24 2026 10:41:31 GMT-0400 (Eastern Daylight Time),287851.7999999998,A,doc,I,c,94,1,4266.799999999814,283585.0,9084,WL,C,11.0
2,32.549999952316284,learn,27450.000047683716,Fri Jul 24 2026 10:41:31 GMT-0400 (Eastern Daylight Time),288051.7000000002,A,doct,I,t,183,1,4466.700000000186,283585.0,9084,WL,C,11.0
2,32.717000007629395,learn,27282.999992370605,Fri Jul 24 2026 10:41:31 GMT-0400 (Eastern Daylight Time),288218.39999999944,A,docto,I,o,142,1,4633.399999999441,283585.0,9084,WL,C,11.0
2,32.81599998474121,learn,27184.00001525879,Fri Jul 24 2026 10:41:31 GMT-0400 (Eastern Daylight Time),288318.2000000002,A,doctor,I,r,75,1,4733.200000000186,283585.0,9084,WL,C,11.0
2,33.43300008773804,learn,26566.999912261963,Fri Jul 24 2026 10:41:31 GMT-0400 (Eastern Daylight Time),288934.7000000002,A,doctorenter,I,enter,598,1,5349.700000000186,283585.0,9084,WL,C,11.0
2,41.06700015068054,learn,18932.999849319458,Fri Jul 24 2026 10:41:31 GMT-0400 (Eastern Daylight Time),296568.5999999996,A,s,I,s,7615,1,7633.700000000186,288934.89999999944,9084,WL,C,12.0
2,41.200000047683716,learn,18799.999952316284,Fri Jul 24 2026 10:41:31 GMT-0400 (Eastern Daylight Time),296701.7000000002,A,sh,I,h,122,1,7766.800000000745,288934.89999999944,9084,WL,C,12.0
2,41.31700015068054,learn,18682.999849319458,Fri Jul 24 2026 10:41:31 GMT-0400 (Eastern Daylight Time),296818.39999999944,A,sho,I,o,101,1,7883.5,288934.89999999944,9084,WL,C,12.0
2,41.365999937057495,learn,18634.000062942505,Fri Jul 24 2026 10:41:31 GMT-0400 (Eastern Daylight Time),296867.7999999998,A,shor,I,r,32,1,7932.9000000003725,288934.89999999944,9084,WL,C,12.0
2,41.532999992370605,learn,18467.000007629395,Fri Jul 24 2026 10:41:31 GMT-0400 (Eastern Daylight Time),297035.0999999996,A,shore,I,e,147,1,8100.200000000186,288934.89999999944,9084,WL,C,12.0
2,41.865999937057495,learn,18134.000062942505,Fri Jul 24 2026 10:41:31 GMT-0400 (Eastern Daylight Time),297368.0,A,shoreenter,I,enter,315,1,8433.100000000559,288934.89999999944,9084,WL,C,12.0
2,47.90000009536743,learn,12099.999904632568,Fri Jul 24 2026 10:41:31 GMT-0400 (Eastern Daylight Time),303401.7999999998,A,b,I,b,6013,1,6033.4000000003725,297368.39999999944,9084,WL,C,13.0
2,48.08299994468689,learn,11917.00005531311,Fri Jul 24 2026 10:41:31 GMT-0400 (Eastern Daylight Time),303585.0999999996,A,bo,I,o,168,1,6216.700000000186,297368.39999999944,9084,WL,C,13.0
2,48.532999992370605,learn,11467.000007629395,Fri Jul 24 2026 10:41:31 GMT-0400 (Eastern Daylight Time),304035.0999999996,A,bod,I,d,432,1,6666.700000000186,297368.39999999944,9084,WL,C,13.0
2,48.66700005531311,learn,11332.99994468689,Fri Jul 24 2026 10:41:31 GMT-0400 (Eastern Daylight Time),304168.39999999944,A,body,I,y,116,1,6800.0,297368.39999999944,9084,WL,C,13.0
2,49.06599998474121,learn,10934.000015258789,Fri Jul 24 2026 10:41:31 GMT-0400 (Eastern Daylight Time),304568.0,A,bodyenter,I,enter,368,1,7199.600000000559,297368.39999999944,9084,WL,C,13.0
2,57.43300008773804,learn,2566.999912261963,Fri Jul 24 2026 10:41:31 GMT-0400 (Eastern Daylight Time),312935.0999999996,A,b,I,b,8357,1,8366.700000000186,304568.39999999944,9084,WL,C,14.0
2,58.200000047683716,learn,1799.9999523162842,Fri Jul 24 2026 10:41:31 GMT-0400 (Eastern Daylight Time),313701.7999999998,A,bo,I,o,745,1,9133.400000000373,304568.39999999944,9084,WL,C,14.0
2,58.5,learn,1500.0,Fri Jul 24 2026 10:41:31 GMT-0400 (Eastern Daylight Time),314001.7999999998,A,boy,I,y,275,1,9433.400000000373,304568.39999999944,9084,WL,C,14.0
2,58.950000047683716,learn,1049.9999523162842,Fri Jul 24 2026 10:41:31 GMT-0400 (Eastern Daylight Time),314451.2999999998,A,boyenter,I,enter,423,1,9882.900000000373,304568.39999999944,9084,WL,C,14.0
2,60.01699995994568,learn,-16.99995994567871,Fri Jul 24 2026 10:41:31 GMT-0400 (Eastern Daylight Time),315518.5,A,None,I,None,1060,1,1066.9000000003725,314451.5999999996,9084,WL,C,15.0
3,0.5669999122619629,learn,59433.00008773804,Fri Jul 24 2026 10:41:31 GMT-0400 (Eastern Daylight Time),384251.89999999944,A,c,I,c,543,1,566.5,383685.39999999944,9084,WL,C,1.0
3,0.7999999523162842,learn,59200.000047683716,Fri Jul 24 2026 10:41:31 GMT-0400 (Eastern Daylight Time),384485.2000000002,A,ca,I,a,214,1,799.8000000007451,383685.39999999944,9084,WL,C,1.0
3,1.0339999198913574,learn,58966.00008010864,Fri Jul 24 2026 10:41:31 GMT-0400 (Eastern Daylight Time),384718.5,A,cat,I,t,212,1,1033.1000000005588,383685.39999999944,9084,WL,C,1.0
3,1.2000000476837158,learn,58799.999952316284,Fri Jul 24 2026 10:41:31 GMT-0400 (Eastern Daylight Time),384884.89999999944,A,catt,I,t,151,1,1199.5,383685.39999999944,9084,WL,C,1.0
3,1.5,learn,58500.0,Fri Jul 24 2026 10:41:31 GMT-0400 (Eastern Daylight Time),385185.2000000002,A,cattl,I,l,278,1,1499.800000000745,383685.39999999944,9084,WL,C,1.0
3,1.5839998722076416,learn,58416.00012779236,Fri Jul 24 2026 10:41:31 GMT-0400 (Eastern Daylight Time),385268.39999999944,A,cattle,I,e,73,1,1583.0,383685.39999999944,9084,WL,C,1.0
3,2.066999912261963,learn,57933.00008773804,Fri Jul 24 2026 10:41:31 GMT-0400 (Eastern Daylight Time),385751.39999999944,A,cattleenter,I,enter,457,1,2066.0,383685.39999999944,9084,WL,C,1.0
3,2.3999998569488525,learn,57600.00014305115,Fri Jul 24 2026 10:41:31 GMT-0400 (Eastern Daylight Time),386084.89999999944,A,s,I,s,326,1,333.0,385751.89999999944,9084,WL,C,2.0
3,2.5169999599456787,learn,57483.00004005432,Fri Jul 24 2026 10:41:31 GMT-0400 (Eastern Daylight Time),386201.7000000002,A,sh,I,h,100,1,449.80000000074506,385751.89999999944,9084,WL,C,2.0
3,2.6499998569488525,learn,57350.00014305115,Fri Jul 24 2026 10:41:31 GMT-0400 (Eastern Daylight Time),386335.2000000002,A,sho,I,o,120,1,583.3000000007451,385751.89999999944,9084,WL,C,2.0
3,2.7839999198913574,learn,57216.00008010864,Fri Jul 24 2026 10:41:31 GMT-0400 (Eastern Daylight Time),386468.5999999996,A,shor,I,r,97,1,716.7000000001863,385751.89999999944,9084,WL,C,2.0
3,2.8999998569488525,learn,57100.00014305115,Fri Jul 24 2026 10:41:31 GMT-0400 (Eastern Daylight Time),386585.2000000002,A,shore,I,e,85,1,833.3000000007451,385751.89999999944,9084,WL,C,2.0
3,3.3329999446868896,learn,56667.00005531311,Fri Jul 24 2026 10:41:31 GMT-0400 (Eastern Daylight Time),387018.0999999996,A,shoreenter,I,enter,407,1,1266.2000000001863,385751.89999999944,9084,WL,C,2.0
3,4.3999998569488525,learn,55600.00014305115,Fri Jul 24 2026 10:41:31 GMT-0400 (Eastern Daylight Time),388084.7999999998,A,b,I,b,1050,1,1066.4000000003725,387018.39999999944,9084,WL,C,3.0
3,4.599999904632568,learn,55400.00009536743,Fri Jul 24 2026 10:41:31 GMT-0400 (Eastern Daylight Time),388285.2000000002,A,bo,I,o,184,1,1266.800000000745,387018.39999999944,9084,WL,C,3.0
3,4.783999919891357,learn,55216.00008010864,Fri Jul 24 2026 10:41:31 GMT-0400 (Eastern Daylight Time),388468.5,A,bod,I,d,154,1,1450.1000000005588,387018.39999999944,9084,WL,C,3.0
3,4.934000015258789,learn,55065.99998474121,Fri Jul 24 2026 10:41:31 GMT-0400 (Eastern Daylight Time),388618.5999999996,A,body,I,y,125,1,1600.2000000001863,387018.39999999944,9084,WL,C,3.0
3,5.632999897003174,learn,54367.000102996826,Fri Jul 24 2026 10:41:31 GMT-0400 (Eastern Daylight Time),389318.0999999996,A,bodyenter,I,enter,685,1,2299.7000000001863,387018.39999999944,9084,WL,C,3.0
3,6.033999919891357,learn,53966.00008010864,Fri Jul 24 2026 10:41:31 GMT-0400 (Eastern Daylight Time),389718.39999999944,A,n,I,n,391,1,400.0,389318.39999999944,9084,WL,C,4.0
3,6.25,learn,53750.0,Fri Jul 24 2026 10:41:31 GMT-0400 (Eastern Daylight Time),389935.2000000002,A,na,I,a,203,1,616.8000000007451,389318.39999999944,9084,WL,C,4.0
3,6.750999927520752,learn,53249.00007247925,Fri Jul 24 2026 10:41:31 GMT-0400 (Eastern Daylight Time),390435.2999999998,A,nai,I,i,465,1,1116.9000000003725,389318.39999999944,9084,WL,C,4.0
3,7.0,learn,53000.0,Fri Jul 24 2026 10:41:31 GMT-0400 (Eastern Daylight Time),390685.0,A,nail,I,l,239,1,1366.6000000005588,389318.39999999944,9084,WL,C,4.0
3,7.33299994468689,learn,52667.00005531311,Fri Jul 24 2026 10:41:31 GMT-0400 (Eastern Daylight Time),391018.0999999996,A,nailenter,I,enter,307,1,1699.7000000001863,389318.39999999944,9084,WL,C,4.0
3,7.783999919891357,learn,52216.00008010864,Fri Jul 24 2026 10:41:31 GMT-0400 (Eastern Daylight Time),391468.5,A,q,I,q,427,1,450.0,391018.5,9084,WL,C,5.0
3,8.001999855041504,learn,51998.000144958496,Fri Jul 24 2026 10:41:31 GMT-0400 (Eastern Daylight Time),391686.2000000002,A,qu,I,u,206,1,667.7000000001863,391018.5,9084,WL,C,5.0
3,8.283999919891357,learn,51716.00008010864,Fri Jul 24 2026 10:41:31 GMT-0400 (Eastern Daylight Time),391968.5999999996,A,qui,I,i,268,1,950.0999999996275,391018.5,9084,WL,C,5.0
3,8.983999967575073,learn,51016.00003242493,Fri Jul 24 2026 10:41:31 GMT-0400 (Eastern Daylight Time),392668.5999999996,A,qu,I,backspace,681,1,1650.0999999996275,391018.5,9084,WL,C,5.0
3,9.134000062942505,learn,50865.999937057495,Fri Jul 24 2026 10:41:31 GMT-0400 (Eastern Daylight Time),392818.39999999944,A,que,I,e,119,1,1799.8999999994412,391018.5,9084,WL,C,5.0
3,9.333999872207642,learn,50666.00012779236,Fri Jul 24 2026 10:41:31 GMT-0400 (Eastern Daylight Time),393018.5,A,quee,I,e,183,1,2000.0,391018.5,9084,WL,C,5.0
3,9.566999912261963,learn,50433.00008773804,Fri Jul 24 2026 10:41:31 GMT-0400 (Eastern Daylight Time),393251.89999999944,A,queen,I,n,206,1,2233.399999999441,391018.5,9084,WL,C,5.0
3,9.899999856948853,learn,50100.00014305115,Fri Jul 24 2026 10:41:31 GMT-0400 (Eastern Daylight Time),393584.7999999998,A,queenenter,I,enter,309,1,2566.2999999998137,391018.5,9084,WL,C,5.0
3,10.266999959945679,learn,49733.00004005432,Fri Jul 24 2026 10:41:31 GMT-0400 (Eastern Daylight Time),393951.89999999944,A,c,I,c,349,1,366.79999999981374,393585.0999999996,9084,WL,C,6.0
3,10.384000062942505,learn,49615.999937057495,Fri Jul 24 2026 10:41:31 GMT-0400 (Eastern Daylight Time),394068.39999999944,A,co,I,o,105,1,483.29999999981374,393585.0999999996,9084,WL,C,6.0
3,10.566999912261963,learn,49433.00008773804,Fri Jul 24 2026 10:41:31 GMT-0400 (Eastern Daylight Time),394251.7999999998,A,cor,I,r,158,1,666.7000000001863,393585.0999999996,9084,WL,C,6.0
3,10.717000007629395,learn,49282.999992370605,Fri Jul 24 2026 10:41:31 GMT-0400 (Eastern Daylight Time),394401.89999999944,A,corn,I,n,126,1,816.7999999998137,393585.0999999996,9084,WL,C,6.0
3,11.049999952316284,learn,48950.000047683716,Fri Jul 24 2026 10:41:31 GMT-0400 (Eastern Daylight Time),394734.7000000002,A,cornenter,I,enter,317,1,1149.6000000005588,393585.0999999996,9084,WL,C,6.0
3,11.583999872207642,learn,48416.00012779236,Fri Jul 24 2026 10:41:31 GMT-0400 (Eastern Daylight Time),395268.5999999996,A,s,I,s,511,1,533.5,394735.0999999996,9084,WL,C,7.0
3,11.733999967575073,learn,48266.00003242493,Fri Jul 24 2026 10:41:31 GMT-0400 (Eastern Daylight Time),395418.7999999998,A,su,I,u,133,1,683.7000000001863,394735.0999999996,9084,WL,C,7.0
3,11.865999937057495,learn,48134.000062942505,Fri Jul 24 2026 10:41:31 GMT-0400 (Eastern Daylight Time),395551.2000000002,A,sug,I,g,114,1,816.1000000005588,394735.0999999996,9084,WL,C,7.0
3,12.116999864578247,learn,47883.00013542175,Fri Jul 24 2026 10:41:31 GMT-0400 (Eastern Daylight Time),395801.2000000002,A,suga,I,a,238,1,1066.1000000005588,394735.0999999996,9084,WL,C,7.0
3,12.384000062942505,learn,47615.999937057495,Fri Jul 24 2026 10:41:31 GMT-0400 (Eastern Daylight Time),396068.5,A,sugar,I,r,252,1,1333.4000000003725,394735.0999999996,9084,WL,C,7.0
3,13.066999912261963,learn,46933.00008773804,Fri Jul 24 2026 10:41:31 GMT-0400 (Eastern Daylight Time),396751.5,A,sugarenter,I,enter,654,1,2016.4000000003725,394735.0999999996,9084,WL,C,7.0
3,13.434000015258789,learn,46565.99998474121,Fri Jul 24 2026 10:41:31 GMT-0400 (Eastern Daylight Time),397118.5999999996,A,f,I,f,349,1,366.79999999981374,396751.7999999998,9084,WL,C,8.0
3,13.616999864578247,learn,46383.00013542175,Fri Jul 24 2026 10:41:31 GMT-0400 (Eastern Daylight Time),397301.2999999998,A,fl,I,l,161,1,549.5,396751.7999999998,9084,WL,C,8.0
3,13.733999967575073,learn,46266.00003242493,Fri Jul 24 2026 10:41:31 GMT-0400 (Eastern Daylight Time),397418.5999999996,A,fla,I,a,103,1,666.7999999998137,396751.7999999998,9084,WL,C,8.0
3,14.283999919891357,learn,45716.00008010864,Fri Jul 24 2026 10:41:31 GMT-0400 (Eastern Daylight Time),397968.5,A,flag,I,g,526,1,1216.7000000001863,396751.7999999998,9084,WL,C,8.0
3,14.58299994468689,learn,45417.00005531311,Fri Jul 24 2026 10:41:31 GMT-0400 (Eastern Daylight Time),398268.0999999996,A,flagenter,I,enter,280,1,1516.2999999998137,396751.7999999998,9084,WL,C,8.0
3,14.884000062942505,learn,45115.999937057495,Fri Jul 24 2026 10:41:31 GMT-0400 (Eastern Daylight Time),398568.5,A,w,I,w,290,1,300.1000000005588,398268.39999999944,9084,WL,C,9.0
3,15.016999959945679,learn,44983.00004005432,Fri Jul 24 2026 10:41:31 GMT-0400 (Eastern Daylight Time),398701.7999999998,A,wh,I,h,121,1,433.40000000037253,398268.39999999944,9084,WL,C,9.0
3,15.583999872207642,learn,44416.00012779236,Fri Jul 24 2026 10:41:31 GMT-0400 (Eastern Daylight Time),399268.5,A,whe,I,e,548,1,1000.1000000005588,398268.39999999944,9084,WL,C,9.0
3,15.884000062942505,learn,44115.999937057495,Fri Jul 24 2026 10:41:31 GMT-0400 (Eastern Daylight Time),399568.5,A,whea,I,a,285,1,1300.1000000005588,398268.39999999944,9084,WL,C,9.0
3,16.01699995994568,learn,43983.00004005432,Fri Jul 24 2026 10:41:31 GMT-0400 (Eastern Daylight Time),399701.7999999998,A,wheat,I,t,121,1,1433.4000000003725,398268.39999999944,9084,WL,C,9.0
3,16.467000007629395,learn,43532.999992370605,Fri Jul 24 2026 10:41:31 GMT-0400 (Eastern Daylight Time),400151.39999999944,A,wheatenter,I,enter,417,1,1883.0,398268.39999999944,9084,WL,C,9.0
3,16.866999864578247,learn,43133.00013542175,Fri Jul 24 2026 10:41:31 GMT-0400 (Eastern Daylight Time),400551.89999999944,A,h,I,h,390,1,400.09999999962747,400151.7999999998,9084,WL,C,10.0
3,17.0,learn,43000.0,Fri Jul 24 2026 10:41:31 GMT-0400 (Eastern Daylight Time),400685.0999999996,A,ho,I,o,122,1,533.2999999998137,400151.7999999998,9084,WL,C,10.0
3,17.151000022888184,learn,42848.99997711182,Fri Jul 24 2026 10:41:31 GMT-0400 (Eastern Daylight Time),400835.2000000002,A,hom,I,m,131,1,683.4000000003725,400151.7999999998,9084,WL,C,10.0
3,17.384000062942505,learn,42615.999937057495,Fri Jul 24 2026 10:41:31 GMT-0400 (Eastern Daylight Time),401068.5,A,home,I,e,204,1,916.7000000001863,400151.7999999998,9084,WL,C,10.0
3,18.08299994468689,learn,41917.00005531311,Fri Jul 24 2026 10:41:31 GMT-0400 (Eastern Daylight Time),401768.0999999996,A,homeenter,I,enter,685,1,1616.2999999998137,400151.7999999998,9084,WL,C,10.0
3,18.866999864578247,learn,41133.00013542175,Fri Jul 24 2026 10:41:31 GMT-0400 (Eastern Daylight Time),402551.89999999944,A,d,I,d,773,1,783.5,401768.39999999944,9084,WL,C,11.0
3,19.0,learn,41000.0,Fri Jul 24 2026 10:41:31 GMT-0400 (Eastern Daylight Time),402685.2000000002,A,do,I,o,113,1,916.8000000007451,401768.39999999944,9084,WL,C,11.0
3,19.116999864578247,learn,40883.00013542175,Fri Jul 24 2026 10:41:31 GMT-0400 (Eastern Daylight Time),402801.89999999944,A,doc,I,c,101,1,1033.5,401768.39999999944,9084,WL,C,11.0
3,19.316999912261963,learn,40683.00008773804,Fri Jul 24 2026 10:41:31 GMT-0400 (Eastern Daylight Time),403001.89999999944,A,doct,I,t,175,1,1233.5,401768.39999999944,9084,WL,C,11.0
3,19.51699995994568,learn,40483.00004005432,Fri Jul 24 2026 10:41:31 GMT-0400 (Eastern Daylight Time),403201.89999999944,A,docto,I,o,183,1,1433.5,401768.39999999944,9084,WL,C,11.0
3,19.58299994468689,learn,40417.00005531311,Fri Jul 24 2026 10:41:31 GMT-0400 (Eastern Daylight Time),403267.89999999944,A,doctor,I,r,54,1,1499.5,401768.39999999944,9084,WL,C,11.0
3,20.08299994468689,learn,39917.00005531311,Fri Jul 24 2026 10:41:31 GMT-0400 (Eastern Daylight Time),403768.0,A,doctorenter,I,enter,480,1,1999.6000000005588,401768.39999999944,9084,WL,C,11.0
3,26.91700005531311,learn,33082.99994468689,Fri Jul 24 2026 10:41:31 GMT-0400 (Eastern Daylight Time),410601.89999999944,A,l,I,l,6821,1,6833.5,403768.39999999944,9084,WL,C,12.0
3,27.050999879837036,learn,32949.000120162964,Fri Jul 24 2026 10:41:31 GMT-0400 (Eastern Daylight Time),410735.2999999998,A,le,I,e,108,1,6966.9000000003725,403768.39999999944,9084,WL,C,12.0
3,27.300999879837036,learn,32699.000120162964,Fri Jul 24 2026 10:41:31 GMT-0400 (Eastern Daylight Time),410985.2000000002,A,let,I,t,228,1,7216.800000000745,403768.39999999944,9084,WL,C,12.0
3,27.533999919891357,learn,32466.000080108643,Fri Jul 24 2026 10:41:31 GMT-0400 (Eastern Daylight Time),411218.5999999996,A,lett,I,t,200,1,7450.200000000186,403768.39999999944,9084,WL,C,12.0
3,27.83399987220764,learn,32166.00012779236,Fri Jul 24 2026 10:41:31 GMT-0400 (Eastern Daylight Time),411518.39999999944,A,lette,I,e,280,1,7750.0,403768.39999999944,9084,WL,C,12.0
3,27.967000007629395,learn,32032.999992370605,Fri Jul 24 2026 10:41:31 GMT-0400 (Eastern Daylight Time),411652.0,A,letter,I,r,107,1,7883.600000000559,403768.39999999944,9084,WL,C,12.0
3,28.382999897003174,learn,31617.000102996826,Fri Jul 24 2026 10:41:31 GMT-0400 (Eastern Daylight Time),412068.0999999996,A,letterenter,I,enter,388,1,8299.700000000186,403768.39999999944,9084,WL,C,12.0
3,34.967000007629395,learn,25032.999992370605,Fri Jul 24 2026 10:41:31 GMT-0400 (Eastern Daylight Time),418651.89999999944,A,h,I,h,6560,1,6583.5,412068.39999999944,9084,WL,C,13.0
3,35.1010000705719,learn,24898.9999294281,Fri Jul 24 2026 10:41:31 GMT-0400 (Eastern Daylight Time),418785.2999999998,A,ho,I,o,110,1,6716.9000000003725,412068.39999999944,9084,WL,C,13.0
3,35.26699995994568,learn,24733.00004005432,Fri Jul 24 2026 10:41:31 GMT-0400 (Eastern Daylight Time),418952.0,A,hom,I,m,136,1,6883.600000000559,412068.39999999944,9084,WL,C,13.0
3,35.43400001525879,learn,24565.99998474121,Fri Jul 24 2026 10:41:31 GMT-0400 (Eastern Daylight Time),419118.5,A,home,I,e,144,1,7050.100000000559,412068.39999999944,9084,WL,C,13.0
3,35.782999992370605,learn,24217.000007629395,Fri Jul 24 2026 10:41:31 GMT-0400 (Eastern Daylight Time),419467.7999999998,A,homeenter,I,enter,339,1,7399.4000000003725,412068.39999999944,9084,WL,C,13.0
3,40.050999879837036,learn,19949.000120162964,Fri Jul 24 2026 10:41:31 GMT-0400 (Eastern Daylight Time),423735.2000000002,A,t,I,t,4250,1,4267.100000000559,419468.0999999996,9084,WL,C,14.0
3,40.20099997520447,learn,19799.000024795532,Fri Jul 24 2026 10:41:31 GMT-0400 (Eastern Daylight Time),423885.2000000002,A,to,I,o,123,1,4417.100000000559,419468.0999999996,9084,WL,C,14.0
3,40.36699986457825,learn,19633.000135421753,Fri Jul 24 2026 10:41:31 GMT-0400 (Eastern Daylight Time),424051.89999999944,A,tow,I,w,140,1,4583.799999999814,419468.0999999996,9084,WL,C,14.0
3,40.550999879837036,learn,19449.000120162964,Fri Jul 24 2026 10:41:31 GMT-0400 (Eastern Daylight Time),424235.2000000002,A,towe,I,e,158,1,4767.100000000559,419468.0999999996,9084,WL,C,14.0
3,40.634000062942505,learn,19365.999937057495,Fri Jul 24 2026 10:41:31 GMT-0400 (Eastern Daylight Time),424318.5,A,tower,I,r,71,1,4850.4000000003725,419468.0999999996,9084,WL,C,14.0
3,41.132999897003174,learn,18867.000102996826,Fri Jul 24 2026 10:41:31 GMT-0400 (Eastern Daylight Time),424818.0999999996,A,towerenter,I,enter,482,1,5350.0,419468.0999999996,9084,WL,C,14.0
3,44.134000062942505,learn,15865.999937057495,Fri Jul 24 2026 10:41:31 GMT-0400 (Eastern Daylight Time),427818.5999999996,A,c,I,c,2980,1,3000.0999999996275,424818.5,9084,WL,C,15.0
3,44.299999952316284,learn,15700.000047683716,Fri Jul 24 2026 10:41:31 GMT-0400 (Eastern Daylight Time),427985.2000000002,A,ca,I,a,150,1,3166.7000000001863,424818.5,9084,WL,C,15.0
3,44.43400001525879,learn,15565.999984741211,Fri Jul 24 2026 10:41:31 GMT-0400 (Eastern Daylight Time),428118.5999999996,A,cam,I,m,106,1,3300.0999999996275,424818.5,9084,WL,C,15.0
3,44.634000062942505,learn,15365.999937057495,Fri Jul 24 2026 10:41:31 GMT-0400 (Eastern Daylight Time),428318.39999999944,A,camp,I,p,170,1,3499.899999999441,424818.5,9084,WL,C,15.0
3,45.16700005531311,learn,14832.99994468689,Fri Jul 24 2026 10:41:31 GMT-0400 (Eastern Daylight Time),428851.5,A,campenter,I,enter,524,1,4033.0,424818.5,9084,WL,C,15.0
4,0.8670001029968262,learn,59132.999897003174,Fri Jul 24 2026 10:41:31 GMT-0400 (Eastern Daylight Time),497385.2999999998,A,b,I,b,845,1,866.5,496518.7999999998,9084,WL,C,1.0
4,1.0170001983642578,learn,58982.99980163574,Fri Jul 24 2026 10:41:31 GMT-0400 (Eastern Daylight Time),497535.2999999998,A,bo,I,o,136,1,1016.5,496518.7999999998,9084,WL,C,1.0
4,1.2160000801086426,learn,58783.99991989136,Fri Jul 24 2026 10:41:31 GMT-0400 (Eastern Daylight Time),497735.2000000002,A,boy,I,y,170,1,1216.4000000003725,496518.7999999998,9084,WL,C,1.0
4,1.815999984741211,learn,58184.00001525879,Fri Jul 24 2026 10:41:31 GMT-0400 (Eastern Daylight Time),498334.7999999998,A,boyenter,I,enter,578,1,1816.0,496518.7999999998,9084,WL,C,1.0
4,2.133000135421753,learn,57866.99986457825,Fri Jul 24 2026 10:41:31 GMT-0400 (Eastern Daylight Time),498651.89999999944,A,b,I,b,302,1,316.69999999925494,498335.2000000002,9084,WL,C,2.0
4,2.3330001831054688,learn,57666.99981689453,Fri Jul 24 2026 10:41:31 GMT-0400 (Eastern Daylight Time),498852.0,A,bo,I,o,183,1,516.7999999998137,498335.2000000002,9084,WL,C,2.0
4,2.5500001907348633,learn,57449.99980926514,Fri Jul 24 2026 10:41:31 GMT-0400 (Eastern Daylight Time),499068.39999999944,A,bod,I,d,206,1,733.1999999992549,498335.2000000002,9084,WL,C,2.0
4,2.7170000076293945,learn,57282.999992370605,Fri Jul 24 2026 10:41:31 GMT-0400 (Eastern Daylight Time),499235.2000000002,A,body,I,y,148,1,900.0,498335.2000000002,9084,WL,C,2.0
4,3.116000175476074,learn,56883.999824523926,Fri Jul 24 2026 10:41:31 GMT-0400 (Eastern Daylight Time),499634.7999999998,A,bodyenter,I,enter,373,1,1299.5999999996275,498335.2000000002,9084,WL,C,2.0
4,3.633000135421753,learn,56366.99986457825,Fri Jul 24 2026 10:41:31 GMT-0400 (Eastern Daylight Time),500151.89999999944,A,c,I,c,507,1,516.6999999992549,499635.2000000002,9084,WL,C,3.0
4,3.817000150680542,learn,56182.99984931946,Fri Jul 24 2026 10:41:31 GMT-0400 (Eastern Daylight Time),500335.2999999998,A,ca,I,a,170,1,700.0999999996275,499635.2000000002,9084,WL,C,3.0
4,4.067000150680542,learn,55932.99984931946,Fri Jul 24 2026 10:41:31 GMT-0400 (Eastern Daylight Time),500585.2000000002,A,cat,I,t,234,1,950.0,499635.2000000002,9084,WL,C,3.0
4,4.200000047683716,learn,55799.999952316284,Fri Jul 24 2026 10:41:31 GMT-0400 (Eastern Daylight Time),500718.7999999998,A,catt,I,t,113,1,1083.5999999996275,499635.2000000002,9084,WL,C,3.0
4,4.700000047683716,learn,55299.999952316284,Fri Jul 24 2026 10:41:31 GMT-0400 (Eastern Daylight Time),501218.5999999996,A,cattl,I,l,466,1,1583.3999999994412,499635.2000000002,9084,WL,C,3.0
4,4.8500001430511475,learn,55149.99985694885,Fri Jul 24 2026 10:41:31 GMT-0400 (Eastern Daylight Time),501368.5,A,cattle,I,e,126,1,1733.2999999998137,499635.2000000002,9084,WL,C,3.0
4,5.199000120162964,learn,54800.999879837036,Fri Jul 24 2026 10:41:31 GMT-0400 (Eastern Daylight Time),501718.2000000002,A,cattleenter,I,enter,327,1,2083.0,499635.2000000002,9084,WL,C,3.0
4,5.867000102996826,learn,54132.999897003174,Fri Jul 24 2026 10:41:31 GMT-0400 (Eastern Daylight Time),502385.2000000002,A,s,I,s,655,1,666.7000000001863,501718.5,9084,WL,C,4.0
4,6.0,learn,54000.0,Fri Jul 24 2026 10:41:31 GMT-0400 (Eastern Daylight Time),502518.5999999996,A,sh,I,h,110,1,800.0999999996275,501718.5,9084,WL,C,4.0
4,6.116000175476074,learn,53883.999824523926,Fri Jul 24 2026 10:41:31 GMT-0400 (Eastern Daylight Time),502635.2000000002,A,sho,I,o,99,1,916.7000000001863,501718.5,9084,WL,C,4.0
4,6.2170000076293945,learn,53782.999992370605,Fri Jul 24 2026 10:41:31 GMT-0400 (Eastern Daylight Time),502735.2000000002,A,shor,I,r,71,1,1016.7000000001863,501718.5,9084,WL,C,4.0
4,6.3500001430511475,learn,53649.99985694885,Fri Jul 24 2026 10:41:31 GMT-0400 (Eastern Daylight Time),502868.5999999996,A,shore,I,e,106,1,1150.0999999996275,501718.5,9084,WL,C,4.0
4,6.666000127792358,learn,53333.99987220764,Fri Jul 24 2026 10:41:31 GMT-0400 (Eastern Daylight Time),503184.7999999998,A,shoreenter,I,enter,301,1,1466.2999999998137,501718.5,9084,WL,C,4.0
4,7.0,learn,53000.0,Fri Jul 24 2026 10:41:31 GMT-0400 (Eastern Daylight Time),503518.5999999996,A,c,I,c,325,1,333.5,503185.0999999996,9084,WL,C,5.0
4,7.183000087738037,learn,52816.99991226196,Fri Jul 24 2026 10:41:31 GMT-0400 (Eastern Daylight Time),503702.0,A,ca,I,a,163,1,516.9000000003725,503185.0999999996,9084,WL,C,5.0
4,7.366000175476074,learn,52633.999824523926,Fri Jul 24 2026 10:41:31 GMT-0400 (Eastern Daylight Time),503885.0999999996,A,cam,I,m,163,1,700.0,503185.0999999996,9084,WL,C,5.0
4,7.5,learn,52500.0,Fri Jul 24 2026 10:41:31 GMT-0400 (Eastern Daylight Time),504018.5999999996,A,camp,I,p,109,1,833.5,503185.0999999996,9084,WL,C,5.0
4,8.282999992370605,learn,51717.000007629395,Fri Jul 24 2026 10:41:31 GMT-0400 (Eastern Daylight Time),504801.5,A,campenter,I,enter,752,1,1616.4000000003725,503185.0999999996,9084,WL,C,5.0
4,8.633000135421753,learn,51366.99986457825,Fri Jul 24 2026 10:41:31 GMT-0400 (Eastern Daylight Time),505152.0,A,q,I,q,340,1,350.29999999981374,504801.7000000002,9084,WL,C,6.0
4,8.75,learn,51250.0,Fri Jul 24 2026 10:41:31 GMT-0400 (Eastern Daylight Time),505268.5999999996,A,qu,I,u,89,1,466.8999999994412,504801.7000000002,9084,WL,C,6.0
4,9.317000150680542,learn,50682.99984931946,Fri Jul 24 2026 10:41:31 GMT-0400 (Eastern Daylight Time),505835.39999999944,A,que,I,e,549,1,1033.699999999255,504801.7000000002,9084,WL,C,6.0
4,9.5,learn,50500.0,Fri Jul 24 2026 10:41:31 GMT-0400 (Eastern Daylight Time),506018.5999999996,A,quee,I,e,158,1,1216.8999999994412,504801.7000000002,9084,WL,C,6.0
4,9.950000047683716,learn,50049.999952316284,Fri Jul 24 2026 10:41:31 GMT-0400 (Eastern Daylight Time),506468.5999999996,A,queen,I,n,431,1,1666.8999999994412,504801.7000000002,9084,WL,C,6.0
4,10.282999992370605,learn,49717.000007629395,Fri Jul 24 2026 10:41:31 GMT-0400 (Eastern Daylight Time),506801.5,A,queenenter,I,enter,308,1,1999.7999999998137,504801.7000000002,9084,WL,C,6.0
4,10.733000040054321,learn,49266.99995994568,Fri Jul 24 2026 10:41:31 GMT-0400 (Eastern Daylight Time),507252.0,A,t,I,t,428,1,450.20000000018626,506801.7999999998,9084,WL,C,7.0
4,10.833000183105469,learn,49166.99981689453,Fri Jul 24 2026 10:41:31 GMT-0400 (Eastern Daylight Time),507351.7000000002,A,to,I,o,77,1,549.9000000003725,506801.7999999998,9084,WL,C,7.0
4,10.950000047683716,learn,49049.999952316284,Fri Jul 24 2026 10:41:31 GMT-0400 (Eastern Daylight Time),507468.5,A,tow,I,w,106,1,666.7000000001863,506801.7999999998,9084,WL,C,7.0
4,11.16700005531311,learn,48832.99994468689,Fri Jul 24 2026 10:41:31 GMT-0400 (Eastern Daylight Time),507685.2000000002,A,town,I,n,199,1,883.4000000003725,506801.7999999998,9084,WL,C,7.0
4,11.333000183105469,learn,48666.99981689453,Fri Jul 24 2026 10:41:31 GMT-0400 (Eastern Daylight Time),507851.89999999944,A,towne,I,e,133,1,1050.0999999996275,506801.7999999998,9084,WL,C,7.0
4,11.450000047683716,learn,48549.999952316284,Fri Jul 24 2026 10:41:31 GMT-0400 (Eastern Daylight Time),507968.5,A,towner,I,r,94,1,1166.7000000001863,506801.7999999998,9084,WL,C,7.0
4,12.282999992370605,learn,47717.000007629395,Fri Jul 24 2026 10:41:31 GMT-0400 (Eastern Daylight Time),508801.89999999944,A,towne,I,backspace,801,1,2000.0999999996275,506801.7999999998,9084,WL,C,7.0
4,12.565999984741211,learn,47434.00001525879,Fri Jul 24 2026 10:41:31 GMT-0400 (Eastern Daylight Time),509085.0,A,town,I,backspace,270,1,2283.2000000001863,506801.7999999998,9084,WL,C,7.0
4,12.900000095367432,learn,47099.99990463257,Fri Jul 24 2026 10:41:31 GMT-0400 (Eastern Daylight Time),509418.5999999996,A,tow,I,backspace,317,1,2616.7999999998137,506801.7999999998,9084,WL,C,7.0
4,13.150000095367432,learn,46849.99990463257,Fri Jul 24 2026 10:41:31 GMT-0400 (Eastern Daylight Time),509668.5999999996,A,towe,I,e,231,1,2866.7999999998137,506801.7999999998,9084,WL,C,7.0
4,13.267000198364258,learn,46732.99980163574,Fri Jul 24 2026 10:41:31 GMT-0400 (Eastern Daylight Time),509785.2999999998,A,tower,I,r,101,1,2983.5,506801.7999999998,9084,WL,C,7.0
4,13.633000135421753,learn,46366.99986457825,Fri Jul 24 2026 10:41:31 GMT-0400 (Eastern Daylight Time),510151.5,A,towerenter,I,enter,343,1,3349.7000000001863,506801.7999999998,9084,WL,C,7.0
4,14.200000047683716,learn,45799.999952316284,Fri Jul 24 2026 10:41:31 GMT-0400 (Eastern Daylight Time),510718.5999999996,A,e,I,e,558,1,566.7000000001863,510151.89999999944,9084,WL,C,8.0
4,14.766000032424927,learn,45233.99996757507,Fri Jul 24 2026 10:41:31 GMT-0400 (Eastern Daylight Time),511284.89999999944,A,,I,backspace,553,1,1133.0,510151.89999999944,9084,WL,C,8.0
4,15.032999992370605,learn,44967.000007629395,Fri Jul 24 2026 10:41:31 GMT-0400 (Eastern Daylight Time),511551.89999999944,A,l,I,l,255,1,1400.0,510151.89999999944,9084,WL,C,8.0
4,15.150000095367432,learn,44849.99990463257,Fri Jul 24 2026 10:41:31 GMT-0400 (Eastern Daylight Time),511668.5,A,le,I,e,107,1,1516.6000000005588,510151.89999999944,9084,WL,C,8.0
4,15.350000143051147,learn,44649.99985694885,Fri Jul 24 2026 10:41:31 GMT-0400 (Eastern Daylight Time),511868.5999999996,A,let,I,t,180,1,1716.7000000001863,510151.89999999944,9084,WL,C,8.0
4,15.517000198364258,learn,44482.99980163574,Fri Jul 24 2026 10:41:31 GMT-0400 (Eastern Daylight Time),512035.2999999998,A,lett,I,t,141,1,1883.4000000003725,510151.89999999944,9084,WL,C,8.0
4,15.650000095367432,learn,44349.99990463257,Fri Jul 24 2026 10:41:31 GMT-0400 (Eastern Daylight Time),512168.7000000002,A,lette,I,e,103,1,2016.800000000745,510151.89999999944,9084,WL,C,8.0
4,15.800000190734863,learn,44199.99980926514,Fri Jul 24 2026 10:41:31 GMT-0400 (Eastern Daylight Time),512318.5999999996,A,letter,I,r,120,1,2166.7000000001863,510151.89999999944,9084,WL,C,8.0
4,16.433000087738037,learn,43566.99991226196,Fri Jul 24 2026 10:41:31 GMT-0400 (Eastern Daylight Time),512951.5,A,letterenter,I,enter,619,1,2799.600000000559,510151.89999999944,9084,WL,C,8.0
4,18.100000143051147,learn,41899.99985694885,Fri Jul 24 2026 10:41:31 GMT-0400 (Eastern Daylight Time),514618.5999999996,A,c,I,c,1646,1,1666.7999999998137,512951.7999999998,9084,WL,C,9.0
4,18.23300004005432,learn,41766.99995994568,Fri Jul 24 2026 10:41:31 GMT-0400 (Eastern Daylight Time),514751.7999999998,A,co,I,o,118,1,1800.0,512951.7999999998,9084,WL,C,9.0
4,18.383000135421753,learn,41616.99986457825,Fri Jul 24 2026 10:41:31 GMT-0400 (Eastern Daylight Time),514902.0999999996,A,cor,I,r,129,1,1950.2999999998137,512951.7999999998,9084,WL,C,9.0
4,18.532999992370605,learn,41467.000007629395,Fri Jul 24 2026 10:41:31 GMT-0400 (Eastern Daylight Time),515051.89999999944,A,corn,I,n,116,1,2100.0999999996275,512951.7999999998,9084,WL,C,9.0
4,19.350000143051147,learn,40649.99985694885,Fri Jul 24 2026 10:41:31 GMT-0400 (Eastern Daylight Time),515869.2000000002,A,cornenter,I,enter,804,1,2917.4000000003725,512951.7999999998,9084,WL,C,9.0
4,19.633000135421753,learn,40366.99986457825,Fri Jul 24 2026 10:41:31 GMT-0400 (Eastern Daylight Time),516151.89999999944,A,s,I,s,264,1,282.3999999994412,515869.5,9084,WL,C,10.0
4,19.766000032424927,learn,40233.99996757507,Fri Jul 24 2026 10:41:31 GMT-0400 (Eastern Daylight Time),516284.89999999944,A,su,I,u,122,1,415.3999999994412,515869.5,9084,WL,C,10.0
4,19.950000047683716,learn,40049.999952316284,Fri Jul 24 2026 10:41:31 GMT-0400 (Eastern Daylight Time),516468.5999999996,A,sug,I,g,149,1,599.0999999996275,515869.5,9084,WL,C,10.0
4,20.25,learn,39750.0,Fri Jul 24 2026 10:41:31 GMT-0400 (Eastern Daylight Time),516768.7000000002,A,suga,I,a,275,1,899.2000000001863,515869.5,9084,WL,C,10.0
4,20.41700005531311,learn,39582.99994468689,Fri Jul 24 2026 10:41:31 GMT-0400 (Eastern Daylight Time),516935.2999999998,A,sugar,I,r,145,1,1065.7999999998137,515869.5,9084,WL,C,10.0
4,21.116000175476074,learn,38883.999824523926,Fri Jul 24 2026 10:41:31 GMT-0400 (Eastern Daylight Time),517634.7999999998,A,sugarenter,I,enter,673,1,1765.2999999998137,515869.5,9084,WL,C,10.0
4,27.850000143051147,learn,32149.999856948853,Fri Jul 24 2026 10:41:31 GMT-0400 (Eastern Daylight Time),524368.5999999996,A,w,I,w,6714,1,6733.5,517635.0999999996,9084,WL,C,11.0
4,28.0,learn,32000.0,Fri Jul 24 2026 10:41:31 GMT-0400 (Eastern Daylight Time),524518.5999999996,A,wh,I,h,130,1,6883.5,517635.0999999996,9084,WL,C,11.0
4,28.366000175476074,learn,31633.999824523926,Fri Jul 24 2026 10:41:31 GMT-0400 (Eastern Daylight Time),524885.0999999996,A,whe,I,e,357,1,7250.0,517635.0999999996,9084,WL,C,11.0
4,28.75,learn,31250.0,Fri Jul 24 2026 10:41:31 GMT-0400 (Eastern Daylight Time),525268.5,A,whea,I,a,365,1,7633.4000000003725,517635.0999999996,9084,WL,C,11.0
4,28.91700005531311,learn,31082.99994468689,Fri Jul 24 2026 10:41:31 GMT-0400 (Eastern Daylight Time),525435.2000000002,A,wheat,I,t,141,1,7800.100000000559,517635.0999999996,9084,WL,C,11.0
4,29.499000072479248,learn,30500.999927520752,Fri Jul 24 2026 10:41:31 GMT-0400 (Eastern Daylight Time),526018.0999999996,A,wheatenter,I,enter,558,1,8383.0,517635.0999999996,9084,WL,C,11.0
4,29.800000190734863,learn,30199.999809265137,Fri Jul 24 2026 10:41:31 GMT-0400 (Eastern Daylight Time),526318.5999999996,A,h,I,h,283,1,300.09999999962747,526018.5,9084,WL,C,12.0
4,29.967000007629395,learn,30032.999992370605,Fri Jul 24 2026 10:41:31 GMT-0400 (Eastern Daylight Time),526485.2000000002,A,ho,I,o,146,1,466.70000000018626,526018.5,9084,WL,C,12.0
4,30.200000047683716,learn,29799.999952316284,Fri Jul 24 2026 10:41:31 GMT-0400 (Eastern Daylight Time),526718.5,A,hom,I,m,220,1,700.0,526018.5,9084,WL,C,12.0
4,30.633000135421753,learn,29366.999864578247,Fri Jul 24 2026 10:41:31 GMT-0400 (Eastern Daylight Time),527151.8999999994,A,home,I,e,421,1,1133.3999999994412,526018.5,9084,WL,C,12.0
4,31.999000072479248,learn,28000.999927520752,Fri Jul 24 2026 10:41:31 GMT-0400 (Eastern Daylight Time),528518.0999999996,A,homeenter,I,enter,1353,1,2499.5999999996275,526018.5,9084,WL,C,12.0
4,32.33300018310547,learn,27666.99981689453,Fri Jul 24 2026 10:41:31 GMT-0400 (Eastern Daylight Time),528852.0999999996,A,d,I,d,318,1,333.59999999962747,528518.5,9084,WL,C,13.0
4,32.48300004005432,learn,27516.99995994568,Fri Jul 24 2026 10:41:31 GMT-0400 (Eastern Daylight Time),529001.8999999994,A,do,I,o,134,1,483.3999999994412,528518.5,9084,WL,C,13.0
4,32.617000102996826,learn,27382.999897003174,Fri Jul 24 2026 10:41:31 GMT-0400 (Eastern Daylight Time),529135.3999999994,A,doc,I,c,111,1,616.8999999994412,528518.5,9084,WL,C,13.0
4,32.85000014305115,learn,27149.999856948853,Fri Jul 24 2026 10:41:31 GMT-0400 (Eastern Daylight Time),529368.5999999996,A,doct,I,t,209,1,850.0999999996275,528518.5,9084,WL,C,13.0
4,33.08300018310547,learn,26916.99981689453,Fri Jul 24 2026 10:41:31 GMT-0400 (Eastern Daylight Time),529602.0,A,docto,I,o,209,1,1083.5,528518.5,9084,WL,C,13.0
4,33.13300013542175,learn,26866.999864578247,Fri Jul 24 2026 10:41:31 GMT-0400 (Eastern Daylight Time),529651.5,A,doctor,I,r,30,1,1133.0,528518.5,9084,WL,C,13.0
4,34.0,learn,26000.0,Fri Jul 24 2026 10:41:31 GMT-0400 (Eastern Daylight Time),530518.2000000002,A,doctorenter,I,enter,857,1,1999.7000000001863,528518.5,9084,WL,C,13.0
4,34.950000047683716,learn,25049.999952316284,Fri Jul 24 2026 10:41:31 GMT-0400 (Eastern Daylight Time),531468.7000000002,A,q,I,q,935,1,950.1000000005588,530518.5999999996,9084,WL,C,14.0
4,35.76600003242493,learn,24233.999967575073,Fri Jul 24 2026 10:41:31 GMT-0400 (Eastern Daylight Time),532285.0,A,qu,I,u,805,1,1766.4000000003725,530518.5999999996,9084,WL,C,14.0
4,36.10000014305115,learn,23899.999856948853,Fri Jul 24 2026 10:41:31 GMT-0400 (Eastern Daylight Time),532618.5999999996,A,que,I,e,309,1,2100.0,530518.5999999996,9084,WL,C,14.0
4,36.26700019836426,learn,23732.999801635742,Fri Jul 24 2026 10:41:31 GMT-0400 (Eastern Daylight Time),532785.2999999998,A,quee,I,e,149,1,2266.7000000001863,530518.5999999996,9084,WL,C,14.0
4,36.65000009536743,learn,23349.99990463257,Fri Jul 24 2026 10:41:31 GMT-0400 (Eastern Daylight Time),533168.5999999996,A,queen,I,n,368,1,2650.0,530518.5999999996,9084,WL,C,14.0
4,37.71600008010864,learn,22283.999919891357,Fri Jul 24 2026 10:41:31 GMT-0400 (Eastern Daylight Time),534234.7999999998,A,queenenter,I,enter,1039,1,3716.2000000001863,530518.5999999996,9084,WL,C,14.0
4,39.83300018310547,learn,20166.99981689453,Fri Jul 24 2026 10:41:31 GMT-0400 (Eastern Daylight Time),536351.8999999994,A,n,I,n,2106,1,2116.699999999255,534235.2000000002,9084,WL,C,15.0
4,39.96600008010864,learn,20033.999919891357,Fri Jul 24 2026 10:41:31 GMT-0400 (Eastern Daylight Time),536485.0,A,na,I,a,122,1,2249.7999999998137,534235.2000000002,9084,WL,C,15.0
4,40.10000014305115,learn,19899.999856948853,Fri Jul 24 2026 10:41:31 GMT-0400 (Eastern Daylight Time),536618.5999999996,A,nai,I,i,101,1,2383.399999999441,534235.2000000002,9084,WL,C,15.0
4,40.282999992370605,learn,19717.000007629395,Fri Jul 24 2026 10:41:31 GMT-0400 (Eastern Daylight Time),536802.0,A,nail,I,l,158,1,2566.7999999998137,534235.2000000002,9084,WL,C,15.0
4,40.83300018310547,learn,19166.99981689453,Fri Jul 24 2026 10:41:31 GMT-0400 (Eastern Daylight Time),537351.5,A,nailenter,I,enter,527,1,3116.2999999998137,534235.2000000002,9084,WL,C,15.0
5,1.0510001182556152,learn,60000.0,Fri Jul 24 2026 10:41:31 GMT-0400 (Eastern Daylight Time),607585.5999999996,A,q,I,q,1036,1,1050.0,606535.5999999996,9084,WL,C,1.0
5,1.251000165939331,learn,60000.0,Fri Jul 24 2026 10:41:31 GMT-0400 (Eastern Daylight Time),607785.3999999994,A,qu,I,u,177,1,1249.7999999998137,606535.5999999996,9084,WL,C,1.0
5,1.6340000629425049,learn,60000.0,Fri Jul 24 2026 10:41:31 GMT-0400 (Eastern Daylight Time),608168.7000000002,A,que,I,e,360,1,1633.1000000005588,606535.5999999996,9084,WL,C,1.0
5,1.8510000705718994,learn,60000.0,Fri Jul 24 2026 10:41:31 GMT-0400 (Eastern Daylight Time),608385.3999999994,A,quee,I,e,193,1,1849.7999999998137,606535.5999999996,9084,WL,C,1.0
5,2.0840001106262207,learn,60000.0,Fri Jul 24 2026 10:41:31 GMT-0400 (Eastern Daylight Time),608618.7000000002,A,queen,I,n,201,1,2083.100000000559,606535.5999999996,9084,WL,C,1.0
5,2.5,learn,60000.0,Fri Jul 24 2026 10:41:31 GMT-0400 (Eastern Daylight Time),609035.0,A,queenenter,I,enter,389,1,2499.4000000003725,606535.5999999996,9084,WL,C,1.0
5,2.8510000705718994,learn,60000.0,Fri Jul 24 2026 10:41:31 GMT-0400 (Eastern Daylight Time),609385.2999999998,A,t,I,t,331,1,350.09999999962747,609035.2000000002,9084,WL,C,2.0
5,3.001000165939331,learn,60000.0,Fri Jul 24 2026 10:41:31 GMT-0400 (Eastern Daylight Time),609535.2999999998,A,to,I,o,129,1,500.09999999962747,609035.2000000002,9084,WL,C,2.0
5,3.1510000228881836,learn,60000.0,Fri Jul 24 2026 10:41:31 GMT-0400 (Eastern Daylight Time),609685.2000000002,A,tow,I,w,121,1,650.0,609035.2000000002,9084,WL,C,2.0
5,3.5840001106262207,learn,60000.0,Fri Jul 24 2026 10:41:31 GMT-0400 (Eastern Daylight Time),610118.7000000002,A,towe,I,e,405,1,1083.5,609035.2000000002,9084,WL,C,2.0
5,3.7170000076293945,learn,60000.0,Fri Jul 24 2026 10:41:31 GMT-0400 (Eastern Daylight Time),610252.2000000002,A,tower,I,r,115,1,1217.0,609035.2000000002,9084,WL,C,2.0
5,4.450000047683716,learn,60000.0,Fri Jul 24 2026 10:41:31 GMT-0400 (Eastern Daylight Time),610985.0,A,towerenter,I,enter,700,1,1949.7999999998137,609035.2000000002,9084,WL,C,2.0
5,5.317000150680542,learn,60000.0,Fri Jul 24 2026 10:41:31 GMT-0400 (Eastern Daylight Time),611852.0,A,s,I,s,844,1,866.7000000001863,610985.2999999998,9084,WL,C,3.0
5,5.700000047683716,learn,60000.0,Fri Jul 24 2026 10:41:31 GMT-0400 (Eastern Daylight Time),612235.0,A,su,I,u,365,1,1249.7000000001863,610985.2999999998,9084,WL,C,3.0
5,6.384000062942505,learn,60000.0,Fri Jul 24 2026 10:41:31 GMT-0400 (Eastern Daylight Time),612918.7000000002,A,sug,I,g,675,1,1933.4000000003725,610985.2999999998,9084,WL,C,3.0
5,6.584000110626221,learn,60000.0,Fri Jul 24 2026 10:41:31 GMT-0400 (Eastern Daylight Time),613118.7000000002,A,suga,I,a,187,1,2133.4000000003725,610985.2999999998,9084,WL,C,3.0
5,6.766999959945679,learn,60000.0,Fri Jul 24 2026 10:41:31 GMT-0400 (Eastern Daylight Time),613302.0,A,sugar,I,r,163,1,2316.7000000001863,610985.2999999998,9084,WL,C,3.0
5,7.450000047683716,learn,60000.0,Fri Jul 24 2026 10:41:31 GMT-0400 (Eastern Daylight Time),613984.8999999994,A,sugarenter,I,enter,651,1,2999.5999999996275,610985.2999999998,9084,WL,C,3.0
5,7.751000165939331,learn,60000.0,Fri Jul 24 2026 10:41:31 GMT-0400 (Eastern Daylight Time),614285.2999999998,A,c,I,c,284,1,300.0,613985.2999999998,9084,WL,C,4.0
5,7.884000062942505,learn,60000.0,Fri Jul 24 2026 10:41:31 GMT-0400 (Eastern Daylight Time),614418.5999999996,A,co,I,o,116,1,433.29999999981374,613985.2999999998,9084,WL,C,4.0
5,8.1010000705719,learn,60000.0,Fri Jul 24 2026 10:41:31 GMT-0400 (Eastern Daylight Time),614635.3999999994,A,cor,I,r,183,1,650.0999999996275,613985.2999999998,9084,WL,C,4.0
5,8.33400011062622,learn,60000.0,Fri Jul 24 2026 10:41:31 GMT-0400 (Eastern Daylight Time),614868.7999999998,A,corn,I,n,213,1,883.5,613985.2999999998,9084,WL,C,4.0
5,8.717000007629395,learn,60000.0,Fri Jul 24 2026 10:41:31 GMT-0400 (Eastern Daylight Time),615251.7000000002,A,cornenter,I,enter,363,1,1266.4000000003725,613985.2999999998,9084,WL,C,4.0
5,9.134000062942505,learn,60000.0,Fri Jul 24 2026 10:41:31 GMT-0400 (Eastern Daylight Time),615668.5999999996,A,b,I,b,402,1,416.59999999962747,615252.0,9084,WL,C,5.0
5,9.501000165939331,learn,60000.0,Fri Jul 24 2026 10:41:31 GMT-0400 (Eastern Daylight Time),616035.2999999998,A,ba,I,a,342,1,783.2999999998137,615252.0,9084,WL,C,5.0
5,9.983999967575073,learn,60000.0,Fri Jul 24 2026 10:41:31 GMT-0400 (Eastern Daylight Time),616518.7000000002,A,b,I,backspace,471,1,1266.7000000001863,615252.0,9084,WL,C,5.0
5,10.16700005531311,learn,60000.0,Fri Jul 24 2026 10:41:31 GMT-0400 (Eastern Daylight Time),616701.8999999994,A,,I,backspace,173,1,1449.8999999994412,615252.0,9084,WL,C,5.0
5,10.634000062942505,learn,60000.0,Fri Jul 24 2026 10:41:31 GMT-0400 (Eastern Daylight Time),617168.7000000002,A,n,I,n,445,1,1916.7000000001863,615252.0,9084,WL,C,5.0
5,11.051000118255615,learn,60000.0,Fri Jul 24 2026 10:41:31 GMT-0400 (Eastern Daylight Time),617585.2999999998,A,na,I,a,393,1,2333.2999999998137,615252.0,9084,WL,C,5.0
5,11.200999975204468,learn,60000.0,Fri Jul 24 2026 10:41:31 GMT-0400 (Eastern Daylight Time),617735.3999999994,A,nai,I,i,137,1,2483.399999999441,615252.0,9084,WL,C,5.0
5,11.534000158309937,learn,60000.0,Fri Jul 24 2026 10:41:31 GMT-0400 (Eastern Daylight Time),618068.5999999996,A,nail,I,l,313,1,2816.5999999996275,615252.0,9084,WL,C,5.0
5,11.91700005531311,learn,60000.0,Fri Jul 24 2026 10:41:31 GMT-0400 (Eastern Daylight Time),618451.7000000002,A,nailenter,I,enter,373,1,3199.7000000001863,615252.0,9084,WL,C,5.0
5,12.299999952316284,learn,60000.0,Fri Jul 24 2026 10:41:31 GMT-0400 (Eastern Daylight Time),618835.2000000002,A,b,I,b,360,1,383.20000000018626,618452.0,9084,WL,C,6.0
5,12.467000007629395,learn,60000.0,Fri Jul 24 2026 10:41:31 GMT-0400 (Eastern Daylight Time),619002.0,A,bo,I,o,152,1,550.0,618452.0,9084,WL,C,6.0
5,12.700999975204468,learn,60000.0,Fri Jul 24 2026 10:41:31 GMT-0400 (Eastern Daylight Time),619235.3999999994,A,boy,I,y,208,1,783.3999999994412,618452.0,9084,WL,C,6.0
5,13.367000102996826,learn,60000.0,Fri Jul 24 2026 10:41:31 GMT-0400 (Eastern Daylight Time),619901.5999999996,A,boyenter,I,enter,647,1,1449.5999999996275,618452.0,9084,WL,C,6.0
5,13.784000158309937,learn,60000.0,Fri Jul 24 2026 10:41:31 GMT-0400 (Eastern Daylight Time),620318.7999999998,A,b,I,b,400,1,416.90000000037253,619901.8999999994,9084,WL,C,7.0
5,14.016999959945679,learn,60000.0,Fri Jul 24 2026 10:41:31 GMT-0400 (Eastern Daylight Time),620552.0,A,bo,I,o,220,1,650.1000000005588,619901.8999999994,9084,WL,C,7.0
5,14.184000015258789,learn,60000.0,Fri Jul 24 2026 10:41:31 GMT-0400 (Eastern Daylight Time),620718.7999999998,A,bod,I,d,145,1,816.9000000003725,619901.8999999994,9084,WL,C,7.0
5,14.684000015258789,learn,60000.0,Fri Jul 24 2026 10:41:31 GMT-0400 (Eastern Daylight Time),621218.7000000002,A,body,I,y,483,1,1316.800000000745,619901.8999999994,9084,WL,C,7.0
5,15.400000095367432,learn,60000.0,Fri Jul 24 2026 10:41:31 GMT-0400 (Eastern Daylight Time),621934.8999999994,A,bodyenter,I,enter,700,1,2033.0,619901.8999999994,9084,WL,C,7.0
5,15.83400011062622,learn,60000.0,Fri Jul 24 2026 10:41:31 GMT-0400 (Eastern Daylight Time),622368.5,A,s,I,s,413,1,433.20000000018626,621935.2999999998,9084,WL,C,8.0
5,16.600000143051147,learn,60000.0,Fri Jul 24 2026 10:41:31 GMT-0400 (Eastern Daylight Time),623134.7000000002,A,sh,I,h,743,1,1199.4000000003725,621935.2999999998,9084,WL,C,8.0
5,16.752000093460083,learn,60000.0,Fri Jul 24 2026 10:41:31 GMT-0400 (Eastern Daylight Time),623286.5,A,sho,I,o,143,1,1351.2000000001863,621935.2999999998,9084,WL,C,8.0
5,16.93400001525879,learn,60000.0,Fri Jul 24 2026 10:41:31 GMT-0400 (Eastern Daylight Time),623468.7999999998,A,shor,I,r,154,1,1533.5,621935.2999999998,9084,WL,C,8.0
5,17.08400011062622,learn,60000.0,Fri Jul 24 2026 10:41:31 GMT-0400 (Eastern Daylight Time),623618.7000000002,A,shore,I,e,125,1,1683.4000000003725,621935.2999999998,9084,WL,C,8.0
5,17.483999967575073,learn,60000.0,Fri Jul 24 2026 10:41:31 GMT-0400 (Eastern Daylight Time),624018.2999999998,A,shoreenter,I,enter,373,1,2083.0,621935.2999999998,9084,WL,C,8.0
5,17.884000062942505,learn,60000.0,Fri Jul 24 2026 10:41:31 GMT-0400 (Eastern Daylight Time),624418.7000000002,A,c,I,c,387,1,400.1000000005588,624018.5999999996,9084,WL,C,9.0
5,18.134000062942505,learn,60000.0,Fri Jul 24 2026 10:41:31 GMT-0400 (Eastern Daylight Time),624668.7000000002,A,ca,I,a,224,1,650.1000000005588,624018.5999999996,9084,WL,C,9.0
5,18.367000102996826,learn,60000.0,Fri Jul 24 2026 10:41:31 GMT-0400 (Eastern Daylight Time),624902.0,A,cam,I,m,212,1,883.4000000003725,624018.5999999996,9084,WL,C,9.0
5,18.567000150680542,learn,60000.0,Fri Jul 24 2026 10:41:31 GMT-0400 (Eastern Daylight Time),625102.0,A,camp,I,p,180,1,1083.4000000003725,624018.5999999996,9084,WL,C,9.0
5,19.51699995994568,learn,60000.0,Fri Jul 24 2026 10:41:31 GMT-0400 (Eastern Daylight Time),626051.5,A,campenter,I,enter,922,1,2032.9000000003725,624018.5999999996,9084,WL,C,9.0
5,19.884000062942505,learn,60000.0,Fri Jul 24 2026 10:41:31 GMT-0400 (Eastern Daylight Time),626418.7000000002,A,l,I,l,353,1,366.80000000074506,626051.8999999994,9084,WL,C,10.0
5,20.00100016593933,learn,60000.0,Fri Jul 24 2026 10:41:31 GMT-0400 (Eastern Daylight Time),626535.2999999998,A,le,I,e,96,1,483.40000000037253,626051.8999999994,9084,WL,C,10.0
5,20.217000007629395,learn,60000.0,Fri Jul 24 2026 10:41:31 GMT-0400 (Eastern Daylight Time),626752.2000000002,A,let,I,t,196,1,700.3000000007451,626051.8999999994,9084,WL,C,10.0
5,20.41700005531311,learn,60000.0,Fri Jul 24 2026 10:41:31 GMT-0400 (Eastern Daylight Time),626952.0,A,lett,I,t,186,1,900.1000000005588,626051.8999999994,9084,WL,C,10.0
5,20.634000062942505,learn,60000.0,Fri Jul 24 2026 10:41:31 GMT-0400 (Eastern Daylight Time),627168.7000000002,A,lette,I,e,185,1,1116.800000000745,626051.8999999994,9084,WL,C,10.0
5,20.75,learn,60000.0,Fri Jul 24 2026 10:41:31 GMT-0400 (Eastern Daylight Time),627285.2000000002,A,letter,I,r,106,1,1233.300000000745,626051.8999999994,9084,WL,C,10.0
5,21.950000047683716,learn,60000.0,Fri Jul 24 2026 10:41:31 GMT-0400 (Eastern Daylight Time),628485.0,A,letterenter,I,enter,1181,1,2433.100000000559,626051.8999999994,9084,WL,C,10.0
5,25.051000118255615,learn,60000.0,Fri Jul 24 2026 10:41:31 GMT-0400 (Eastern Daylight Time),631585.2999999998,A,d,I,d,3089,1,3100.0,628485.2999999998,9084,WL,C,11.0
5,25.200999975204468,learn,60000.0,Fri Jul 24 2026 10:41:31 GMT-0400 (Eastern Daylight Time),631735.3999999994,A,do,I,o,128,1,3250.0999999996275,628485.2999999998,9084,WL,C,11.0
5,25.317000150680542,learn,60000.0,Fri Jul 24 2026 10:41:31 GMT-0400 (Eastern Daylight Time),631852.0999999996,A,doc,I,c,99,1,3366.7999999998137,628485.2999999998,9084,WL,C,11.0
5,25.534000158309937,learn,60000.0,Fri Jul 24 2026 10:41:31 GMT-0400 (Eastern Daylight Time),632068.7000000002,A,doct,I,t,189,1,3583.4000000003725,628485.2999999998,9084,WL,C,11.0
5,25.733999967575073,learn,60000.0,Fri Jul 24 2026 10:41:31 GMT-0400 (Eastern Daylight Time),632268.7000000002,A,docto,I,o,189,1,3783.4000000003725,628485.2999999998,9084,WL,C,11.0
5,25.884000062942505,learn,60000.0,Fri Jul 24 2026 10:41:31 GMT-0400 (Eastern Daylight Time),632418.5999999996,A,doctor,I,r,116,1,3933.2999999998137,628485.2999999998,9084,WL,C,11.0
5,26.485000133514404,learn,60000.0,Fri Jul 24 2026 10:41:31 GMT-0400 (Eastern Daylight Time),633019.5,A,doctorenter,I,enter,575,1,4534.200000000186,628485.2999999998,9084,WL,C,11.0
5,28.33400011062622,learn,60000.0,Fri Jul 24 2026 10:41:31 GMT-0400 (Eastern Daylight Time),634868.5999999996,A,h,I,h,1842,1,1848.7999999998137,633019.7999999998,9084,WL,C,12.0
5,28.467000007629395,learn,60000.0,Fri Jul 24 2026 10:41:31 GMT-0400 (Eastern Daylight Time),635002.0999999996,A,ho,I,o,119,1,1982.2999999998137,633019.7999999998,9084,WL,C,12.0
5,28.68400001525879,learn,60000.0,Fri Jul 24 2026 10:41:31 GMT-0400 (Eastern Daylight Time),635218.7000000002,A,hom,I,m,201,1,2198.9000000003725,633019.7999999998,9084,WL,C,12.0
5,29.00100016593933,learn,60000.0,Fri Jul 24 2026 10:41:31 GMT-0400 (Eastern Daylight Time),635535.3999999994,A,home,I,e,296,1,2515.5999999996275,633019.7999999998,9084,WL,C,12.0
5,29.634999990463257,learn,60000.0,Fri Jul 24 2026 10:41:31 GMT-0400 (Eastern Daylight Time),636169.2999999998,A,homeenter,I,enter,618,1,3149.5,633019.7999999998,9084,WL,C,12.0
5,34.26699995994568,learn,60000.0,Fri Jul 24 2026 10:41:31 GMT-0400 (Eastern Daylight Time),640801.8999999994,A,c,I,c,4620,1,4632.299999999814,636169.5999999996,9084,WL,C,13.0
5,34.467000007629395,learn,60000.0,Fri Jul 24 2026 10:41:31 GMT-0400 (Eastern Daylight Time),641002.0,A,ca,I,a,175,1,4832.4000000003725,636169.5999999996,9084,WL,C,13.0
5,34.70099997520447,learn,60000.0,Fri Jul 24 2026 10:41:31 GMT-0400 (Eastern Daylight Time),641235.3999999994,A,cat,I,t,207,1,5065.799999999814,636169.5999999996,9084,WL,C,13.0
5,34.884000062942505,learn,60000.0,Fri Jul 24 2026 10:41:31 GMT-0400 (Eastern Daylight Time),641418.7000000002,A,catt,I,t,159,1,5249.100000000559,636169.5999999996,9084,WL,C,13.0
5,35.06700015068054,learn,60000.0,Fri Jul 24 2026 10:41:31 GMT-0400 (Eastern Daylight Time),641602.0,A,cattl,I,l,159,1,5432.4000000003725,636169.5999999996,9084,WL,C,13.0
5,35.134000062942505,learn,60000.0,Fri Jul 24 2026 10:41:31 GMT-0400 (Eastern Daylight Time),641668.3999999994,A,cattle,I,e,47,1,5498.799999999814,636169.5999999996,9084,WL,C,13.0
5,35.65000009536743,learn,60000.0,Fri Jul 24 2026 10:41:31 GMT-0400 (Eastern Daylight Time),642184.8999999994,A,cattleenter,I,enter,502,1,6015.299999999814,636169.5999999996,9084,WL,C,13.0
5,45.51699995994568,learn,60000.0,Fri Jul 24 2026 10:41:31 GMT-0400 (Eastern Daylight Time),652052.0999999996,A,w,I,w,9852,1,9866.799999999814,642185.2999999998,9084,WL,C,14.0
5,45.78400015830994,learn,60000.0,Fri Jul 24 2026 10:41:31 GMT-0400 (Eastern Daylight Time),652318.5,A,wh,I,h,254,1,10133.200000000186,642185.2999999998,9084,WL,C,14.0
5,45.93400001525879,learn,60000.0,Fri Jul 24 2026 10:41:31 GMT-0400 (Eastern Daylight Time),652468.7000000002,A,whe,I,e,123,1,10283.400000000373,642185.2999999998,9084,WL,C,14.0
5,46.28400015830994,learn,60000.0,Fri Jul 24 2026 10:41:31 GMT-0400 (Eastern Daylight Time),652818.7000000002,A,whea,I,a,316,1,10633.400000000373,642185.2999999998,9084,WL,C,14.0
5,46.56700015068054,learn,60000.0,Fri Jul 24 2026 10:41:31 GMT-0400 (Eastern Daylight Time),653102.0,A,wheat,I,t,271,1,10916.700000000186,642185.2999999998,9084,WL,C,14.0
5,52.200000047683716,learn,60000.0,Fri Jul 24 2026 10:41:31 GMT-0400 (Eastern Daylight Time),658734.8999999994,A,wheatenter,I,enter,5620,1,16549.599999999627,642185.2999999998,9084,WL,C,14.0
5,60.16700005531311,learn,60000.0,Fri Jul 24 2026 10:41:31 GMT-0400 (Eastern Daylight Time),666701.7999999998,A,f,I,f,7958,1,7966.5,658735.2999999998,9084,WL,C,15.0
6,0.41700005531311035,distr,59582.99994468689,Fri Jul 24 2026 10:41:31 GMT-0400 (Eastern Daylight Time),738785.5,B,s,I,s,403,1,416.40000000037253,738369.0999999996,9084,WL,C,1.0
6,0.75,distr,59250.0,Fri Jul 24 2026 10:41:31 GMT-0400 (Eastern Daylight Time),739118.7999999998,B,sk,I,k,312,1,749.7000000001863,738369.0999999996,9084,WL,C,1.0
6,0.9830000400543213,distr,59016.99995994568,Fri Jul 24 2026 10:41:31 GMT-0400 (Eastern Daylight Time),739352.0999999996,B,sky,I,y,221,1,983.0,738369.0999999996,9084,WL,C,1.0
6,1.3659999370574951,distr,58634.000062942505,Fri Jul 24 2026 10:41:31 GMT-0400 (Eastern Daylight Time),739735.0,B,skyenter,I,enter,362,1,1365.9000000003725,738369.0999999996,9084,WL,C,1.0
6,1.7170000076293945,distr,58282.999992370605,Fri Jul 24 2026 10:41:31 GMT-0400 (Eastern Daylight Time),740085.5,B,m,I,m,335,1,350.20000000018626,739735.2999999998,9084,WL,C,2.0
6,1.9839999675750732,distr,58016.00003242493,Fri Jul 24 2026 10:41:31 GMT-0400 (Eastern Daylight Time),740352.2000000002,B,mo,I,o,242,1,616.9000000003725,739735.2999999998,9084,WL,C,2.0
6,2.0829999446868896,distr,57917.00005531311,Fri Jul 24 2026 10:41:31 GMT-0400 (Eastern Daylight Time),740452.0999999996,B,mon,I,n,81,1,716.7999999998137,739735.2999999998,9084,WL,C,2.0
6,3.4670000076293945,distr,56532.999992370605,Fri Jul 24 2026 10:41:31 GMT-0400 (Eastern Daylight Time),741835.3999999994,B,mone,I,e,1358,1,2100.0999999996275,739735.2999999998,9084,WL,C,2.0
6,3.7330000400543213,distr,56266.99995994568,Fri Jul 24 2026 10:41:31 GMT-0400 (Eastern Daylight Time),742102.0999999996,B,money,I,y,245,1,2366.7999999998137,739735.2999999998,9084,WL,C,2.0
6,4.766000032424927,distr,55233.99996757507,Fri Jul 24 2026 10:41:31 GMT-0400 (Eastern Daylight Time),743135.0,B,moneyenter,I,enter,1010,1,3399.7000000001863,739735.2999999998,9084,WL,C,2.0
6,8.08299994468689,distr,51917.00005531311,Fri Jul 24 2026 10:41:31 GMT-0400 (Eastern Daylight Time),746452.0999999996,B,d,I,d,3303,1,3316.7999999998137,743135.2999999998,9084,WL,C,3.0
6,8.233000040054321,distr,51766.99995994568,Fri Jul 24 2026 10:41:31 GMT-0400 (Eastern Daylight Time),746602.2000000002,B,di,I,i,125,1,3466.9000000003725,743135.2999999998,9084,WL,C,3.0
6,8.349999904632568,distr,51650.00009536743,Fri Jul 24 2026 10:41:31 GMT-0400 (Eastern Daylight Time),746718.7999999998,B,dia,I,a,105,1,3583.5,743135.2999999998,9084,WL,C,3.0
6,8.532999992370605,distr,51467.000007629395,Fri Jul 24 2026 10:41:31 GMT-0400 (Eastern Daylight Time),746902.0999999996,B,diam,I,m,166,1,3766.7999999998137,743135.2999999998,9084,WL,C,3.0
6,8.816999912261963,distr,51183.00008773804,Fri Jul 24 2026 10:41:31 GMT-0400 (Eastern Daylight Time),747185.5,B,diamo,I,o,259,1,4050.2000000001863,743135.2999999998,9084,WL,C,3.0
6,8.899999856948853,distr,51100.00014305115,Fri Jul 24 2026 10:41:31 GMT-0400 (Eastern Daylight Time),747268.5,B,diamon,I,n,64,1,4133.200000000186,743135.2999999998,9084,WL,C,3.0
6,9.532999992370605,distr,50467.000007629395,Fri Jul 24 2026 10:41:31 GMT-0400 (Eastern Daylight Time),747902.2000000002,B,diamond,I,d,615,1,4766.9000000003725,743135.2999999998,9084,WL,C,3.0
6,10.766000032424927,distr,49233.99996757507,Fri Jul 24 2026 10:41:31 GMT-0400 (Eastern Daylight Time),749135.0999999996,B,diamondenter,I,enter,1218,1,5999.799999999814,743135.2999999998,9084,WL,C,3.0
6,12.932999849319458,distr,47067.00015068054,Fri Jul 24 2026 10:41:31 GMT-0400 (Eastern Daylight Time),751302.0,B,w,I,w,2158,1,2166.600000000559,749135.3999999994,9084,WL,C,4.0
6,13.049999952316284,distr,46950.000047683716,Fri Jul 24 2026 10:41:31 GMT-0400 (Eastern Daylight Time),751418.7999999998,B,wi,I,i,92,1,2283.4000000003725,749135.3999999994,9084,WL,C,4.0
6,13.132999897003174,distr,46867.000102996826,Fri Jul 24 2026 10:41:31 GMT-0400 (Eastern Daylight Time),751502.0,B,win,I,n,70,1,2366.600000000559,749135.3999999994,9084,WL,C,4.0
6,13.25,distr,46750.0,Fri Jul 24 2026 10:41:31 GMT-0400 (Eastern Daylight Time),751618.8999999994,B,wint,I,t,100,1,2483.5,749135.3999999994,9084,WL,C,4.0
6,13.349999904632568,distr,46650.00009536743,Fri Jul 24 2026 10:41:31 GMT-0400 (Eastern Daylight Time),751718.7999999998,B,winte,I,e,86,1,2583.4000000003725,749135.3999999994,9084,WL,C,4.0
6,13.483000040054321,distr,46516.99995994568,Fri Jul 24 2026 10:41:31 GMT-0400 (Eastern Daylight Time),751852.2000000002,B,winter,I,r,107,1,2716.800000000745,749135.3999999994,9084,WL,C,4.0
6,13.932999849319458,distr,46067.00015068054,Fri Jul 24 2026 10:41:31 GMT-0400 (Eastern Daylight Time),752301.5999999996,B,winterenter,I,enter,437,1,3166.2000000001863,749135.3999999994,9084,WL,C,4.0
6,14.700000047683716,distr,45299.999952316284,Fri Jul 24 2026 10:41:31 GMT-0400 (Eastern Daylight Time),753068.7999999998,B,c,I,c,751,1,766.9000000003725,752301.8999999994,9084,WL,C,5.0
6,14.782999992370605,distr,45217.000007629395,Fri Jul 24 2026 10:41:31 GMT-0400 (Eastern Daylight Time),753152.0,B,ch,I,h,69,1,850.1000000005588,752301.8999999994,9084,WL,C,5.0
6,15.033999919891357,distr,44966.00008010864,Fri Jul 24 2026 10:41:31 GMT-0400 (Eastern Daylight Time),753402.2000000002,B,chr,I,r,225,1,1100.300000000745,752301.8999999994,9084,WL,C,5.0
6,15.217000007629395,distr,44782.999992370605,Fri Jul 24 2026 10:41:31 GMT-0400 (Eastern Daylight Time),753585.3999999994,B,chri,I,i,160,1,1283.5,752301.8999999994,9084,WL,C,5.0
6,15.282999992370605,distr,44717.000007629395,Fri Jul 24 2026 10:41:31 GMT-0400 (Eastern Daylight Time),753651.8999999994,B,chris,I,s,49,1,1350.0,752301.8999999994,9084,WL,C,5.0
6,15.483000040054321,distr,44516.99995994568,Fri Jul 24 2026 10:41:31 GMT-0400 (Eastern Daylight Time),753852.0999999996,B,christ,I,t,177,1,1550.2000000001863,752301.8999999994,9084,WL,C,5.0
6,15.91599988937378,distr,44084.00011062622,Fri Jul 24 2026 10:41:31 GMT-0400 (Eastern Daylight Time),754285.0999999996,B,christm,I,m,422,1,1983.2000000001863,752301.8999999994,9084,WL,C,5.0
6,16.08299994468689,distr,43917.00005531311,Fri Jul 24 2026 10:41:31 GMT-0400 (Eastern Daylight Time),754452.0999999996,B,christma,I,a,141,1,2150.2000000001863,752301.8999999994,9084,WL,C,5.0
6,16.282999992370605,distr,43717.000007629395,Fri Jul 24 2026 10:41:31 GMT-0400 (Eastern Daylight Time),754652.0999999996,B,christmas,I,s,182,1,2350.2000000001863,752301.8999999994,9084,WL,C,5.0
6,16.882999897003174,distr,43117.000102996826,Fri Jul 24 2026 10:41:31 GMT-0400 (Eastern Daylight Time),755251.8999999994,B,christmasenter,I,enter,590,1,2950.0,752301.8999999994,9084,WL,C,5.0
6,20.200000047683716,distr,39799.999952316284,Fri Jul 24 2026 10:41:31 GMT-0400 (Eastern Daylight Time),758568.7999999998,B,f,I,f,3297,1,3316.7000000001863,755252.0999999996,9084,WL,C,6.0
6,20.366999864578247,distr,39633.00013542175,Fri Jul 24 2026 10:41:31 GMT-0400 (Eastern Daylight Time),758735.3999999994,B,fo,I,o,153,1,3483.2999999998137,755252.0999999996,9084,WL,C,6.0
6,20.532999992370605,distr,39467.000007629395,Fri Jul 24 2026 10:41:31 GMT-0400 (Eastern Daylight Time),758902.2000000002,B,for,I,r,155,1,3650.100000000559,755252.0999999996,9084,WL,C,6.0
6,20.682999849319458,distr,39317.00015068054,Fri Jul 24 2026 10:41:31 GMT-0400 (Eastern Daylight Time),759052.2000000002,B,fore,I,e,113,1,3800.100000000559,755252.0999999996,9084,WL,C,6.0
6,20.899999856948853,distr,39100.00014305115,Fri Jul 24 2026 10:41:31 GMT-0400 (Eastern Daylight Time),759268.7999999998,B,fores,I,s,198,1,4016.7000000001863,755252.0999999996,9084,WL,C,6.0
6,21.116999864578247,distr,38883.00013542175,Fri Jul 24 2026 10:41:31 GMT-0400 (Eastern Daylight Time),759485.3999999994,B,forest,I,t,188,1,4233.299999999814,755252.0999999996,9084,WL,C,6.0
6,21.899999856948853,distr,38100.00014305115,Fri Jul 24 2026 10:41:31 GMT-0400 (Eastern Daylight Time),760268.2999999998,B,forestenter,I,enter,764,1,5016.200000000186,755252.0999999996,9084,WL,C,6.0
6,22.967000007629395,distr,37032.999992370605,Fri Jul 24 2026 10:41:31 GMT-0400 (Eastern Daylight Time),761335.2000000002,B,m,I,m,1049,1,1066.5,760268.7000000002,9084,WL,C,7.0
6,23.09999990463257,distr,36900.00009536743,Fri Jul 24 2026 10:41:31 GMT-0400 (Eastern Daylight Time),761468.7000000002,B,mo,I,o,122,1,1200.0,760268.7000000002,9084,WL,C,7.0
6,23.217000007629395,distr,36782.999992370605,Fri Jul 24 2026 10:41:31 GMT-0400 (Eastern Daylight Time),761585.5,B,mon,I,n,85,1,1316.7999999998137,760268.7000000002,9084,WL,C,7.0
6,23.366999864578247,distr,36633.00013542175,Fri Jul 24 2026 10:41:31 GMT-0400 (Eastern Daylight Time),761735.5,B,mone,I,e,135,1,1466.7999999998137,760268.7000000002,9084,WL,C,7.0
6,23.51799988746643,distr,36482.00011253357,Fri Jul 24 2026 10:41:31 GMT-0400 (Eastern Daylight Time),761886.5,B,money,I,y,139,1,1617.7999999998137,760268.7000000002,9084,WL,C,7.0
6,25.56599998474121,distr,34434.00001525879,Fri Jul 24 2026 10:41:31 GMT-0400 (Eastern Daylight Time),763935.0999999996,B,moneyenter,I,enter,2036,1,3666.399999999441,760268.7000000002,9084,WL,C,7.0
6,60.01699995994568,distr,-16.99995994567871,Fri Jul 24 2026 10:41:31 GMT-0400 (Eastern Daylight Time),798385.8999999994,B,None,I,None,34443,1,34450.59999999963,763935.2999999998,9084,WL,C,8.0
7,12.182999849319458,immed,47817.00015068054,Fri Jul 24 2026 10:41:31 GMT-0400 (Eastern Daylight Time),815719.0,A,c,I,c,12161,1,12183.0,803536.0,9084,WL,C,1.0
7,12.282999992370605,immed,47717.000007629395,Fri Jul 24 2026 10:41:31 GMT-0400 (Eastern Daylight Time),815818.7999999998,A,ch,I,h,83,1,12282.799999999814,803536.0,9084,WL,C,1.0
7,12.432999849319458,immed,47567.00015068054,Fri Jul 24 2026 10:41:31 GMT-0400 (Eastern Daylight Time),815968.8999999994,A,chr,I,r,128,1,12432.899999999441,803536.0,9084,WL,C,1.0
7,12.599999904632568,immed,47400.00009536743,Fri Jul 24 2026 10:41:31 GMT-0400 (Eastern Daylight Time),816135.5999999996,A,chri,I,i,140,1,12599.599999999627,803536.0,9084,WL,C,1.0
7,12.632999897003174,immed,47367.000102996826,Fri Jul 24 2026 10:41:31 GMT-0400 (Eastern Daylight Time),816168.2999999998,A,chris,I,s,11,1,12632.299999999814,803536.0,9084,WL,C,1.0
7,12.782999992370605,immed,47217.000007629395,Fri Jul 24 2026 10:41:31 GMT-0400 (Eastern Daylight Time),816318.8999999994,A,christ,I,t,130,1,12782.899999999441,803536.0,9084,WL,C,1.0
7,13.532999992370605,immed,46467.000007629395,Fri Jul 24 2026 10:41:31 GMT-0400 (Eastern Daylight Time),817068.7999999998,A,chris,I,backspace,730,1,13532.799999999814,803536.0,9084,WL,C,1.0
7,13.75,immed,46250.0,Fri Jul 24 2026 10:41:31 GMT-0400 (Eastern Daylight Time),817285.5999999996,A,chri,I,backspace,199,1,13749.599999999627,803536.0,9084,WL,C,1.0
7,13.932999849319458,immed,46067.00015068054,Fri Jul 24 2026 10:41:31 GMT-0400 (Eastern Daylight Time),817468.8999999994,A,chr,I,backspace,146,1,13932.899999999441,803536.0,9084,WL,C,1.0
7,16.232999801635742,immed,43767.00019836426,Fri Jul 24 2026 10:41:31 GMT-0400 (Eastern Daylight Time),819768.8999999994,A,ch,I,backspace,2283,1,16232.899999999441,803536.0,9084,WL,C,1.0
7,18.83299994468689,immed,41167.00005531311,Fri Jul 24 2026 10:41:31 GMT-0400 (Eastern Daylight Time),822368.8999999994,A,c,I,backspace,2585,1,18832.89999999944,803536.0,9084,WL,C,1.0
7,19.265999794006348,immed,40734.00020599365,Fri Jul 24 2026 10:41:31 GMT-0400 (Eastern Daylight Time),822802.2000000002,A,,I,backspace,409,1,19266.200000000186,803536.0,9084,WL,C,1.0
7,29.91599988937378,immed,30084.00011062622,Fri Jul 24 2026 10:41:31 GMT-0400 (Eastern Daylight Time),833452.2000000002,A,f,I,f,10623,1,29916.200000000186,803536.0,9084,WL,C,1.0
7,30.449999809265137,immed,29550.000190734863,Fri Jul 24 2026 10:41:31 GMT-0400 (Eastern Daylight Time),833985.5,A,fl,I,l,517,1,30449.5,803536.0,9084,WL,C,1.0
7,30.59999990463257,immed,29400.00009536743,Fri Jul 24 2026 10:41:31 GMT-0400 (Eastern Daylight Time),834135.5,A,fla,I,a,129,1,30599.5,803536.0,9084,WL,C,1.0
7,30.750999927520752,immed,29249.000072479248,Fri Jul 24 2026 10:41:31 GMT-0400 (Eastern Daylight Time),834286.5,A,flag,I,g,139,1,30750.5,803536.0,9084,WL,C,1.0
7,31.198999881744385,immed,28801.000118255615,Fri Jul 24 2026 10:41:31 GMT-0400 (Eastern Daylight Time),834735.0999999996,A,flagenter,I,enter,435,1,31199.099999999627,803536.0,9084,WL,C,1.0
7,32.84999990463257,immed,27150.00009536743,Fri Jul 24 2026 10:41:31 GMT-0400 (Eastern Daylight Time),836385.5,A,q,I,q,1630,1,1650.0,834735.5,9084,WL,C,2.0
7,33.0,immed,27000.0,Fri Jul 24 2026 10:41:31 GMT-0400 (Eastern Daylight Time),836535.3999999994,A,qu,I,u,136,1,1799.8999999994412,834735.5,9084,WL,C,2.0
7,33.532999992370605,immed,26467.000007629395,Fri Jul 24 2026 10:41:31 GMT-0400 (Eastern Daylight Time),837068.7999999998,A,que,I,e,522,1,2333.2999999998137,834735.5,9084,WL,C,2.0
7,33.71599984169006,immed,26284.000158309937,Fri Jul 24 2026 10:41:31 GMT-0400 (Eastern Daylight Time),837252.2000000002,A,quee,I,e,166,1,2516.7000000001863,834735.5,9084,WL,C,2.0
7,33.882999897003174,immed,26117.000102996826,Fri Jul 24 2026 10:41:31 GMT-0400 (Eastern Daylight Time),837418.7999999998,A,queen,I,n,150,1,2683.2999999998137,834735.5,9084,WL,C,2.0
7,34.31599998474121,immed,25684.00001525879,Fri Jul 24 2026 10:41:31 GMT-0400 (Eastern Daylight Time),837851.7999999998,A,queenenter,I,enter,400,1,3116.2999999998137,834735.5,9084,WL,C,2.0
7,35.19999980926514,immed,24800.000190734863,Fri Jul 24 2026 10:41:31 GMT-0400 (Eastern Daylight Time),838735.2999999998,A,t,I,t,866,1,883.2000000001863,837852.0999999996,9084,WL,C,3.0
7,35.39999985694885,immed,24600.000143051147,Fri Jul 24 2026 10:41:31 GMT-0400 (Eastern Daylight Time),838935.7000000002,A,to,I,o,176,1,1083.6000000005588,837852.0999999996,9084,WL,C,3.0
7,35.56599998474121,immed,24434.00001525879,Fri Jul 24 2026 10:41:31 GMT-0400 (Eastern Daylight Time),839102.0999999996,A,tow,I,w,153,1,1250.0,837852.0999999996,9084,WL,C,3.0
7,35.782999992370605,immed,24217.000007629395,Fri Jul 24 2026 10:41:31 GMT-0400 (Eastern Daylight Time),839318.7999999998,A,towe,I,e,187,1,1466.7000000001863,837852.0999999996,9084,WL,C,3.0
7,35.882999897003174,immed,24117.000102996826,Fri Jul 24 2026 10:41:31 GMT-0400 (Eastern Daylight Time),839418.7999999998,A,tower,I,r,75,1,1566.7000000001863,837852.0999999996,9084,WL,C,3.0
7,36.31599998474121,immed,23684.00001525879,Fri Jul 24 2026 10:41:31 GMT-0400 (Eastern Daylight Time),839851.7000000002,A,towerenter,I,enter,416,1,1999.6000000005588,837852.0999999996,9084,WL,C,3.0
7,36.83299994468689,immed,23167.00005531311,Fri Jul 24 2026 10:41:31 GMT-0400 (Eastern Daylight Time),840368.8999999994,A,l,I,l,506,1,516.7999999998137,839852.0999999996,9084,WL,C,4.0
7,36.96599984169006,immed,23034.000158309937,Fri Jul 24 2026 10:41:31 GMT-0400 (Eastern Daylight Time),840502.0,A,le,I,e,121,1,649.9000000003725,839852.0999999996,9084,WL,C,4.0
7,37.18299984931946,immed,22817.000150680542,Fri Jul 24 2026 10:41:31 GMT-0400 (Eastern Daylight Time),840718.7999999998,A,let,I,t,193,1,866.7000000001863,839852.0999999996,9084,WL,C,4.0
7,37.382999897003174,immed,22617.000102996826,Fri Jul 24 2026 10:41:31 GMT-0400 (Eastern Daylight Time),840918.8999999994,A,lett,I,t,171,1,1066.7999999998137,839852.0999999996,9084,WL,C,4.0
7,37.51599979400635,immed,22484.000205993652,Fri Jul 24 2026 10:41:31 GMT-0400 (Eastern Daylight Time),841052.2000000002,A,lette,I,e,107,1,1200.1000000005588,839852.0999999996,9084,WL,C,4.0
7,37.64999985694885,immed,22350.000143051147,Fri Jul 24 2026 10:41:31 GMT-0400 (Eastern Daylight Time),841185.5,A,letter,I,r,117,1,1333.4000000003725,839852.0999999996,9084,WL,C,4.0
7,38.28399991989136,immed,21716.000080108643,Fri Jul 24 2026 10:41:31 GMT-0400 (Eastern Daylight Time),841819.5999999996,A,letterenter,I,enter,609,1,1967.5,839852.0999999996,9084,WL,C,4.0
7,38.56599998474121,immed,21434.00001525879,Fri Jul 24 2026 10:41:31 GMT-0400 (Eastern Daylight Time),842102.0999999996,A,c,I,c,274,1,282.20000000018626,841819.8999999994,9084,WL,C,5.0
7,38.76599979400635,immed,21234.000205993652,Fri Jul 24 2026 10:41:31 GMT-0400 (Eastern Daylight Time),842302.2000000002,A,ca,I,a,188,1,482.30000000074506,841819.8999999994,9084,WL,C,5.0
7,38.94999980926514,immed,21050.000190734863,Fri Jul 24 2026 10:41:31 GMT-0400 (Eastern Daylight Time),842485.5999999996,A,cam,I,m,153,1,665.7000000001863,841819.8999999994,9084,WL,C,5.0
7,39.09999990463257,immed,20900.00009536743,Fri Jul 24 2026 10:41:31 GMT-0400 (Eastern Daylight Time),842635.5999999996,A,camp,I,p,125,1,815.7000000001863,841819.8999999994,9084,WL,C,5.0
7,39.632999897003174,immed,20367.000102996826,Fri Jul 24 2026 10:41:31 GMT-0400 (Eastern Daylight Time),843168.3999999994,A,campenter,I,enter,519,1,1348.5,841819.8999999994,9084,WL,C,5.0
7,40.01599979400635,immed,19984.000205993652,Fri Jul 24 2026 10:41:31 GMT-0400 (Eastern Daylight Time),843552.2999999998,A,b,I,b,365,1,383.5,843168.7999999998,9084,WL,C,6.0
7,40.35099983215332,immed,19649.00016784668,Fri Jul 24 2026 10:41:31 GMT-0400 (Eastern Daylight Time),843886.3999999994,A,bo,I,o,322,1,717.5999999996275,843168.7999999998,9084,WL,C,6.0
7,40.549999952316284,immed,19450.000047683716,Fri Jul 24 2026 10:41:31 GMT-0400 (Eastern Daylight Time),844085.5,A,bod,I,d,180,1,916.7000000001863,843168.7999999998,9084,WL,C,6.0
7,40.68299984931946,immed,19317.000150680542,Fri Jul 24 2026 10:41:31 GMT-0400 (Eastern Daylight Time),844218.8999999994,A,body,I,y,107,1,1050.0999999996275,843168.7999999998,9084,WL,C,6.0
7,41.01599979400635,immed,18984.000205993652,Fri Jul 24 2026 10:41:31 GMT-0400 (Eastern Daylight Time),844551.7999999998,A,bodyenter,I,enter,302,1,1383.0,843168.7999999998,9084,WL,C,6.0
7,41.41599988937378,immed,18584.00011062622,Fri Jul 24 2026 10:41:31 GMT-0400 (Eastern Daylight Time),844952.2000000002,A,b,I,b,390,1,400.20000000018626,844552.0,9084,WL,C,7.0
7,41.64999985694885,immed,18350.000143051147,Fri Jul 24 2026 10:41:31 GMT-0400 (Eastern Daylight Time),845185.5,A,bo,I,o,210,1,633.5,844552.0,9084,WL,C,7.0
7,42.132999897003174,immed,17867.000102996826,Fri Jul 24 2026 10:41:31 GMT-0400 (Eastern Daylight Time),845668.8999999994,A,boy,I,y,472,1,1116.8999999994412,844552.0,9084,WL,C,7.0
7,42.54899978637695,immed,17451.000213623047,Fri Jul 24 2026 10:41:31 GMT-0400 (Eastern Daylight Time),846085.0999999996,A,boyenter,I,enter,397,1,1533.0999999996275,844552.0,9084,WL,C,7.0
7,43.16599988937378,immed,16834.00011062622,Fri Jul 24 2026 10:41:31 GMT-0400 (Eastern Daylight Time),846702.0999999996,A,d,I,d,609,1,616.7000000001863,846085.3999999994,9084,WL,C,8.0
7,43.299999952316284,immed,16700.000047683716,Fri Jul 24 2026 10:41:31 GMT-0400 (Eastern Daylight Time),846835.5999999996,A,do,I,o,105,1,750.2000000001863,846085.3999999994,9084,WL,C,8.0
7,43.41599988937378,immed,16584.00011062622,Fri Jul 24 2026 10:41:31 GMT-0400 (Eastern Daylight Time),846952.2000000002,A,doc,I,c,94,1,866.8000000007451,846085.3999999994,9084,WL,C,8.0
7,43.64999985694885,immed,16350.000143051147,Fri Jul 24 2026 10:41:31 GMT-0400 (Eastern Daylight Time),847185.5,A,doct,I,t,211,1,1100.1000000005588,846085.3999999994,9084,WL,C,8.0
7,43.84999990463257,immed,16150.000095367432,Fri Jul 24 2026 10:41:31 GMT-0400 (Eastern Daylight Time),847385.5999999996,A,docto,I,o,185,1,1300.2000000001863,846085.3999999994,9084,WL,C,8.0
7,43.93299984931946,immed,16067.000150680542,Fri Jul 24 2026 10:41:31 GMT-0400 (Eastern Daylight Time),847468.7000000002,A,doctor,I,r,73,1,1383.300000000745,846085.3999999994,9084,WL,C,8.0
7,44.698999881744385,immed,15301.000118255615,Fri Jul 24 2026 10:41:31 GMT-0400 (Eastern Daylight Time),848235.0,A,doctorenter,I,enter,741,1,2149.600000000559,846085.3999999994,9084,WL,C,8.0
7,46.73299980163574,immed,13267.000198364258,Fri Jul 24 2026 10:41:31 GMT-0400 (Eastern Daylight Time),850268.8999999994,A,s,I,s,2018,1,2033.5,848235.3999999994,9084,WL,C,9.0
7,47.31699991226196,immed,12683.000087738037,Fri Jul 24 2026 10:41:31 GMT-0400 (Eastern Daylight Time),850852.2000000002,A,sh,I,h,563,1,2616.800000000745,848235.3999999994,9084,WL,C,9.0
7,47.44999980926514,immed,12550.000190734863,Fri Jul 24 2026 10:41:31 GMT-0400 (Eastern Daylight Time),850985.5999999996,A,sho,I,o,118,1,2750.2000000001863,848235.3999999994,9084,WL,C,9.0
7,47.550999879837036,immed,12449.000120162964,Fri Jul 24 2026 10:41:31 GMT-0400 (Eastern Daylight Time),851086.2999999998,A,shor,I,r,79,1,2850.9000000003725,848235.3999999994,9084,WL,C,9.0
7,47.782999992370605,immed,12217.000007629395,Fri Jul 24 2026 10:41:31 GMT-0400 (Eastern Daylight Time),851318.7999999998,A,shore,I,e,217,1,3083.4000000003725,848235.3999999994,9084,WL,C,9.0
7,48.16599988937378,immed,11834.00011062622,Fri Jul 24 2026 10:41:31 GMT-0400 (Eastern Daylight Time),851701.7999999998,A,shoreenter,I,enter,370,1,3466.4000000003725,848235.3999999994,9084,WL,C,9.0
7,48.84999990463257,immed,11150.000095367432,Fri Jul 24 2026 10:41:31 GMT-0400 (Eastern Daylight Time),852385.5,A,c,I,c,664,1,683.4000000003725,851702.0999999996,9084,WL,C,10.0
7,49.01699995994568,immed,10983.000040054321,Fri Jul 24 2026 10:41:31 GMT-0400 (Eastern Daylight Time),852552.2000000002,A,co,I,o,152,1,850.1000000005588,851702.0999999996,9084,WL,C,10.0
7,49.23299980163574,immed,10767.000198364258,Fri Jul 24 2026 10:41:31 GMT-0400 (Eastern Daylight Time),852769.0,A,cor,I,r,191,1,1066.9000000003725,851702.0999999996,9084,WL,C,10.0
7,49.43299984931946,immed,10567.000150680542,Fri Jul 24 2026 10:41:31 GMT-0400 (Eastern Daylight Time),852968.7999999998,A,corn,I,n,177,1,1266.7000000001863,851702.0999999996,9084,WL,C,10.0
7,49.848999977111816,immed,10151.000022888184,Fri Jul 24 2026 10:41:31 GMT-0400 (Eastern Daylight Time),853385.0999999996,A,cornenter,I,enter,392,1,1683.0,851702.0999999996,9084,WL,C,10.0
7,50.19999980926514,immed,9800.000190734863,Fri Jul 24 2026 10:41:31 GMT-0400 (Eastern Daylight Time),853735.3999999994,A,s,I,s,341,1,350.0,853385.3999999994,9084,WL,C,11.0
7,50.43299984931946,immed,9567.000150680542,Fri Jul 24 2026 10:41:31 GMT-0400 (Eastern Daylight Time),853969.0,A,su,I,u,217,1,583.6000000005588,853385.3999999994,9084,WL,C,11.0
7,50.58299994468689,immed,9417.00005531311,Fri Jul 24 2026 10:41:31 GMT-0400 (Eastern Daylight Time),854118.7999999998,A,sug,I,g,128,1,733.4000000003725,853385.3999999994,9084,WL,C,11.0
7,50.799999952316284,immed,9200.000047683716,Fri Jul 24 2026 10:41:31 GMT-0400 (Eastern Daylight Time),854335.5,A,suga,I,a,196,1,950.1000000005588,853385.3999999994,9084,WL,C,11.0
7,50.91599988937378,immed,9084.00011062622,Fri Jul 24 2026 10:41:31 GMT-0400 (Eastern Daylight Time),854452.0,A,sugar,I,r,98,1,1066.6000000005588,853385.3999999994,9084,WL,C,11.0
7,51.632999897003174,immed,8367.000102996826,Fri Jul 24 2026 10:41:31 GMT-0400 (Eastern Daylight Time),855168.5,A,sugarenter,I,enter,695,1,1783.1000000005588,853385.3999999994,9084,WL,C,11.0
7,51.96599984169006,immed,8034.0001583099365,Fri Jul 24 2026 10:41:31 GMT-0400 (Eastern Daylight Time),855502.0,A,w,I,w,324,1,333.29999999981374,855168.7000000002,9084,WL,C,12.0
7,52.09999990463257,immed,7900.000095367432,Fri Jul 24 2026 10:41:31 GMT-0400 (Eastern Daylight Time),855635.5999999996,A,wh,I,h,116,1,466.8999999994412,855168.7000000002,9084,WL,C,12.0
7,52.382999897003174,immed,7617.000102996826,Fri Jul 24 2026 10:41:31 GMT-0400 (Eastern Daylight Time),855918.7999999998,A,whe,I,e,262,1,750.0999999996275,855168.7000000002,9084,WL,C,12.0
7,52.717000007629395,immed,7282.9999923706055,Fri Jul 24 2026 10:41:31 GMT-0400 (Eastern Daylight Time),856252.2999999998,A,whea,I,a,306,1,1083.5999999996275,855168.7000000002,9084,WL,C,12.0
7,52.882999897003174,immed,7117.000102996826,Fri Jul 24 2026 10:41:31 GMT-0400 (Eastern Daylight Time),856418.8999999994,A,wheat,I,t,142,1,1250.199999999255,855168.7000000002,9084,WL,C,12.0
7,53.29899978637695,immed,6701.000213623047,Fri Jul 24 2026 10:41:31 GMT-0400 (Eastern Daylight Time),856835.0999999996,A,wheatenter,I,enter,391,1,1666.3999999994412,855168.7000000002,9084,WL,C,12.0
7,53.66699981689453,immed,6333.000183105469,Fri Jul 24 2026 10:41:31 GMT-0400 (Eastern Daylight Time),857202.2999999998,A,h,I,h,347,1,366.90000000037253,856835.3999999994,9084,WL,C,13.0
7,53.799999952316284,immed,6200.000047683716,Fri Jul 24 2026 10:41:31 GMT-0400 (Eastern Daylight Time),857335.7000000002,A,ho,I,o,111,1,500.30000000074506,856835.3999999994,9084,WL,C,13.0
7,53.94999980926514,immed,6050.000190734863,Fri Jul 24 2026 10:41:31 GMT-0400 (Eastern Daylight Time),857485.5999999996,A,hom,I,m,122,1,650.2000000001863,856835.3999999994,9084,WL,C,13.0
7,54.16599988937378,immed,5834.000110626221,Fri Jul 24 2026 10:41:31 GMT-0400 (Eastern Daylight Time),857702.0999999996,A,home,I,e,195,1,866.7000000001863,856835.3999999994,9084,WL,C,13.0
7,54.81599998474121,immed,5184.000015258789,Fri Jul 24 2026 10:41:31 GMT-0400 (Eastern Daylight Time),858351.7999999998,A,homeenter,I,enter,627,1,1516.4000000003725,856835.3999999994,9084,WL,C,13.0
7,55.11699986457825,immed,4883.000135421753,Fri Jul 24 2026 10:41:31 GMT-0400 (Eastern Daylight Time),858652.2999999998,A,n,I,n,278,1,300.29999999981374,858352.0,9084,WL,C,14.0
7,55.25,immed,4750.0,Fri Jul 24 2026 10:41:31 GMT-0400 (Eastern Daylight Time),858785.5999999996,A,na,I,a,110,1,433.59999999962747,858352.0,9084,WL,C,14.0
7,55.39999985694885,immed,4600.0001430511475,Fri Jul 24 2026 10:41:31 GMT-0400 (Eastern Daylight Time),858935.5,A,nai,I,i,136,1,583.5,858352.0,9084,WL,C,14.0
7,55.632999897003174,immed,4367.000102996826,Fri Jul 24 2026 10:41:31 GMT-0400 (Eastern Daylight Time),859168.8999999994,A,nail,I,l,211,1,816.8999999994412,858352.0,9084,WL,C,14.0
7,56.08299994468689,immed,3917.0000553131104,Fri Jul 24 2026 10:41:31 GMT-0400 (Eastern Daylight Time),859618.3999999994,A,nailenter,I,enter,426,1,1266.3999999994412,858352.0,9084,WL,C,14.0
7,60.01699995994568,immed,-16.99995994567871,Fri Jul 24 2026 10:41:31 GMT-0400 (Eastern Daylight Time),863552.2999999998,A,None,I,None,3927,1,3933.5,859618.7999999998,9084,WL,C,15.0
