block_c,block_dur,condition,countdown,datetime,endtime,list,multichar_response,project,response,response_time,session_number,start_end,starttime,subject_id,task,task_vers,trial
,,,,Thu Jul 30 2026 15:47:32 GMT-0500 (Central Daylight Time),,,,I,space,1078,1,,,8138,WL,A,
prac,,0,,Thu Jul 30 2026 15:47:32 GMT-0500 (Central Daylight Time),,NA,b,I,b,6947,1,,,8138,WL,A,1.0
prac,,0,,Thu Jul 30 2026 15:47:32 GMT-0500 (Central Daylight Time),,NA,bo,I,o,1446,1,,,8138,WL,A,1.0
prac,,0,,Thu Jul 30 2026 15:47:32 GMT-0500 (Central Daylight Time),,NA,boo,I,o,143,1,,,8138,WL,A,1.0
prac,,0,,Thu Jul 30 2026 15:47:32 GMT-0500 (Central Daylight Time),,NA,boos,I,s,153,1,,,8138,WL,A,1.0
prac,,0,,Thu Jul 30 2026 15:47:32 GMT-0500 (Central Daylight Time),,NA,boost,I,t,107,1,,,8138,WL,A,1.0
prac,,0,,Thu Jul 30 2026 15:47:32 GMT-0500 (Central Daylight Time),,NA,boostenter,I,enter,2030,1,,,8138,WL,A,1.0
1,1.5160000324249268,learn,58483.99996757507,Thu Jul 30 2026 15:47:32 GMT-0500 (Central Daylight Time),146582.39999997616,A,b,I,b,1504,1,1515.3999999761581,145067.0,8138,WL,A,1.0
1,1.7980000972747803,learn,58201.99990272522,Thu Jul 30 2026 15:47:32 GMT-0500 (Central Daylight Time),146864.89999997616,A,bo,I,o,275,1,1797.8999999761581,145067.0,8138,WL,A,1.0
1,2.315000057220459,learn,57684.99994277954,Thu Jul 30 2026 15:47:32 GMT-0500 (Central Daylight Time),147381.80000001192,A,boo,I,o,505,1,2314.800000011921,145067.0,8138,WL,A,1.0
1,2.5480000972747803,learn,57451.99990272522,Thu Jul 30 2026 15:47:32 GMT-0500 (Central Daylight Time),147615.09999996424,A,book,I,k,221,1,2548.099999964237,145067.0,8138,WL,A,1.0
1,2.9149999618530273,learn,57085.00003814697,Thu Jul 30 2026 15:47:32 GMT-0500 (Central Daylight Time),147981.5,A,bookenter,I,enter,347,1,2914.5,145067.0,8138,WL,A,1.0
1,3.2810001373291016,learn,56718.9998626709,Thu Jul 30 2026 15:47:32 GMT-0500 (Central Daylight Time),148347.69999998808,A,f,I,f,356,1,365.69999998807907,147982.0,8138,WL,A,2.0
1,3.3480000495910645,learn,56651.999950408936,Thu Jul 30 2026 15:47:32 GMT-0500 (Central Daylight Time),148414.59999996424,A,fl,I,l,55,1,432.5999999642372,147982.0,8138,WL,A,2.0
1,3.5480000972747803,learn,56451.99990272522,Thu Jul 30 2026 15:47:32 GMT-0500 (Central Daylight Time),148614.80000001192,A,flo,I,o,188,1,632.8000000119209,147982.0,8138,WL,A,2.0
1,3.748000144958496,learn,56251.999855041504,Thu Jul 30 2026 15:47:32 GMT-0500 (Central Daylight Time),148814.59999996424,A,flow,I,w,188,1,832.5999999642372,147982.0,8138,WL,A,2.0
1,3.815000057220459,learn,56184.99994277954,Thu Jul 30 2026 15:47:32 GMT-0500 (Central Daylight Time),148881.30000001192,A,flowe,I,e,61,1,899.3000000119209,147982.0,8138,WL,A,2.0
1,3.8980000019073486,learn,56101.99999809265,Thu Jul 30 2026 15:47:32 GMT-0500 (Central Daylight Time),148965.09999996424,A,flower,I,r,66,1,983.0999999642372,147982.0,8138,WL,A,2.0
1,4.914000034332275,learn,55085.999965667725,Thu Jul 30 2026 15:47:32 GMT-0500 (Central Daylight Time),149981.09999996424,A,flowerenter,I,enter,999,1,1999.0999999642372,147982.0,8138,WL,A,2.0
1,5.230999946594238,learn,54769.00005340576,Thu Jul 30 2026 15:47:32 GMT-0500 (Central Daylight Time),150297.19999998808,A,t,I,t,309,1,315.60000002384186,149981.59999996424,8138,WL,A,3.0
1,5.414000034332275,learn,54585.999965667725,Thu Jul 30 2026 15:47:32 GMT-0500 (Central Daylight Time),150480.59999996424,A,tr,I,r,161,1,499.0,149981.59999996424,8138,WL,A,3.0
1,5.46399998664856,learn,54536.00001335144,Thu Jul 30 2026 15:47:32 GMT-0500 (Central Daylight Time),150530.69999998808,A,tra,I,a,42,1,549.1000000238419,149981.59999996424,8138,WL,A,3.0
1,5.630000114440918,learn,54369.99988555908,Thu Jul 30 2026 15:47:32 GMT-0500 (Central Daylight Time),150697.19999998808,A,trai,I,i,159,1,715.6000000238419,149981.59999996424,8138,WL,A,3.0
1,5.697000026702881,learn,54302.99997329712,Thu Jul 30 2026 15:47:32 GMT-0500 (Central Daylight Time),150763.69999998808,A,train,I,n,57,1,782.1000000238419,149981.59999996424,8138,WL,A,3.0
1,6.064000129699707,learn,53935.99987030029,Thu Jul 30 2026 15:47:32 GMT-0500 (Central Daylight Time),151130.59999996424,A,trainenter,I,enter,359,1,1149.0,149981.59999996424,8138,WL,A,3.0
1,6.297000169754028,learn,53702.99983024597,Thu Jul 30 2026 15:47:32 GMT-0500 (Central Daylight Time),151364.09999996424,A,m,I,m,217,1,233.0,151131.09999996424,8138,WL,A,4.0
1,6.380000114440918,learn,53619.99988555908,Thu Jul 30 2026 15:47:32 GMT-0500 (Central Daylight Time),151446.89999997616,A,me,I,e,71,1,315.80000001192093,151131.09999996424,8138,WL,A,4.0
1,6.447000026702881,learn,53552.99997329712,Thu Jul 30 2026 15:47:32 GMT-0500 (Central Daylight Time),151513.5,A,mea,I,a,59,1,382.4000000357628,151131.09999996424,8138,WL,A,4.0
1,6.630000114440918,learn,53369.99988555908,Thu Jul 30 2026 15:47:32 GMT-0500 (Central Daylight Time),151696.59999996424,A,mead,I,d,178,1,565.5,151131.09999996424,8138,WL,A,4.0
1,6.797000169754028,learn,53202.99983024597,Thu Jul 30 2026 15:47:32 GMT-0500 (Central Daylight Time),151863.39999997616,A,meado,I,o,146,1,732.3000000119209,151131.09999996424,8138,WL,A,4.0
1,6.947000026702881,learn,53052.99997329712,Thu Jul 30 2026 15:47:32 GMT-0500 (Central Daylight Time),152013.30000001192,A,meadow,I,w,131,1,882.2000000476837,151131.09999996424,8138,WL,A,4.0
1,7.4090001583099365,learn,52590.99984169006,Thu Jul 30 2026 15:47:32 GMT-0500 (Central Daylight Time),152476.0,A,meadowenter,I,enter,310,1,1344.9000000357628,151131.09999996424,8138,WL,A,4.0
1,7.513000011444092,learn,52486.99998855591,Thu Jul 30 2026 15:47:32 GMT-0500 (Central Daylight Time),152580.0,A,h,I,h,85,1,103.40000003576279,152476.59999996424,8138,WL,A,5.0
1,7.730000019073486,learn,52269.999980926514,Thu Jul 30 2026 15:47:32 GMT-0500 (Central Daylight Time),152796.59999996424,A,ha,I,a,201,1,320.0,152476.59999996424,8138,WL,A,5.0
1,7.830000162124634,learn,52169.999837875366,Thu Jul 30 2026 15:47:32 GMT-0500 (Central Daylight Time),152896.39999997616,A,har,I,r,76,1,419.80000001192093,152476.59999996424,8138,WL,A,5.0
1,8.347000122070312,learn,51652.99987792969,Thu Jul 30 2026 15:47:32 GMT-0500 (Central Daylight Time),153413.19999998808,A,harp,I,p,499,1,936.6000000238419,152476.59999996424,8138,WL,A,5.0
1,8.830000162124634,learn,51169.999837875366,Thu Jul 30 2026 15:47:32 GMT-0500 (Central Daylight Time),153896.19999998808,A,harpenter,I,enter,462,1,1419.6000000238419,152476.59999996424,8138,WL,A,5.0
1,9.11300015449524,learn,50886.99984550476,Thu Jul 30 2026 15:47:32 GMT-0500 (Central Daylight Time),154179.30000001192,A,f,I,f,266,1,282.7000000476837,153896.59999996424,8138,WL,A,6.0
1,9.163000106811523,learn,50836.99989318848,Thu Jul 30 2026 15:47:32 GMT-0500 (Central Daylight Time),154229.30000001192,A,fi,I,i,38,1,332.7000000476837,153896.59999996424,8138,WL,A,6.0
1,9.229000091552734,learn,50770.999908447266,Thu Jul 30 2026 15:47:32 GMT-0500 (Central Daylight Time),154296.09999996424,A,fin,I,n,53,1,399.5,153896.59999996424,8138,WL,A,6.0
1,9.413000106811523,learn,50586.99989318848,Thu Jul 30 2026 15:47:32 GMT-0500 (Central Daylight Time),154479.39999997616,A,fing,I,g,163,1,582.8000000119209,153896.59999996424,8138,WL,A,6.0
1,9.496000051498413,learn,50503.99994850159,Thu Jul 30 2026 15:47:32 GMT-0500 (Central Daylight Time),154562.89999997616,A,finge,I,e,76,1,666.3000000119209,153896.59999996424,8138,WL,A,6.0
1,9.595999956130981,learn,50404.00004386902,Thu Jul 30 2026 15:47:32 GMT-0500 (Central Daylight Time),154663.09999996424,A,finger,I,r,80,1,766.5,153896.59999996424,8138,WL,A,6.0
1,9.896000146865845,learn,50103.999853134155,Thu Jul 30 2026 15:47:32 GMT-0500 (Central Daylight Time),154962.69999998808,A,fingerenter,I,enter,293,1,1066.1000000238419,153896.59999996424,8138,WL,A,6.0
1,10.345999956130981,learn,49654.00004386902,Thu Jul 30 2026 15:47:32 GMT-0500 (Central Daylight Time),155412.30000001192,A,s,I,s,440,1,449.10000002384186,154963.19999998808,8138,WL,A,7.0
1,10.480000019073486,learn,49519.999980926514,Thu Jul 30 2026 15:47:32 GMT-0500 (Central Daylight Time),155546.19999998808,A,sa,I,a,120,1,583.0,154963.19999998808,8138,WL,A,7.0
1,10.61300015449524,learn,49386.99984550476,Thu Jul 30 2026 15:47:32 GMT-0500 (Central Daylight Time),155679.30000001192,A,sal,I,l,122,1,716.1000000238419,154963.19999998808,8138,WL,A,7.0
1,10.845999956130981,learn,49154.00004386902,Thu Jul 30 2026 15:47:32 GMT-0500 (Central Daylight Time),155912.59999996424,A,salt,I,t,221,1,949.3999999761581,154963.19999998808,8138,WL,A,7.0
1,11.411999940872192,learn,48588.00005912781,Thu Jul 30 2026 15:47:32 GMT-0500 (Central Daylight Time),156478.59999996424,A,saltenter,I,enter,546,1,1515.3999999761581,154963.19999998808,8138,WL,A,7.0
1,19.342999935150146,learn,40657.00006484985,Thu Jul 30 2026 15:47:32 GMT-0500 (Central Daylight Time),164409.5,A,s,I,s,7924,1,7930.600000023842,156478.89999997616,8138,WL,A,8.0
1,19.443000078201294,learn,40556.999921798706,Thu Jul 30 2026 15:47:32 GMT-0500 (Central Daylight Time),164509.5,A,sa,I,a,89,1,8030.600000023842,156478.89999997616,8138,WL,A,8.0
1,19.55900001525879,learn,40440.99998474121,Thu Jul 30 2026 15:47:32 GMT-0500 (Central Daylight Time),164626.09999996424,A,sal,I,l,109,1,8147.199999988079,156478.89999997616,8138,WL,A,8.0
1,19.7260000705719,learn,40273.9999294281,Thu Jul 30 2026 15:47:32 GMT-0500 (Central Daylight Time),164792.80000001192,A,salt,I,t,152,1,8313.900000035763,156478.89999997616,8138,WL,A,8.0
1,20.37600016593933,learn,39623.99983406067,Thu Jul 30 2026 15:47:32 GMT-0500 (Central Daylight Time),165442.80000001192,A,saltenter,I,enter,634,1,8963.900000035763,156478.89999997616,8138,WL,A,8.0
1,21.45900011062622,learn,38540.99988937378,Thu Jul 30 2026 15:47:32 GMT-0500 (Central Daylight Time),166525.89999997616,A,r,I,r,1065,1,1082.5999999642372,165443.30000001192,8138,WL,A,9.0
1,21.526000022888184,learn,38473.99997711182,Thu Jul 30 2026 15:47:32 GMT-0500 (Central Daylight Time),166592.30000001192,A,ra,I,a,54,1,1149.0,165443.30000001192,8138,WL,A,9.0
1,21.992000102996826,learn,38007.999897003174,Thu Jul 30 2026 15:47:32 GMT-0500 (Central Daylight Time),167058.59999996424,A,rat,I,t,459,1,1615.2999999523163,165443.30000001192,8138,WL,A,9.0
1,22.159000158309937,learn,37840.99984169006,Thu Jul 30 2026 15:47:32 GMT-0500 (Central Daylight Time),167225.30000001192,A,ratt,I,t,160,1,1782.0,165443.30000001192,8138,WL,A,9.0
1,22.29200005531311,learn,37707.99994468689,Thu Jul 30 2026 15:47:32 GMT-0500 (Central Daylight Time),167358.80000001192,A,rattl,I,l,113,1,1915.5,165443.30000001192,8138,WL,A,9.0
1,22.358999967575073,learn,37641.00003242493,Thu Jul 30 2026 15:47:32 GMT-0500 (Central Daylight Time),167425.39999997616,A,rattle,I,e,61,1,1982.0999999642372,165443.30000001192,8138,WL,A,9.0
1,22.610000133514404,learn,37389.999866485596,Thu Jul 30 2026 15:47:32 GMT-0500 (Central Daylight Time),167676.19999998808,A,rattleenter,I,enter,242,1,2232.899999976158,165443.30000001192,8138,WL,A,9.0
1,22.842000007629395,learn,37157.999992370605,Thu Jul 30 2026 15:47:32 GMT-0500 (Central Daylight Time),167908.39999997616,A,g,I,g,215,1,232.0,167676.39999997616,8138,WL,A,10.0
1,22.907999992370605,learn,37092.000007629395,Thu Jul 30 2026 15:47:32 GMT-0500 (Central Daylight Time),167975.0,A,go,I,o,46,1,298.60000002384186,167676.39999997616,8138,WL,A,10.0
1,23.075000047683716,learn,36924.999952316284,Thu Jul 30 2026 15:47:32 GMT-0500 (Central Daylight Time),168141.59999996424,A,gol,I,l,156,1,465.19999998807907,167676.39999997616,8138,WL,A,10.0
1,23.14199995994568,learn,36858.00004005432,Thu Jul 30 2026 15:47:32 GMT-0500 (Central Daylight Time),168208.30000001192,A,gold,I,d,54,1,531.9000000357628,167676.39999997616,8138,WL,A,10.0
1,23.375,learn,36625.0,Thu Jul 30 2026 15:47:32 GMT-0500 (Central Daylight Time),168441.5,A,goldenter,I,enter,227,1,765.1000000238419,167676.39999997616,8138,WL,A,10.0
1,23.70900011062622,learn,36290.99988937378,Thu Jul 30 2026 15:47:32 GMT-0500 (Central Daylight Time),168775.39999997616,A,b,I,b,313,1,333.69999998807907,168441.69999998808,8138,WL,A,11.0
1,23.79200005531311,learn,36207.99994468689,Thu Jul 30 2026 15:47:32 GMT-0500 (Central Daylight Time),168858.30000001192,A,bu,I,u,68,1,416.60000002384186,168441.69999998808,8138,WL,A,11.0
1,23.942000150680542,learn,36057.99984931946,Thu Jul 30 2026 15:47:32 GMT-0500 (Central Daylight Time),169008.59999996424,A,but,I,t,138,1,566.8999999761581,168441.69999998808,8138,WL,A,11.0
1,24.075000047683716,learn,35924.999952316284,Thu Jul 30 2026 15:47:32 GMT-0500 (Central Daylight Time),169141.30000001192,A,butt,I,t,115,1,699.6000000238419,168441.69999998808,8138,WL,A,11.0
1,24.174999952316284,learn,35825.000047683716,Thu Jul 30 2026 15:47:32 GMT-0500 (Central Daylight Time),169241.19999998808,A,butto,I,o,92,1,799.5,168441.69999998808,8138,WL,A,11.0
1,24.240999937057495,learn,35759.000062942505,Thu Jul 30 2026 15:47:32 GMT-0500 (Central Daylight Time),169307.89999997616,A,button,I,n,48,1,866.1999999880791,168441.69999998808,8138,WL,A,11.0
1,24.473999977111816,learn,35526.00002288818,Thu Jul 30 2026 15:47:32 GMT-0500 (Central Daylight Time),169541.0,A,buttonenter,I,enter,223,1,1099.300000011921,168441.69999998808,8138,WL,A,11.0
1,25.258000135421753,learn,34741.99986457825,Thu Jul 30 2026 15:47:32 GMT-0500 (Central Daylight Time),170324.39999997616,A,l,I,l,774,1,783.1999999880791,169541.19999998808,8138,WL,A,12.0
1,25.45799994468689,learn,34542.00005531311,Thu Jul 30 2026 15:47:32 GMT-0500 (Central Daylight Time),170524.30000001192,A,lo,I,o,190,1,983.1000000238419,169541.19999998808,8138,WL,A,12.0
1,25.624000072479248,learn,34375.99992752075,Thu Jul 30 2026 15:47:32 GMT-0500 (Central Daylight Time),170690.69999998808,A,log,I,g,159,1,1149.5,169541.19999998808,8138,WL,A,12.0
1,26.973999977111816,learn,33026.00002288818,Thu Jul 30 2026 15:47:32 GMT-0500 (Central Daylight Time),172040.80000001192,A,logenter,I,enter,1330,1,2499.600000023842,169541.19999998808,8138,WL,A,12.0
1,27.44099998474121,learn,32559.00001525879,Thu Jul 30 2026 15:47:32 GMT-0500 (Central Daylight Time),172507.30000001192,A,c,I,c,451,1,466.2000000476837,172041.09999996424,8138,WL,A,13.0
1,27.69000005722046,learn,32309.99994277954,Thu Jul 30 2026 15:47:32 GMT-0500 (Central Daylight Time),172756.69999998808,A,ch,I,h,240,1,715.6000000238419,172041.09999996424,8138,WL,A,13.0
1,27.824000120162964,learn,32175.999879837036,Thu Jul 30 2026 15:47:32 GMT-0500 (Central Daylight Time),172890.19999998808,A,chi,I,i,118,1,849.1000000238419,172041.09999996424,8138,WL,A,13.0
1,27.990000009536743,learn,32009.999990463257,Thu Jul 30 2026 15:47:32 GMT-0500 (Central Daylight Time),173056.69999998808,A,chim,I,m,161,1,1015.6000000238419,172041.09999996424,8138,WL,A,13.0
1,29.039999961853027,learn,30960.000038146973,Thu Jul 30 2026 15:47:32 GMT-0500 (Central Daylight Time),174106.39999997616,A,chimn,I,n,1042,1,2065.300000011921,172041.09999996424,8138,WL,A,13.0
1,29.141000032424927,learn,30858.999967575073,Thu Jul 30 2026 15:47:32 GMT-0500 (Central Daylight Time),174207.5,A,chimne,I,e,88,1,2166.400000035763,172041.09999996424,8138,WL,A,13.0
1,29.27300000190735,learn,30726.99999809265,Thu Jul 30 2026 15:47:32 GMT-0500 (Central Daylight Time),174340.09999996424,A,chimney,I,y,116,1,2299.0,172041.09999996424,8138,WL,A,13.0
1,29.85599994659424,learn,30144.00005340576,Thu Jul 30 2026 15:47:32 GMT-0500 (Central Daylight Time),174923.0,A,chimneyenter,I,enter,567,1,2881.900000035763,172041.09999996424,8138,WL,A,13.0
1,30.206000089645386,learn,29793.999910354614,Thu Jul 30 2026 15:47:32 GMT-0500 (Central Daylight Time),175272.80000001192,A,r,I,r,326,1,349.5,174923.30000001192,8138,WL,A,14.0
1,30.289000034332275,learn,29710.999965667725,Thu Jul 30 2026 15:47:32 GMT-0500 (Central Daylight Time),175355.89999997616,A,ru,I,u,66,1,432.5999999642372,174923.30000001192,8138,WL,A,14.0
1,30.623000144958496,learn,29376.999855041504,Thu Jul 30 2026 15:47:32 GMT-0500 (Central Daylight Time),175689.39999997616,A,rug,I,g,329,1,766.0999999642372,174923.30000001192,8138,WL,A,14.0
1,31.10599994659424,learn,28894.00005340576,Thu Jul 30 2026 15:47:32 GMT-0500 (Central Daylight Time),176172.59999996424,A,rugenter,I,enter,468,1,1249.2999999523163,174923.30000001192,8138,WL,A,14.0
1,59.480000019073486,learn,519.9999809265137,Thu Jul 30 2026 15:47:32 GMT-0500 (Central Daylight Time),204546.80000001192,A,h,I,h,28356,1,28373.900000035763,176172.89999997616,8138,WL,A,15.0
1,59.580000162124634,learn,419.9998378753662,Thu Jul 30 2026 15:47:32 GMT-0500 (Central Daylight Time),204647.0,A,ha,I,a,88,1,28474.100000023842,176172.89999997616,8138,WL,A,15.0
1,59.664000034332275,learn,335.9999656677246,Thu Jul 30 2026 15:47:32 GMT-0500 (Central Daylight Time),204730.19999998808,A,har,I,r,77,1,28557.30000001192,176172.89999997616,8138,WL,A,15.0
1,59.84700012207031,learn,152.9998779296875,Thu Jul 30 2026 15:47:32 GMT-0500 (Central Daylight Time),204913.80000001192,A,harp,I,p,162,1,28740.900000035763,176172.89999997616,8138,WL,A,15.0
1,60.013999938964844,learn,-13.99993896484375,Thu Jul 30 2026 15:47:32 GMT-0500 (Central Daylight Time),205080.39999997616,A,harpNone,I,None,162,1,28907.5,176172.89999997616,8138,WL,A,15.0
2,0.9839999675750732,learn,59016.00003242493,Thu Jul 30 2026 15:47:32 GMT-0500 (Central Daylight Time),272259.3000000119,A,b,I,b,966,1,983.3000000119209,271276.0,8138,WL,A,1.0
2,1.182999849319458,learn,58817.00015068054,Thu Jul 30 2026 15:47:32 GMT-0500 (Central Daylight Time),272459.0,A,bo,I,o,182,1,1183.0,271276.0,8138,WL,A,1.0
2,1.3329999446868896,learn,58667.00005531311,Thu Jul 30 2026 15:47:32 GMT-0500 (Central Daylight Time),272608.89999997616,A,boo,I,o,136,1,1332.8999999761581,271276.0,8138,WL,A,1.0
2,1.5160000324249268,learn,58483.99996757507,Thu Jul 30 2026 15:47:32 GMT-0500 (Central Daylight Time),272792.0,A,book,I,k,162,1,1516.0,271276.0,8138,WL,A,1.0
2,1.9830000400543213,learn,58016.99995994568,Thu Jul 30 2026 15:47:32 GMT-0500 (Central Daylight Time),273259.09999996424,A,bookenter,I,enter,461,1,1983.0999999642372,271276.0,8138,WL,A,1.0
2,2.2660000324249268,learn,57733.99996757507,Thu Jul 30 2026 15:47:32 GMT-0500 (Central Daylight Time),273541.8000000119,A,f,I,f,264,1,282.4000000357628,273259.39999997616,8138,WL,A,2.0
2,2.3499999046325684,learn,57650.00009536743,Thu Jul 30 2026 15:47:32 GMT-0500 (Central Daylight Time),273625.3000000119,A,fl,I,l,73,1,365.9000000357628,273259.39999997616,8138,WL,A,2.0
2,2.5829999446868896,learn,57417.00005531311,Thu Jul 30 2026 15:47:32 GMT-0500 (Central Daylight Time),273858.39999997616,A,flo,I,o,218,1,599.0,273259.39999997616,8138,WL,A,2.0
2,2.7179999351501465,learn,57282.00006484985,Thu Jul 30 2026 15:47:32 GMT-0500 (Central Daylight Time),273993.39999997616,A,flow,I,w,112,1,734.0,273259.39999997616,8138,WL,A,2.0
2,2.7669999599456787,learn,57233.00004005432,Thu Jul 30 2026 15:47:32 GMT-0500 (Central Daylight Time),274042.8000000119,A,flowe,I,e,41,1,783.4000000357628,273259.39999997616,8138,WL,A,2.0
2,2.817999839782715,learn,57182.000160217285,Thu Jul 30 2026 15:47:32 GMT-0500 (Central Daylight Time),274093.3000000119,A,flower,I,r,40,1,833.9000000357628,273259.39999997616,8138,WL,A,2.0
2,3.25,learn,56750.0,Thu Jul 30 2026 15:47:32 GMT-0500 (Central Daylight Time),274526.0,A,flowerenter,I,enter,415,1,1266.6000000238419,273259.39999997616,8138,WL,A,2.0
2,3.432999849319458,learn,56567.00015068054,Thu Jul 30 2026 15:47:32 GMT-0500 (Central Daylight Time),274708.3000000119,A,r,I,r,165,1,182.0,274526.3000000119,8138,WL,A,3.0
2,3.565999984741211,learn,56434.00001525879,Thu Jul 30 2026 15:47:32 GMT-0500 (Central Daylight Time),274841.59999996424,A,ru,I,u,117,1,315.2999999523163,274526.3000000119,8138,WL,A,3.0
2,3.682999849319458,learn,56317.00015068054,Thu Jul 30 2026 15:47:32 GMT-0500 (Central Daylight Time),274958.09999996424,A,rug,I,g,98,1,431.7999999523163,274526.3000000119,8138,WL,A,3.0
2,3.950000047683716,learn,56049.999952316284,Thu Jul 30 2026 15:47:32 GMT-0500 (Central Daylight Time),275225.8000000119,A,rugenter,I,enter,261,1,699.5,274526.3000000119,8138,WL,A,3.0
2,4.2159998416900635,learn,55784.00015830994,Thu Jul 30 2026 15:47:32 GMT-0500 (Central Daylight Time),275491.8000000119,A,t,I,t,249,1,265.80000001192093,275226.0,8138,WL,A,4.0
2,4.398999929428101,learn,55601.0000705719,Thu Jul 30 2026 15:47:32 GMT-0500 (Central Daylight Time),275675.0,A,tr,I,r,168,1,449.0,275226.0,8138,WL,A,4.0
2,4.448999881744385,learn,55551.000118255615,Thu Jul 30 2026 15:47:32 GMT-0500 (Central Daylight Time),275724.5,A,tra,I,a,40,1,498.5,275226.0,8138,WL,A,4.0
2,4.565999984741211,learn,55434.00001525879,Thu Jul 30 2026 15:47:32 GMT-0500 (Central Daylight Time),275841.1999999881,A,trai,I,i,103,1,615.1999999880791,275226.0,8138,WL,A,4.0
2,4.631999969482422,learn,55368.00003051758,Thu Jul 30 2026 15:47:32 GMT-0500 (Central Daylight Time),275908.0,A,train,I,n,50,1,682.0,275226.0,8138,WL,A,4.0
2,5.797999858856201,learn,54202.0001411438,Thu Jul 30 2026 15:47:32 GMT-0500 (Central Daylight Time),277074.09999996424,A,trainenter,I,enter,1158,1,1848.0999999642372,275226.0,8138,WL,A,4.0
2,8.997999906539917,learn,51002.00009346008,Thu Jul 30 2026 15:47:32 GMT-0500 (Central Daylight Time),280273.39999997616,A,a,I,a,3193,1,3199.0,277074.39999997616,8138,WL,A,5.0
2,9.863999843597412,learn,50136.00015640259,Thu Jul 30 2026 15:47:32 GMT-0500 (Central Daylight Time),281139.89999997616,A,ap,I,p,859,1,4065.5,277074.39999997616,8138,WL,A,5.0
2,10.030999898910522,learn,49969.00010108948,Thu Jul 30 2026 15:47:32 GMT-0500 (Central Daylight Time),281306.59999996424,A,app,I,p,153,1,4232.199999988079,277074.39999997616,8138,WL,A,5.0
2,10.230999946594238,learn,49769.00005340576,Thu Jul 30 2026 15:47:32 GMT-0500 (Central Daylight Time),281506.1999999881,A,appl,I,l,185,1,4431.800000011921,277074.39999997616,8138,WL,A,5.0
2,10.313999891281128,learn,49686.00010871887,Thu Jul 30 2026 15:47:32 GMT-0500 (Central Daylight Time),281589.39999997616,A,apple,I,e,72,1,4515.0,277074.39999997616,8138,WL,A,5.0
2,10.746999979019165,learn,49253.000020980835,Thu Jul 30 2026 15:47:32 GMT-0500 (Central Daylight Time),282022.59999996424,A,appleenter,I,enter,413,1,4948.199999988079,277074.39999997616,8138,WL,A,5.0
2,11.964999914169312,learn,48035.00008583069,Thu Jul 30 2026 15:47:32 GMT-0500 (Central Daylight Time),283240.3000000119,A,h,I,h,1197,1,1217.5,282022.8000000119,8138,WL,A,6.0
2,12.04699993133545,learn,47953.00006866455,Thu Jul 30 2026 15:47:32 GMT-0500 (Central Daylight Time),283322.5,A,ha,I,a,68,1,1299.699999988079,282022.8000000119,8138,WL,A,6.0
2,12.096999883651733,learn,47903.00011634827,Thu Jul 30 2026 15:47:32 GMT-0500 (Central Daylight Time),283372.1999999881,A,har,I,r,34,1,1349.3999999761581,282022.8000000119,8138,WL,A,6.0
2,12.230000019073486,learn,47769.999980926514,Thu Jul 30 2026 15:47:32 GMT-0500 (Central Daylight Time),283505.39999997616,A,harp,I,p,128,1,1482.5999999642372,282022.8000000119,8138,WL,A,6.0
2,13.213000059127808,learn,46786.99994087219,Thu Jul 30 2026 15:47:32 GMT-0500 (Central Daylight Time),284488.6999999881,A,harpenter,I,enter,971,1,2465.899999976158,282022.8000000119,8138,WL,A,6.0
2,13.496000051498413,learn,46503.99994850159,Thu Jul 30 2026 15:47:32 GMT-0500 (Central Daylight Time),284772.09999996424,A,s,I,s,275,1,283.0,284489.09999996424,8138,WL,A,7.0
2,13.61299991607666,learn,46387.00008392334,Thu Jul 30 2026 15:47:32 GMT-0500 (Central Daylight Time),284888.5,A,sa,I,a,95,1,399.4000000357628,284489.09999996424,8138,WL,A,7.0
2,13.69700002670288,learn,46302.99997329712,Thu Jul 30 2026 15:47:32 GMT-0500 (Central Daylight Time),284972.8000000119,A,sal,I,l,76,1,483.7000000476837,284489.09999996424,8138,WL,A,7.0
2,13.878999948501587,learn,46121.00005149841,Thu Jul 30 2026 15:47:32 GMT-0500 (Central Daylight Time),285155.0,A,salt,I,t,166,1,665.9000000357628,284489.09999996424,8138,WL,A,7.0
2,14.246000051498413,learn,45753.99994850159,Thu Jul 30 2026 15:47:32 GMT-0500 (Central Daylight Time),285521.39999997616,A,saltenter,I,enter,359,1,1032.300000011921,284489.09999996424,8138,WL,A,7.0
2,14.546000003814697,learn,45453.9999961853,Thu Jul 30 2026 15:47:32 GMT-0500 (Central Daylight Time),285821.59999996424,A,f,I,f,289,1,299.89999997615814,285521.6999999881,8138,WL,A,8.0
2,14.628999948501587,learn,45371.00005149841,Thu Jul 30 2026 15:47:32 GMT-0500 (Central Daylight Time),285905.0,A,fi,I,i,63,1,383.30000001192093,285521.6999999881,8138,WL,A,8.0
2,14.730000019073486,learn,45269.999980926514,Thu Jul 30 2026 15:47:32 GMT-0500 (Central Daylight Time),286005.1999999881,A,fin,I,n,83,1,483.5,285521.6999999881,8138,WL,A,8.0
2,14.928999900817871,learn,45071.00009918213,Thu Jul 30 2026 15:47:32 GMT-0500 (Central Daylight Time),286204.59999996424,A,fing,I,g,183,1,682.8999999761581,285521.6999999881,8138,WL,A,8.0
2,15.078999996185303,learn,44921.0000038147,Thu Jul 30 2026 15:47:32 GMT-0500 (Central Daylight Time),286354.5,A,finge,I,e,143,1,832.8000000119209,285521.6999999881,8138,WL,A,8.0
2,15.145999908447266,learn,44854.000091552734,Thu Jul 30 2026 15:47:32 GMT-0500 (Central Daylight Time),286421.1999999881,A,finger,I,r,47,1,899.5,285521.6999999881,8138,WL,A,8.0
2,15.746000051498413,learn,44253.99994850159,Thu Jul 30 2026 15:47:32 GMT-0500 (Central Daylight Time),287021.5,A,fingerenter,I,enter,591,1,1499.800000011921,285521.6999999881,8138,WL,A,8.0
2,15.996000051498413,learn,44003.99994850159,Thu Jul 30 2026 15:47:32 GMT-0500 (Central Daylight Time),287271.09999996424,A,m,I,m,239,1,249.29999995231628,287021.8000000119,8138,WL,A,9.0
2,16.062000036239624,learn,43937.999963760376,Thu Jul 30 2026 15:47:32 GMT-0500 (Central Daylight Time),287338.09999996424,A,me,I,e,53,1,316.2999999523163,287021.8000000119,8138,WL,A,9.0
2,16.12999987602234,learn,43870.00012397766,Thu Jul 30 2026 15:47:32 GMT-0500 (Central Daylight Time),287405.6999999881,A,mea,I,a,57,1,383.89999997615814,287021.8000000119,8138,WL,A,9.0
2,16.294999837875366,learn,43705.000162124634,Thu Jul 30 2026 15:47:32 GMT-0500 (Central Daylight Time),287570.89999997616,A,mead,I,d,149,1,549.0999999642372,287021.8000000119,8138,WL,A,9.0
2,16.727999925613403,learn,43272.0000743866,Thu Jul 30 2026 15:47:32 GMT-0500 (Central Daylight Time),288004.09999996424,A,meado,I,o,414,1,982.2999999523163,287021.8000000119,8138,WL,A,9.0
2,16.84500002861023,learn,43154.99997138977,Thu Jul 30 2026 15:47:32 GMT-0500 (Central Daylight Time),288120.8000000119,A,meadow,I,w,96,1,1099.0,287021.8000000119,8138,WL,A,9.0
2,17.26199984550476,learn,42738.00015449524,Thu Jul 30 2026 15:47:32 GMT-0500 (Central Daylight Time),288537.39999997616,A,meadowenter,I,enter,412,1,1515.5999999642372,287021.8000000119,8138,WL,A,9.0
2,21.14400005340576,learn,38855.99994659424,Thu Jul 30 2026 15:47:32 GMT-0500 (Central Daylight Time),292419.3000000119,A,l,I,l,3866,1,3881.600000023842,288537.6999999881,8138,WL,A,10.0
2,21.32699990272522,learn,38673.00009727478,Thu Jul 30 2026 15:47:32 GMT-0500 (Central Daylight Time),292602.8000000119,A,lo,I,o,168,1,4065.100000023842,288537.6999999881,8138,WL,A,10.0
2,21.41100001335144,learn,38588.99998664856,Thu Jul 30 2026 15:47:32 GMT-0500 (Central Daylight Time),292686.5,A,log,I,g,73,1,4148.800000011921,288537.6999999881,8138,WL,A,10.0
2,21.64400005340576,learn,38355.99994659424,Thu Jul 30 2026 15:47:32 GMT-0500 (Central Daylight Time),292919.39999997616,A,logenter,I,enter,221,1,4381.699999988079,288537.6999999881,8138,WL,A,10.0
2,21.876999855041504,learn,38123.000144958496,Thu Jul 30 2026 15:47:32 GMT-0500 (Central Daylight Time),293152.59999996424,A,b,I,b,228,1,232.79999995231628,292919.8000000119,8138,WL,A,11.0
2,21.960000038146973,learn,38039.99996185303,Thu Jul 30 2026 15:47:32 GMT-0500 (Central Daylight Time),293235.8000000119,A,bu,I,u,66,1,316.0,292919.8000000119,8138,WL,A,11.0
2,22.092999935150146,learn,37907.00006484985,Thu Jul 30 2026 15:47:32 GMT-0500 (Central Daylight Time),293369.0,A,but,I,t,128,1,449.19999998807907,292919.8000000119,8138,WL,A,11.0
2,22.243000030517578,learn,37756.99996948242,Thu Jul 30 2026 15:47:32 GMT-0500 (Central Daylight Time),293519.09999996424,A,butt,I,t,138,1,599.2999999523163,292919.8000000119,8138,WL,A,11.0
2,22.342999935150146,learn,37657.00006484985,Thu Jul 30 2026 15:47:32 GMT-0500 (Central Daylight Time),293619.0,A,butte,I,e,84,1,699.1999999880791,292919.8000000119,8138,WL,A,11.0
2,22.70299983024597,learn,37297.00016975403,Thu Jul 30 2026 15:47:32 GMT-0500 (Central Daylight Time),293978.8000000119,A,butten,I,n,354,1,1059.0,292919.8000000119,8138,WL,A,11.0
2,23.276000022888184,learn,36723.99997711182,Thu Jul 30 2026 15:47:32 GMT-0500 (Central Daylight Time),294552.0,A,butte,I,backspace,550,1,1632.199999988079,292919.8000000119,8138,WL,A,11.0
2,23.39299988746643,learn,36607.00011253357,Thu Jul 30 2026 15:47:32 GMT-0500 (Central Daylight Time),294668.59999996424,A,butt,I,backspace,107,1,1748.7999999523163,292919.8000000119,8138,WL,A,11.0
2,23.592999935150146,learn,36407.00006484985,Thu Jul 30 2026 15:47:32 GMT-0500 (Central Daylight Time),294868.6999999881,A,butto,I,o,184,1,1948.8999999761581,292919.8000000119,8138,WL,A,11.0
2,23.66100001335144,learn,36338.99998664856,Thu Jul 30 2026 15:47:32 GMT-0500 (Central Daylight Time),294936.89999997616,A,button,I,n,56,1,2017.0999999642372,292919.8000000119,8138,WL,A,11.0
2,24.276000022888184,learn,35723.99997711182,Thu Jul 30 2026 15:47:32 GMT-0500 (Central Daylight Time),295551.6999999881,A,buttonenter,I,enter,594,1,2631.899999976158,292919.8000000119,8138,WL,A,11.0
2,24.608999967575073,learn,35391.00003242493,Thu Jul 30 2026 15:47:32 GMT-0500 (Central Daylight Time),295884.8000000119,A,k,I,k,316,1,332.9000000357628,295551.89999997616,8138,WL,A,12.0
2,24.70899987220764,learn,35291.00012779236,Thu Jul 30 2026 15:47:32 GMT-0500 (Central Daylight Time),295984.89999997616,A,ke,I,e,96,1,433.0,295551.89999997616,8138,WL,A,12.0
2,24.878000020980835,learn,35121.999979019165,Thu Jul 30 2026 15:47:32 GMT-0500 (Central Daylight Time),296153.1999999881,A,key,I,y,154,1,601.3000000119209,295551.89999997616,8138,WL,A,12.0
2,26.008999824523926,learn,33991.000175476074,Thu Jul 30 2026 15:47:32 GMT-0500 (Central Daylight Time),297284.8000000119,A,keyenter,I,enter,1115,1,1732.9000000357628,295551.89999997616,8138,WL,A,12.0
2,27.05900001525879,learn,32940.99998474121,Thu Jul 30 2026 15:47:32 GMT-0500 (Central Daylight Time),298334.59999996424,A,r,I,r,1039,1,1049.5,297285.09999996424,8138,WL,A,13.0
2,27.174999952316284,learn,32825.000047683716,Thu Jul 30 2026 15:47:32 GMT-0500 (Central Daylight Time),298450.6999999881,A,ra,I,a,109,1,1165.6000000238419,297285.09999996424,8138,WL,A,13.0
2,27.408999919891357,learn,32591.000080108643,Thu Jul 30 2026 15:47:32 GMT-0500 (Central Daylight Time),298684.39999997616,A,rat,I,t,225,1,1399.300000011921,297285.09999996424,8138,WL,A,13.0
2,27.575000047683716,learn,32424.999952316284,Thu Jul 30 2026 15:47:32 GMT-0500 (Central Daylight Time),298851.0,A,ratt,I,t,151,1,1565.9000000357628,297285.09999996424,8138,WL,A,13.0
2,27.674999952316284,learn,32325.000047683716,Thu Jul 30 2026 15:47:32 GMT-0500 (Central Daylight Time),298950.89999997616,A,rattl,I,l,88,1,1665.800000011921,297285.09999996424,8138,WL,A,13.0
2,27.757999897003174,learn,32242.000102996826,Thu Jul 30 2026 15:47:32 GMT-0500 (Central Daylight Time),299034.0,A,rattle,I,e,68,1,1748.9000000357628,297285.09999996424,8138,WL,A,13.0
2,28.22499990463257,learn,31775.00009536743,Thu Jul 30 2026 15:47:32 GMT-0500 (Central Daylight Time),299500.6999999881,A,rattleenter,I,enter,450,1,2215.600000023842,297285.09999996424,8138,WL,A,13.0
2,28.54200005531311,learn,31457.99994468689,Thu Jul 30 2026 15:47:32 GMT-0500 (Central Daylight Time),299817.3000000119,A,g,I,g,304,1,316.30000001192093,299501.0,8138,WL,A,14.0
2,28.60800004005432,learn,31391.99995994568,Thu Jul 30 2026 15:47:32 GMT-0500 (Central Daylight Time),299884.09999996424,A,go,I,o,50,1,383.0999999642372,299501.0,8138,WL,A,14.0
2,28.79099988937378,learn,31209.00011062622,Thu Jul 30 2026 15:47:32 GMT-0500 (Central Daylight Time),300066.89999997616,A,gol,I,l,175,1,565.8999999761581,299501.0,8138,WL,A,14.0
2,28.891000032424927,learn,31108.999967575073,Thu Jul 30 2026 15:47:32 GMT-0500 (Central Daylight Time),300167.0,A,gold,I,d,86,1,666.0,299501.0,8138,WL,A,14.0
2,29.22499990463257,learn,30775.00009536743,Thu Jul 30 2026 15:47:32 GMT-0500 (Central Daylight Time),300500.6999999881,A,goldenter,I,enter,316,1,999.6999999880791,299501.0,8138,WL,A,14.0
2,33.406999826431274,learn,26593.000173568726,Thu Jul 30 2026 15:47:32 GMT-0500 (Central Daylight Time),304682.1999999881,A,c,I,c,4166,1,4181.300000011921,300500.89999997616,8138,WL,A,15.0
2,33.473000049591064,learn,26526.999950408936,Thu Jul 30 2026 15:47:32 GMT-0500 (Central Daylight Time),304748.8000000119,A,ch,I,h,56,1,4247.900000035763,300500.89999997616,8138,WL,A,15.0
2,33.556999921798706,learn,26443.000078201294,Thu Jul 30 2026 15:47:32 GMT-0500 (Central Daylight Time),304832.3000000119,A,chi,I,i,62,1,4331.400000035763,300500.89999997616,8138,WL,A,15.0
2,33.69000005722046,learn,26309.99994277954,Thu Jul 30 2026 15:47:32 GMT-0500 (Central Daylight Time),304965.3000000119,A,chim,I,m,122,1,4464.400000035763,300500.89999997616,8138,WL,A,15.0
2,34.156999826431274,learn,25843.000173568726,Thu Jul 30 2026 15:47:32 GMT-0500 (Central Daylight Time),305432.1999999881,A,chimn,I,n,455,1,4931.300000011921,300500.89999997616,8138,WL,A,15.0
2,34.223000049591064,learn,25776.999950408936,Thu Jul 30 2026 15:47:32 GMT-0500 (Central Daylight Time),305498.8000000119,A,chimne,I,e,60,1,4997.900000035763,300500.89999997616,8138,WL,A,15.0
2,34.306999921798706,learn,25693.000078201294,Thu Jul 30 2026 15:47:32 GMT-0500 (Central Daylight Time),305582.1999999881,A,chimney,I,y,73,1,5081.300000011921,300500.89999997616,8138,WL,A,15.0
2,35.52300000190735,learn,24476.99999809265,Thu Jul 30 2026 15:47:32 GMT-0500 (Central Daylight Time),306798.3000000119,A,chimneyenter,I,enter,1197,1,6297.400000035763,300500.89999997616,8138,WL,A,15.0
3,1.4159998893737793,learn,58584.00011062622,Thu Jul 30 2026 15:47:32 GMT-0500 (Central Daylight Time),374776.89999997616,A,b,I,b,1411,1,1415.5999999642372,373361.3000000119,8138,WL,A,1.0
3,1.5499999523162842,learn,58450.000047683716,Thu Jul 30 2026 15:47:32 GMT-0500 (Central Daylight Time),374910.1999999881,A,bu,I,u,121,1,1548.8999999761581,373361.3000000119,8138,WL,A,1.0
3,1.682999849319458,learn,58317.00015068054,Thu Jul 30 2026 15:47:32 GMT-0500 (Central Daylight Time),375043.5,A,but,I,t,117,1,1682.199999988079,373361.3000000119,8138,WL,A,1.0
3,1.8329999446868896,learn,58167.00005531311,Thu Jul 30 2026 15:47:32 GMT-0500 (Central Daylight Time),375193.6999999881,A,butt,I,t,136,1,1832.3999999761581,373361.3000000119,8138,WL,A,1.0
3,2.4159998893737793,learn,57584.00011062622,Thu Jul 30 2026 15:47:32 GMT-0500 (Central Daylight Time),375776.59999996424,A,butto,I,o,562,1,2415.2999999523163,373361.3000000119,8138,WL,A,1.0
3,2.4659998416900635,learn,57534.00015830994,Thu Jul 30 2026 15:47:32 GMT-0500 (Central Daylight Time),375826.5,A,button,I,n,43,1,2465.199999988079,373361.3000000119,8138,WL,A,1.0
3,3.0329999923706055,learn,56967.000007629395,Thu Jul 30 2026 15:47:32 GMT-0500 (Central Daylight Time),376393.1999999881,A,buttonenter,I,enter,551,1,3031.899999976158,373361.3000000119,8138,WL,A,1.0
3,3.798999786376953,learn,56201.00021362305,Thu Jul 30 2026 15:47:32 GMT-0500 (Central Daylight Time),377159.5,A,k,I,k,746,1,765.9000000357628,376393.59999996424,8138,WL,A,2.0
3,3.9489998817443848,learn,56051.000118255615,Thu Jul 30 2026 15:47:32 GMT-0500 (Central Daylight Time),377309.5,A,ke,I,e,140,1,915.9000000357628,376393.59999996424,8138,WL,A,2.0
3,4.031999826431274,learn,55968.000173568726,Thu Jul 30 2026 15:47:32 GMT-0500 (Central Daylight Time),377392.59999996424,A,key,I,y,60,1,999.0,376393.59999996424,8138,WL,A,2.0
3,4.515999794006348,learn,55484.00020599365,Thu Jul 30 2026 15:47:32 GMT-0500 (Central Daylight Time),377876.5,A,keyenter,I,enter,468,1,1482.9000000357628,376393.59999996424,8138,WL,A,2.0
3,4.7149999141693115,learn,55285.00008583069,Thu Jul 30 2026 15:47:32 GMT-0500 (Central Daylight Time),378075.8000000119,A,l,I,l,189,1,198.80000001192093,377877.0,8138,WL,A,3.0
3,4.898000001907349,learn,55101.99999809265,Thu Jul 30 2026 15:47:32 GMT-0500 (Central Daylight Time),378259.0,A,lo,I,o,175,1,382.0,377877.0,8138,WL,A,3.0
3,5.014999866485596,learn,54985.000133514404,Thu Jul 30 2026 15:47:32 GMT-0500 (Central Daylight Time),378375.6999999881,A,log,I,g,97,1,498.69999998807907,377877.0,8138,WL,A,3.0
3,5.698999881744385,learn,54301.000118255615,Thu Jul 30 2026 15:47:32 GMT-0500 (Central Daylight Time),379059.1999999881,A,logenter,I,enter,668,1,1182.199999988079,377877.0,8138,WL,A,3.0
3,5.881999969482422,learn,54118.00003051758,Thu Jul 30 2026 15:47:32 GMT-0500 (Central Daylight Time),379242.1999999881,A,r,I,r,168,1,182.60000002384186,379059.59999996424,8138,WL,A,4.0
3,5.997999906539917,learn,54002.00009346008,Thu Jul 30 2026 15:47:32 GMT-0500 (Central Daylight Time),379358.8000000119,A,ra,I,a,95,1,299.2000000476837,379059.59999996424,8138,WL,A,4.0
3,6.381999969482422,learn,53618.00003051758,Thu Jul 30 2026 15:47:32 GMT-0500 (Central Daylight Time),379742.3000000119,A,rat,I,t,362,1,682.7000000476837,379059.59999996424,8138,WL,A,4.0
3,6.531999826431274,learn,53468.000173568726,Thu Jul 30 2026 15:47:32 GMT-0500 (Central Daylight Time),379892.39999997616,A,ratt,I,t,134,1,832.8000000119209,379059.59999996424,8138,WL,A,4.0
3,6.631999969482422,learn,53368.00003051758,Thu Jul 30 2026 15:47:32 GMT-0500 (Central Daylight Time),379992.39999997616,A,rattl,I,l,79,1,932.8000000119209,379059.59999996424,8138,WL,A,4.0
3,6.697999954223633,learn,53302.00004577637,Thu Jul 30 2026 15:47:32 GMT-0500 (Central Daylight Time),380058.89999997616,A,rattle,I,e,50,1,999.3000000119209,379059.59999996424,8138,WL,A,4.0
3,7.247999906539917,learn,52752.00009346008,Thu Jul 30 2026 15:47:32 GMT-0500 (Central Daylight Time),380608.3000000119,A,rattleenter,I,enter,536,1,1548.7000000476837,379059.59999996424,8138,WL,A,4.0
3,7.497999906539917,learn,52502.00009346008,Thu Jul 30 2026 15:47:32 GMT-0500 (Central Daylight Time),380858.1999999881,A,g,I,g,243,1,249.69999998807907,380608.5,8138,WL,A,5.0
3,7.580999851226807,learn,52419.00014877319,Thu Jul 30 2026 15:47:32 GMT-0500 (Central Daylight Time),380942.09999996424,A,go,I,o,73,1,333.5999999642372,380608.5,8138,WL,A,5.0
3,7.764999866485596,learn,52235.000133514404,Thu Jul 30 2026 15:47:32 GMT-0500 (Central Daylight Time),381125.09999996424,A,gol,I,l,165,1,516.5999999642372,380608.5,8138,WL,A,5.0
3,7.830999851226807,learn,52169.00014877319,Thu Jul 30 2026 15:47:32 GMT-0500 (Central Daylight Time),381191.89999997616,A,gold,I,d,55,1,583.3999999761581,380608.5,8138,WL,A,5.0
3,8.198999881744385,learn,51801.000118255615,Thu Jul 30 2026 15:47:32 GMT-0500 (Central Daylight Time),381559.3000000119,A,goldenter,I,enter,347,1,950.8000000119209,380608.5,8138,WL,A,5.0
3,8.596999883651733,learn,51403.00011634827,Thu Jul 30 2026 15:47:32 GMT-0500 (Central Daylight Time),381957.89999997616,A,b,I,b,387,1,398.0999999642372,381559.8000000119,8138,WL,A,6.0
3,8.797999858856201,learn,51202.0001411438,Thu Jul 30 2026 15:47:32 GMT-0500 (Central Daylight Time),382158.39999997616,A,br,I,r,189,1,598.5999999642372,381559.8000000119,8138,WL,A,6.0
3,9.148000001907349,learn,50851.99999809265,Thu Jul 30 2026 15:47:32 GMT-0500 (Central Daylight Time),382508.8000000119,A,b,I,backspace,342,1,949.0,381559.8000000119,8138,WL,A,6.0
3,9.29699993133545,learn,50703.00006866455,Thu Jul 30 2026 15:47:32 GMT-0500 (Central Daylight Time),382657.59999996424,A,,I,backspace,135,1,1097.7999999523163,381559.8000000119,8138,WL,A,6.0
3,9.946999788284302,learn,50053.0002117157,Thu Jul 30 2026 15:47:32 GMT-0500 (Central Daylight Time),383307.89999997616,A,b,I,b,642,1,1748.0999999642372,381559.8000000119,8138,WL,A,6.0
3,10.047999858856201,learn,49952.0001411438,Thu Jul 30 2026 15:47:32 GMT-0500 (Central Daylight Time),383408.09999996424,A,bo,I,o,79,1,1848.2999999523163,381559.8000000119,8138,WL,A,6.0
3,10.196999788284302,learn,49803.0002117157,Thu Jul 30 2026 15:47:32 GMT-0500 (Central Daylight Time),383557.89999997616,A,boo,I,o,133,1,1998.0999999642372,381559.8000000119,8138,WL,A,6.0
3,10.346999883651733,learn,49653.00011634827,Thu Jul 30 2026 15:47:32 GMT-0500 (Central Daylight Time),383707.39999997616,A,book,I,k,134,1,2147.599999964237,381559.8000000119,8138,WL,A,6.0
3,10.69599986076355,learn,49304.00013923645,Thu Jul 30 2026 15:47:32 GMT-0500 (Central Daylight Time),384057.09999996424,A,bookenter,I,enter,344,1,2497.2999999523163,381559.8000000119,8138,WL,A,6.0
3,10.929999828338623,learn,49070.00017166138,Thu Jul 30 2026 15:47:32 GMT-0500 (Central Daylight Time),384290.5,A,f,I,f,218,1,233.19999998807907,384057.3000000119,8138,WL,A,7.0
3,11.013000011444092,learn,48986.99998855591,Thu Jul 30 2026 15:47:32 GMT-0500 (Central Daylight Time),384373.89999997616,A,fl,I,l,64,1,316.5999999642372,384057.3000000119,8138,WL,A,7.0
3,11.179999828338623,learn,48820.00017166138,Thu Jul 30 2026 15:47:32 GMT-0500 (Central Daylight Time),384540.6999999881,A,flo,I,o,150,1,483.39999997615814,384057.3000000119,8138,WL,A,7.0
3,11.246999979019165,learn,48753.000020980835,Thu Jul 30 2026 15:47:32 GMT-0500 (Central Daylight Time),384607.39999997616,A,flow,I,w,55,1,550.0999999642372,384057.3000000119,8138,WL,A,7.0
3,11.29699993133545,learn,48703.00006866455,Thu Jul 30 2026 15:47:32 GMT-0500 (Central Daylight Time),384657.5,A,flowe,I,e,37,1,600.1999999880791,384057.3000000119,8138,WL,A,7.0
3,11.312999963760376,learn,48687.000036239624,Thu Jul 30 2026 15:47:32 GMT-0500 (Central Daylight Time),384674.0,A,flower,I,r,2,1,616.6999999880791,384057.3000000119,8138,WL,A,7.0
3,11.61299991607666,learn,48387.00008392334,Thu Jul 30 2026 15:47:32 GMT-0500 (Central Daylight Time),384973.8000000119,A,flowerenter,I,enter,290,1,916.5,384057.3000000119,8138,WL,A,7.0
3,11.86299991607666,learn,48137.00008392334,Thu Jul 30 2026 15:47:32 GMT-0500 (Central Daylight Time),385223.89999997616,A,t,I,t,229,1,249.80000001192093,384974.09999996424,8138,WL,A,8.0
3,12.02999997138977,learn,47970.00002861023,Thu Jul 30 2026 15:47:32 GMT-0500 (Central Daylight Time),385390.1999999881,A,tr,I,r,147,1,416.10000002384186,384974.09999996424,8138,WL,A,8.0
3,12.079999923706055,learn,47920.000076293945,Thu Jul 30 2026 15:47:32 GMT-0500 (Central Daylight Time),385440.09999996424,A,tra,I,a,29,1,466.0,384974.09999996424,8138,WL,A,8.0
3,12.178999900817871,learn,47821.00009918213,Thu Jul 30 2026 15:47:32 GMT-0500 (Central Daylight Time),385540.0,A,trai,I,i,83,1,565.9000000357628,384974.09999996424,8138,WL,A,8.0
3,12.263000011444092,learn,47736.99998855591,Thu Jul 30 2026 15:47:32 GMT-0500 (Central Daylight Time),385623.89999997616,A,train,I,n,63,1,649.8000000119209,384974.09999996424,8138,WL,A,8.0
3,12.828999996185303,learn,47171.0000038147,Thu Jul 30 2026 15:47:32 GMT-0500 (Central Daylight Time),386190.09999996424,A,trainenter,I,enter,547,1,1216.0,384974.09999996424,8138,WL,A,8.0
3,13.02899980545044,learn,46971.00019454956,Thu Jul 30 2026 15:47:32 GMT-0500 (Central Daylight Time),386390.0,A,r,I,r,181,1,199.69999998807907,386190.3000000119,8138,WL,A,9.0
3,13.145999908447266,learn,46854.000091552734,Thu Jul 30 2026 15:47:32 GMT-0500 (Central Daylight Time),386506.59999996424,A,ru,I,u,101,1,316.2999999523163,386190.3000000119,8138,WL,A,9.0
3,13.245999813079834,learn,46754.000186920166,Thu Jul 30 2026 15:47:32 GMT-0500 (Central Daylight Time),386606.5,A,rug,I,g,80,1,416.19999998807907,386190.3000000119,8138,WL,A,9.0
3,13.995999813079834,learn,46004.000186920166,Thu Jul 30 2026 15:47:32 GMT-0500 (Central Daylight Time),387356.3000000119,A,rugenter,I,enter,741,1,1166.0,386190.3000000119,8138,WL,A,9.0
3,14.27899980545044,learn,45721.00019454956,Thu Jul 30 2026 15:47:32 GMT-0500 (Central Daylight Time),387639.39999997616,A,m,I,m,263,1,282.80000001192093,387356.59999996424,8138,WL,A,10.0
3,14.378999948501587,learn,45621.00005149841,Thu Jul 30 2026 15:47:32 GMT-0500 (Central Daylight Time),387739.5,A,me,I,e,90,1,382.9000000357628,387356.59999996424,8138,WL,A,10.0
3,14.546000003814697,learn,45453.9999961853,Thu Jul 30 2026 15:47:32 GMT-0500 (Central Daylight Time),387906.3000000119,A,mea,I,a,153,1,549.7000000476837,387356.59999996424,8138,WL,A,10.0
3,14.759999990463257,learn,45240.00000953674,Thu Jul 30 2026 15:47:32 GMT-0500 (Central Daylight Time),388120.59999996424,A,mead,I,d,209,1,764.0,387356.59999996424,8138,WL,A,10.0
3,14.906999826431274,learn,45093.000173568726,Thu Jul 30 2026 15:47:32 GMT-0500 (Central Daylight Time),388267.5,A,meado,I,o,142,1,910.9000000357628,387356.59999996424,8138,WL,A,10.0
3,15.078999996185303,learn,44921.0000038147,Thu Jul 30 2026 15:47:32 GMT-0500 (Central Daylight Time),388439.1999999881,A,meadow,I,w,151,1,1082.6000000238419,387356.59999996424,8138,WL,A,10.0
3,18.01099991798401,learn,41989.00008201599,Thu Jul 30 2026 15:47:32 GMT-0500 (Central Daylight Time),391371.89999997616,A,meadowenter,I,enter,2916,1,4015.300000011921,387356.59999996424,8138,WL,A,10.0
3,18.72699999809265,learn,41273.00000190735,Thu Jul 30 2026 15:47:32 GMT-0500 (Central Daylight Time),392088.0,A,c,I,c,695,1,715.6999999880791,391372.3000000119,8138,WL,A,11.0
3,18.776999950408936,learn,41223.000049591064,Thu Jul 30 2026 15:47:32 GMT-0500 (Central Daylight Time),392138.09999996424,A,ch,I,h,35,1,765.7999999523163,391372.3000000119,8138,WL,A,11.0
3,18.860999822616577,learn,41139.00017738342,Thu Jul 30 2026 15:47:32 GMT-0500 (Central Daylight Time),392221.39999997616,A,chi,I,i,74,1,849.0999999642372,391372.3000000119,8138,WL,A,11.0
3,19.01099991798401,learn,40989.00008201599,Thu Jul 30 2026 15:47:32 GMT-0500 (Central Daylight Time),392371.5,A,chim,I,m,132,1,999.1999999880791,391372.3000000119,8138,WL,A,11.0
3,19.776999950408936,learn,40223.000049591064,Thu Jul 30 2026 15:47:32 GMT-0500 (Central Daylight Time),393137.6999999881,A,chimn,I,n,759,1,1765.3999999761581,391372.3000000119,8138,WL,A,11.0
3,19.926999807357788,learn,40073.00019264221,Thu Jul 30 2026 15:47:32 GMT-0500 (Central Daylight Time),393287.6999999881,A,chimne,I,e,138,1,1915.3999999761581,391372.3000000119,8138,WL,A,11.0
3,20.026999950408936,learn,39973.000049591064,Thu Jul 30 2026 15:47:32 GMT-0500 (Central Daylight Time),393387.6999999881,A,chimney,I,y,91,1,2015.3999999761581,391372.3000000119,8138,WL,A,11.0
3,21.22699999809265,learn,38773.00000190735,Thu Jul 30 2026 15:47:32 GMT-0500 (Central Daylight Time),394587.1999999881,A,chimneyenter,I,enter,1192,1,3214.899999976158,391372.3000000119,8138,WL,A,11.0
3,22.22599983215332,learn,37774.00016784668,Thu Jul 30 2026 15:47:32 GMT-0500 (Central Daylight Time),395587.0,A,s,I,s,993,1,999.6000000238419,394587.39999997616,8138,WL,A,12.0
3,22.359999895095825,learn,37640.000104904175,Thu Jul 30 2026 15:47:32 GMT-0500 (Central Daylight Time),395720.3000000119,A,sa,I,a,120,1,1132.9000000357628,394587.39999997616,8138,WL,A,12.0
3,22.625999927520752,learn,37374.00007247925,Thu Jul 30 2026 15:47:32 GMT-0500 (Central Daylight Time),395987.0,A,sal,I,l,260,1,1399.6000000238419,394587.39999997616,8138,WL,A,12.0
3,22.776999950408936,learn,37223.000049591064,Thu Jul 30 2026 15:47:32 GMT-0500 (Central Daylight Time),396137.1999999881,A,salt,I,t,137,1,1549.800000011921,394587.39999997616,8138,WL,A,12.0
3,23.358999967575073,learn,36641.00003242493,Thu Jul 30 2026 15:47:32 GMT-0500 (Central Daylight Time),396720.0,A,saltenter,I,enter,562,1,2132.600000023842,394587.39999997616,8138,WL,A,12.0
3,23.592000007629395,learn,36407.999992370605,Thu Jul 30 2026 15:47:32 GMT-0500 (Central Daylight Time),396953.09999996424,A,h,I,h,227,1,232.79999995231628,396720.3000000119,8138,WL,A,13.0
3,23.72599983215332,learn,36274.00016784668,Thu Jul 30 2026 15:47:32 GMT-0500 (Central Daylight Time),397086.39999997616,A,ha,I,a,122,1,366.0999999642372,396720.3000000119,8138,WL,A,13.0
3,23.80999994277954,learn,36190.00005722046,Thu Jul 30 2026 15:47:32 GMT-0500 (Central Daylight Time),397170.09999996424,A,har,I,r,70,1,449.7999999523163,396720.3000000119,8138,WL,A,13.0
3,24.042999982833862,learn,35957.00001716614,Thu Jul 30 2026 15:47:32 GMT-0500 (Central Daylight Time),397403.5,A,harp,I,p,218,1,683.1999999880791,396720.3000000119,8138,WL,A,13.0
3,24.39199995994568,learn,35608.00004005432,Thu Jul 30 2026 15:47:32 GMT-0500 (Central Daylight Time),397752.8000000119,A,harpenter,I,enter,344,1,1032.5,396720.3000000119,8138,WL,A,13.0
3,24.658999919891357,learn,35341.00008010864,Thu Jul 30 2026 15:47:32 GMT-0500 (Central Daylight Time),398019.39999997616,A,f,I,f,259,1,266.30000001192093,397753.09999996424,8138,WL,A,14.0
3,24.741999864578247,learn,35258.00013542175,Thu Jul 30 2026 15:47:32 GMT-0500 (Central Daylight Time),398102.59999996424,A,fi,I,i,72,1,349.5,397753.09999996424,8138,WL,A,14.0
3,24.80900001525879,learn,35190.99998474121,Thu Jul 30 2026 15:47:32 GMT-0500 (Central Daylight Time),398169.39999997616,A,fin,I,n,61,1,416.30000001192093,397753.09999996424,8138,WL,A,14.0
3,25.55900001525879,learn,34440.99998474121,Thu Jul 30 2026 15:47:32 GMT-0500 (Central Daylight Time),398919.39999997616,A,fing,I,g,737,1,1166.300000011921,397753.09999996424,8138,WL,A,14.0
3,25.758999824523926,learn,34241.000175476074,Thu Jul 30 2026 15:47:32 GMT-0500 (Central Daylight Time),399119.3000000119,A,finge,I,e,178,1,1366.2000000476837,397753.09999996424,8138,WL,A,14.0
3,25.774999856948853,learn,34225.00014305115,Thu Jul 30 2026 15:47:32 GMT-0500 (Central Daylight Time),399135.8000000119,A,finger,I,r,4,1,1382.7000000476837,397753.09999996424,8138,WL,A,14.0
3,26.72499990463257,learn,33275.00009536743,Thu Jul 30 2026 15:47:32 GMT-0500 (Central Daylight Time),400085.6999999881,A,fingerenter,I,enter,932,1,2332.600000023842,397753.09999996424,8138,WL,A,14.0
3,39.00399994850159,learn,20996.000051498413,Thu Jul 30 2026 15:47:32 GMT-0500 (Central Daylight Time),412365.39999997616,A,r,I,r,12261,1,12279.399999976158,400086.0,8138,WL,A,15.0
3,39.169999837875366,learn,20830.000162124634,Thu Jul 30 2026 15:47:32 GMT-0500 (Central Daylight Time),412531.8000000119,A,ru,I,u,150,1,12445.800000011921,400086.0,8138,WL,A,15.0
3,39.23699998855591,learn,20763.00001144409,Thu Jul 30 2026 15:47:32 GMT-0500 (Central Daylight Time),412598.3000000119,A,rug,I,g,46,1,12512.300000011921,400086.0,8138,WL,A,15.0
3,39.40399980545044,learn,20596.00019454956,Thu Jul 30 2026 15:47:32 GMT-0500 (Central Daylight Time),412765.0,A,rugenter,I,enter,156,1,12679.0,400086.0,8138,WL,A,15.0
4,0.9659998416900635,learn,59034.00015830994,Thu Jul 30 2026 15:47:32 GMT-0500 (Central Daylight Time),480227.0,A,b,I,b,959,1,966.1000000238419,479260.89999997616,8138,WL,A,1.0
4,1.25,learn,58750.0,Thu Jul 30 2026 15:47:32 GMT-0500 (Central Daylight Time),480510.6999999881,A,bo,I,o,265,1,1249.800000011921,479260.89999997616,8138,WL,A,1.0
4,1.432999849319458,learn,58567.00015068054,Thu Jul 30 2026 15:47:32 GMT-0500 (Central Daylight Time),480693.8000000119,A,boo,I,o,166,1,1432.9000000357628,479260.89999997616,8138,WL,A,1.0
4,1.6999998092651367,learn,58300.00019073486,Thu Jul 30 2026 15:47:32 GMT-0500 (Central Daylight Time),480960.1999999881,A,book,I,k,245,1,1699.300000011921,479260.89999997616,8138,WL,A,1.0
4,2.065999984741211,learn,57934.00001525879,Thu Jul 30 2026 15:47:32 GMT-0500 (Central Daylight Time),481326.6999999881,A,bookenter,I,enter,355,1,2065.800000011921,479260.89999997616,8138,WL,A,1.0
4,2.299999952316284,learn,57700.000047683716,Thu Jul 30 2026 15:47:32 GMT-0500 (Central Daylight Time),481560.5,A,f,I,f,221,1,233.60000002384186,481326.89999997616,8138,WL,A,2.0
4,2.382999897003174,learn,57617.000102996826,Thu Jul 30 2026 15:47:32 GMT-0500 (Central Daylight Time),481643.5,A,fl,I,l,67,1,316.60000002384186,481326.89999997616,8138,WL,A,2.0
4,2.566999912261963,learn,57433.00008773804,Thu Jul 30 2026 15:47:32 GMT-0500 (Central Daylight Time),481827.09999996424,A,flo,I,o,168,1,500.19999998807907,481326.89999997616,8138,WL,A,2.0
4,2.6499998569488525,learn,57350.00014305115,Thu Jul 30 2026 15:47:32 GMT-0500 (Central Daylight Time),481910.1999999881,A,flow,I,w,65,1,583.3000000119209,481326.89999997616,8138,WL,A,2.0
4,2.7159998416900635,learn,57284.00015830994,Thu Jul 30 2026 15:47:32 GMT-0500 (Central Daylight Time),481976.6999999881,A,flowe,I,e,53,1,649.8000000119209,481326.89999997616,8138,WL,A,2.0
4,2.732999801635742,learn,57267.00019836426,Thu Jul 30 2026 15:47:32 GMT-0500 (Central Daylight Time),481993.39999997616,A,flower,I,r,12,1,666.5,481326.89999997616,8138,WL,A,2.0
4,2.9659998416900635,learn,57034.00015830994,Thu Jul 30 2026 15:47:32 GMT-0500 (Central Daylight Time),482226.89999997616,A,flowerenter,I,enter,218,1,900.0,481326.89999997616,8138,WL,A,2.0
4,3.2079999446868896,learn,56792.00005531311,Thu Jul 30 2026 15:47:32 GMT-0500 (Central Daylight Time),482469.0,A,t,I,t,235,1,241.80000001192093,482227.1999999881,8138,WL,A,3.0
4,3.3589999675750732,learn,56641.00003242493,Thu Jul 30 2026 15:47:32 GMT-0500 (Central Daylight Time),482619.5,A,ta,I,a,143,1,392.30000001192093,482227.1999999881,8138,WL,A,3.0
4,3.385999917984009,learn,56614.00008201599,Thu Jul 30 2026 15:47:32 GMT-0500 (Central Daylight Time),482646.8000000119,A,tai,I,i,15,1,419.60000002384186,482227.1999999881,8138,WL,A,3.0
4,3.4499998092651367,learn,56550.00019073486,Thu Jul 30 2026 15:47:32 GMT-0500 (Central Daylight Time),482710.8000000119,A,tain,I,n,45,1,483.60000002384186,482227.1999999881,8138,WL,A,3.0
4,3.934000015258789,learn,56065.99998474121,Thu Jul 30 2026 15:47:32 GMT-0500 (Central Daylight Time),483194.3000000119,A,tainenter,I,enter,460,1,967.1000000238419,482227.1999999881,8138,WL,A,3.0
4,4.082000017166138,learn,55917.99998283386,Thu Jul 30 2026 15:47:32 GMT-0500 (Central Daylight Time),483342.8000000119,A,r,I,r,129,1,148.20000004768372,483194.59999996424,8138,WL,A,4.0
4,4.198999881744385,learn,55801.000118255615,Thu Jul 30 2026 15:47:32 GMT-0500 (Central Daylight Time),483459.5,A,ru,I,u,108,1,264.9000000357628,483194.59999996424,8138,WL,A,4.0
4,4.265999794006348,learn,55734.00020599365,Thu Jul 30 2026 15:47:32 GMT-0500 (Central Daylight Time),483526.09999996424,A,rug,I,g,46,1,331.5,483194.59999996424,8138,WL,A,4.0
4,4.7159998416900635,learn,55284.00015830994,Thu Jul 30 2026 15:47:32 GMT-0500 (Central Daylight Time),483976.39999997616,A,rugenter,I,enter,427,1,781.8000000119209,483194.59999996424,8138,WL,A,4.0
4,4.949999809265137,learn,55050.00019073486,Thu Jul 30 2026 15:47:32 GMT-0500 (Central Daylight Time),484210.5,A,m,I,m,228,1,233.80000001192093,483976.6999999881,8138,WL,A,5.0
4,4.98199987411499,learn,55018.00012588501,Thu Jul 30 2026 15:47:32 GMT-0500 (Central Daylight Time),484242.8000000119,A,me,I,e,25,1,266.10000002384186,483976.6999999881,8138,WL,A,5.0
4,5.048999786376953,learn,54951.00021362305,Thu Jul 30 2026 15:47:32 GMT-0500 (Central Daylight Time),484309.59999996424,A,mea,I,a,58,1,332.89999997615814,483976.6999999881,8138,WL,A,5.0
4,5.2159998416900635,learn,54784.00015830994,Thu Jul 30 2026 15:47:32 GMT-0500 (Central Daylight Time),484476.09999996424,A,mead,I,d,151,1,499.39999997615814,483976.6999999881,8138,WL,A,5.0
4,5.332000017166138,learn,54667.99998283386,Thu Jul 30 2026 15:47:32 GMT-0500 (Central Daylight Time),484592.5,A,meado,I,o,103,1,615.8000000119209,483976.6999999881,8138,WL,A,5.0
4,5.881999969482422,learn,54118.00003051758,Thu Jul 30 2026 15:47:32 GMT-0500 (Central Daylight Time),485143.0,A,meadow,I,w,539,1,1166.300000011921,483976.6999999881,8138,WL,A,5.0
4,6.115000009536743,learn,53884.99999046326,Thu Jul 30 2026 15:47:32 GMT-0500 (Central Daylight Time),485375.89999997616,A,meadowenter,I,enter,221,1,1399.199999988079,483976.6999999881,8138,WL,A,5.0
4,6.431999921798706,learn,53568.000078201294,Thu Jul 30 2026 15:47:32 GMT-0500 (Central Daylight Time),485692.0,A,h,I,h,300,1,315.69999998807907,485376.3000000119,8138,WL,A,6.0
4,6.547999858856201,learn,53452.0001411438,Thu Jul 30 2026 15:47:32 GMT-0500 (Central Daylight Time),485808.6999999881,A,ha,I,a,111,1,432.39999997615814,485376.3000000119,8138,WL,A,6.0
4,6.615000009536743,learn,53384.99999046326,Thu Jul 30 2026 15:47:32 GMT-0500 (Central Daylight Time),485875.3000000119,A,har,I,r,50,1,499.0,485376.3000000119,8138,WL,A,6.0
4,6.847999811172485,learn,53152.000188827515,Thu Jul 30 2026 15:47:32 GMT-0500 (Central Daylight Time),486108.39999997616,A,harp,I,p,222,1,732.0999999642372,485376.3000000119,8138,WL,A,6.0
4,7.730999946594238,learn,52269.00005340576,Thu Jul 30 2026 15:47:32 GMT-0500 (Central Daylight Time),486991.8000000119,A,harpenter,I,enter,863,1,1615.5,485376.3000000119,8138,WL,A,6.0
4,7.913999795913696,learn,52086.000204086304,Thu Jul 30 2026 15:47:32 GMT-0500 (Central Daylight Time),487174.89999997616,A,s,I,s,163,1,182.80000001192093,486992.09999996424,8138,WL,A,7.0
4,7.980999946594238,learn,52019.00005340576,Thu Jul 30 2026 15:47:32 GMT-0500 (Central Daylight Time),487241.5,A,sa,I,a,52,1,249.4000000357628,486992.09999996424,8138,WL,A,7.0
4,8.097999811172485,learn,51902.000188827515,Thu Jul 30 2026 15:47:32 GMT-0500 (Central Daylight Time),487358.3000000119,A,sal,I,l,106,1,366.2000000476837,486992.09999996424,8138,WL,A,7.0
4,8.580999851226807,learn,51419.00014877319,Thu Jul 30 2026 15:47:32 GMT-0500 (Central Daylight Time),487841.59999996424,A,salt,I,t,463,1,849.5,486992.09999996424,8138,WL,A,7.0
4,9.04699993133545,learn,50953.00006866455,Thu Jul 30 2026 15:47:32 GMT-0500 (Central Daylight Time),488307.8000000119,A,saltenter,I,enter,450,1,1315.7000000476837,486992.09999996424,8138,WL,A,7.0
4,9.330999851226807,learn,50669.00014877319,Thu Jul 30 2026 15:47:32 GMT-0500 (Central Daylight Time),488591.1999999881,A,f,I,f,272,1,283.0,488308.1999999881,8138,WL,A,8.0
4,9.381999969482422,learn,50618.00003051758,Thu Jul 30 2026 15:47:32 GMT-0500 (Central Daylight Time),488642.3000000119,A,fi,I,i,44,1,334.10000002384186,488308.1999999881,8138,WL,A,8.0
4,9.497999906539917,learn,50502.00009346008,Thu Jul 30 2026 15:47:32 GMT-0500 (Central Daylight Time),488758.1999999881,A,fin,I,n,96,1,450.0,488308.1999999881,8138,WL,A,8.0
4,9.596999883651733,learn,50403.00011634827,Thu Jul 30 2026 15:47:32 GMT-0500 (Central Daylight Time),488858.0,A,fing,I,g,80,1,549.8000000119209,488308.1999999881,8138,WL,A,8.0
4,9.763999938964844,learn,50236.000061035156,Thu Jul 30 2026 15:47:32 GMT-0500 (Central Daylight Time),489024.39999997616,A,finge,I,e,145,1,716.1999999880791,488308.1999999881,8138,WL,A,8.0
4,9.797999858856201,learn,50202.0001411438,Thu Jul 30 2026 15:47:32 GMT-0500 (Central Daylight Time),489058.6999999881,A,finger,I,r,27,1,750.5,488308.1999999881,8138,WL,A,8.0
4,10.21399998664856,learn,49786.00001335144,Thu Jul 30 2026 15:47:32 GMT-0500 (Central Daylight Time),489474.1999999881,A,fingerenter,I,enter,401,1,1166.0,488308.1999999881,8138,WL,A,8.0
4,10.329999923706055,learn,49670.000076293945,Thu Jul 30 2026 15:47:32 GMT-0500 (Central Daylight Time),489590.6999999881,A,a,I,a,105,1,116.19999998807907,489474.5,8138,WL,A,9.0
4,10.46399998664856,learn,49536.00001335144,Thu Jul 30 2026 15:47:32 GMT-0500 (Central Daylight Time),489724.09999996424,A,ap,I,p,116,1,249.5999999642372,489474.5,8138,WL,A,9.0
4,10.63099980354309,learn,49369.00019645691,Thu Jul 30 2026 15:47:32 GMT-0500 (Central Daylight Time),489891.8000000119,A,app,I,p,160,1,417.30000001192093,489474.5,8138,WL,A,9.0
4,10.79699993133545,learn,49203.00006866455,Thu Jul 30 2026 15:47:32 GMT-0500 (Central Daylight Time),490057.59999996424,A,appl,I,l,152,1,583.0999999642372,489474.5,8138,WL,A,9.0
4,10.913999795913696,learn,49086.000204086304,Thu Jul 30 2026 15:47:32 GMT-0500 (Central Daylight Time),490174.3000000119,A,apple,I,e,107,1,699.8000000119209,489474.5,8138,WL,A,9.0
4,11.113999843597412,learn,48886.00015640259,Thu Jul 30 2026 15:47:32 GMT-0500 (Central Daylight Time),490374.1999999881,A,appleenter,I,enter,190,1,899.6999999880791,489474.5,8138,WL,A,9.0
4,11.645999908447266,learn,48354.000091552734,Thu Jul 30 2026 15:47:32 GMT-0500 (Central Daylight Time),490907.0,A,c,I,c,525,1,532.4000000357628,490374.59999996424,8138,WL,A,10.0
4,11.746999979019165,learn,48253.000020980835,Thu Jul 30 2026 15:47:32 GMT-0500 (Central Daylight Time),491007.09999996424,A,ch,I,h,80,1,632.5,490374.59999996424,8138,WL,A,10.0
4,11.813999891281128,learn,48186.00010871887,Thu Jul 30 2026 15:47:32 GMT-0500 (Central Daylight Time),491074.3000000119,A,chi,I,i,51,1,699.7000000476837,490374.59999996424,8138,WL,A,10.0
4,11.980000019073486,learn,48019.999980926514,Thu Jul 30 2026 15:47:32 GMT-0500 (Central Daylight Time),491240.6999999881,A,chim,I,m,153,1,866.1000000238419,490374.59999996424,8138,WL,A,10.0
4,12.329999923706055,learn,47670.000076293945,Thu Jul 30 2026 15:47:32 GMT-0500 (Central Daylight Time),491590.39999997616,A,chimn,I,n,332,1,1215.800000011921,490374.59999996424,8138,WL,A,10.0
4,12.395999908447266,learn,47604.000091552734,Thu Jul 30 2026 15:47:32 GMT-0500 (Central Daylight Time),491656.8000000119,A,chimne,I,e,62,1,1282.2000000476837,490374.59999996424,8138,WL,A,10.0
4,12.513000011444092,learn,47486.99998855591,Thu Jul 30 2026 15:47:32 GMT-0500 (Central Daylight Time),491773.3000000119,A,chimnet,I,t,106,1,1398.7000000476837,490374.59999996424,8138,WL,A,10.0
4,13.129999876022339,learn,46870.00012397766,Thu Jul 30 2026 15:47:32 GMT-0500 (Central Daylight Time),492390.39999997616,A,chimne,I,backspace,606,1,2015.800000011921,490374.59999996424,8138,WL,A,10.0
4,13.379999876022339,learn,46620.00012397766,Thu Jul 30 2026 15:47:32 GMT-0500 (Central Daylight Time),492640.3000000119,A,chimney,I,y,229,1,2265.7000000476837,490374.59999996424,8138,WL,A,10.0
4,13.77899980545044,learn,46221.00019454956,Thu Jul 30 2026 15:47:32 GMT-0500 (Central Daylight Time),493039.89999997616,A,chimneyenter,I,enter,387,1,2665.300000011921,490374.59999996424,8138,WL,A,10.0
4,14.728999853134155,learn,45271.000146865845,Thu Jul 30 2026 15:47:32 GMT-0500 (Central Daylight Time),493989.59999996424,A,k,I,k,932,1,949.5,493040.09999996424,8138,WL,A,11.0
4,16.244999885559082,learn,43755.00011444092,Thu Jul 30 2026 15:47:32 GMT-0500 (Central Daylight Time),495505.5,A,kb,I,b,1509,1,2465.400000035763,493040.09999996424,8138,WL,A,11.0
4,16.546000003814697,learn,43453.9999961853,Thu Jul 30 2026 15:47:32 GMT-0500 (Central Daylight Time),495806.6999999881,A,k,I,backspace,283,1,2766.600000023842,493040.09999996424,8138,WL,A,11.0
4,16.711999893188477,learn,43288.00010681152,Thu Jul 30 2026 15:47:32 GMT-0500 (Central Daylight Time),495972.59999996424,A,,I,backspace,158,1,2932.5,493040.09999996424,8138,WL,A,11.0
4,16.84599995613098,learn,43154.00004386902,Thu Jul 30 2026 15:47:32 GMT-0500 (Central Daylight Time),496106.59999996424,A,b,I,b,119,1,3066.5,493040.09999996424,8138,WL,A,11.0
4,16.92799997329712,learn,43072.00002670288,Thu Jul 30 2026 15:47:32 GMT-0500 (Central Daylight Time),496189.0,A,bu,I,u,74,1,3148.900000035763,493040.09999996424,8138,WL,A,11.0
4,17.144999980926514,learn,42855.000019073486,Thu Jul 30 2026 15:47:32 GMT-0500 (Central Daylight Time),496405.5,A,but,I,t,198,1,3365.400000035763,493040.09999996424,8138,WL,A,11.0
4,17.294999837875366,learn,42705.000162124634,Thu Jul 30 2026 15:47:32 GMT-0500 (Central Daylight Time),496555.39999997616,A,butt,I,t,133,1,3515.300000011921,493040.09999996424,8138,WL,A,11.0
4,17.42799997329712,learn,42572.00002670288,Thu Jul 30 2026 15:47:32 GMT-0500 (Central Daylight Time),496688.5,A,butto,I,o,120,1,3648.400000035763,493040.09999996424,8138,WL,A,11.0
4,17.494999885559082,learn,42505.00011444092,Thu Jul 30 2026 15:47:32 GMT-0500 (Central Daylight Time),496755.3000000119,A,button,I,n,51,1,3715.2000000476837,493040.09999996424,8138,WL,A,11.0
4,17.92799997329712,learn,42072.00002670288,Thu Jul 30 2026 15:47:32 GMT-0500 (Central Daylight Time),497189.0,A,buttonenter,I,enter,417,1,4148.900000035763,493040.09999996424,8138,WL,A,11.0
4,18.16100001335144,learn,41838.99998664856,Thu Jul 30 2026 15:47:32 GMT-0500 (Central Daylight Time),497421.6999999881,A,l,I,l,222,1,232.19999998807907,497189.5,8138,WL,A,12.0
4,18.32799983024597,learn,41672.00016975403,Thu Jul 30 2026 15:47:32 GMT-0500 (Central Daylight Time),497588.39999997616,A,lo,I,o,157,1,398.89999997615814,497189.5,8138,WL,A,12.0
4,18.393999814987183,learn,41606.00018501282,Thu Jul 30 2026 15:47:32 GMT-0500 (Central Daylight Time),497654.89999997616,A,log,I,g,54,1,465.39999997615814,497189.5,8138,WL,A,12.0
4,19.044999837875366,learn,40955.000162124634,Thu Jul 30 2026 15:47:32 GMT-0500 (Central Daylight Time),498305.09999996424,A,logenter,I,enter,630,1,1115.5999999642372,497189.5,8138,WL,A,12.0
4,19.310999870300293,learn,40689.00012969971,Thu Jul 30 2026 15:47:32 GMT-0500 (Central Daylight Time),498571.3000000119,A,k,I,k,259,1,265.9000000357628,498305.39999997616,8138,WL,A,13.0
4,19.376999855041504,learn,40623.000144958496,Thu Jul 30 2026 15:47:32 GMT-0500 (Central Daylight Time),498637.89999997616,A,ke,I,e,56,1,332.5,498305.39999997616,8138,WL,A,13.0
4,19.47699999809265,learn,40523.00000190735,Thu Jul 30 2026 15:47:32 GMT-0500 (Central Daylight Time),498737.89999997616,A,key,I,y,93,1,432.5,498305.39999997616,8138,WL,A,13.0
4,21.376999855041504,learn,38623.000144958496,Thu Jul 30 2026 15:47:32 GMT-0500 (Central Daylight Time),500637.8000000119,A,keyenter,I,enter,1882,1,2332.400000035763,498305.39999997616,8138,WL,A,13.0
4,21.992999792099,learn,38007.000207901,Thu Jul 30 2026 15:47:32 GMT-0500 (Central Daylight Time),501253.8000000119,A,r,I,r,605,1,615.7000000476837,500638.09999996424,8138,WL,A,14.0
4,22.075999975204468,learn,37924.00002479553,Thu Jul 30 2026 15:47:32 GMT-0500 (Central Daylight Time),501337.0,A,ra,I,a,76,1,698.9000000357628,500638.09999996424,8138,WL,A,14.0
4,22.242999792099,learn,37757.000207901,Thu Jul 30 2026 15:47:32 GMT-0500 (Central Daylight Time),501504.0,A,rat,I,t,155,1,865.9000000357628,500638.09999996424,8138,WL,A,14.0
4,22.39299988746643,learn,37607.00011253357,Thu Jul 30 2026 15:47:32 GMT-0500 (Central Daylight Time),501654.0,A,ratt,I,t,133,1,1015.9000000357628,500638.09999996424,8138,WL,A,14.0
4,22.492999792099,learn,37507.000207901,Thu Jul 30 2026 15:47:32 GMT-0500 (Central Daylight Time),501753.89999997616,A,rattl,I,l,95,1,1115.800000011921,500638.09999996424,8138,WL,A,14.0
4,22.57699990272522,learn,37423.00009727478,Thu Jul 30 2026 15:47:32 GMT-0500 (Central Daylight Time),501837.0,A,rattle,I,e,74,1,1198.9000000357628,500638.09999996424,8138,WL,A,14.0
4,23.009999990463257,learn,36990.00000953674,Thu Jul 30 2026 15:47:32 GMT-0500 (Central Daylight Time),502270.3000000119,A,rattleenter,I,enter,422,1,1632.2000000476837,500638.09999996424,8138,WL,A,14.0
4,23.375999927520752,learn,36624.00007247925,Thu Jul 30 2026 15:47:32 GMT-0500 (Central Daylight Time),502636.6999999881,A,g,I,g,349,1,366.10000002384186,502270.59999996424,8138,WL,A,15.0
4,23.442999839782715,learn,36557.000160217285,Thu Jul 30 2026 15:47:32 GMT-0500 (Central Daylight Time),502704.09999996424,A,go,I,o,56,1,433.5,502270.59999996424,8138,WL,A,15.0
4,23.609999895095825,learn,36390.000104904175,Thu Jul 30 2026 15:47:32 GMT-0500 (Central Daylight Time),502870.3000000119,A,gol,I,l,156,1,599.7000000476837,502270.59999996424,8138,WL,A,15.0
4,23.675999879837036,learn,36324.000120162964,Thu Jul 30 2026 15:47:32 GMT-0500 (Central Daylight Time),502936.8000000119,A,gold,I,d,46,1,666.2000000476837,502270.59999996424,8138,WL,A,15.0
4,23.875999927520752,learn,36124.00007247925,Thu Jul 30 2026 15:47:32 GMT-0500 (Central Daylight Time),503137.0,A,goldenter,I,enter,180,1,866.4000000357628,502270.59999996424,8138,WL,A,15.0
5,0.682999849319458,learn,60000.0,Thu Jul 30 2026 15:47:32 GMT-0500 (Central Daylight Time),568799.5,A,b,I,b,671,1,682.6000000238419,568116.8999999762,8138,WL,A,1.0
5,0.9159998893737793,learn,60000.0,Thu Jul 30 2026 15:47:32 GMT-0500 (Central Daylight Time),569032.6999999881,A,bo,I,o,210,1,915.8000000119209,568116.8999999762,8138,WL,A,1.0
5,1.0829999446868896,learn,60000.0,Thu Jul 30 2026 15:47:32 GMT-0500 (Central Daylight Time),569199.3000000119,A,boo,I,o,156,1,1082.4000000357628,568116.8999999762,8138,WL,A,1.0
5,1.2659997940063477,learn,60000.0,Thu Jul 30 2026 15:47:32 GMT-0500 (Central Daylight Time),569382.8000000119,A,book,I,k,173,1,1265.9000000357628,568116.8999999762,8138,WL,A,1.0
5,1.5819997787475586,learn,60000.0,Thu Jul 30 2026 15:47:32 GMT-0500 (Central Daylight Time),569699.0999999642,A,bookenter,I,enter,309,1,1582.199999988079,568116.8999999762,8138,WL,A,1.0
5,1.815999984741211,learn,60000.0,Thu Jul 30 2026 15:47:32 GMT-0500 (Central Daylight Time),569932.3000000119,A,f,I,f,216,1,232.80000001192093,569699.5,8138,WL,A,2.0
5,1.931999921798706,learn,60000.0,Thu Jul 30 2026 15:47:32 GMT-0500 (Central Daylight Time),570049.0,A,fl,I,l,95,1,349.5,569699.5,8138,WL,A,2.0
5,2.115999937057495,learn,60000.0,Thu Jul 30 2026 15:47:32 GMT-0500 (Central Daylight Time),570232.3000000119,A,flo,I,o,171,1,532.8000000119209,569699.5,8138,WL,A,2.0
5,2.1989998817443848,learn,60000.0,Thu Jul 30 2026 15:47:32 GMT-0500 (Central Daylight Time),570315.8000000119,A,flow,I,w,68,1,616.3000000119209,569699.5,8138,WL,A,2.0
5,2.25,learn,60000.0,Thu Jul 30 2026 15:47:32 GMT-0500 (Central Daylight Time),570366.3999999762,A,flowe,I,e,40,1,666.8999999761581,569699.5,8138,WL,A,2.0
5,2.798999786376953,learn,60000.0,Thu Jul 30 2026 15:47:32 GMT-0500 (Central Daylight Time),570915.3000000119,A,flower,I,r,533,1,1215.800000011921,569699.5,8138,WL,A,2.0
5,3.0149998664855957,learn,60000.0,Thu Jul 30 2026 15:47:32 GMT-0500 (Central Daylight Time),571131.8000000119,A,flowerenter,I,enter,207,1,1432.300000011921,569699.5,8138,WL,A,2.0
5,3.232999801635742,learn,60000.0,Thu Jul 30 2026 15:47:32 GMT-0500 (Central Daylight Time),571349.8000000119,A,t,I,t,207,1,217.60000002384186,571132.1999999881,8138,WL,A,3.0
5,3.3989999294281006,learn,60000.0,Thu Jul 30 2026 15:47:32 GMT-0500 (Central Daylight Time),571515.5,A,tr,I,r,158,1,383.30000001192093,571132.1999999881,8138,WL,A,3.0
5,3.4489998817443848,learn,60000.0,Thu Jul 30 2026 15:47:32 GMT-0500 (Central Daylight Time),571565.1999999881,A,tra,I,a,41,1,433.0,571132.1999999881,8138,WL,A,3.0
5,3.614999771118164,learn,60000.0,Thu Jul 30 2026 15:47:32 GMT-0500 (Central Daylight Time),571732.0,A,trai,I,i,150,1,599.8000000119209,571132.1999999881,8138,WL,A,3.0
5,3.6989998817443848,learn,60000.0,Thu Jul 30 2026 15:47:32 GMT-0500 (Central Daylight Time),571815.1999999881,A,train,I,n,63,1,683.0,571132.1999999881,8138,WL,A,3.0
5,5.0309998989105225,learn,60000.0,Thu Jul 30 2026 15:47:32 GMT-0500 (Central Daylight Time),573147.8999999762,A,trainenter,I,enter,1324,1,2015.699999988079,571132.1999999881,8138,WL,A,3.0
5,5.5309998989105225,learn,60000.0,Thu Jul 30 2026 15:47:32 GMT-0500 (Central Daylight Time),573647.5999999642,A,r,I,r,479,1,499.39999997615814,573148.1999999881,8138,WL,A,4.0
5,5.630999803543091,learn,60000.0,Thu Jul 30 2026 15:47:32 GMT-0500 (Central Daylight Time),573748.0,A,ru,I,u,85,1,599.8000000119209,573148.1999999881,8138,WL,A,4.0
5,5.747999906539917,learn,60000.0,Thu Jul 30 2026 15:47:32 GMT-0500 (Central Daylight Time),573864.6999999881,A,rug,I,g,96,1,716.5,573148.1999999881,8138,WL,A,4.0
5,6.163999795913696,learn,60000.0,Thu Jul 30 2026 15:47:32 GMT-0500 (Central Daylight Time),574280.8000000119,A,rugenter,I,enter,411,1,1132.6000000238419,573148.1999999881,8138,WL,A,4.0
5,6.380999803543091,learn,60000.0,Thu Jul 30 2026 15:47:32 GMT-0500 (Central Daylight Time),574497.5,A,m,I,m,209,1,216.30000001192093,574281.1999999881,8138,WL,A,5.0
5,6.447999954223633,learn,60000.0,Thu Jul 30 2026 15:47:32 GMT-0500 (Central Daylight Time),574564.0999999642,A,me,I,e,58,1,282.89999997615814,574281.1999999881,8138,WL,A,5.0
5,6.497999906539917,learn,60000.0,Thu Jul 30 2026 15:47:32 GMT-0500 (Central Daylight Time),574614.0999999642,A,mea,I,a,31,1,332.89999997615814,574281.1999999881,8138,WL,A,5.0
5,6.630999803543091,learn,60000.0,Thu Jul 30 2026 15:47:32 GMT-0500 (Central Daylight Time),574747.5,A,mead,I,d,125,1,466.30000001192093,574281.1999999881,8138,WL,A,5.0
5,7.163999795913696,learn,60000.0,Thu Jul 30 2026 15:47:32 GMT-0500 (Central Daylight Time),575280.8000000119,A,meado,I,o,527,1,999.6000000238419,574281.1999999881,8138,WL,A,5.0
5,7.296999931335449,learn,60000.0,Thu Jul 30 2026 15:47:32 GMT-0500 (Central Daylight Time),575414.0999999642,A,meadow,I,w,115,1,1132.8999999761581,574281.1999999881,8138,WL,A,5.0
5,7.863999843597412,learn,60000.0,Thu Jul 30 2026 15:47:32 GMT-0500 (Central Daylight Time),575980.6999999881,A,meadowenter,I,enter,557,1,1699.5,574281.1999999881,8138,WL,A,5.0
5,9.995999813079834,learn,60000.0,Thu Jul 30 2026 15:47:32 GMT-0500 (Central Daylight Time),578113.0999999642,A,h,I,h,2112,1,2132.099999964237,575981.0,8138,WL,A,6.0
5,10.045999765396118,learn,60000.0,Thu Jul 30 2026 15:47:32 GMT-0500 (Central Daylight Time),578162.8000000119,A,ha,I,a,42,1,2181.800000011921,575981.0,8138,WL,A,6.0
5,10.129999876022339,learn,60000.0,Thu Jul 30 2026 15:47:32 GMT-0500 (Central Daylight Time),578246.3000000119,A,har,I,r,64,1,2265.300000011921,575981.0,8138,WL,A,6.0
5,10.329999923706055,learn,60000.0,Thu Jul 30 2026 15:47:32 GMT-0500 (Central Daylight Time),578446.5999999642,A,harp,I,p,181,1,2465.599999964237,575981.0,8138,WL,A,6.0
5,10.680999994277954,learn,60000.0,Thu Jul 30 2026 15:47:32 GMT-0500 (Central Daylight Time),578797.5,A,harpenter,I,enter,342,1,2816.5,575981.0,8138,WL,A,6.0
5,11.629999876022339,learn,60000.0,Thu Jul 30 2026 15:47:32 GMT-0500 (Central Daylight Time),579746.1999999881,A,s,I,s,943,1,948.5,578797.6999999881,8138,WL,A,7.0
5,11.69599986076355,learn,60000.0,Thu Jul 30 2026 15:47:32 GMT-0500 (Central Daylight Time),579812.8999999762,A,sa,I,a,58,1,1015.1999999880791,578797.6999999881,8138,WL,A,7.0
5,11.828999996185303,learn,60000.0,Thu Jul 30 2026 15:47:32 GMT-0500 (Central Daylight Time),579946.0,A,sal,I,l,127,1,1148.300000011921,578797.6999999881,8138,WL,A,7.0
5,11.978999853134155,learn,60000.0,Thu Jul 30 2026 15:47:32 GMT-0500 (Central Daylight Time),580095.8000000119,A,salt,I,t,130,1,1298.1000000238419,578797.6999999881,8138,WL,A,7.0
5,13.02999997138977,learn,60000.0,Thu Jul 30 2026 15:47:32 GMT-0500 (Central Daylight Time),581147.0999999642,A,saltenter,I,enter,1044,1,2349.399999976158,578797.6999999881,8138,WL,A,7.0
5,13.478999853134155,learn,60000.0,Thu Jul 30 2026 15:47:32 GMT-0500 (Central Daylight Time),581595.3000000119,A,f,I,f,440,1,447.9000000357628,581147.3999999762,8138,WL,A,8.0
5,13.561999797821045,learn,60000.0,Thu Jul 30 2026 15:47:32 GMT-0500 (Central Daylight Time),581678.5,A,fi,I,i,72,1,531.1000000238419,581147.3999999762,8138,WL,A,8.0
5,13.628999948501587,learn,60000.0,Thu Jul 30 2026 15:47:32 GMT-0500 (Central Daylight Time),581745.3999999762,A,fin,I,n,59,1,598.0,581147.3999999762,8138,WL,A,8.0
5,13.978999853134155,learn,60000.0,Thu Jul 30 2026 15:47:32 GMT-0500 (Central Daylight Time),582095.3000000119,A,fing,I,g,330,1,947.9000000357628,581147.3999999762,8138,WL,A,8.0
5,14.044999837875366,learn,60000.0,Thu Jul 30 2026 15:47:32 GMT-0500 (Central Daylight Time),582161.8000000119,A,finge,I,e,59,1,1014.4000000357628,581147.3999999762,8138,WL,A,8.0
5,14.127999782562256,learn,60000.0,Thu Jul 30 2026 15:47:32 GMT-0500 (Central Daylight Time),582245.1999999881,A,finger,I,r,65,1,1097.800000011921,581147.3999999762,8138,WL,A,8.0
5,14.49399995803833,learn,60000.0,Thu Jul 30 2026 15:47:32 GMT-0500 (Central Daylight Time),582611.5999999642,A,fingerenter,I,enter,349,1,1464.199999988079,581147.3999999762,8138,WL,A,8.0
5,14.676999807357788,learn,60000.0,Thu Jul 30 2026 15:47:32 GMT-0500 (Central Daylight Time),582794.8999999762,A,a,I,a,167,1,183.0,582611.8999999762,8138,WL,A,9.0
5,14.810999870300293,learn,60000.0,Thu Jul 30 2026 15:47:32 GMT-0500 (Central Daylight Time),582928.3000000119,A,ap,I,p,112,1,316.4000000357628,582611.8999999762,8138,WL,A,9.0
5,14.960999965667725,learn,60000.0,Thu Jul 30 2026 15:47:32 GMT-0500 (Central Daylight Time),583078.1999999881,A,app,I,p,130,1,466.30000001192093,582611.8999999762,8138,WL,A,9.0
5,15.109999895095825,learn,60000.0,Thu Jul 30 2026 15:47:32 GMT-0500 (Central Daylight Time),583228.0999999642,A,appl,I,l,140,1,616.1999999880791,582611.8999999762,8138,WL,A,9.0
5,15.209999799728394,learn,60000.0,Thu Jul 30 2026 15:47:32 GMT-0500 (Central Daylight Time),583328.0,A,apple,I,e,87,1,716.1000000238419,582611.8999999762,8138,WL,A,9.0
5,15.393999814987183,learn,60000.0,Thu Jul 30 2026 15:47:32 GMT-0500 (Central Daylight Time),583511.5,A,appleenter,I,enter,171,1,899.6000000238419,582611.8999999762,8138,WL,A,9.0
5,15.676999807357788,learn,60000.0,Thu Jul 30 2026 15:47:32 GMT-0500 (Central Daylight Time),583794.5999999642,A,c,I,c,268,1,282.7999999523163,583511.8000000119,8138,WL,A,10.0
5,15.74399995803833,learn,60000.0,Thu Jul 30 2026 15:47:32 GMT-0500 (Central Daylight Time),583861.3000000119,A,ch,I,h,56,1,349.5,583511.8000000119,8138,WL,A,10.0
5,15.82699990272522,learn,60000.0,Thu Jul 30 2026 15:47:32 GMT-0500 (Central Daylight Time),583944.6999999881,A,chi,I,i,70,1,432.89999997615814,583511.8000000119,8138,WL,A,10.0
5,16.32699990272522,learn,60000.0,Thu Jul 30 2026 15:47:32 GMT-0500 (Central Daylight Time),584444.3999999762,A,chim,I,m,488,1,932.5999999642372,583511.8000000119,8138,WL,A,10.0
5,16.626999855041504,learn,60000.0,Thu Jul 30 2026 15:47:32 GMT-0500 (Central Daylight Time),584744.3999999762,A,chimn,I,n,278,1,1232.5999999642372,583511.8000000119,8138,WL,A,10.0
5,16.742999792099,learn,60000.0,Thu Jul 30 2026 15:47:32 GMT-0500 (Central Daylight Time),584861.0999999642,A,chimne,I,e,99,1,1349.2999999523163,583511.8000000119,8138,WL,A,10.0
5,16.82699990272522,learn,60000.0,Thu Jul 30 2026 15:47:32 GMT-0500 (Central Daylight Time),584944.3000000119,A,chimney,I,y,63,1,1432.5,583511.8000000119,8138,WL,A,10.0
5,17.242999792099,learn,60000.0,Thu Jul 30 2026 15:47:32 GMT-0500 (Central Daylight Time),585360.8999999762,A,chimneyenter,I,enter,402,1,1849.0999999642372,583511.8000000119,8138,WL,A,10.0
5,17.825999975204468,learn,60000.0,Thu Jul 30 2026 15:47:32 GMT-0500 (Central Daylight Time),585944.0,A,b,I,b,562,1,582.6999999880791,585361.3000000119,8138,WL,A,11.0
5,17.926999807357788,learn,60000.0,Thu Jul 30 2026 15:47:32 GMT-0500 (Central Daylight Time),586044.1999999881,A,bu,I,u,93,1,682.8999999761581,585361.3000000119,8138,WL,A,11.0
5,18.07699990272522,learn,60000.0,Thu Jul 30 2026 15:47:32 GMT-0500 (Central Daylight Time),586194.8999999762,A,but,I,t,136,1,833.5999999642372,585361.3000000119,8138,WL,A,11.0
5,18.22599983215332,learn,60000.0,Thu Jul 30 2026 15:47:32 GMT-0500 (Central Daylight Time),586343.8999999762,A,butt,I,t,128,1,982.5999999642372,585361.3000000119,8138,WL,A,11.0
5,18.442999839782715,learn,60000.0,Thu Jul 30 2026 15:47:32 GMT-0500 (Central Daylight Time),586560.5,A,butto,I,o,203,1,1199.199999988079,585361.3000000119,8138,WL,A,11.0
5,18.47599983215332,learn,60000.0,Thu Jul 30 2026 15:47:32 GMT-0500 (Central Daylight Time),586593.6999999881,A,button,I,n,19,1,1232.3999999761581,585361.3000000119,8138,WL,A,11.0
5,19.375999927520752,learn,60000.0,Thu Jul 30 2026 15:47:32 GMT-0500 (Central Daylight Time),587493.5999999642,A,buttonenter,I,enter,881,1,2132.2999999523163,585361.3000000119,8138,WL,A,11.0
5,19.80899977684021,learn,60000.0,Thu Jul 30 2026 15:47:32 GMT-0500 (Central Daylight Time),587927.1999999881,A,l,I,l,414,1,433.30000001192093,587493.8999999762,8138,WL,A,12.0
5,19.97599983215332,learn,60000.0,Thu Jul 30 2026 15:47:32 GMT-0500 (Central Daylight Time),588093.5,A,lo,I,o,157,1,599.6000000238419,587493.8999999762,8138,WL,A,12.0
5,20.042999982833862,learn,60000.0,Thu Jul 30 2026 15:47:32 GMT-0500 (Central Daylight Time),588160.3999999762,A,log,I,g,46,1,666.5,587493.8999999762,8138,WL,A,12.0
5,20.242999792099,learn,60000.0,Thu Jul 30 2026 15:47:32 GMT-0500 (Central Daylight Time),588361.1999999881,A,logenter,I,enter,179,1,867.3000000119209,587493.8999999762,8138,WL,A,12.0
5,20.47499990463257,learn,60000.0,Thu Jul 30 2026 15:47:32 GMT-0500 (Central Daylight Time),588593.0999999642,A,k,I,k,226,1,231.5999999642372,588361.5,8138,WL,A,13.0
5,20.524999856948853,learn,60000.0,Thu Jul 30 2026 15:47:32 GMT-0500 (Central Daylight Time),588643.1999999881,A,ke,I,e,42,1,281.69999998807907,588361.5,8138,WL,A,13.0
5,20.608999967575073,learn,60000.0,Thu Jul 30 2026 15:47:32 GMT-0500 (Central Daylight Time),588726.3999999762,A,key,I,y,70,1,364.89999997615814,588361.5,8138,WL,A,13.0
5,21.341999769210815,learn,60000.0,Thu Jul 30 2026 15:47:32 GMT-0500 (Central Daylight Time),589459.8000000119,A,keyenter,I,enter,726,1,1098.300000011921,588361.5,8138,WL,A,13.0
5,21.591999769210815,learn,60000.0,Thu Jul 30 2026 15:47:32 GMT-0500 (Central Daylight Time),589710.0,A,r,I,r,233,1,249.9000000357628,589460.0999999642,8138,WL,A,14.0
5,21.674999952316284,learn,60000.0,Thu Jul 30 2026 15:47:32 GMT-0500 (Central Daylight Time),589792.6999999881,A,ra,I,a,69,1,332.60000002384186,589460.0999999642,8138,WL,A,14.0
5,21.907999992370605,learn,60000.0,Thu Jul 30 2026 15:47:32 GMT-0500 (Central Daylight Time),590025.8999999762,A,rat,I,t,226,1,565.8000000119209,589460.0999999642,8138,WL,A,14.0
5,22.074999809265137,learn,60000.0,Thu Jul 30 2026 15:47:32 GMT-0500 (Central Daylight Time),590192.5,A,ratt,I,t,146,1,732.4000000357628,589460.0999999642,8138,WL,A,14.0
5,22.157999992370605,learn,60000.0,Thu Jul 30 2026 15:47:32 GMT-0500 (Central Daylight Time),590275.8999999762,A,rattl,I,l,75,1,815.8000000119209,589460.0999999642,8138,WL,A,14.0
5,22.22499990463257,learn,60000.0,Thu Jul 30 2026 15:47:32 GMT-0500 (Central Daylight Time),590342.5,A,rattle,I,e,56,1,882.4000000357628,589460.0999999642,8138,WL,A,14.0
5,22.691999912261963,learn,60000.0,Thu Jul 30 2026 15:47:32 GMT-0500 (Central Daylight Time),590809.3999999762,A,rattleenter,I,enter,446,1,1349.300000011921,589460.0999999642,8138,WL,A,14.0
5,23.04099988937378,learn,60000.0,Thu Jul 30 2026 15:47:32 GMT-0500 (Central Daylight Time),591159.0,A,g,I,g,330,1,349.30000001192093,590809.6999999881,8138,WL,A,15.0
5,23.090999841690063,learn,60000.0,Thu Jul 30 2026 15:47:32 GMT-0500 (Central Daylight Time),591209.0,A,go,I,o,35,1,399.30000001192093,590809.6999999881,8138,WL,A,15.0
5,23.274999856948853,learn,60000.0,Thu Jul 30 2026 15:47:32 GMT-0500 (Central Daylight Time),591392.1999999881,A,gol,I,l,162,1,582.5,590809.6999999881,8138,WL,A,15.0
5,23.324999809265137,learn,60000.0,Thu Jul 30 2026 15:47:32 GMT-0500 (Central Daylight Time),591442.3000000119,A,gold,I,d,35,1,632.6000000238419,590809.6999999881,8138,WL,A,15.0
5,23.507999897003174,learn,60000.0,Thu Jul 30 2026 15:47:32 GMT-0500 (Central Daylight Time),591625.8000000119,A,goldenter,I,enter,168,1,816.1000000238419,590809.6999999881,8138,WL,A,15.0
6,1.183000087738037,distr,58816.99991226196,Thu Jul 30 2026 15:47:32 GMT-0500 (Central Daylight Time),664869.1999999881,B,m,I,m,1174,1,1182.800000011921,663686.3999999762,8138,WL,A,1.0
6,1.2829999923706055,distr,58717.000007629395,Thu Jul 30 2026 15:47:32 GMT-0500 (Central Daylight Time),664969.1999999881,B,me,I,e,85,1,1282.800000011921,663686.3999999762,8138,WL,A,1.0
6,1.3499999046325684,distr,58650.00009536743,Thu Jul 30 2026 15:47:32 GMT-0500 (Central Daylight Time),665035.6999999881,B,mea,I,a,58,1,1349.300000011921,663686.3999999762,8138,WL,A,1.0
6,1.5169999599456787,distr,58483.00004005432,Thu Jul 30 2026 15:47:32 GMT-0500 (Central Daylight Time),665202.5,B,meal,I,l,153,1,1516.1000000238419,663686.3999999762,8138,WL,A,1.0
6,2.2829999923706055,distr,57717.000007629395,Thu Jul 30 2026 15:47:32 GMT-0500 (Central Daylight Time),665968.8000000119,B,mealenter,I,enter,761,1,2282.400000035763,663686.3999999762,8138,WL,A,1.0
6,2.5829999446868896,distr,57417.00005531311,Thu Jul 30 2026 15:47:32 GMT-0500 (Central Daylight Time),666268.5999999642,B,c,I,c,291,1,299.5999999642372,665969.0,8138,WL,A,2.0
6,2.6670000553131104,distr,57332.99994468689,Thu Jul 30 2026 15:47:32 GMT-0500 (Central Daylight Time),666352.5,B,co,I,o,71,1,383.5,665969.0,8138,WL,A,2.0
6,2.8329999446868896,distr,57167.00005531311,Thu Jul 30 2026 15:47:32 GMT-0500 (Central Daylight Time),666518.8999999762,B,coa,I,a,156,1,549.8999999761581,665969.0,8138,WL,A,2.0
6,2.8999998569488525,distr,57100.00014305115,Thu Jul 30 2026 15:47:32 GMT-0500 (Central Daylight Time),666585.5,B,coat,I,t,61,1,616.5,665969.0,8138,WL,A,2.0
6,3.3329999446868896,distr,56667.00005531311,Thu Jul 30 2026 15:47:32 GMT-0500 (Central Daylight Time),667018.5999999642,B,coatenter,I,enter,418,1,1049.5999999642372,665969.0,8138,WL,A,2.0
6,3.4830000400543213,distr,56516.99995994568,Thu Jul 30 2026 15:47:32 GMT-0500 (Central Daylight Time),667168.5999999642,B,b,I,b,145,1,149.79999995231628,667018.8000000119,8138,WL,A,3.0
6,3.5829999446868896,distr,56417.00005531311,Thu Jul 30 2026 15:47:32 GMT-0500 (Central Daylight Time),667268.3999999762,B,bo,I,o,83,1,249.5999999642372,667018.8000000119,8138,WL,A,3.0
6,3.7160000801086426,distr,56283.99991989136,Thu Jul 30 2026 15:47:32 GMT-0500 (Central Daylight Time),667401.5999999642,B,bot,I,t,119,1,382.7999999523163,667018.8000000119,8138,WL,A,3.0
6,3.8329999446868896,distr,56167.00005531311,Thu Jul 30 2026 15:47:32 GMT-0500 (Central Daylight Time),667518.5999999642,B,bott,I,t,106,1,499.7999999523163,667018.8000000119,8138,WL,A,3.0
6,4.0329999923706055,distr,55967.000007629395,Thu Jul 30 2026 15:47:32 GMT-0500 (Central Daylight Time),667718.5,B,bottl,I,l,190,1,699.6999999880791,667018.8000000119,8138,WL,A,3.0
6,4.065999984741211,distr,55934.00001525879,Thu Jul 30 2026 15:47:32 GMT-0500 (Central Daylight Time),667752.0,B,bottle,I,e,22,1,733.1999999880791,667018.8000000119,8138,WL,A,3.0
6,4.698999881744385,distr,55301.000118255615,Thu Jul 30 2026 15:47:32 GMT-0500 (Central Daylight Time),668384.8000000119,B,bottleenter,I,enter,613,1,1366.0,667018.8000000119,8138,WL,A,3.0
6,4.881999969482422,distr,55118.00003051758,Thu Jul 30 2026 15:47:32 GMT-0500 (Central Daylight Time),668568.3000000119,B,p,I,p,163,1,183.30000001192093,668385.0,8138,WL,A,4.0
6,4.966000080108643,distr,55033.99991989136,Thu Jul 30 2026 15:47:32 GMT-0500 (Central Daylight Time),668651.6999999881,B,pe,I,e,67,1,266.69999998807907,668385.0,8138,WL,A,4.0
6,5.0320000648498535,distr,54967.99993515015,Thu Jul 30 2026 15:47:32 GMT-0500 (Central Daylight Time),668718.3000000119,B,pea,I,a,57,1,333.30000001192093,668385.0,8138,WL,A,4.0
6,5.23199987411499,distr,54768.00012588501,Thu Jul 30 2026 15:47:32 GMT-0500 (Central Daylight Time),668918.3000000119,B,peac,I,c,190,1,533.3000000119209,668385.0,8138,WL,A,4.0
6,5.315999984741211,distr,54684.00001525879,Thu Jul 30 2026 15:47:32 GMT-0500 (Central Daylight Time),669001.5999999642,B,peach,I,h,70,1,616.5999999642372,668385.0,8138,WL,A,4.0
6,5.549000024795532,distr,54450.99997520447,Thu Jul 30 2026 15:47:32 GMT-0500 (Central Daylight Time),669234.3999999762,B,peachenter,I,enter,226,1,849.3999999761581,668385.0,8138,WL,A,4.0
6,5.749000072479248,distr,54250.99992752075,Thu Jul 30 2026 15:47:32 GMT-0500 (Central Daylight Time),669434.5,B,c,I,c,192,1,199.69999998807907,669234.8000000119,8138,WL,A,5.0
6,5.815000057220459,distr,54184.99994277954,Thu Jul 30 2026 15:47:32 GMT-0500 (Central Daylight Time),669501.0,B,ch,I,h,56,1,266.19999998807907,669234.8000000119,8138,WL,A,5.0
6,5.947999954223633,distr,54052.00004577637,Thu Jul 30 2026 15:47:32 GMT-0500 (Central Daylight Time),669634.3000000119,B,cha,I,a,118,1,399.5,669234.8000000119,8138,WL,A,5.0
6,6.049000024795532,distr,53950.99997520447,Thu Jul 30 2026 15:47:32 GMT-0500 (Central Daylight Time),669734.3000000119,B,chai,I,i,89,1,499.5,669234.8000000119,8138,WL,A,5.0
6,6.131999969482422,distr,53868.00003051758,Thu Jul 30 2026 15:47:32 GMT-0500 (Central Daylight Time),669818.0999999642,B,chaie,I,e,69,1,583.2999999523163,669234.8000000119,8138,WL,A,5.0
6,6.165999889373779,distr,53834.00011062622,Thu Jul 30 2026 15:47:32 GMT-0500 (Central Daylight Time),669851.3000000119,B,chaier,I,r,18,1,616.5,669234.8000000119,8138,WL,A,5.0
6,6.815000057220459,distr,53184.99994277954,Thu Jul 30 2026 15:47:32 GMT-0500 (Central Daylight Time),670500.8999999762,B,chaie,I,backspace,632,1,1266.0999999642372,669234.8000000119,8138,WL,A,5.0
6,6.947999954223633,distr,53052.00004577637,Thu Jul 30 2026 15:47:32 GMT-0500 (Central Daylight Time),670633.8999999762,B,chai,I,backspace,126,1,1399.0999999642372,669234.8000000119,8138,WL,A,5.0
6,6.997999906539917,distr,53002.00009346008,Thu Jul 30 2026 15:47:32 GMT-0500 (Central Daylight Time),670684.0999999642,B,chair,I,r,42,1,1449.2999999523163,669234.8000000119,8138,WL,A,5.0
6,7.63100004196167,distr,52368.99995803833,Thu Jul 30 2026 15:47:32 GMT-0500 (Central Daylight Time),671317.1999999881,B,chairenter,I,enter,623,1,2082.399999976158,669234.8000000119,8138,WL,A,5.0
6,8.514999866485596,distr,51485.000133514404,Thu Jul 30 2026 15:47:32 GMT-0500 (Central Daylight Time),672200.8000000119,B,b,I,b,863,1,883.4000000357628,671317.3999999762,8138,WL,A,6.0
6,8.648000001907349,distr,51351.99999809265,Thu Jul 30 2026 15:47:32 GMT-0500 (Central Daylight Time),672333.6999999881,B,bo,I,o,123,1,1016.3000000119209,671317.3999999762,8138,WL,A,6.0
6,8.764999866485596,distr,51235.000133514404,Thu Jul 30 2026 15:47:32 GMT-0500 (Central Daylight Time),672450.3999999762,B,bow,I,w,111,1,1133.0,671317.3999999762,8138,WL,A,6.0
6,8.930999994277954,distr,51069.000005722046,Thu Jul 30 2026 15:47:32 GMT-0500 (Central Daylight Time),672617.0999999642,B,bowl,I,l,146,1,1299.699999988079,671317.3999999762,8138,WL,A,6.0
6,9.497999906539917,distr,50502.00009346008,Thu Jul 30 2026 15:47:32 GMT-0500 (Central Daylight Time),673183.5,B,bowlenter,I,enter,555,1,1866.1000000238419,671317.3999999762,8138,WL,A,6.0
6,9.71399998664856,distr,50286.00001335144,Thu Jul 30 2026 15:47:32 GMT-0500 (Central Daylight Time),673400.3000000119,B,d,I,d,196,1,216.4000000357628,673183.8999999762,8138,WL,A,7.0
6,9.780999898910522,distr,50219.00010108948,Thu Jul 30 2026 15:47:32 GMT-0500 (Central Daylight Time),673466.8000000119,B,da,I,a,52,1,282.9000000357628,673183.8999999762,8138,WL,A,7.0
6,9.930999994277954,distr,50069.000005722046,Thu Jul 30 2026 15:47:32 GMT-0500 (Central Daylight Time),673617.0999999642,B,daw,I,w,145,1,433.19999998807907,673183.8999999762,8138,WL,A,7.0
6,10.397000074386597,distr,49602.9999256134,Thu Jul 30 2026 15:47:32 GMT-0500 (Central Daylight Time),674082.8999999762,B,dawn,I,n,458,1,899.0,673183.8999999762,8138,WL,A,7.0
6,10.680999994277954,distr,49319.000005722046,Thu Jul 30 2026 15:47:32 GMT-0500 (Central Daylight Time),674366.3999999762,B,dawnenter,I,enter,265,1,1182.5,673183.8999999762,8138,WL,A,7.0
6,10.846999883651733,distr,49153.00011634827,Thu Jul 30 2026 15:47:32 GMT-0500 (Central Daylight Time),674533.1999999881,B,g,I,g,149,1,166.30000001192093,674366.8999999762,8138,WL,A,8.0
6,11.013999938964844,distr,48986.000061035156,Thu Jul 30 2026 15:47:32 GMT-0500 (Central Daylight Time),674699.5999999642,B,gr,I,r,150,1,332.69999998807907,674366.8999999762,8138,WL,A,8.0
6,11.04699993133545,distr,48953.00006866455,Thu Jul 30 2026 15:47:32 GMT-0500 (Central Daylight Time),674733.0,B,gra,I,a,25,1,366.10000002384186,674366.8999999762,8138,WL,A,8.0
6,11.13100004196167,distr,48868.99995803833,Thu Jul 30 2026 15:47:32 GMT-0500 (Central Daylight Time),674816.5999999642,B,gran,I,n,72,1,449.69999998807907,674366.8999999762,8138,WL,A,8.0
6,11.263999938964844,distr,48736.000061035156,Thu Jul 30 2026 15:47:32 GMT-0500 (Central Daylight Time),674949.5,B,grant,I,t,123,1,582.6000000238419,674366.8999999762,8138,WL,A,8.0
6,11.680000066757202,distr,48319.9999332428,Thu Jul 30 2026 15:47:32 GMT-0500 (Central Daylight Time),675365.8999999762,B,grantenter,I,enter,404,1,999.0,674366.8999999762,8138,WL,A,8.0
6,11.94700002670288,distr,48052.99997329712,Thu Jul 30 2026 15:47:32 GMT-0500 (Central Daylight Time),675632.8999999762,B,j,I,j,254,1,266.80000001192093,675366.0999999642,8138,WL,A,9.0
6,12.164000034332275,distr,47835.999965667725,Thu Jul 30 2026 15:47:32 GMT-0500 (Central Daylight Time),675849.5999999642,B,ju,I,u,202,1,483.5,675366.0999999642,8138,WL,A,9.0
6,12.19700002670288,distr,47802.99997329712,Thu Jul 30 2026 15:47:32 GMT-0500 (Central Daylight Time),675882.5,B,jud,I,d,27,1,516.4000000357628,675366.0999999642,8138,WL,A,9.0
6,12.29699993133545,distr,47703.00006866455,Thu Jul 30 2026 15:47:32 GMT-0500 (Central Daylight Time),675982.6999999881,B,judg,I,g,82,1,616.6000000238419,675366.0999999642,8138,WL,A,9.0
6,13.162999868392944,distr,46837.000131607056,Thu Jul 30 2026 15:47:32 GMT-0500 (Central Daylight Time),676848.6999999881,B,judge,I,e,862,1,1482.6000000238419,675366.0999999642,8138,WL,A,9.0
6,13.662999868392944,distr,46337.000131607056,Thu Jul 30 2026 15:47:32 GMT-0500 (Central Daylight Time),677348.5999999642,B,judgeenter,I,enter,491,1,1982.5,675366.0999999642,8138,WL,A,9.0
6,13.895999908447266,distr,46104.000091552734,Thu Jul 30 2026 15:47:32 GMT-0500 (Central Daylight Time),677581.8999999762,B,i,I,i,221,1,232.89999997615814,677349.0,8138,WL,A,10.0
6,13.978999853134155,distr,46021.000146865845,Thu Jul 30 2026 15:47:32 GMT-0500 (Central Daylight Time),677665.0,B,in,I,n,69,1,316.0,677349.0,8138,WL,A,10.0
6,14.095999956130981,distr,45904.00004386902,Thu Jul 30 2026 15:47:32 GMT-0500 (Central Daylight Time),677782.3000000119,B,ins,I,s,107,1,433.30000001192093,677349.0,8138,WL,A,10.0
6,14.263000011444092,distr,45736.99998855591,Thu Jul 30 2026 15:47:32 GMT-0500 (Central Daylight Time),677948.8000000119,B,inse,I,e,158,1,599.8000000119209,677349.0,8138,WL,A,10.0
6,14.728999853134155,distr,45271.000146865845,Thu Jul 30 2026 15:47:32 GMT-0500 (Central Daylight Time),678415.0999999642,B,inset,I,t,446,1,1066.0999999642372,677349.0,8138,WL,A,10.0
6,15.19599986076355,distr,44804.00013923645,Thu Jul 30 2026 15:47:32 GMT-0500 (Central Daylight Time),678881.5,B,inse,I,backspace,452,1,1532.5,677349.0,8138,WL,A,10.0
6,15.246000051498413,distr,44753.99994850159,Thu Jul 30 2026 15:47:32 GMT-0500 (Central Daylight Time),678932.0,B,insec,I,c,34,1,1583.0,677349.0,8138,WL,A,10.0
6,15.496000051498413,distr,44503.99994850159,Thu Jul 30 2026 15:47:32 GMT-0500 (Central Daylight Time),679181.8000000119,B,insect,I,t,233,1,1832.800000011921,677349.0,8138,WL,A,10.0
6,15.845999956130981,distr,44154.00004386902,Thu Jul 30 2026 15:47:32 GMT-0500 (Central Daylight Time),679531.3000000119,B,insectenter,I,enter,333,1,2182.300000011921,677349.0,8138,WL,A,10.0
6,16.09500002861023,distr,43904.99997138977,Thu Jul 30 2026 15:47:32 GMT-0500 (Central Daylight Time),679781.3000000119,B,o,I,o,239,1,249.80000001192093,679531.5,8138,WL,A,11.0
6,16.312000036239624,distr,43687.999963760376,Thu Jul 30 2026 15:47:32 GMT-0500 (Central Daylight Time),679997.8000000119,B,ol,I,l,198,1,466.30000001192093,679531.5,8138,WL,A,11.0
6,16.444999933242798,distr,43555.0000667572,Thu Jul 30 2026 15:47:32 GMT-0500 (Central Daylight Time),680131.0999999642,B,ola,I,a,117,1,599.5999999642372,679531.5,8138,WL,A,11.0
6,16.76200008392334,distr,43237.99991607666,Thu Jul 30 2026 15:47:32 GMT-0500 (Central Daylight Time),680447.8999999762,B,ol,I,backspace,305,1,916.3999999761581,679531.5,8138,WL,A,11.0
6,16.94599986076355,distr,43054.00013923645,Thu Jul 30 2026 15:47:32 GMT-0500 (Central Daylight Time),680632.1999999881,B,o,I,backspace,172,1,1100.699999988079,679531.5,8138,WL,A,11.0
6,17.07800006866455,distr,42921.99993133545,Thu Jul 30 2026 15:47:32 GMT-0500 (Central Daylight Time),680764.0999999642,B,,I,backspace,123,1,1232.5999999642372,679531.5,8138,WL,A,11.0
6,17.34500002861023,distr,42654.99997138977,Thu Jul 30 2026 15:47:32 GMT-0500 (Central Daylight Time),681030.8000000119,B,p,I,p,247,1,1499.300000011921,679531.5,8138,WL,A,11.0
6,17.777999877929688,distr,42222.00012207031,Thu Jul 30 2026 15:47:32 GMT-0500 (Central Daylight Time),681464.1999999881,B,pl,I,l,413,1,1932.699999988079,679531.5,8138,WL,A,11.0
6,17.92899990081787,distr,42071.00009918213,Thu Jul 30 2026 15:47:32 GMT-0500 (Central Daylight Time),681615.1999999881,B,pla,I,a,140,1,2083.699999988079,679531.5,8138,WL,A,11.0
6,18.01200008392334,distr,41987.99991607666,Thu Jul 30 2026 15:47:32 GMT-0500 (Central Daylight Time),681697.5,B,plan,I,n,68,1,2166.0,679531.5,8138,WL,A,11.0
6,18.295000076293945,distr,41704.999923706055,Thu Jul 30 2026 15:47:32 GMT-0500 (Central Daylight Time),681980.5999999642,B,plane,I,e,274,1,2449.099999964237,679531.5,8138,WL,A,11.0
6,18.82800006866455,distr,41171.99993133545,Thu Jul 30 2026 15:47:32 GMT-0500 (Central Daylight Time),682513.6999999881,B,planeenter,I,enter,526,1,2982.199999988079,679531.5,8138,WL,A,11.0
6,19.26200008392334,distr,40737.99991607666,Thu Jul 30 2026 15:47:32 GMT-0500 (Central Daylight Time),682947.3000000119,B,s,I,s,420,1,433.30000001192093,682514.0,8138,WL,A,12.0
6,19.444000005722046,distr,40555.999994277954,Thu Jul 30 2026 15:47:32 GMT-0500 (Central Daylight Time),683130.0999999642,B,se,I,e,177,1,616.0999999642372,682514.0,8138,WL,A,12.0
6,19.611000061035156,distr,40388.999938964844,Thu Jul 30 2026 15:47:32 GMT-0500 (Central Daylight Time),683296.6999999881,B,see,I,e,160,1,782.6999999880791,682514.0,8138,WL,A,12.0
6,19.710999965667725,distr,40289.000034332275,Thu Jul 30 2026 15:47:32 GMT-0500 (Central Daylight Time),683396.8000000119,B,seet,I,t,82,1,882.8000000119209,682514.0,8138,WL,A,12.0
6,20.277999877929688,distr,39722.00012207031,Thu Jul 30 2026 15:47:32 GMT-0500 (Central Daylight Time),683963.5,B,see,I,backspace,559,1,1449.5,682514.0,8138,WL,A,12.0
6,20.361000061035156,distr,39638.999938964844,Thu Jul 30 2026 15:47:32 GMT-0500 (Central Daylight Time),684047.0999999642,B,seed,I,d,73,1,1533.0999999642372,682514.0,8138,WL,A,12.0
6,21.177000045776367,distr,38822.99995422363,Thu Jul 30 2026 15:47:32 GMT-0500 (Central Daylight Time),684863.3000000119,B,seedenter,I,enter,805,1,2349.300000011921,682514.0,8138,WL,A,12.0
6,21.626999855041504,distr,38373.000144958496,Thu Jul 30 2026 15:47:32 GMT-0500 (Central Daylight Time),685313.0999999642,B,c,I,c,437,1,449.5,684863.5999999642,8138,WL,A,13.0
6,21.710000038146973,distr,38289.99996185303,Thu Jul 30 2026 15:47:32 GMT-0500 (Central Daylight Time),685396.0999999642,B,co,I,o,74,1,532.5,684863.5999999642,8138,WL,A,13.0
6,21.776999950408936,distr,38223.000049591064,Thu Jul 30 2026 15:47:32 GMT-0500 (Central Daylight Time),685462.6999999881,B,cou,I,u,47,1,599.1000000238419,684863.5999999642,8138,WL,A,13.0
6,21.960000038146973,distr,38039.99996185303,Thu Jul 30 2026 15:47:32 GMT-0500 (Central Daylight Time),685646.0,B,coun,I,n,163,1,782.4000000357628,684863.5999999642,8138,WL,A,13.0
6,22.05999994277954,distr,37940.00005722046,Thu Jul 30 2026 15:47:32 GMT-0500 (Central Daylight Time),685746.0999999642,B,count,I,t,85,1,882.5,684863.5999999642,8138,WL,A,13.0
6,22.792999982833862,distr,37207.00001716614,Thu Jul 30 2026 15:47:32 GMT-0500 (Central Daylight Time),686479.0999999642,B,county,I,y,721,1,1615.5,684863.5999999642,8138,WL,A,13.0
6,23.243000030517578,distr,36756.99996948242,Thu Jul 30 2026 15:47:32 GMT-0500 (Central Daylight Time),686928.8000000119,B,countyenter,I,enter,436,1,2065.2000000476837,684863.5999999642,8138,WL,A,13.0
6,23.460000038146973,distr,36539.99996185303,Thu Jul 30 2026 15:47:32 GMT-0500 (Central Daylight Time),687145.5999999642,B,p,I,p,211,1,216.5999999642372,686929.0,8138,WL,A,14.0
6,23.677000045776367,distr,36322.99995422363,Thu Jul 30 2026 15:47:32 GMT-0500 (Central Daylight Time),687362.5999999642,B,po,I,o,203,1,433.5999999642372,686929.0,8138,WL,A,14.0
6,23.842999935150146,distr,36157.00006484985,Thu Jul 30 2026 15:47:32 GMT-0500 (Central Daylight Time),687529.0,B,poo,I,o,146,1,600.0,686929.0,8138,WL,A,14.0
6,24.042999982833862,distr,35957.00001716614,Thu Jul 30 2026 15:47:32 GMT-0500 (Central Daylight Time),687728.6999999881,B,pool,I,l,186,1,799.6999999880791,686929.0,8138,WL,A,14.0
6,24.693000078201294,distr,35306.999921798706,Thu Jul 30 2026 15:47:32 GMT-0500 (Central Daylight Time),688378.5999999642,B,poolenter,I,enter,635,1,1449.5999999642372,686929.0,8138,WL,A,14.0
6,25.075999975204468,distr,34924.00002479553,Thu Jul 30 2026 15:47:32 GMT-0500 (Central Daylight Time),688761.5999999642,B,s,I,s,377,1,382.5999999642372,688379.0,8138,WL,A,15.0
6,25.191999912261963,distr,34808.00008773804,Thu Jul 30 2026 15:47:32 GMT-0500 (Central Daylight Time),688878.3000000119,B,sh,I,h,97,1,499.30000001192093,688379.0,8138,WL,A,15.0
6,25.342000007629395,distr,34657.999992370605,Thu Jul 30 2026 15:47:32 GMT-0500 (Central Daylight Time),689028.1999999881,B,she,I,e,133,1,649.1999999880791,688379.0,8138,WL,A,15.0
6,25.4760000705719,distr,34523.9999294281,Thu Jul 30 2026 15:47:32 GMT-0500 (Central Daylight Time),689161.3999999762,B,shee,I,e,127,1,782.3999999761581,688379.0,8138,WL,A,15.0
6,25.64299988746643,distr,34357.00011253357,Thu Jul 30 2026 15:47:32 GMT-0500 (Central Daylight Time),689328.5,B,sheep,I,p,155,1,949.5,688379.0,8138,WL,A,15.0
6,26.108999967575073,distr,33891.00003242493,Thu Jul 30 2026 15:47:32 GMT-0500 (Central Daylight Time),689795.0,B,sheepenter,I,enter,460,1,1416.0,688379.0,8138,WL,A,15.0
7,2.5979998111724854,immed,57402.000188827515,Thu Jul 30 2026 15:47:32 GMT-0500 (Central Daylight Time),704057.0,A,b,I,b,2586,1,2598.699999988079,701458.3000000119,8138,WL,A,1.0
7,2.7649998664855957,immed,57235.000133514404,Thu Jul 30 2026 15:47:32 GMT-0500 (Central Daylight Time),704223.5,A,bo,I,o,153,1,2765.199999988079,701458.3000000119,8138,WL,A,1.0
7,2.9149999618530273,immed,57085.00003814697,Thu Jul 30 2026 15:47:32 GMT-0500 (Central Daylight Time),704373.5,A,boo,I,o,140,1,2915.199999988079,701458.3000000119,8138,WL,A,1.0
7,3.1480000019073486,immed,56851.99999809265,Thu Jul 30 2026 15:47:32 GMT-0500 (Central Daylight Time),704607.0,A,book,I,k,215,1,3148.699999988079,701458.3000000119,8138,WL,A,1.0
7,3.797999858856201,immed,56202.0001411438,Thu Jul 30 2026 15:47:32 GMT-0500 (Central Daylight Time),705256.5,A,bookenter,I,enter,628,1,3798.199999988079,701458.3000000119,8138,WL,A,1.0
7,4.047999858856201,immed,55952.0001411438,Thu Jul 30 2026 15:47:32 GMT-0500 (Central Daylight Time),705506.5,A,f,I,f,235,1,249.69999998807907,705256.8000000119,8138,WL,A,2.0
7,4.130999803543091,immed,55869.00019645691,Thu Jul 30 2026 15:47:32 GMT-0500 (Central Daylight Time),705589.5,A,fl,I,l,65,1,332.69999998807907,705256.8000000119,8138,WL,A,2.0
7,4.297999858856201,immed,55702.0001411438,Thu Jul 30 2026 15:47:32 GMT-0500 (Central Daylight Time),705756.8000000119,A,flo,I,o,150,1,500.0,705256.8000000119,8138,WL,A,2.0
7,4.380999803543091,immed,55619.00019645691,Thu Jul 30 2026 15:47:32 GMT-0500 (Central Daylight Time),705839.8999999762,A,flow,I,w,72,1,583.0999999642372,705256.8000000119,8138,WL,A,2.0
7,4.413999795913696,immed,55586.000204086304,Thu Jul 30 2026 15:47:32 GMT-0500 (Central Daylight Time),705873.0,A,flowe,I,e,29,1,616.1999999880791,705256.8000000119,8138,WL,A,2.0
7,4.447999954223633,immed,55552.00004577637,Thu Jul 30 2026 15:47:32 GMT-0500 (Central Daylight Time),705906.5999999642,A,flower,I,r,20,1,649.7999999523163,705256.8000000119,8138,WL,A,2.0
7,4.7809998989105225,immed,55219.00010108948,Thu Jul 30 2026 15:47:32 GMT-0500 (Central Daylight Time),706240.0,A,flowerenter,I,enter,322,1,983.1999999880791,705256.8000000119,8138,WL,A,2.0
7,4.947999954223633,immed,55052.00004577637,Thu Jul 30 2026 15:47:32 GMT-0500 (Central Daylight Time),706406.3000000119,A,t,I,t,156,1,166.0,706240.3000000119,8138,WL,A,3.0
7,5.130999803543091,immed,54869.00019645691,Thu Jul 30 2026 15:47:32 GMT-0500 (Central Daylight Time),706589.3999999762,A,tr,I,r,164,1,349.0999999642372,706240.3000000119,8138,WL,A,3.0
7,5.180999994277954,immed,54819.000005722046,Thu Jul 30 2026 15:47:32 GMT-0500 (Central Daylight Time),706639.3999999762,A,tra,I,a,38,1,399.0999999642372,706240.3000000119,8138,WL,A,3.0
7,5.263999938964844,immed,54736.000061035156,Thu Jul 30 2026 15:47:32 GMT-0500 (Central Daylight Time),706722.5999999642,A,trai,I,i,76,1,482.2999999523163,706240.3000000119,8138,WL,A,3.0
7,5.346999883651733,immed,54653.00011634827,Thu Jul 30 2026 15:47:32 GMT-0500 (Central Daylight Time),706805.8000000119,A,train,I,n,65,1,565.5,706240.3000000119,8138,WL,A,3.0
7,5.630999803543091,immed,54369.00019645691,Thu Jul 30 2026 15:47:32 GMT-0500 (Central Daylight Time),707089.5999999642,A,trainenter,I,enter,262,1,849.2999999523163,706240.3000000119,8138,WL,A,3.0
7,5.730999946594238,immed,54269.00005340576,Thu Jul 30 2026 15:47:32 GMT-0500 (Central Daylight Time),707189.3999999762,A,r,I,r,83,1,99.39999997615814,707090.0,8138,WL,A,4.0
7,5.880999803543091,immed,54119.00019645691,Thu Jul 30 2026 15:47:32 GMT-0500 (Central Daylight Time),707339.3999999762,A,ru,I,u,135,1,249.39999997615814,707090.0,8138,WL,A,4.0
7,5.980999946594238,immed,54019.00005340576,Thu Jul 30 2026 15:47:32 GMT-0500 (Central Daylight Time),707439.6999999881,A,rug,I,g,81,1,349.69999998807907,707090.0,8138,WL,A,4.0
7,6.880999803543091,immed,53119.00019645691,Thu Jul 30 2026 15:47:32 GMT-0500 (Central Daylight Time),708339.1999999881,A,rugenter,I,enter,893,1,1249.199999988079,707090.0,8138,WL,A,4.0
7,7.113999843597412,immed,52886.00015640259,Thu Jul 30 2026 15:47:32 GMT-0500 (Central Daylight Time),708572.3999999762,A,m,I,m,225,1,232.89999997615814,708339.5,8138,WL,A,5.0
7,7.246999979019165,immed,52753.000020980835,Thu Jul 30 2026 15:47:32 GMT-0500 (Central Daylight Time),708705.5999999642,A,me,I,e,119,1,366.0999999642372,708339.5,8138,WL,A,5.0
7,7.346999883651733,immed,52653.00011634827,Thu Jul 30 2026 15:47:32 GMT-0500 (Central Daylight Time),708806.0,A,mea,I,a,83,1,466.5,708339.5,8138,WL,A,5.0
7,7.513000011444092,immed,52486.99998855591,Thu Jul 30 2026 15:47:32 GMT-0500 (Central Daylight Time),708972.0,A,mead,I,d,149,1,632.5,708339.5,8138,WL,A,5.0
7,7.61299991607666,immed,52387.00008392334,Thu Jul 30 2026 15:47:32 GMT-0500 (Central Daylight Time),709071.8999999762,A,meado,I,o,87,1,732.3999999761581,708339.5,8138,WL,A,5.0
7,7.7799999713897705,immed,52220.00002861023,Thu Jul 30 2026 15:47:32 GMT-0500 (Central Daylight Time),709238.8000000119,A,meadow,I,w,148,1,899.3000000119209,708339.5,8138,WL,A,5.0
7,8.496999979019165,immed,51503.000020980835,Thu Jul 30 2026 15:47:32 GMT-0500 (Central Daylight Time),709955.0999999642,A,meadowenter,I,enter,709,1,1615.5999999642372,708339.5,8138,WL,A,5.0
7,12.34499979019165,immed,47655.00020980835,Thu Jul 30 2026 15:47:32 GMT-0500 (Central Daylight Time),713803.8000000119,A,h,I,h,3832,1,3848.400000035763,709955.3999999762,8138,WL,A,6.0
7,12.44599986076355,immed,47554.00013923645,Thu Jul 30 2026 15:47:32 GMT-0500 (Central Daylight Time),713904.0999999642,A,ha,I,a,79,1,3948.699999988079,709955.3999999762,8138,WL,A,6.0
7,12.478999853134155,immed,47521.000146865845,Thu Jul 30 2026 15:47:32 GMT-0500 (Central Daylight Time),713938.0,A,har,I,r,20,1,3982.600000023842,709955.3999999762,8138,WL,A,6.0
7,12.729999780654907,immed,47270.00021934509,Thu Jul 30 2026 15:47:32 GMT-0500 (Central Daylight Time),714188.5999999642,A,harp,I,p,235,1,4233.199999988079,709955.3999999762,8138,WL,A,6.0
7,13.227999925613403,immed,46772.0000743866,Thu Jul 30 2026 15:47:32 GMT-0500 (Central Daylight Time),714686.8999999762,A,harpenter,I,enter,478,1,4731.5,709955.3999999762,8138,WL,A,6.0
7,13.377999782562256,immed,46622.000217437744,Thu Jul 30 2026 15:47:32 GMT-0500 (Central Daylight Time),714837.0,A,s,I,s,132,1,149.9000000357628,714687.0999999642,8138,WL,A,7.0
7,13.477999925613403,immed,46522.0000743866,Thu Jul 30 2026 15:47:32 GMT-0500 (Central Daylight Time),714936.8000000119,A,sa,I,a,86,1,249.70000004768372,714687.0999999642,8138,WL,A,7.0
7,13.59499979019165,immed,46405.00020980835,Thu Jul 30 2026 15:47:32 GMT-0500 (Central Daylight Time),715053.3999999762,A,sal,I,l,107,1,366.30000001192093,714687.0999999642,8138,WL,A,7.0
7,13.610999822616577,immed,46389.00017738342,Thu Jul 30 2026 15:47:32 GMT-0500 (Central Daylight Time),715070.0999999642,A,salo,I,o,0,1,383.0,714687.0999999642,8138,WL,A,7.0
7,13.777999877929688,immed,46222.00012207031,Thu Jul 30 2026 15:47:32 GMT-0500 (Central Daylight Time),715236.8000000119,A,salot,I,t,149,1,549.7000000476837,714687.0999999642,8138,WL,A,7.0
7,14.194999933242798,immed,45805.0000667572,Thu Jul 30 2026 15:47:32 GMT-0500 (Central Daylight Time),715653.6999999881,A,salo,I,backspace,400,1,966.6000000238419,714687.0999999642,8138,WL,A,7.0
7,14.327999830245972,immed,45672.00016975403,Thu Jul 30 2026 15:47:32 GMT-0500 (Central Daylight Time),715786.6999999881,A,sal,I,backspace,127,1,1099.6000000238419,714687.0999999642,8138,WL,A,7.0
7,14.460999965667725,immed,45539.000034332275,Thu Jul 30 2026 15:47:32 GMT-0500 (Central Daylight Time),715919.8999999762,A,salt,I,t,120,1,1232.800000011921,714687.0999999642,8138,WL,A,7.0
7,14.67799997329712,immed,45322.00002670288,Thu Jul 30 2026 15:47:32 GMT-0500 (Central Daylight Time),716136.5999999642,A,saltenter,I,enter,210,1,1449.5,714687.0999999642,8138,WL,A,7.0
7,14.877999782562256,immed,45122.000217437744,Thu Jul 30 2026 15:47:32 GMT-0500 (Central Daylight Time),716336.8000000119,A,f,I,f,180,1,199.9000000357628,716136.8999999762,8138,WL,A,8.0
7,14.944999933242798,immed,45055.0000667572,Thu Jul 30 2026 15:47:32 GMT-0500 (Central Daylight Time),716403.3000000119,A,fi,I,i,60,1,266.4000000357628,716136.8999999762,8138,WL,A,8.0
7,15.010999917984009,immed,44989.00008201599,Thu Jul 30 2026 15:47:32 GMT-0500 (Central Daylight Time),716469.8999999762,A,fin,I,n,57,1,333.0,716136.8999999762,8138,WL,A,8.0
7,15.127999782562256,immed,44872.000217437744,Thu Jul 30 2026 15:47:32 GMT-0500 (Central Daylight Time),716586.3999999762,A,fing,I,g,111,1,449.5,716136.8999999762,8138,WL,A,8.0
7,15.277999877929688,immed,44722.00012207031,Thu Jul 30 2026 15:47:32 GMT-0500 (Central Daylight Time),716736.3000000119,A,finge,I,e,130,1,599.4000000357628,716136.8999999762,8138,WL,A,8.0
7,15.328999996185303,immed,44671.0000038147,Thu Jul 30 2026 15:47:32 GMT-0500 (Central Daylight Time),716787.1999999881,A,finger,I,r,44,1,650.3000000119209,716136.8999999762,8138,WL,A,8.0
7,16.127999782562256,immed,43872.000217437744,Thu Jul 30 2026 15:47:32 GMT-0500 (Central Daylight Time),717586.3000000119,A,fingerenter,I,enter,785,1,1449.4000000357628,716136.8999999762,8138,WL,A,8.0
7,16.76199984550476,immed,43238.00015449524,Thu Jul 30 2026 15:47:32 GMT-0500 (Central Daylight Time),718220.8000000119,A,a,I,a,482,1,634.3000000119209,717586.5,8138,WL,A,9.0
7,16.770999908447266,immed,43229.000091552734,Thu Jul 30 2026 15:47:32 GMT-0500 (Central Daylight Time),718229.5999999642,A,ap,I,p,0,1,643.0999999642372,717586.5,8138,WL,A,9.0
7,16.91100001335144,immed,43088.99998664856,Thu Jul 30 2026 15:47:32 GMT-0500 (Central Daylight Time),718369.6999999881,A,app,I,p,101,1,783.1999999880791,717586.5,8138,WL,A,9.0
7,17.0939998626709,immed,42906.0001373291,Thu Jul 30 2026 15:47:32 GMT-0500 (Central Daylight Time),718552.3999999762,A,appl,I,l,160,1,965.8999999761581,717586.5,8138,WL,A,9.0
7,17.276999950408936,immed,42723.000049591064,Thu Jul 30 2026 15:47:32 GMT-0500 (Central Daylight Time),718735.5999999642,A,apple,I,e,163,1,1149.0999999642372,717586.5,8138,WL,A,9.0
7,17.57699990272522,immed,42423.00009727478,Thu Jul 30 2026 15:47:32 GMT-0500 (Central Daylight Time),719036.0,A,appleenter,I,enter,285,1,1449.5,717586.5,8138,WL,A,9.0
7,17.776999950408936,immed,42223.000049591064,Thu Jul 30 2026 15:47:32 GMT-0500 (Central Daylight Time),719235.8000000119,A,c,I,c,185,1,199.4000000357628,719036.3999999762,8138,WL,A,10.0
7,17.8439998626709,immed,42156.0001373291,Thu Jul 30 2026 15:47:32 GMT-0500 (Central Daylight Time),719302.3000000119,A,ch,I,h,57,1,265.9000000357628,719036.3999999762,8138,WL,A,10.0
7,17.92799997329712,immed,42072.00002670288,Thu Jul 30 2026 15:47:32 GMT-0500 (Central Daylight Time),719386.0999999642,A,chi,I,i,79,1,349.69999998807907,719036.3999999762,8138,WL,A,10.0
7,18.05999994277954,immed,41940.00005722046,Thu Jul 30 2026 15:47:32 GMT-0500 (Central Daylight Time),719518.5999999642,A,chip,I,p,121,1,482.19999998807907,719036.3999999762,8138,WL,A,10.0
7,18.39299988746643,immed,41607.00011253357,Thu Jul 30 2026 15:47:32 GMT-0500 (Central Daylight Time),719851.8000000119,A,chipm,I,m,325,1,815.4000000357628,719036.3999999762,8138,WL,A,10.0
7,18.74399995803833,immed,41256.00004196167,Thu Jul 30 2026 15:47:32 GMT-0500 (Central Daylight Time),720202.0999999642,A,chip,I,backspace,345,1,1165.699999988079,719036.3999999762,8138,WL,A,10.0
7,18.893999814987183,immed,41106.00018501282,Thu Jul 30 2026 15:47:32 GMT-0500 (Central Daylight Time),720352.6999999881,A,chi,I,backspace,145,1,1316.300000011921,719036.3999999762,8138,WL,A,10.0
7,19.092999935150146,immed,40907.00006484985,Thu Jul 30 2026 15:47:32 GMT-0500 (Central Daylight Time),720551.8999999762,A,chim,I,m,179,1,1515.5,719036.3999999762,8138,WL,A,10.0
7,19.292999982833862,immed,40707.00001716614,Thu Jul 30 2026 15:47:32 GMT-0500 (Central Daylight Time),720751.8999999762,A,chimn,I,n,179,1,1715.5,719036.3999999762,8138,WL,A,10.0
7,19.375999927520752,immed,40624.00007247925,Thu Jul 30 2026 15:47:32 GMT-0500 (Central Daylight Time),720835.0,A,chimne,I,e,75,1,1798.6000000238419,719036.3999999762,8138,WL,A,10.0
7,19.47599983215332,immed,40524.00016784668,Thu Jul 30 2026 15:47:32 GMT-0500 (Central Daylight Time),720935.0,A,chimney,I,y,88,1,1898.6000000238419,719036.3999999762,8138,WL,A,10.0
7,20.39299988746643,immed,39607.00011253357,Thu Jul 30 2026 15:47:32 GMT-0500 (Central Daylight Time),721851.3000000119,A,chimneyenter,I,enter,908,1,2814.900000035763,719036.3999999762,8138,WL,A,10.0
7,23.54199981689453,immed,36458.00018310547,Thu Jul 30 2026 15:47:32 GMT-0500 (Central Daylight Time),725000.5999999642,A,k,I,k,3136,1,3149.0,721851.5999999642,8138,WL,A,11.0
7,23.674999952316284,immed,36325.000047683716,Thu Jul 30 2026 15:47:32 GMT-0500 (Central Daylight Time),725134.0,A,ke,I,e,123,1,3282.400000035763,721851.5999999642,8138,WL,A,11.0
7,23.759999990463257,immed,36240.00000953674,Thu Jul 30 2026 15:47:32 GMT-0500 (Central Daylight Time),725218.1999999881,A,key,I,y,62,1,3366.600000023842,721851.5999999642,8138,WL,A,11.0
7,24.575999975204468,immed,35424.00002479553,Thu Jul 30 2026 15:47:32 GMT-0500 (Central Daylight Time),726034.6999999881,A,ke,I,backspace,810,1,4183.100000023842,721851.5999999642,8138,WL,A,11.0
7,24.72499990463257,immed,35275.00009536743,Thu Jul 30 2026 15:47:32 GMT-0500 (Central Daylight Time),726184.0,A,k,I,backspace,136,1,4332.400000035763,721851.5999999642,8138,WL,A,11.0
7,25.107999801635742,immed,34892.00019836426,Thu Jul 30 2026 15:47:32 GMT-0500 (Central Daylight Time),726566.8000000119,A,,I,backspace,371,1,4715.200000047684,721851.5999999642,8138,WL,A,11.0
7,25.257999897003174,immed,34742.000102996826,Thu Jul 30 2026 15:47:32 GMT-0500 (Central Daylight Time),726716.3999999762,A,b,I,b,140,1,4864.800000011921,721851.5999999642,8138,WL,A,11.0
7,25.37399983406067,immed,34626.00016593933,Thu Jul 30 2026 15:47:32 GMT-0500 (Central Daylight Time),726833.0,A,bu,I,u,103,1,4981.400000035763,721851.5999999642,8138,WL,A,11.0
7,25.573999881744385,immed,34426.000118255615,Thu Jul 30 2026 15:47:32 GMT-0500 (Central Daylight Time),727033.0999999642,A,but,I,t,195,1,5181.5,721851.5999999642,8138,WL,A,11.0
7,25.741999864578247,immed,34258.00013542175,Thu Jul 30 2026 15:47:32 GMT-0500 (Central Daylight Time),727200.1999999881,A,butt,I,t,156,1,5348.600000023842,721851.5999999642,8138,WL,A,11.0
7,25.857999801635742,immed,34142.00019836426,Thu Jul 30 2026 15:47:32 GMT-0500 (Central Daylight Time),727316.5999999642,A,butto,I,o,108,1,5465.0,721851.5999999642,8138,WL,A,11.0
7,25.941999912261963,immed,34058.00008773804,Thu Jul 30 2026 15:47:32 GMT-0500 (Central Daylight Time),727400.0999999642,A,button,I,n,64,1,5548.5,721851.5999999642,8138,WL,A,11.0
7,26.357999801635742,immed,33642.00019836426,Thu Jul 30 2026 15:47:32 GMT-0500 (Central Daylight Time),727816.0999999642,A,buttonenter,I,enter,403,1,5964.5,721851.5999999642,8138,WL,A,11.0
7,26.590999841690063,immed,33409.00015830994,Thu Jul 30 2026 15:47:32 GMT-0500 (Central Daylight Time),728049.3999999762,A,l,I,l,220,1,233.0,727816.3999999762,8138,WL,A,12.0
7,26.7739999294281,immed,33226.0000705719,Thu Jul 30 2026 15:47:32 GMT-0500 (Central Daylight Time),728233.0,A,lo,I,o,163,1,416.60000002384186,727816.3999999762,8138,WL,A,12.0
7,26.80900001525879,immed,33190.99998474121,Thu Jul 30 2026 15:47:32 GMT-0500 (Central Daylight Time),728267.1999999881,A,log,I,g,27,1,450.80000001192093,727816.3999999762,8138,WL,A,12.0
7,27.174999952316284,immed,32825.000047683716,Thu Jul 30 2026 15:47:32 GMT-0500 (Central Daylight Time),728633.1999999881,A,logenter,I,enter,353,1,816.8000000119209,727816.3999999762,8138,WL,A,12.0
7,27.37399983406067,immed,32626.00016593933,Thu Jul 30 2026 15:47:32 GMT-0500 (Central Daylight Time),728832.6999999881,A,k,I,k,194,1,199.19999998807907,728633.5,8138,WL,A,13.0
7,27.45799994468689,immed,32542.00005531311,Thu Jul 30 2026 15:47:32 GMT-0500 (Central Daylight Time),728917.0,A,ke,I,e,64,1,283.5,728633.5,8138,WL,A,13.0
7,27.5239999294281,immed,32476.0000705719,Thu Jul 30 2026 15:47:32 GMT-0500 (Central Daylight Time),728982.5999999642,A,key,I,y,54,1,349.0999999642372,728633.5,8138,WL,A,13.0
7,28.256999969482422,immed,31743.000030517578,Thu Jul 30 2026 15:47:32 GMT-0500 (Central Daylight Time),729715.8000000119,A,keyenter,I,enter,726,1,1082.300000011921,728633.5,8138,WL,A,13.0
7,30.155999898910522,immed,29844.000101089478,Thu Jul 30 2026 15:47:32 GMT-0500 (Central Daylight Time),731615.0,A,r,I,r,1880,1,1898.9000000357628,729716.0999999642,8138,WL,A,14.0
7,30.240000009536743,immed,29759.999990463257,Thu Jul 30 2026 15:47:32 GMT-0500 (Central Daylight Time),731698.3000000119,A,ra,I,a,77,1,1982.2000000476837,729716.0999999642,8138,WL,A,14.0
7,30.50599980354309,immed,29494.00019645691,Thu Jul 30 2026 15:47:32 GMT-0500 (Central Daylight Time),731965.0999999642,A,rat,I,t,250,1,2249.0,729716.0999999642,8138,WL,A,14.0
7,30.639999866485596,immed,29360.000133514404,Thu Jul 30 2026 15:47:32 GMT-0500 (Central Daylight Time),732098.5,A,ratt,I,t,119,1,2382.400000035763,729716.0999999642,8138,WL,A,14.0
7,30.740000009536743,immed,29259.999990463257,Thu Jul 30 2026 15:47:32 GMT-0500 (Central Daylight Time),732198.5999999642,A,rattl,I,l,82,1,2482.5,729716.0999999642,8138,WL,A,14.0
7,31.188999891281128,immed,28811.000108718872,Thu Jul 30 2026 15:47:32 GMT-0500 (Central Daylight Time),732647.8999999762,A,rattle,I,e,436,1,2931.800000011921,729716.0999999642,8138,WL,A,14.0
7,31.438999891281128,immed,28561.000108718872,Thu Jul 30 2026 15:47:32 GMT-0500 (Central Daylight Time),732897.8999999762,A,rattleenter,I,enter,235,1,3181.800000011921,729716.0999999642,8138,WL,A,14.0
7,31.68999981880188,immed,28310.00018119812,Thu Jul 30 2026 15:47:32 GMT-0500 (Central Daylight Time),733148.1999999881,A,g,I,g,241,1,249.89999997615814,732898.3000000119,8138,WL,A,15.0
7,31.788999795913696,immed,28211.000204086304,Thu Jul 30 2026 15:47:32 GMT-0500 (Central Daylight Time),733248.0,A,go,I,o,89,1,349.69999998807907,732898.3000000119,8138,WL,A,15.0
7,31.973999977111816,immed,28026.000022888184,Thu Jul 30 2026 15:47:32 GMT-0500 (Central Daylight Time),733432.3999999762,A,gol,I,l,164,1,534.0999999642372,732898.3000000119,8138,WL,A,15.0
7,32.03999996185303,immed,27960.000038146973,Thu Jul 30 2026 15:47:32 GMT-0500 (Central Daylight Time),733498.1999999881,A,gold,I,d,52,1,599.8999999761581,732898.3000000119,8138,WL,A,15.0
7,32.40599989891052,immed,27594.000101089478,Thu Jul 30 2026 15:47:32 GMT-0500 (Central Daylight Time),733864.3000000119,A,goldenter,I,enter,353,1,966.0,732898.3000000119,8138,WL,A,15.0
