block_c,block_dur,condition,countdown,datetime,endtime,list,multichar_response,project,response,response_time,session_number,start_end,starttime,subject_id,task,task_vers,trial
,,,,Tue Jul 21 2026 14:15:10 GMT-0400 (Eastern Daylight Time),,,,I,space,221,1,,,9094,WL,C,
prac,,0,,Tue Jul 21 2026 14:15:10 GMT-0400 (Eastern Daylight Time),,NA,b,I,b,3662,1,,,9094,WL,C,1.0
prac,,0,,Tue Jul 21 2026 14:15:10 GMT-0400 (Eastern Daylight Time),,NA,bo,I,o,301,1,,,9094,WL,C,1.0
prac,,0,,Tue Jul 21 2026 14:15:10 GMT-0400 (Eastern Daylight Time),,NA,boo,I,o,118,1,,,9094,WL,C,1.0
prac,,0,,Tue Jul 21 2026 14:15:10 GMT-0400 (Eastern Daylight Time),,NA,boos,I,s,92,1,,,9094,WL,C,1.0
prac,,0,,Tue Jul 21 2026 14:15:10 GMT-0400 (Eastern Daylight Time),,NA,boost,I,t,182,1,,,9094,WL,C,1.0
prac,,0,,Tue Jul 21 2026 14:15:10 GMT-0400 (Eastern Daylight Time),,NA,boostenter,I,enter,1021,1,,,9094,WL,C,1.0
1,1.3829998970031738,learn,58617.000102996826,Tue Jul 21 2026 14:15:10 GMT-0400 (Eastern Daylight Time),117797.19999999925,A,b,I,b,1367,1,1382.699999999255,116414.5,9094,WL,C,1.0
1,1.6159999370574951,learn,58384.000062942505,Tue Jul 21 2026 14:15:10 GMT-0400 (Eastern Daylight Time),118030.29999999888,A,bo,I,o,202,1,1615.7999999988824,116414.5,9094,WL,C,1.0
1,1.9500000476837158,learn,58049.999952316284,Tue Jul 21 2026 14:15:10 GMT-0400 (Eastern Daylight Time),118363.39999999851,A,boy,I,y,311,1,1948.8999999985099,116414.5,9094,WL,C,1.0
1,2.815999984741211,learn,57184.00001525879,Tue Jul 21 2026 14:15:10 GMT-0400 (Eastern Daylight Time),119229.69999999925,A,boyenter,I,enter,849,1,2815.199999999255,116414.5,9094,WL,C,1.0
1,3.9660000801086426,learn,56033.99991989136,Tue Jul 21 2026 14:15:10 GMT-0400 (Eastern Daylight Time),120380.09999999963,A,s,I,s,1136,1,1149.9000000003725,119230.19999999925,9094,WL,C,2.0
1,4.200000047683716,learn,55799.999952316284,Tue Jul 21 2026 14:15:10 GMT-0400 (Eastern Daylight Time),120613.5,A,sh,I,h,206,1,1383.300000000745,119230.19999999925,9094,WL,C,2.0
1,4.433000087738037,learn,55566.99991226196,Tue Jul 21 2026 14:15:10 GMT-0400 (Eastern Daylight Time),120846.79999999888,A,sho,I,o,196,1,1616.5999999996275,119230.19999999925,9094,WL,C,2.0
1,4.615999937057495,learn,55384.000062942505,Tue Jul 21 2026 14:15:10 GMT-0400 (Eastern Daylight Time),121030.09999999963,A,shor,I,r,165,1,1799.9000000003725,119230.19999999925,9094,WL,C,2.0
1,4.7829999923706055,learn,55217.000007629395,Tue Jul 21 2026 14:15:10 GMT-0400 (Eastern Daylight Time),121196.89999999851,A,shore,I,e,142,1,1966.699999999255,119230.19999999925,9094,WL,C,2.0
1,5.183000087738037,learn,54816.99991226196,Tue Jul 21 2026 14:15:10 GMT-0400 (Eastern Daylight Time),121596.29999999888,A,shoreenter,I,enter,363,1,2366.0999999996275,119230.19999999925,9094,WL,C,2.0
1,5.6499998569488525,learn,54350.00014305115,Tue Jul 21 2026 14:15:10 GMT-0400 (Eastern Daylight Time),122063.39999999851,A,q,I,q,442,1,466.3999999985099,121597.0,9094,WL,C,3.0
1,5.865999937057495,learn,54134.000062942505,Tue Jul 21 2026 14:15:10 GMT-0400 (Eastern Daylight Time),122279.79999999888,A,qu,I,u,204,1,682.7999999988824,121597.0,9094,WL,C,3.0
1,6.200000047683716,learn,53799.999952316284,Tue Jul 21 2026 14:15:10 GMT-0400 (Eastern Daylight Time),122613.5,A,que,I,e,308,1,1016.5,121597.0,9094,WL,C,3.0
1,6.348999977111816,learn,53651.00002288818,Tue Jul 21 2026 14:15:10 GMT-0400 (Eastern Daylight Time),122762.89999999851,A,quee,I,e,124,1,1165.8999999985099,121597.0,9094,WL,C,3.0
1,6.516000032424927,learn,53483.99996757507,Tue Jul 21 2026 14:15:10 GMT-0400 (Eastern Daylight Time),122930.09999999963,A,queen,I,n,154,1,1333.0999999996275,121597.0,9094,WL,C,3.0
1,7.098999977111816,learn,52901.00002288818,Tue Jul 21 2026 14:15:10 GMT-0400 (Eastern Daylight Time),123513.0,A,queenenter,I,enter,553,1,1916.0,121597.0,9094,WL,C,3.0
1,7.466000080108643,learn,52533.99991989136,Tue Jul 21 2026 14:15:10 GMT-0400 (Eastern Daylight Time),123880.0,A,t,I,t,351,1,366.6000000014901,123513.39999999851,9094,WL,C,4.0
1,7.599999904632568,learn,52400.00009536743,Tue Jul 21 2026 14:15:10 GMT-0400 (Eastern Daylight Time),124013.5,A,to,I,o,117,1,500.1000000014901,123513.39999999851,9094,WL,C,4.0
1,7.733000040054321,learn,52266.99995994568,Tue Jul 21 2026 14:15:10 GMT-0400 (Eastern Daylight Time),124146.89999999851,A,tow,I,w,120,1,633.5,123513.39999999851,9094,WL,C,4.0
1,7.865999937057495,learn,52134.000062942505,Tue Jul 21 2026 14:15:10 GMT-0400 (Eastern Daylight Time),124280.29999999888,A,towe,I,e,97,1,766.9000000003725,123513.39999999851,9094,WL,C,4.0
1,8.016000032424927,learn,51983.99996757507,Tue Jul 21 2026 14:15:10 GMT-0400 (Eastern Daylight Time),124430.09999999963,A,tower,I,r,124,1,916.7000000011176,123513.39999999851,9094,WL,C,4.0
1,8.365999937057495,learn,51634.000062942505,Tue Jul 21 2026 14:15:10 GMT-0400 (Eastern Daylight Time),124779.59999999963,A,towerenter,I,enter,334,1,1266.2000000011176,123513.39999999851,9094,WL,C,4.0
1,8.649999856948853,learn,51350.00014305115,Tue Jul 21 2026 14:15:10 GMT-0400 (Eastern Daylight Time),125063.39999999851,A,s,I,s,268,1,283.19999999925494,124780.19999999925,9094,WL,C,5.0
1,8.799999952316284,learn,51200.000047683716,Tue Jul 21 2026 14:15:10 GMT-0400 (Eastern Daylight Time),125213.5,A,su,I,u,131,1,433.30000000074506,124780.19999999925,9094,WL,C,5.0
1,8.933000087738037,learn,51066.99991226196,Tue Jul 21 2026 14:15:10 GMT-0400 (Eastern Daylight Time),125346.79999999888,A,sug,I,g,118,1,566.5999999996275,124780.19999999925,9094,WL,C,5.0
1,9.032999992370605,learn,50967.000007629395,Tue Jul 21 2026 14:15:10 GMT-0400 (Eastern Daylight Time),125446.69999999925,A,suga,I,a,73,1,666.5,124780.19999999925,9094,WL,C,5.0
1,9.183000087738037,learn,50816.99991226196,Tue Jul 21 2026 14:15:10 GMT-0400 (Eastern Daylight Time),125596.79999999888,A,sugar,I,r,126,1,816.5999999996275,124780.19999999925,9094,WL,C,5.0
1,10.016000032424927,learn,49983.99996757507,Tue Jul 21 2026 14:15:10 GMT-0400 (Eastern Daylight Time),126429.59999999963,A,sugarenter,I,enter,806,1,1649.4000000003725,124780.19999999925,9094,WL,C,5.0
1,10.532999992370605,learn,49467.000007629395,Tue Jul 21 2026 14:15:10 GMT-0400 (Eastern Daylight Time),126946.79999999888,A,w,I,w,506,1,516.5,126430.29999999888,9094,WL,C,6.0
1,10.799999952316284,learn,49200.000047683716,Tue Jul 21 2026 14:15:10 GMT-0400 (Eastern Daylight Time),127213.59999999963,A,wh,I,h,240,1,783.3000000007451,126430.29999999888,9094,WL,C,6.0
1,10.8989999294281,learn,49101.0000705719,Tue Jul 21 2026 14:15:10 GMT-0400 (Eastern Daylight Time),127313.19999999925,A,whe,I,e,67,1,882.9000000003725,126430.29999999888,9094,WL,C,6.0
1,10.966000080108643,learn,49033.99991989136,Tue Jul 21 2026 14:15:10 GMT-0400 (Eastern Daylight Time),127379.59999999963,A,whea,I,a,44,1,949.3000000007451,126430.29999999888,9094,WL,C,6.0
1,11.08299994468689,learn,48917.00005531311,Tue Jul 21 2026 14:15:10 GMT-0400 (Eastern Daylight Time),127496.69999999925,A,wheat,I,t,107,1,1066.4000000003725,126430.29999999888,9094,WL,C,6.0
1,11.983000040054321,learn,48016.99995994568,Tue Jul 21 2026 14:15:10 GMT-0400 (Eastern Daylight Time),128396.29999999888,A,wheatenter,I,enter,865,1,1966.0,126430.29999999888,9094,WL,C,6.0
1,12.399999856948853,learn,47600.00014305115,Tue Jul 21 2026 14:15:10 GMT-0400 (Eastern Daylight Time),128813.39999999851,A,q,I,q,402,1,416.69999999925494,128396.69999999925,9094,WL,C,7.0
1,12.599999904632568,learn,47400.00009536743,Tue Jul 21 2026 14:15:10 GMT-0400 (Eastern Daylight Time),129013.39999999851,A,qu,I,u,184,1,616.6999999992549,128396.69999999925,9094,WL,C,7.0
1,12.75,learn,47250.0,Tue Jul 21 2026 14:15:10 GMT-0400 (Eastern Daylight Time),129163.39999999851,A,que,I,e,125,1,766.6999999992549,128396.69999999925,9094,WL,C,7.0
1,12.91599988937378,learn,47084.00011062622,Tue Jul 21 2026 14:15:10 GMT-0400 (Eastern Daylight Time),129330.09999999963,A,quee,I,e,153,1,933.4000000003725,128396.69999999925,9094,WL,C,7.0
1,13.08299994468689,learn,46917.00005531311,Tue Jul 21 2026 14:15:10 GMT-0400 (Eastern Daylight Time),129496.69999999925,A,queen,I,n,155,1,1100.0,128396.69999999925,9094,WL,C,7.0
1,14.233000040054321,learn,45766.99995994568,Tue Jul 21 2026 14:15:10 GMT-0400 (Eastern Daylight Time),130646.29999999888,A,queenenter,I,enter,1115,1,2249.5999999996275,128396.69999999925,9094,WL,C,7.0
1,14.799999952316284,learn,45200.000047683716,Tue Jul 21 2026 14:15:10 GMT-0400 (Eastern Daylight Time),131213.59999999963,A,d,I,d,553,1,566.7000000011176,130646.89999999851,9094,WL,C,8.0
1,14.966000080108643,learn,45033.99991989136,Tue Jul 21 2026 14:15:10 GMT-0400 (Eastern Daylight Time),131380.09999999963,A,do,I,o,143,1,733.2000000011176,130646.89999999851,9094,WL,C,8.0
1,15.08299994468689,learn,44917.00005531311,Tue Jul 21 2026 14:15:10 GMT-0400 (Eastern Daylight Time),131496.79999999888,A,doc,I,c,89,1,849.9000000003725,130646.89999999851,9094,WL,C,8.0
1,15.282999992370605,learn,44717.000007629395,Tue Jul 21 2026 14:15:10 GMT-0400 (Eastern Daylight Time),131696.79999999888,A,doct,I,t,179,1,1049.9000000003725,130646.89999999851,9094,WL,C,8.0
1,15.450000047683716,learn,44549.999952316284,Tue Jul 21 2026 14:15:10 GMT-0400 (Eastern Daylight Time),131863.5,A,docto,I,o,148,1,1216.6000000014901,130646.89999999851,9094,WL,C,8.0
1,15.632999897003174,learn,44367.000102996826,Tue Jul 21 2026 14:15:10 GMT-0400 (Eastern Daylight Time),132046.69999999925,A,doctor,I,r,157,1,1399.800000000745,130646.89999999851,9094,WL,C,8.0
1,16.466000080108643,learn,43533.99991989136,Tue Jul 21 2026 14:15:10 GMT-0400 (Eastern Daylight Time),132879.59999999963,A,doctorenter,I,enter,821,1,2232.7000000011176,130646.89999999851,9094,WL,C,8.0
1,16.899999856948853,learn,43100.00014305115,Tue Jul 21 2026 14:15:10 GMT-0400 (Eastern Daylight Time),133313.3999999985,A,l,I,l,424,1,433.2999999988824,132880.09999999963,9094,WL,C,9.0
1,17.06599998474121,learn,42934.00001525879,Tue Jul 21 2026 14:15:10 GMT-0400 (Eastern Daylight Time),133480.09999999963,A,le,I,e,148,1,600.0,132880.09999999963,9094,WL,C,9.0
1,17.299999952316284,learn,42700.000047683716,Tue Jul 21 2026 14:15:10 GMT-0400 (Eastern Daylight Time),133713.3999999985,A,let,I,t,213,1,833.2999999988824,132880.09999999963,9094,WL,C,9.0
1,17.433000087738037,learn,42566.99991226196,Tue Jul 21 2026 14:15:10 GMT-0400 (Eastern Daylight Time),133846.8999999985,A,lett,I,t,116,1,966.7999999988824,132880.09999999963,9094,WL,C,9.0
1,17.516000032424927,learn,42483.99996757507,Tue Jul 21 2026 14:15:10 GMT-0400 (Eastern Daylight Time),133930.09999999963,A,lette,I,e,54,1,1050.0,132880.09999999963,9094,WL,C,9.0
1,17.59999990463257,learn,42400.00009536743,Tue Jul 21 2026 14:15:10 GMT-0400 (Eastern Daylight Time),134013.29999999888,A,letter,I,r,59,1,1133.199999999255,132880.09999999963,9094,WL,C,9.0
1,18.66599988937378,learn,41334.00011062622,Tue Jul 21 2026 14:15:10 GMT-0400 (Eastern Daylight Time),135079.69999999925,A,letterenter,I,enter,1047,1,2199.5999999996275,132880.09999999963,9094,WL,C,9.0
1,32.58299994468689,learn,27417.00005531311,Tue Jul 21 2026 14:15:10 GMT-0400 (Eastern Daylight Time),148996.79999999888,A,h,I,h,13897,1,13916.699999999255,135080.09999999963,9094,WL,C,10.0
1,32.83299994468689,learn,27167.00005531311,Tue Jul 21 2026 14:15:10 GMT-0400 (Eastern Daylight Time),149246.79999999888,A,ho,I,o,224,1,14166.699999999255,135080.09999999963,9094,WL,C,10.0
1,32.98300004005432,learn,27016.99995994568,Tue Jul 21 2026 14:15:10 GMT-0400 (Eastern Daylight Time),149396.8999999985,A,hom,I,m,133,1,14316.799999998882,135080.09999999963,9094,WL,C,10.0
1,33.132999897003174,learn,26867.000102996826,Tue Jul 21 2026 14:15:10 GMT-0400 (Eastern Daylight Time),149546.8999999985,A,home,I,e,128,1,14466.799999998882,135080.09999999963,9094,WL,C,10.0
1,34.33299994468689,learn,25667.00005531311,Tue Jul 21 2026 14:15:10 GMT-0400 (Eastern Daylight Time),150746.29999999888,A,homeenter,I,enter,1175,1,15666.199999999255,135080.09999999963,9094,WL,C,10.0
1,40.41599988937378,learn,19584.00011062622,Tue Jul 21 2026 14:15:10 GMT-0400 (Eastern Daylight Time),156830.19999999925,A,f,I,f,6069,1,6083.5,150746.69999999925,9094,WL,C,11.0
1,40.615999937057495,learn,19384.000062942505,Tue Jul 21 2026 14:15:10 GMT-0400 (Eastern Daylight Time),157030.19999999925,A,fl,I,l,183,1,6283.5,150746.69999999925,9094,WL,C,11.0
1,40.698999881744385,learn,19301.000118255615,Tue Jul 21 2026 14:15:10 GMT-0400 (Eastern Daylight Time),157113.0,A,fla,I,a,60,1,6366.300000000745,150746.69999999925,9094,WL,C,11.0
1,40.865999937057495,learn,19134.000062942505,Tue Jul 21 2026 14:15:10 GMT-0400 (Eastern Daylight Time),157280.19999999925,A,flag,I,g,150,1,6533.5,150746.69999999925,9094,WL,C,11.0
1,41.76600003242493,learn,18233.999967575073,Tue Jul 21 2026 14:15:10 GMT-0400 (Eastern Daylight Time),158179.69999999925,A,flagenter,I,enter,874,1,7433.0,150746.69999999925,9094,WL,C,11.0
1,42.75,learn,17250.0,Tue Jul 21 2026 14:15:10 GMT-0400 (Eastern Daylight Time),159163.3999999985,A,c,I,c,973,1,983.2999999988824,158180.09999999963,9094,WL,C,12.0
1,42.865999937057495,learn,17134.000062942505,Tue Jul 21 2026 14:15:10 GMT-0400 (Eastern Daylight Time),159279.8999999985,A,ca,I,a,106,1,1099.7999999988824,158180.09999999963,9094,WL,C,12.0
1,43.01600003242493,learn,16983.999967575073,Tue Jul 21 2026 14:15:10 GMT-0400 (Eastern Daylight Time),159430.19999999925,A,cam,I,m,132,1,1250.0999999996275,158180.09999999963,9094,WL,C,12.0
1,43.200000047683716,learn,16799.999952316284,Tue Jul 21 2026 14:15:10 GMT-0400 (Eastern Daylight Time),159613.3999999985,A,camp,I,p,151,1,1433.2999999988824,158180.09999999963,9094,WL,C,12.0
1,44.08299994468689,learn,15917.00005531311,Tue Jul 21 2026 14:15:10 GMT-0400 (Eastern Daylight Time),160496.29999999888,A,campenter,I,enter,855,1,2316.199999999255,158180.09999999963,9094,WL,C,12.0
1,60.01699995994568,learn,-16.99995994567871,Tue Jul 21 2026 14:15:10 GMT-0400 (Eastern Daylight Time),176430.3999999985,A,None,I,None,15926,1,15933.699999999255,160496.69999999925,9094,WL,C,13.0
2,1.2000000476837158,learn,58799.999952316284,Tue Jul 21 2026 14:15:10 GMT-0400 (Eastern Daylight Time),246663.69999999925,A,c,I,c,1190,1,1199.699999999255,245464.0,9094,WL,C,1.0
2,1.3670001029968262,learn,58632.999897003174,Tue Jul 21 2026 14:15:10 GMT-0400 (Eastern Daylight Time),246830.29999999888,A,co,I,o,149,1,1366.2999999988824,245464.0,9094,WL,C,1.0
2,1.683000087738037,learn,58316.99991226196,Tue Jul 21 2026 14:15:10 GMT-0400 (Eastern Daylight Time),247147.0,A,cor,I,r,287,1,1683.0,245464.0,9094,WL,C,1.0
2,1.9000000953674316,learn,58099.99990463257,Tue Jul 21 2026 14:15:10 GMT-0400 (Eastern Daylight Time),247363.59999999963,A,corn,I,n,193,1,1899.5999999996275,245464.0,9094,WL,C,1.0
2,2.815999984741211,learn,57184.00001525879,Tue Jul 21 2026 14:15:10 GMT-0400 (Eastern Daylight Time),248279.8999999985,A,cornenter,I,enter,895,1,2815.89999999851,245464.0,9094,WL,C,1.0
2,3.316999912261963,learn,56683.00008773804,Tue Jul 21 2026 14:15:10 GMT-0400 (Eastern Daylight Time),248780.29999999888,A,n,I,n,481,1,500.0,248280.29999999888,9094,WL,C,2.0
2,3.9160001277923584,learn,56083.99987220764,Tue Jul 21 2026 14:15:10 GMT-0400 (Eastern Daylight Time),249380.09999999963,A,na,I,a,576,1,1099.800000000745,248280.29999999888,9094,WL,C,2.0
2,4.049999952316284,learn,55950.000047683716,Tue Jul 21 2026 14:15:10 GMT-0400 (Eastern Daylight Time),249513.69999999925,A,nai,I,i,112,1,1233.4000000003725,248280.29999999888,9094,WL,C,2.0
2,4.266999959945679,learn,55733.00004005432,Tue Jul 21 2026 14:15:10 GMT-0400 (Eastern Daylight Time),249730.29999999888,A,nail,I,l,203,1,1450.0,248280.29999999888,9094,WL,C,2.0
2,4.865999937057495,learn,55134.000062942505,Tue Jul 21 2026 14:15:10 GMT-0400 (Eastern Daylight Time),250329.8999999985,A,nailenter,I,enter,578,1,2049.5999999996275,248280.29999999888,9094,WL,C,2.0
2,5.233000040054321,learn,54766.99995994568,Tue Jul 21 2026 14:15:10 GMT-0400 (Eastern Daylight Time),250696.8999999985,A,c,I,c,350,1,366.69999999925494,250330.19999999925,9094,WL,C,3.0
2,5.400000095367432,learn,54599.99990463257,Tue Jul 21 2026 14:15:10 GMT-0400 (Eastern Daylight Time),250863.69999999925,A,ca,I,a,141,1,533.5,250330.19999999925,9094,WL,C,3.0
2,5.650000095367432,learn,54349.99990463257,Tue Jul 21 2026 14:15:10 GMT-0400 (Eastern Daylight Time),251113.59999999963,A,cat,I,t,228,1,783.4000000003725,250330.19999999925,9094,WL,C,3.0
2,5.799999952316284,learn,54200.000047683716,Tue Jul 21 2026 14:15:10 GMT-0400 (Eastern Daylight Time),251263.5,A,catt,I,t,132,1,933.3000000007451,250330.19999999925,9094,WL,C,3.0
2,5.9670000076293945,learn,54032.999992370605,Tue Jul 21 2026 14:15:10 GMT-0400 (Eastern Daylight Time),251430.29999999888,A,cattl,I,l,140,1,1100.0999999996275,250330.19999999925,9094,WL,C,3.0
2,6.16700005531311,learn,53832.99994468689,Tue Jul 21 2026 14:15:10 GMT-0400 (Eastern Daylight Time),251630.3999999985,A,cattle,I,e,175,1,1300.199999999255,250330.19999999925,9094,WL,C,3.0
2,6.733000040054321,learn,53266.99995994568,Tue Jul 21 2026 14:15:10 GMT-0400 (Eastern Daylight Time),252196.3999999985,A,cattleenter,I,enter,532,1,1866.199999999255,250330.19999999925,9094,WL,C,3.0
2,7.183000087738037,learn,52816.99991226196,Tue Jul 21 2026 14:15:10 GMT-0400 (Eastern Daylight Time),252647.0,A,b,I,b,428,1,450.2000000011176,252196.79999999888,9094,WL,C,4.0
2,7.349999904632568,learn,52650.00009536743,Tue Jul 21 2026 14:15:10 GMT-0400 (Eastern Daylight Time),252813.59999999963,A,bo,I,o,150,1,616.8000000007451,252196.79999999888,9094,WL,C,4.0
2,7.599999904632568,learn,52400.00009536743,Tue Jul 21 2026 14:15:10 GMT-0400 (Eastern Daylight Time),253063.5,A,bod,I,d,231,1,866.7000000011176,252196.79999999888,9094,WL,C,4.0
2,7.867000102996826,learn,52132.999897003174,Tue Jul 21 2026 14:15:10 GMT-0400 (Eastern Daylight Time),253330.19999999925,A,body,I,y,253,1,1133.4000000003725,252196.79999999888,9094,WL,C,4.0
2,8.599999904632568,learn,51400.00009536743,Tue Jul 21 2026 14:15:10 GMT-0400 (Eastern Daylight Time),254064.09999999963,A,bodyenter,I,enter,722,1,1867.300000000745,252196.79999999888,9094,WL,C,4.0
2,9.032999992370605,learn,50967.000007629395,Tue Jul 21 2026 14:15:10 GMT-0400 (Eastern Daylight Time),254497.0,A,b,I,b,417,1,432.6000000014901,254064.3999999985,9094,WL,C,5.0
2,9.217000007629395,learn,50782.999992370605,Tue Jul 21 2026 14:15:10 GMT-0400 (Eastern Daylight Time),254680.29999999888,A,bo,I,o,163,1,615.9000000003725,254064.3999999985,9094,WL,C,5.0
2,9.450000047683716,learn,50549.999952316284,Tue Jul 21 2026 14:15:10 GMT-0400 (Eastern Daylight Time),254913.69999999925,A,boy,I,y,211,1,849.3000000007451,254064.3999999985,9094,WL,C,5.0
2,9.933000087738037,learn,50066.99991226196,Tue Jul 21 2026 14:15:10 GMT-0400 (Eastern Daylight Time),255396.5,A,boyenter,I,enter,458,1,1332.1000000014901,254064.3999999985,9094,WL,C,5.0
2,10.282999992370605,learn,49717.000007629395,Tue Jul 21 2026 14:15:10 GMT-0400 (Eastern Daylight Time),255747.09999999963,A,c,I,c,331,1,350.30000000074506,255396.79999999888,9094,WL,C,6.0
2,10.416000127792358,learn,49583.99987220764,Tue Jul 21 2026 14:15:10 GMT-0400 (Eastern Daylight Time),255880.0,A,ca,I,a,121,1,483.2000000011176,255396.79999999888,9094,WL,C,6.0
2,10.599999904632568,learn,49400.00009536743,Tue Jul 21 2026 14:15:10 GMT-0400 (Eastern Daylight Time),256063.59999999963,A,cam,I,m,149,1,666.8000000007451,255396.79999999888,9094,WL,C,6.0
2,10.766999959945679,learn,49233.00004005432,Tue Jul 21 2026 14:15:10 GMT-0400 (Eastern Daylight Time),256230.29999999888,A,camp,I,p,147,1,833.5,255396.79999999888,9094,WL,C,6.0
2,11.233000040054321,learn,48766.99995994568,Tue Jul 21 2026 14:15:10 GMT-0400 (Eastern Daylight Time),256696.3999999985,A,campenter,I,enter,453,1,1299.5999999996275,255396.79999999888,9094,WL,C,6.0
2,11.549999952316284,learn,48450.000047683716,Tue Jul 21 2026 14:15:10 GMT-0400 (Eastern Daylight Time),257013.69999999925,A,f,I,f,304,1,316.90000000037253,256696.79999999888,9094,WL,C,7.0
2,11.766000032424927,learn,48233.99996757507,Tue Jul 21 2026 14:15:10 GMT-0400 (Eastern Daylight Time),257230.19999999925,A,fl,I,l,191,1,533.4000000003725,256696.79999999888,9094,WL,C,7.0
2,11.91700005531311,learn,48082.99994468689,Tue Jul 21 2026 14:15:10 GMT-0400 (Eastern Daylight Time),257380.29999999888,A,fla,I,a,135,1,683.5,256696.79999999888,9094,WL,C,7.0
2,12.08299994468689,learn,47917.00005531311,Tue Jul 21 2026 14:15:10 GMT-0400 (Eastern Daylight Time),257546.8999999985,A,flag,I,g,136,1,850.0999999996275,256696.79999999888,9094,WL,C,7.0
2,12.483000040054321,learn,47516.99995994568,Tue Jul 21 2026 14:15:10 GMT-0400 (Eastern Daylight Time),257946.5,A,flagenter,I,enter,384,1,1249.7000000011176,256696.79999999888,9094,WL,C,7.0
2,12.717000007629395,learn,47282.999992370605,Tue Jul 21 2026 14:15:10 GMT-0400 (Eastern Daylight Time),258180.5,A,s,I,s,221,1,233.60000000149012,257946.8999999985,9094,WL,C,8.0
2,12.933000087738037,learn,47066.99991226196,Tue Jul 21 2026 14:15:10 GMT-0400 (Eastern Daylight Time),258397.0,A,sh,I,h,184,1,450.1000000014901,257946.8999999985,9094,WL,C,8.0
2,13.766999959945679,learn,46233.00004005432,Tue Jul 21 2026 14:15:10 GMT-0400 (Eastern Daylight Time),259230.29999999888,A,sho,I,o,816,1,1283.4000000003725,257946.8999999985,9094,WL,C,8.0
2,13.849999904632568,learn,46150.00009536743,Tue Jul 21 2026 14:15:10 GMT-0400 (Eastern Daylight Time),259313.5,A,shor,I,r,71,1,1366.6000000014901,257946.8999999985,9094,WL,C,8.0
2,13.950000047683716,learn,46049.999952316284,Tue Jul 21 2026 14:15:10 GMT-0400 (Eastern Daylight Time),259413.59999999963,A,shore,I,e,75,1,1466.7000000011176,257946.8999999985,9094,WL,C,8.0
2,14.799000024795532,learn,45200.99997520447,Tue Jul 21 2026 14:15:10 GMT-0400 (Eastern Daylight Time),260263.09999999963,A,shoreenter,I,enter,822,1,2316.2000000011176,257946.8999999985,9094,WL,C,8.0
2,16.966000080108643,learn,43033.99991989136,Tue Jul 21 2026 14:15:10 GMT-0400 (Eastern Daylight Time),262430.19999999925,A,t,I,t,2153,1,2166.5999999996275,260263.59999999963,9094,WL,C,9.0
2,17.200000047683716,learn,42799.999952316284,Tue Jul 21 2026 14:15:10 GMT-0400 (Eastern Daylight Time),262663.69999999925,A,to,I,o,206,1,2400.0999999996275,260263.59999999963,9094,WL,C,9.0
2,17.33299994468689,learn,42667.00005531311,Tue Jul 21 2026 14:15:10 GMT-0400 (Eastern Daylight Time),262796.8999999985,A,tow,I,w,109,1,2533.2999999988824,260263.59999999963,9094,WL,C,9.0
2,17.41700005531311,learn,42582.99994468689,Tue Jul 21 2026 14:15:10 GMT-0400 (Eastern Daylight Time),262880.2999999989,A,towe,I,e,63,1,2616.699999999255,260263.59999999963,9094,WL,C,9.0
2,17.532999992370605,learn,42467.000007629395,Tue Jul 21 2026 14:15:10 GMT-0400 (Eastern Daylight Time),262997.0,A,tower,I,r,91,1,2733.4000000003725,260263.59999999963,9094,WL,C,9.0
2,18.249000072479248,learn,41750.99992752075,Tue Jul 21 2026 14:15:10 GMT-0400 (Eastern Daylight Time),263713.19999999925,A,towerenter,I,enter,704,1,3449.5999999996275,260263.59999999963,9094,WL,C,9.0
2,19.032999992370605,learn,40967.000007629395,Tue Jul 21 2026 14:15:10 GMT-0400 (Eastern Daylight Time),264496.7999999989,A,w,I,w,775,1,783.1999999992549,263713.5999999996,9094,WL,C,10.0
2,19.183000087738037,learn,40816.99991226196,Tue Jul 21 2026 14:15:10 GMT-0400 (Eastern Daylight Time),264646.8999999985,A,wh,I,h,131,1,933.2999999988824,263713.5999999996,9094,WL,C,10.0
2,19.316999912261963,learn,40683.00008773804,Tue Jul 21 2026 14:15:10 GMT-0400 (Eastern Daylight Time),264780.3999999985,A,whe,I,e,118,1,1066.7999999988824,263713.5999999996,9094,WL,C,10.0
2,19.40000009536743,learn,40599.99990463257,Tue Jul 21 2026 14:15:10 GMT-0400 (Eastern Daylight Time),264863.5,A,whea,I,a,73,1,1149.9000000003725,263713.5999999996,9094,WL,C,10.0
2,19.532999992370605,learn,40467.000007629395,Tue Jul 21 2026 14:15:10 GMT-0400 (Eastern Daylight Time),264997.0,A,wheat,I,t,108,1,1283.4000000003725,263713.5999999996,9094,WL,C,10.0
2,20.016000032424927,learn,39983.99996757507,Tue Jul 21 2026 14:15:10 GMT-0400 (Eastern Daylight Time),265479.8999999985,A,wheatenter,I,enter,454,1,1766.2999999988824,263713.5999999996,9094,WL,C,10.0
2,20.367000102996826,learn,39632.999897003174,Tue Jul 21 2026 14:15:10 GMT-0400 (Eastern Daylight Time),265830.2999999989,A,q,I,q,337,1,350.0,265480.2999999989,9094,WL,C,11.0
2,20.700000047683716,learn,39299.999952316284,Tue Jul 21 2026 14:15:10 GMT-0400 (Eastern Daylight Time),266163.69999999925,A,qu,I,u,311,1,683.4000000003725,265480.2999999989,9094,WL,C,11.0
2,20.84999990463257,learn,39150.00009536743,Tue Jul 21 2026 14:15:10 GMT-0400 (Eastern Daylight Time),266313.3999999985,A,que,I,e,127,1,833.0999999996275,265480.2999999989,9094,WL,C,11.0
2,21.0,learn,39000.0,Tue Jul 21 2026 14:15:10 GMT-0400 (Eastern Daylight Time),266463.5,A,quee,I,e,131,1,983.2000000011176,265480.2999999989,9094,WL,C,11.0
2,21.183000087738037,learn,38816.99991226196,Tue Jul 21 2026 14:15:10 GMT-0400 (Eastern Daylight Time),266647.0999999996,A,queen,I,n,166,1,1166.800000000745,265480.2999999989,9094,WL,C,11.0
2,21.81599998474121,learn,38184.00001525879,Tue Jul 21 2026 14:15:10 GMT-0400 (Eastern Daylight Time),267279.8999999985,A,queenenter,I,enter,604,1,1799.5999999996275,265480.2999999989,9094,WL,C,11.0
2,23.032999992370605,learn,36967.000007629395,Tue Jul 21 2026 14:15:10 GMT-0400 (Eastern Daylight Time),268497.0999999996,A,s,I,s,1201,1,1216.9000000003725,267280.19999999925,9094,WL,C,12.0
2,23.200000047683716,learn,36799.999952316284,Tue Jul 21 2026 14:15:10 GMT-0400 (Eastern Daylight Time),268663.69999999925,A,su,I,u,148,1,1383.5,267280.19999999925,9094,WL,C,12.0
2,23.33299994468689,learn,36667.00005531311,Tue Jul 21 2026 14:15:10 GMT-0400 (Eastern Daylight Time),268796.8999999985,A,sug,I,g,116,1,1516.699999999255,267280.19999999925,9094,WL,C,12.0
2,23.5,learn,36500.0,Tue Jul 21 2026 14:15:10 GMT-0400 (Eastern Daylight Time),268963.5999999996,A,suga,I,a,135,1,1683.4000000003725,267280.19999999925,9094,WL,C,12.0
2,23.58299994468689,learn,36417.00005531311,Tue Jul 21 2026 14:15:10 GMT-0400 (Eastern Daylight Time),269047.0999999996,A,sugar,I,r,56,1,1766.9000000003725,267280.19999999925,9094,WL,C,12.0
2,24.133000135421753,learn,35866.99986457825,Tue Jul 21 2026 14:15:10 GMT-0400 (Eastern Daylight Time),269596.5,A,sugarenter,I,enter,532,1,2316.300000000745,267280.19999999925,9094,WL,C,12.0
2,24.450000047683716,learn,35549.999952316284,Tue Jul 21 2026 14:15:10 GMT-0400 (Eastern Daylight Time),269913.5999999996,A,h,I,h,308,1,316.7000000011176,269596.8999999985,9094,WL,C,13.0
2,24.59999990463257,learn,35400.00009536743,Tue Jul 21 2026 14:15:10 GMT-0400 (Eastern Daylight Time),270063.3999999985,A,ho,I,o,138,1,466.5,269596.8999999985,9094,WL,C,13.0
2,24.73300004005432,learn,35266.99995994568,Tue Jul 21 2026 14:15:10 GMT-0400 (Eastern Daylight Time),270197.0,A,hom,I,m,110,1,600.1000000014901,269596.8999999985,9094,WL,C,13.0
2,24.883000135421753,learn,35116.99986457825,Tue Jul 21 2026 14:15:10 GMT-0400 (Eastern Daylight Time),270347.0,A,home,I,e,118,1,750.1000000014901,269596.8999999985,9094,WL,C,13.0
2,25.83299994468689,learn,34167.00005531311,Tue Jul 21 2026 14:15:10 GMT-0400 (Eastern Daylight Time),271296.5,A,homeenter,I,enter,921,1,1699.6000000014901,269596.8999999985,9094,WL,C,13.0
2,32.117000102996826,learn,27882.999897003174,Tue Jul 21 2026 14:15:10 GMT-0400 (Eastern Daylight Time),277580.2999999989,A,b,I,b,6272,1,6283.5,271296.7999999989,9094,WL,C,14.0
2,32.31699991226196,learn,27683.000087738037,Tue Jul 21 2026 14:15:10 GMT-0400 (Eastern Daylight Time),277780.2999999989,A,bo,I,o,177,1,6483.5,271296.7999999989,9094,WL,C,14.0
2,32.51699995994568,learn,27483.00004005432,Tue Jul 21 2026 14:15:10 GMT-0400 (Eastern Daylight Time),277980.3999999985,A,boy,I,y,185,1,6683.5999999996275,271296.7999999989,9094,WL,C,14.0
2,33.41600012779236,learn,26583.99987220764,Tue Jul 21 2026 14:15:10 GMT-0400 (Eastern Daylight Time),278879.69999999925,A,boyenter,I,enter,888,1,7582.9000000003725,271296.7999999989,9094,WL,C,14.0
2,36.59999990463257,learn,23400.00009536743,Tue Jul 21 2026 14:15:10 GMT-0400 (Eastern Daylight Time),282063.5,A,d,I,d,3176,1,3183.5,278880.0,9094,WL,C,15.0
2,36.81699991226196,learn,23183.000087738037,Tue Jul 21 2026 14:15:10 GMT-0400 (Eastern Daylight Time),282281.2999999989,A,do,I,o,204,1,3401.2999999988824,278880.0,9094,WL,C,15.0
2,36.967000007629395,learn,23032.999992370605,Tue Jul 21 2026 14:15:10 GMT-0400 (Eastern Daylight Time),282430.2999999989,A,doc,I,c,124,1,3550.2999999988824,278880.0,9094,WL,C,15.0
2,37.21600008010864,learn,22783.999919891357,Tue Jul 21 2026 14:15:10 GMT-0400 (Eastern Daylight Time),282679.7999999989,A,doct,I,t,238,1,3799.7999999988824,278880.0,9094,WL,C,15.0
2,37.59999990463257,learn,22400.00009536743,Tue Jul 21 2026 14:15:10 GMT-0400 (Eastern Daylight Time),283063.7999999989,A,docto,I,o,376,1,4183.799999998882,278880.0,9094,WL,C,15.0
2,37.782999992370605,learn,22217.000007629395,Tue Jul 21 2026 14:15:10 GMT-0400 (Eastern Daylight Time),283247.0,A,doctor,I,r,157,1,4367.0,278880.0,9094,WL,C,15.0
2,38.865999937057495,learn,21134.000062942505,Tue Jul 21 2026 14:15:10 GMT-0400 (Eastern Daylight Time),284329.7999999989,A,doctorenter,I,enter,1051,1,5449.799999998882,278880.0,9094,WL,C,15.0
3,0.9500000476837158,learn,59049.999952316284,Tue Jul 21 2026 14:15:10 GMT-0400 (Eastern Daylight Time),351830.5,A,t,I,t,932,1,949.8000000007451,350880.69999999925,9094,WL,C,1.0
3,1.2160000801086426,learn,58783.99991989136,Tue Jul 21 2026 14:15:10 GMT-0400 (Eastern Daylight Time),352097.0,A,to,I,o,252,1,1216.300000000745,350880.69999999925,9094,WL,C,1.0
3,1.3999998569488525,learn,58600.00014305115,Tue Jul 21 2026 14:15:10 GMT-0400 (Eastern Daylight Time),352280.3999999985,A,tow,I,w,165,1,1399.699999999255,350880.69999999925,9094,WL,C,1.0
3,1.5,learn,58500.0,Tue Jul 21 2026 14:15:10 GMT-0400 (Eastern Daylight Time),352380.5,A,towe,I,e,83,1,1499.800000000745,350880.69999999925,9094,WL,C,1.0
3,1.6159999370574951,learn,58384.000062942505,Tue Jul 21 2026 14:15:10 GMT-0400 (Eastern Daylight Time),352497.0,A,tower,I,r,105,1,1616.300000000745,350880.69999999925,9094,WL,C,1.0
3,2.5160000324249268,learn,57483.99996757507,Tue Jul 21 2026 14:15:10 GMT-0400 (Eastern Daylight Time),353396.5999999996,A,towerenter,I,enter,866,1,2515.9000000003725,350880.69999999925,9094,WL,C,1.0
3,2.932999849319458,learn,57067.00015068054,Tue Jul 21 2026 14:15:10 GMT-0400 (Eastern Daylight Time),353813.69999999925,A,w,I,w,395,1,416.69999999925494,353397.0,9094,WL,C,2.0
3,3.0829999446868896,learn,56917.00005531311,Tue Jul 21 2026 14:15:10 GMT-0400 (Eastern Daylight Time),353963.69999999925,A,wh,I,h,136,1,566.6999999992549,353397.0,9094,WL,C,2.0
3,3.2009999752044678,learn,56799.00002479553,Tue Jul 21 2026 14:15:10 GMT-0400 (Eastern Daylight Time),354081.3999999985,A,whe,I,e,96,1,684.3999999985099,353397.0,9094,WL,C,2.0
3,3.2829999923706055,learn,56717.000007629395,Tue Jul 21 2026 14:15:10 GMT-0400 (Eastern Daylight Time),354163.3999999985,A,whea,I,a,49,1,766.3999999985099,353397.0,9094,WL,C,2.0
3,3.3989999294281006,learn,56601.0000705719,Tue Jul 21 2026 14:15:10 GMT-0400 (Eastern Daylight Time),354280.0999999996,A,wheat,I,t,105,1,883.0999999996275,353397.0,9094,WL,C,2.0
3,3.882999897003174,learn,56117.000102996826,Tue Jul 21 2026 14:15:10 GMT-0400 (Eastern Daylight Time),354763.2999999989,A,wheatenter,I,enter,461,1,1366.2999999988824,353397.0,9094,WL,C,2.0
3,5.200000047683716,learn,54799.999952316284,Tue Jul 21 2026 14:15:10 GMT-0400 (Eastern Daylight Time),356080.5,A,q,I,q,1301,1,1316.9000000003725,354763.5999999996,9094,WL,C,3.0
3,5.5329999923706055,learn,54467.000007629395,Tue Jul 21 2026 14:15:10 GMT-0400 (Eastern Daylight Time),356413.69999999925,A,qu,I,u,314,1,1650.0999999996275,354763.5999999996,9094,WL,C,3.0
3,5.665999889373779,learn,54334.00011062622,Tue Jul 21 2026 14:15:10 GMT-0400 (Eastern Daylight Time),356547.0999999996,A,que,I,e,111,1,1783.5,354763.5999999996,9094,WL,C,3.0
3,5.800999879837036,learn,54199.000120162964,Tue Jul 21 2026 14:15:10 GMT-0400 (Eastern Daylight Time),356681.5,A,quee,I,e,114,1,1917.9000000003725,354763.5999999996,9094,WL,C,3.0
3,5.966000080108643,learn,54033.99991989136,Tue Jul 21 2026 14:15:10 GMT-0400 (Eastern Daylight Time),356847.19999999925,A,queen,I,n,138,1,2083.5999999996275,354763.5999999996,9094,WL,C,3.0
3,6.632999897003174,learn,53367.000102996826,Tue Jul 21 2026 14:15:10 GMT-0400 (Eastern Daylight Time),357513.3999999985,A,queenenter,I,enter,645,1,2749.7999999988824,354763.5999999996,9094,WL,C,3.0
3,7.349999904632568,learn,52650.00009536743,Tue Jul 21 2026 14:15:10 GMT-0400 (Eastern Daylight Time),358230.3999999985,A,s,I,s,695,1,716.6999999992549,357513.69999999925,9094,WL,C,4.0
3,7.516000032424927,learn,52483.99996757507,Tue Jul 21 2026 14:15:10 GMT-0400 (Eastern Daylight Time),358397.0,A,su,I,u,151,1,883.3000000007451,357513.69999999925,9094,WL,C,4.0
3,7.665999889373779,learn,52334.00011062622,Tue Jul 21 2026 14:15:10 GMT-0400 (Eastern Daylight Time),358547.0999999996,A,sug,I,g,135,1,1033.4000000003725,357513.69999999925,9094,WL,C,4.0
3,7.815999984741211,learn,52184.00001525879,Tue Jul 21 2026 14:15:10 GMT-0400 (Eastern Daylight Time),358697.0999999996,A,suga,I,a,137,1,1183.4000000003725,357513.69999999925,9094,WL,C,4.0
3,7.950000047683716,learn,52049.999952316284,Tue Jul 21 2026 14:15:10 GMT-0400 (Eastern Daylight Time),358830.3999999985,A,sugar,I,r,98,1,1316.699999999255,357513.69999999925,9094,WL,C,4.0
3,8.799000024795532,learn,51200.99997520447,Tue Jul 21 2026 14:15:10 GMT-0400 (Eastern Daylight Time),359680.0,A,sugarenter,I,enter,828,1,2166.300000000745,357513.69999999925,9094,WL,C,4.0
3,9.932999849319458,learn,50067.00015068054,Tue Jul 21 2026 14:15:10 GMT-0400 (Eastern Daylight Time),360813.7999999989,A,h,I,h,1121,1,1133.4000000003725,359680.3999999985,9094,WL,C,5.0
3,10.115999937057495,learn,49884.000062942505,Tue Jul 21 2026 14:15:10 GMT-0400 (Eastern Daylight Time),360997.0999999996,A,ho,I,o,160,1,1316.7000000011176,359680.3999999985,9094,WL,C,5.0
3,10.184000015258789,learn,49815.99998474121,Tue Jul 21 2026 14:15:10 GMT-0400 (Eastern Daylight Time),361064.5,A,hom,I,m,48,1,1384.1000000014901,359680.3999999985,9094,WL,C,5.0
3,10.33299994468689,learn,49667.00005531311,Tue Jul 21 2026 14:15:10 GMT-0400 (Eastern Daylight Time),361213.7999999989,A,home,I,e,135,1,1533.4000000003725,359680.3999999985,9094,WL,C,5.0
3,11.315999984741211,learn,48684.00001525879,Tue Jul 21 2026 14:15:10 GMT-0400 (Eastern Daylight Time),362196.69999999925,A,homeenter,I,enter,958,1,2516.300000000745,359680.3999999985,9094,WL,C,5.0
3,12.182999849319458,learn,47817.00015068054,Tue Jul 21 2026 14:15:10 GMT-0400 (Eastern Daylight Time),363063.69999999925,A,b,I,b,859,1,866.8000000007451,362196.8999999985,9094,WL,C,6.0
3,12.33299994468689,learn,47667.00005531311,Tue Jul 21 2026 14:15:10 GMT-0400 (Eastern Daylight Time),363213.69999999925,A,bo,I,o,126,1,1016.8000000007451,362196.8999999985,9094,WL,C,6.0
3,12.700000047683716,learn,47299.999952316284,Tue Jul 21 2026 14:15:10 GMT-0400 (Eastern Daylight Time),363580.3999999985,A,boy,I,y,334,1,1383.5,362196.8999999985,9094,WL,C,6.0
3,13.682999849319458,learn,46317.00015068054,Tue Jul 21 2026 14:15:10 GMT-0400 (Eastern Daylight Time),364563.2999999989,A,boyenter,I,enter,958,1,2366.4000000003725,362196.8999999985,9094,WL,C,6.0
3,14.733000040054321,learn,45266.99995994568,Tue Jul 21 2026 14:15:10 GMT-0400 (Eastern Daylight Time),365613.7999999989,A,c,I,c,1028,1,1050.0999999996275,364563.69999999925,9094,WL,C,7.0
3,14.849999904632568,learn,45150.00009536743,Tue Jul 21 2026 14:15:10 GMT-0400 (Eastern Daylight Time),365730.3999999985,A,ca,I,a,103,1,1166.699999999255,364563.69999999925,9094,WL,C,7.0
3,14.999000072479248,learn,45000.99992752075,Tue Jul 21 2026 14:15:10 GMT-0400 (Eastern Daylight Time),365880.19999999925,A,cam,I,m,139,1,1316.5,364563.69999999925,9094,WL,C,7.0
3,15.182999849319458,learn,44817.00015068054,Tue Jul 21 2026 14:15:10 GMT-0400 (Eastern Daylight Time),366063.7999999989,A,camp,I,p,163,1,1500.0999999996275,364563.69999999925,9094,WL,C,7.0
3,15.8989999294281,learn,44101.0000705719,Tue Jul 21 2026 14:15:10 GMT-0400 (Eastern Daylight Time),366780.0,A,campenter,I,enter,693,1,2216.300000000745,364563.69999999925,9094,WL,C,7.0
3,16.182999849319458,learn,43817.00015068054,Tue Jul 21 2026 14:15:10 GMT-0400 (Eastern Daylight Time),367063.69999999925,A,d,I,d,276,1,283.40000000037253,366780.2999999989,9094,WL,C,8.0
3,16.432999849319458,learn,43567.00015068054,Tue Jul 21 2026 14:15:10 GMT-0400 (Eastern Daylight Time),367313.69999999925,A,do,I,o,228,1,533.4000000003725,366780.2999999989,9094,WL,C,8.0
3,16.615999937057495,learn,43384.000062942505,Tue Jul 21 2026 14:15:10 GMT-0400 (Eastern Daylight Time),367497.0999999996,A,doc,I,c,164,1,716.8000000007451,366780.2999999989,9094,WL,C,8.0
3,17.08299994468689,learn,42917.00005531311,Tue Jul 21 2026 14:15:10 GMT-0400 (Eastern Daylight Time),367963.7999999989,A,doct,I,t,444,1,1183.5,366780.2999999989,9094,WL,C,8.0
3,17.25,learn,42750.0,Tue Jul 21 2026 14:15:10 GMT-0400 (Eastern Daylight Time),368130.3999999985,A,docto,I,o,144,1,1350.0999999996275,366780.2999999989,9094,WL,C,8.0
3,17.382999897003174,learn,42617.000102996826,Tue Jul 21 2026 14:15:10 GMT-0400 (Eastern Daylight Time),368263.69999999925,A,doctor,I,r,122,1,1483.4000000003725,366780.2999999989,9094,WL,C,8.0
3,18.33299994468689,learn,41667.00005531311,Tue Jul 21 2026 14:15:10 GMT-0400 (Eastern Daylight Time),369213.2999999989,A,doctorenter,I,enter,922,1,2433.0,366780.2999999989,9094,WL,C,8.0
3,18.649999856948853,learn,41350.00014305115,Tue Jul 21 2026 14:15:10 GMT-0400 (Eastern Daylight Time),369530.3999999985,A,f,I,f,307,1,316.69999999925494,369213.69999999925,9094,WL,C,9.0
3,18.81599998474121,learn,41184.00001525879,Tue Jul 21 2026 14:15:10 GMT-0400 (Eastern Daylight Time),369697.0,A,fl,I,l,153,1,483.30000000074506,369213.69999999925,9094,WL,C,9.0
3,18.950000047683716,learn,41049.999952316284,Tue Jul 21 2026 14:15:10 GMT-0400 (Eastern Daylight Time),369830.5,A,fla,I,a,107,1,616.8000000007451,369213.69999999925,9094,WL,C,9.0
3,19.08299994468689,learn,40917.00005531311,Tue Jul 21 2026 14:15:10 GMT-0400 (Eastern Daylight Time),369963.7999999989,A,flag,I,g,117,1,750.0999999996275,369213.69999999925,9094,WL,C,9.0
3,20.032999992370605,learn,39967.000007629395,Tue Jul 21 2026 14:15:10 GMT-0400 (Eastern Daylight Time),370913.19999999925,A,flagenter,I,enter,936,1,1699.5,369213.69999999925,9094,WL,C,9.0
3,20.700000047683716,learn,39299.999952316284,Tue Jul 21 2026 14:15:10 GMT-0400 (Eastern Daylight Time),371580.5,A,l,I,l,655,1,666.8000000007451,370913.69999999925,9094,WL,C,10.0
3,20.84999990463257,learn,39150.00009536743,Tue Jul 21 2026 14:15:10 GMT-0400 (Eastern Daylight Time),371730.5,A,le,I,e,129,1,816.8000000007451,370913.69999999925,9094,WL,C,10.0
3,21.0,learn,39000.0,Tue Jul 21 2026 14:15:10 GMT-0400 (Eastern Daylight Time),371880.2999999989,A,let,I,t,120,1,966.5999999996275,370913.69999999925,9094,WL,C,10.0
3,21.182999849319458,learn,38817.00015068054,Tue Jul 21 2026 14:15:10 GMT-0400 (Eastern Daylight Time),372063.7999999989,A,lett,I,t,158,1,1150.0999999996275,370913.69999999925,9094,WL,C,10.0
3,21.31599998474121,learn,38684.00001525879,Tue Jul 21 2026 14:15:10 GMT-0400 (Eastern Daylight Time),372197.0999999996,A,lette,I,e,108,1,1283.4000000003725,370913.69999999925,9094,WL,C,10.0
3,21.41599988937378,learn,38584.00011062622,Tue Jul 21 2026 14:15:10 GMT-0400 (Eastern Daylight Time),372297.0999999996,A,letter,I,r,79,1,1383.4000000003725,370913.69999999925,9094,WL,C,10.0
3,22.06599998474121,learn,37934.00001525879,Tue Jul 21 2026 14:15:10 GMT-0400 (Eastern Daylight Time),372946.69999999925,A,letterenter,I,enter,619,1,2033.0,370913.69999999925,9094,WL,C,10.0
3,22.91599988937378,learn,37084.00011062622,Tue Jul 21 2026 14:15:10 GMT-0400 (Eastern Daylight Time),373797.19999999925,A,c,I,c,830,1,850.1999999992549,372947.0,9094,WL,C,11.0
3,23.049999952316284,learn,36950.000047683716,Tue Jul 21 2026 14:15:10 GMT-0400 (Eastern Daylight Time),373930.2999999989,A,co,I,o,112,1,983.2999999988824,372947.0,9094,WL,C,11.0
3,23.182999849319458,learn,36817.00015068054,Tue Jul 21 2026 14:15:10 GMT-0400 (Eastern Daylight Time),374063.7999999989,A,cor,I,r,104,1,1116.7999999988824,372947.0,9094,WL,C,11.0
3,23.299999952316284,learn,36700.000047683716,Tue Jul 21 2026 14:15:10 GMT-0400 (Eastern Daylight Time),374180.2999999989,A,corn,I,n,85,1,1233.2999999988824,372947.0,9094,WL,C,11.0
3,23.948999881744385,learn,36051.000118255615,Tue Jul 21 2026 14:15:10 GMT-0400 (Eastern Daylight Time),374830.0,A,cornenter,I,enter,631,1,1883.0,372947.0,9094,WL,C,11.0
3,24.401000022888184,learn,35598.99997711182,Tue Jul 21 2026 14:15:10 GMT-0400 (Eastern Daylight Time),375281.5,A,n,I,n,442,1,451.2000000011176,374830.2999999989,9094,WL,C,12.0
3,24.58299994468689,learn,35417.00005531311,Tue Jul 21 2026 14:15:10 GMT-0400 (Eastern Daylight Time),375463.8999999985,A,na,I,a,154,1,633.5999999996275,374830.2999999989,9094,WL,C,12.0
3,24.700000047683716,learn,35299.999952316284,Tue Jul 21 2026 14:15:10 GMT-0400 (Eastern Daylight Time),375580.5,A,nai,I,i,93,1,750.2000000011176,374830.2999999989,9094,WL,C,12.0
3,24.81599998474121,learn,35184.00001525879,Tue Jul 21 2026 14:15:10 GMT-0400 (Eastern Daylight Time),375697.0999999996,A,nail,I,l,88,1,866.8000000007451,374830.2999999989,9094,WL,C,12.0
3,25.41599988937378,learn,34584.00011062622,Tue Jul 21 2026 14:15:10 GMT-0400 (Eastern Daylight Time),376296.5999999996,A,nailenter,I,enter,578,1,1466.300000000745,374830.2999999989,9094,WL,C,12.0
3,25.98300004005432,learn,34016.99995994568,Tue Jul 21 2026 14:15:10 GMT-0400 (Eastern Daylight Time),376863.7999999989,A,c,I,c,544,1,566.9000000003725,376296.8999999985,9094,WL,C,13.0
3,26.09999990463257,learn,33900.00009536743,Tue Jul 21 2026 14:15:10 GMT-0400 (Eastern Daylight Time),376980.5,A,ca,I,a,93,1,683.6000000014901,376296.8999999985,9094,WL,C,13.0
3,26.282999992370605,learn,33717.000007629395,Tue Jul 21 2026 14:15:10 GMT-0400 (Eastern Daylight Time),377163.7999999989,A,cat,I,t,166,1,866.9000000003725,376296.8999999985,9094,WL,C,13.0
3,26.41599988937378,learn,33584.00011062622,Tue Jul 21 2026 14:15:10 GMT-0400 (Eastern Daylight Time),377297.0999999996,A,catt,I,t,109,1,1000.2000000011176,376296.8999999985,9094,WL,C,13.0
3,26.58299994468689,learn,33417.00005531311,Tue Jul 21 2026 14:15:10 GMT-0400 (Eastern Daylight Time),377463.8999999985,A,cattl,I,l,148,1,1167.0,376296.8999999985,9094,WL,C,13.0
3,26.73300004005432,learn,33266.99995994568,Tue Jul 21 2026 14:15:10 GMT-0400 (Eastern Daylight Time),377613.69999999925,A,cattle,I,e,131,1,1316.800000000745,376296.8999999985,9094,WL,C,13.0
3,27.18400001525879,learn,32815.99998474121,Tue Jul 21 2026 14:15:10 GMT-0400 (Eastern Daylight Time),378064.2999999989,A,cattleenter,I,enter,438,1,1767.4000000003725,376296.8999999985,9094,WL,C,13.0
3,28.115999937057495,learn,31884.000062942505,Tue Jul 21 2026 14:15:10 GMT-0400 (Eastern Daylight Time),378997.0999999996,A,b,I,b,920,1,932.4000000003725,378064.69999999925,9094,WL,C,14.0
3,28.282999992370605,learn,31717.000007629395,Tue Jul 21 2026 14:15:10 GMT-0400 (Eastern Daylight Time),379163.8999999985,A,bo,I,o,145,1,1099.199999999255,378064.69999999925,9094,WL,C,14.0
3,28.48300004005432,learn,31516.99995994568,Tue Jul 21 2026 14:15:10 GMT-0400 (Eastern Daylight Time),379363.8999999985,A,bod,I,d,176,1,1299.199999999255,378064.69999999925,9094,WL,C,14.0
3,28.75,learn,31250.0,Tue Jul 21 2026 14:15:10 GMT-0400 (Eastern Daylight Time),379630.5,A,body,I,y,240,1,1565.800000000745,378064.69999999925,9094,WL,C,14.0
3,29.882999897003174,learn,30117.000102996826,Tue Jul 21 2026 14:15:10 GMT-0400 (Eastern Daylight Time),380763.2999999989,A,bodyenter,I,enter,1117,1,2698.5999999996275,378064.69999999925,9094,WL,C,14.0
3,31.31599998474121,learn,28684.00001525879,Tue Jul 21 2026 14:15:10 GMT-0400 (Eastern Daylight Time),382197.0999999996,A,s,I,s,1421,1,1433.4000000003725,380763.69999999925,9094,WL,C,15.0
3,31.450000047683716,learn,28549.999952316284,Tue Jul 21 2026 14:15:10 GMT-0400 (Eastern Daylight Time),382330.3999999985,A,sh,I,h,120,1,1566.699999999255,380763.69999999925,9094,WL,C,15.0
3,31.58299994468689,learn,28417.00005531311,Tue Jul 21 2026 14:15:10 GMT-0400 (Eastern Daylight Time),382463.7999999989,A,sho,I,o,116,1,1700.0999999996275,380763.69999999925,9094,WL,C,15.0
3,31.6489999294281,learn,28351.0000705719,Tue Jul 21 2026 14:15:10 GMT-0400 (Eastern Daylight Time),382530.0,A,shor,I,r,42,1,1766.300000000745,380763.69999999925,9094,WL,C,15.0
3,31.75,learn,28250.0,Tue Jul 21 2026 14:15:10 GMT-0400 (Eastern Daylight Time),382630.3999999985,A,shore,I,e,78,1,1866.699999999255,380763.69999999925,9094,WL,C,15.0
3,32.29900002479553,learn,27700.999975204468,Tue Jul 21 2026 14:15:10 GMT-0400 (Eastern Daylight Time),383180.0,A,shoreenter,I,enter,518,1,2416.300000000745,380763.69999999925,9094,WL,C,15.0
4,2.184000015258789,learn,57815.99998474121,Tue Jul 21 2026 14:15:10 GMT-0400 (Eastern Daylight Time),450330.69999999925,A,t,I,t,2163,1,2183.0999999996275,448147.5999999996,9094,WL,C,1.0
4,2.4670000076293945,learn,57532.999992370605,Tue Jul 21 2026 14:15:10 GMT-0400 (Eastern Daylight Time),450613.5999999996,A,to,I,o,259,1,2466.0,448147.5999999996,9094,WL,C,1.0
4,2.734999895095825,learn,57265.000104904175,Tue Jul 21 2026 14:15:10 GMT-0400 (Eastern Daylight Time),450881.2999999989,A,tow,I,w,257,1,2733.699999999255,448147.5999999996,9094,WL,C,1.0
4,3.0339999198913574,learn,56966.00008010864,Tue Jul 21 2026 14:15:10 GMT-0400 (Eastern Daylight Time),451180.5,A,towe,I,e,275,1,3032.9000000003725,448147.5999999996,9094,WL,C,1.0
4,3.1499998569488525,learn,56850.00014305115,Tue Jul 21 2026 14:15:10 GMT-0400 (Eastern Daylight Time),451297.19999999925,A,tower,I,r,103,1,3149.5999999996275,448147.5999999996,9094,WL,C,1.0
4,5.483000040054321,learn,54516.99995994568,Tue Jul 21 2026 14:15:10 GMT-0400 (Eastern Daylight Time),453630.0999999996,A,towerenter,I,enter,2307,1,5482.5,448147.5999999996,9094,WL,C,1.0
4,7.000999927520752,learn,52999.00007247925,Tue Jul 21 2026 14:15:10 GMT-0400 (Eastern Daylight Time),455147.2999999989,A,q,I,q,1499,1,1516.7999999988824,453630.5,9094,WL,C,2.0
4,7.134999990463257,learn,52865.00000953674,Tue Jul 21 2026 14:15:10 GMT-0400 (Eastern Daylight Time),455281.5999999996,A,qu,I,u,118,1,1651.0999999996275,453630.5,9094,WL,C,2.0
4,7.233999967575073,learn,52766.00003242493,Tue Jul 21 2026 14:15:10 GMT-0400 (Eastern Daylight Time),455380.5999999996,A,que,I,e,75,1,1750.0999999996275,453630.5,9094,WL,C,2.0
4,7.383999824523926,learn,52616.000175476074,Tue Jul 21 2026 14:15:10 GMT-0400 (Eastern Daylight Time),455530.5,A,quee,I,e,128,1,1900.0,453630.5,9094,WL,C,2.0
4,9.0,learn,51000.0,Tue Jul 21 2026 14:15:10 GMT-0400 (Eastern Daylight Time),457147.0999999996,A,queen,I,n,1602,1,3516.5999999996275,453630.5,9094,WL,C,2.0
4,9.382999897003174,learn,50617.000102996826,Tue Jul 21 2026 14:15:10 GMT-0400 (Eastern Daylight Time),457530.19999999925,A,queenenter,I,enter,361,1,3899.699999999255,453630.5,9094,WL,C,2.0
4,9.750999927520752,learn,50249.00007247925,Tue Jul 21 2026 14:15:10 GMT-0400 (Eastern Daylight Time),457897.2999999989,A,w,I,w,351,1,366.7999999988824,457530.5,9094,WL,C,3.0
4,9.866999864578247,learn,50133.00013542175,Tue Jul 21 2026 14:15:10 GMT-0400 (Eastern Daylight Time),458013.8999999985,A,wh,I,h,98,1,483.3999999985099,457530.5,9094,WL,C,3.0
4,10.0,learn,50000.0,Tue Jul 21 2026 14:15:10 GMT-0400 (Eastern Daylight Time),458147.19999999925,A,whe,I,e,102,1,616.6999999992549,457530.5,9094,WL,C,3.0
4,10.066999912261963,learn,49933.00008773804,Tue Jul 21 2026 14:15:10 GMT-0400 (Eastern Daylight Time),458213.5,A,whea,I,a,50,1,683.0,457530.5,9094,WL,C,3.0
4,10.200999975204468,learn,49799.00002479553,Tue Jul 21 2026 14:15:10 GMT-0400 (Eastern Daylight Time),458347.2999999989,A,wheat,I,t,110,1,816.7999999988824,457530.5,9094,WL,C,3.0
4,10.717000007629395,learn,49282.999992370605,Tue Jul 21 2026 14:15:10 GMT-0400 (Eastern Daylight Time),458863.3999999985,A,wheatenter,I,enter,488,1,1332.8999999985099,457530.5,9094,WL,C,3.0
4,11.0,learn,49000.0,Tue Jul 21 2026 14:15:10 GMT-0400 (Eastern Daylight Time),459147.0999999996,A,s,I,s,265,1,283.40000000037253,458863.69999999925,9094,WL,C,4.0
4,11.166999816894531,learn,48833.00018310547,Tue Jul 21 2026 14:15:10 GMT-0400 (Eastern Daylight Time),459314.0,A,su,I,u,146,1,450.30000000074506,458863.69999999925,9094,WL,C,4.0
4,11.283999919891357,learn,48716.00008010864,Tue Jul 21 2026 14:15:10 GMT-0400 (Eastern Daylight Time),459430.5999999996,A,sug,I,g,89,1,566.9000000003725,458863.69999999925,9094,WL,C,4.0
4,11.434000015258789,learn,48565.99998474121,Tue Jul 21 2026 14:15:10 GMT-0400 (Eastern Daylight Time),459580.5,A,suga,I,a,117,1,716.8000000007451,458863.69999999925,9094,WL,C,4.0
4,11.533999919891357,learn,48466.00008010864,Tue Jul 21 2026 14:15:10 GMT-0400 (Eastern Daylight Time),459680.5999999996,A,sugar,I,r,81,1,816.9000000003725,458863.69999999925,9094,WL,C,4.0
4,12.032999992370605,learn,47967.000007629395,Tue Jul 21 2026 14:15:10 GMT-0400 (Eastern Daylight Time),460180.19999999925,A,sugarenter,I,enter,476,1,1316.5,458863.69999999925,9094,WL,C,4.0
4,12.300999879837036,learn,47699.000120162964,Tue Jul 21 2026 14:15:10 GMT-0400 (Eastern Daylight Time),460447.19999999925,A,h,I,h,244,1,266.69999999925494,460180.5,9094,WL,C,5.0
4,12.434000015258789,learn,47565.99998474121,Tue Jul 21 2026 14:15:10 GMT-0400 (Eastern Daylight Time),460580.5,A,ho,I,o,110,1,400.0,460180.5,9094,WL,C,5.0
4,12.533999919891357,learn,47466.00008010864,Tue Jul 21 2026 14:15:10 GMT-0400 (Eastern Daylight Time),460680.69999999925,A,hom,I,m,65,1,500.19999999925494,460180.5,9094,WL,C,5.0
4,12.666999816894531,learn,47333.00018310547,Tue Jul 21 2026 14:15:10 GMT-0400 (Eastern Daylight Time),460813.8999999985,A,home,I,e,107,1,633.3999999985099,460180.5,9094,WL,C,5.0
4,12.950999975204468,learn,47049.00002479553,Tue Jul 21 2026 14:15:10 GMT-0400 (Eastern Daylight Time),461098.0,A,homeenter,I,enter,272,1,917.5,460180.5,9094,WL,C,5.0
4,14.016999959945679,learn,45983.00004005432,Tue Jul 21 2026 14:15:10 GMT-0400 (Eastern Daylight Time),462164.0,A,b,I,b,1054,1,1065.6000000014901,461098.3999999985,9094,WL,C,6.0
4,14.300999879837036,learn,45699.000120162964,Tue Jul 21 2026 14:15:10 GMT-0400 (Eastern Daylight Time),462447.2999999989,A,bo,I,o,265,1,1348.9000000003725,461098.3999999985,9094,WL,C,6.0
4,14.467000007629395,learn,45532.999992370605,Tue Jul 21 2026 14:15:10 GMT-0400 (Eastern Daylight Time),462613.8999999985,A,boy,I,y,149,1,1515.5,461098.3999999985,9094,WL,C,6.0
4,15.016999959945679,learn,44983.00004005432,Tue Jul 21 2026 14:15:10 GMT-0400 (Eastern Daylight Time),463163.5,A,boyenter,I,enter,519,1,2065.10000000149,461098.3999999985,9094,WL,C,6.0
4,15.250999927520752,learn,44749.00007247925,Tue Jul 21 2026 14:15:10 GMT-0400 (Eastern Daylight Time),463397.2999999989,A,c,I,c,213,1,233.5,463163.7999999989,9094,WL,C,7.0
4,15.349999904632568,learn,44650.00009536743,Tue Jul 21 2026 14:15:10 GMT-0400 (Eastern Daylight Time),463497.0999999996,A,ca,I,a,86,1,333.30000000074506,463163.7999999989,9094,WL,C,7.0
4,15.516999959945679,learn,44483.00004005432,Tue Jul 21 2026 14:15:10 GMT-0400 (Eastern Daylight Time),463663.8999999985,A,cam,I,m,137,1,500.09999999962747,463163.7999999989,9094,WL,C,7.0
4,15.633999824523926,learn,44366.000175476074,Tue Jul 21 2026 14:15:10 GMT-0400 (Eastern Daylight Time),463780.5,A,camp,I,p,94,1,616.7000000011176,463163.7999999989,9094,WL,C,7.0
4,16.899999856948853,learn,43100.00014305115,Tue Jul 21 2026 14:15:10 GMT-0400 (Eastern Daylight Time),465046.8999999985,A,campenter,I,enter,1255,1,1883.0999999996275,463163.7999999989,9094,WL,C,7.0
4,17.08399987220764,learn,42916.00012779236,Tue Jul 21 2026 14:15:10 GMT-0400 (Eastern Daylight Time),465230.5999999996,A,f,I,f,162,1,183.40000000037253,465047.19999999925,9094,WL,C,8.0
4,17.250999927520752,learn,42749.00007247925,Tue Jul 21 2026 14:15:10 GMT-0400 (Eastern Daylight Time),465397.2999999989,A,fl,I,l,134,1,350.09999999962747,465047.19999999925,9094,WL,C,8.0
4,17.366999864578247,learn,42633.00013542175,Tue Jul 21 2026 14:15:10 GMT-0400 (Eastern Daylight Time),465514.0,A,fla,I,a,97,1,466.80000000074506,465047.19999999925,9094,WL,C,8.0
4,17.467000007629395,learn,42532.999992370605,Tue Jul 21 2026 14:15:10 GMT-0400 (Eastern Daylight Time),465613.8999999985,A,flag,I,g,69,1,566.6999999992549,465047.19999999925,9094,WL,C,8.0
4,17.85199999809265,learn,42148.00000190735,Tue Jul 21 2026 14:15:10 GMT-0400 (Eastern Daylight Time),465998.5999999996,A,flagenter,I,enter,357,1,951.4000000003725,465047.19999999925,9094,WL,C,8.0
4,18.58399987220764,learn,41416.00012779236,Tue Jul 21 2026 14:15:10 GMT-0400 (Eastern Daylight Time),466730.5999999996,A,d,I,d,722,1,731.7000000011176,465998.8999999985,9094,WL,C,9.0
4,19.133999824523926,learn,40866.000175476074,Tue Jul 21 2026 14:15:10 GMT-0400 (Eastern Daylight Time),467280.5999999996,A,do,I,o,531,1,1281.7000000011176,465998.8999999985,9094,WL,C,9.0
4,19.25,learn,40750.0,Tue Jul 21 2026 14:15:10 GMT-0400 (Eastern Daylight Time),467397.19999999925,A,doc,I,c,99,1,1398.300000000745,465998.8999999985,9094,WL,C,9.0
4,19.450000047683716,learn,40549.999952316284,Tue Jul 21 2026 14:15:10 GMT-0400 (Eastern Daylight Time),467597.19999999925,A,doct,I,t,183,1,1598.300000000745,465998.8999999985,9094,WL,C,9.0
4,19.60099983215332,learn,40399.00016784668,Tue Jul 21 2026 14:15:10 GMT-0400 (Eastern Daylight Time),467747.2999999989,A,docto,I,o,128,1,1748.4000000003725,465998.8999999985,9094,WL,C,9.0
4,19.733999967575073,learn,40266.00003242493,Tue Jul 21 2026 14:15:10 GMT-0400 (Eastern Daylight Time),467880.69999999925,A,doctor,I,r,105,1,1881.800000000745,465998.8999999985,9094,WL,C,9.0
4,20.217000007629395,learn,39782.999992370605,Tue Jul 21 2026 14:15:10 GMT-0400 (Eastern Daylight Time),468363.5,A,doctorenter,I,enter,469,1,2364.60000000149,465998.8999999985,9094,WL,C,9.0
4,20.59999990463257,learn,39400.00009536743,Tue Jul 21 2026 14:15:10 GMT-0400 (Eastern Daylight Time),468747.2999999989,A,l,I,l,373,1,383.5,468363.7999999989,9094,WL,C,10.0
4,20.68499994277954,learn,39315.00005722046,Tue Jul 21 2026 14:15:10 GMT-0400 (Eastern Daylight Time),468831.3999999985,A,le,I,e,56,1,467.59999999962747,468363.7999999989,9094,WL,C,10.0
4,20.816999912261963,learn,39183.00008773804,Tue Jul 21 2026 14:15:10 GMT-0400 (Eastern Daylight Time),468963.8999999985,A,let,I,t,116,1,600.0999999996275,468363.7999999989,9094,WL,C,10.0
4,20.967000007629395,learn,39032.999992370605,Tue Jul 21 2026 14:15:10 GMT-0400 (Eastern Daylight Time),469113.8999999985,A,lett,I,t,121,1,750.0999999996275,468363.7999999989,9094,WL,C,10.0
4,21.049999952316284,learn,38950.000047683716,Tue Jul 21 2026 14:15:10 GMT-0400 (Eastern Daylight Time),469197.0999999996,A,lette,I,e,67,1,833.3000000007451,468363.7999999989,9094,WL,C,10.0
4,21.151000022888184,learn,38848.99997711182,Tue Jul 21 2026 14:15:10 GMT-0400 (Eastern Daylight Time),469297.19999999925,A,letter,I,r,80,1,933.4000000003725,468363.7999999989,9094,WL,C,10.0
4,21.75,learn,38250.0,Tue Jul 21 2026 14:15:10 GMT-0400 (Eastern Daylight Time),469896.7999999989,A,letterenter,I,enter,580,1,1533.0,468363.7999999989,9094,WL,C,10.0
4,23.450000047683716,learn,36549.999952316284,Tue Jul 21 2026 14:15:10 GMT-0400 (Eastern Daylight Time),471596.8999999985,A,c,I,c,1679,1,1699.7999999988824,469897.0999999996,9094,WL,C,11.0
4,23.566999912261963,learn,36433.00008773804,Tue Jul 21 2026 14:15:10 GMT-0400 (Eastern Daylight Time),471713.8999999985,A,co,I,o,104,1,1816.7999999988824,469897.0999999996,9094,WL,C,11.0
4,23.717000007629395,learn,36282.999992370605,Tue Jul 21 2026 14:15:10 GMT-0400 (Eastern Daylight Time),471864.0,A,cor,I,r,140,1,1966.9000000003725,469897.0999999996,9094,WL,C,11.0
4,23.84999990463257,learn,36150.00009536743,Tue Jul 21 2026 14:15:10 GMT-0400 (Eastern Daylight Time),471997.0999999996,A,corn,I,n,108,1,2100.0,469897.0999999996,9094,WL,C,11.0
4,24.549999952316284,learn,35450.000047683716,Tue Jul 21 2026 14:15:10 GMT-0400 (Eastern Daylight Time),472697.0,A,cornenter,I,enter,673,1,2799.9000000003725,469897.0999999996,9094,WL,C,11.0
4,25.000999927520752,learn,34999.00007247925,Tue Jul 21 2026 14:15:10 GMT-0400 (Eastern Daylight Time),473147.2999999989,A,n,I,n,440,1,450.0,472697.2999999989,9094,WL,C,12.0
4,25.16699981689453,learn,34833.00018310547,Tue Jul 21 2026 14:15:10 GMT-0400 (Eastern Daylight Time),473313.8999999985,A,na,I,a,146,1,616.5999999996275,472697.2999999989,9094,WL,C,12.0
4,25.26699995994568,learn,34733.00004005432,Tue Jul 21 2026 14:15:10 GMT-0400 (Eastern Daylight Time),473414.0,A,nai,I,i,84,1,716.7000000011176,472697.2999999989,9094,WL,C,12.0
4,25.383999824523926,learn,34616.000175476074,Tue Jul 21 2026 14:15:10 GMT-0400 (Eastern Daylight Time),473530.5999999996,A,nail,I,l,95,1,833.3000000007451,472697.2999999989,9094,WL,C,12.0
4,25.866999864578247,learn,34133.00013542175,Tue Jul 21 2026 14:15:10 GMT-0400 (Eastern Daylight Time),474013.5,A,nailenter,I,enter,451,1,1316.2000000011176,472697.2999999989,9094,WL,C,12.0
4,26.033999919891357,learn,33966.00008010864,Tue Jul 21 2026 14:15:10 GMT-0400 (Eastern Daylight Time),474180.5999999996,A,c,I,c,155,1,166.80000000074506,474013.7999999989,9094,WL,C,13.0
4,26.16699981689453,learn,33833.00018310547,Tue Jul 21 2026 14:15:10 GMT-0400 (Eastern Daylight Time),474313.7999999989,A,ca,I,a,119,1,300.0,474013.7999999989,9094,WL,C,13.0
4,26.316999912261963,learn,33683.00008773804,Tue Jul 21 2026 14:15:10 GMT-0400 (Eastern Daylight Time),474463.8999999985,A,cat,I,t,139,1,450.09999999962747,474013.7999999989,9094,WL,C,13.0
4,26.467000007629395,learn,33532.999992370605,Tue Jul 21 2026 14:15:10 GMT-0400 (Eastern Daylight Time),474613.8999999985,A,catt,I,t,116,1,600.0999999996275,474013.7999999989,9094,WL,C,13.0
4,26.616999864578247,learn,33383.00013542175,Tue Jul 21 2026 14:15:10 GMT-0400 (Eastern Daylight Time),474764.0,A,cattl,I,l,135,1,750.2000000011176,474013.7999999989,9094,WL,C,13.0
4,26.750999927520752,learn,33249.00007247925,Tue Jul 21 2026 14:15:10 GMT-0400 (Eastern Daylight Time),474897.3999999985,A,cattle,I,e,113,1,883.5999999996275,474013.7999999989,9094,WL,C,13.0
4,27.34999990463257,learn,32650.00009536743,Tue Jul 21 2026 14:15:10 GMT-0400 (Eastern Daylight Time),475496.7999999989,A,cattleenter,I,enter,570,1,1483.0,474013.7999999989,9094,WL,C,13.0
4,27.816999912261963,learn,32183.000087738037,Tue Jul 21 2026 14:15:10 GMT-0400 (Eastern Daylight Time),475963.8999999985,A,b,I,b,447,1,466.69999999925494,475497.19999999925,9094,WL,C,14.0
4,28.01699995994568,learn,31983.00004005432,Tue Jul 21 2026 14:15:10 GMT-0400 (Eastern Daylight Time),476163.8999999985,A,bo,I,o,185,1,666.6999999992549,475497.19999999925,9094,WL,C,14.0
4,28.200999975204468,learn,31799.000024795532,Tue Jul 21 2026 14:15:10 GMT-0400 (Eastern Daylight Time),476347.2999999989,A,bod,I,d,168,1,850.0999999996275,475497.19999999925,9094,WL,C,14.0
4,28.41699981689453,learn,31583.00018310547,Tue Jul 21 2026 14:15:10 GMT-0400 (Eastern Daylight Time),476563.8999999985,A,body,I,y,201,1,1066.699999999255,475497.19999999925,9094,WL,C,14.0
4,29.432999849319458,learn,30567.000150680542,Tue Jul 21 2026 14:15:10 GMT-0400 (Eastern Daylight Time),477580.0999999996,A,bodyenter,I,enter,993,1,2082.9000000003725,475497.19999999925,9094,WL,C,14.0
4,31.533999919891357,learn,28466.000080108643,Tue Jul 21 2026 14:15:10 GMT-0400 (Eastern Daylight Time),479680.5,A,s,I,s,2085,1,2100.0,477580.5,9094,WL,C,15.0
4,31.68400001525879,learn,28315.99998474121,Tue Jul 21 2026 14:15:10 GMT-0400 (Eastern Daylight Time),479830.5999999996,A,sh,I,h,124,1,2250.0999999996275,477580.5,9094,WL,C,15.0
4,31.783999919891357,learn,28216.000080108643,Tue Jul 21 2026 14:15:10 GMT-0400 (Eastern Daylight Time),479930.5999999996,A,sho,I,o,78,1,2350.0999999996275,477580.5,9094,WL,C,15.0
4,31.866999864578247,learn,28133.000135421753,Tue Jul 21 2026 14:15:10 GMT-0400 (Eastern Daylight Time),480013.5999999996,A,shor,I,r,51,1,2433.0999999996275,477580.5,9094,WL,C,15.0
4,31.950000047683716,learn,28049.999952316284,Tue Jul 21 2026 14:15:10 GMT-0400 (Eastern Daylight Time),480096.7999999989,A,shore,I,e,69,1,2516.2999999988824,477580.5,9094,WL,C,15.0
4,32.48300004005432,learn,27516.99995994568,Tue Jul 21 2026 14:15:10 GMT-0400 (Eastern Daylight Time),480630.19999999925,A,shoreenter,I,enter,509,1,3049.699999999255,477580.5,9094,WL,C,15.0
5,1.5840001106262207,learn,60000.0,Tue Jul 21 2026 14:15:10 GMT-0400 (Eastern Daylight Time),548797.8999999985,A,t,I,t,1560,1,1583.5999999996275,547214.2999999989,9094,WL,C,1.0
5,1.816999912261963,learn,60000.0,Tue Jul 21 2026 14:15:10 GMT-0400 (Eastern Daylight Time),549030.7999999989,A,to,I,o,216,1,1816.5,547214.2999999989,9094,WL,C,1.0
5,1.934000015258789,learn,60000.0,Tue Jul 21 2026 14:15:10 GMT-0400 (Eastern Daylight Time),549147.3999999985,A,tow,I,w,94,1,1933.0999999996275,547214.2999999989,9094,WL,C,1.0
5,2.0339999198913574,learn,60000.0,Tue Jul 21 2026 14:15:10 GMT-0400 (Eastern Daylight Time),549247.5,A,towe,I,e,73,1,2033.2000000011176,547214.2999999989,9094,WL,C,1.0
5,2.1670000553131104,learn,60000.0,Tue Jul 21 2026 14:15:10 GMT-0400 (Eastern Daylight Time),549380.7999999989,A,tower,I,r,102,1,2166.5,547214.2999999989,9094,WL,C,1.0
5,3.0169999599456787,learn,60000.0,Tue Jul 21 2026 14:15:10 GMT-0400 (Eastern Daylight Time),550230.2999999989,A,towerenter,I,enter,832,1,3016.0,547214.2999999989,9094,WL,C,1.0
5,3.549999952316284,learn,60000.0,Tue Jul 21 2026 14:15:10 GMT-0400 (Eastern Daylight Time),550764.0999999996,A,w,I,w,515,1,533.5,550230.5999999996,9094,WL,C,2.0
5,3.6500000953674316,learn,60000.0,Tue Jul 21 2026 14:15:10 GMT-0400 (Eastern Daylight Time),550863.7999999989,A,wh,I,h,88,1,633.1999999992549,550230.5999999996,9094,WL,C,2.0
5,3.7839999198913574,learn,60000.0,Tue Jul 21 2026 14:15:10 GMT-0400 (Eastern Daylight Time),550997.3999999985,A,whe,I,e,117,1,766.7999999988824,550230.5999999996,9094,WL,C,2.0
5,3.9670000076293945,learn,60000.0,Tue Jul 21 2026 14:15:10 GMT-0400 (Eastern Daylight Time),551180.7999999989,A,whea,I,a,167,1,950.1999999992549,550230.5999999996,9094,WL,C,2.0
5,4.117000102996826,learn,60000.0,Tue Jul 21 2026 14:15:10 GMT-0400 (Eastern Daylight Time),551330.6999999993,A,wheat,I,t,128,1,1100.0999999996275,550230.5999999996,9094,WL,C,2.0
5,4.684000015258789,learn,60000.0,Tue Jul 21 2026 14:15:10 GMT-0400 (Eastern Daylight Time),551898.1999999993,A,wheatenter,I,enter,552,1,1667.5999999996275,550230.5999999996,9094,WL,C,2.0
5,5.266999959945679,learn,60000.0,Tue Jul 21 2026 14:15:10 GMT-0400 (Eastern Daylight Time),552480.7999999989,A,q,I,q,566,1,582.2999999988824,551898.5,9094,WL,C,3.0
5,5.434000015258789,learn,60000.0,Tue Jul 21 2026 14:15:10 GMT-0400 (Eastern Daylight Time),552647.3999999985,A,qu,I,u,140,1,748.8999999985099,551898.5,9094,WL,C,3.0
5,6.533999919891357,learn,60000.0,Tue Jul 21 2026 14:15:10 GMT-0400 (Eastern Daylight Time),553747.3999999985,A,que,I,e,1076,1,1848.8999999985099,551898.5,9094,WL,C,3.0
5,7.099999904632568,learn,60000.0,Tue Jul 21 2026 14:15:10 GMT-0400 (Eastern Daylight Time),554314.0,A,quee,I,e,550,1,2415.5,551898.5,9094,WL,C,3.0
5,7.349999904632568,learn,60000.0,Tue Jul 21 2026 14:15:10 GMT-0400 (Eastern Daylight Time),554564.0,A,queen,I,n,235,1,2665.5,551898.5,9094,WL,C,3.0
5,8.0,learn,60000.0,Tue Jul 21 2026 14:15:10 GMT-0400 (Eastern Daylight Time),555213.5999999996,A,queenenter,I,enter,633,1,3315.0999999996275,551898.5,9094,WL,C,3.0
5,11.16700005531311,learn,60000.0,Tue Jul 21 2026 14:15:10 GMT-0400 (Eastern Daylight Time),558380.7999999989,A,s,I,s,3147,1,3166.9000000003725,555213.8999999985,9094,WL,C,4.0
5,11.349999904632568,learn,60000.0,Tue Jul 21 2026 14:15:10 GMT-0400 (Eastern Daylight Time),558564.0999999996,A,su,I,u,158,1,3350.2000000011176,555213.8999999985,9094,WL,C,4.0
5,11.467999935150146,learn,60000.0,Tue Jul 21 2026 14:15:10 GMT-0400 (Eastern Daylight Time),558681.7999999989,A,sug,I,g,105,1,3467.9000000003725,555213.8999999985,9094,WL,C,4.0
5,11.634000062942505,learn,60000.0,Tue Jul 21 2026 14:15:10 GMT-0400 (Eastern Daylight Time),558847.5,A,suga,I,a,137,1,3633.60000000149,555213.8999999985,9094,WL,C,4.0
5,11.700000047683716,learn,60000.0,Tue Jul 21 2026 14:15:10 GMT-0400 (Eastern Daylight Time),558914.0,A,sugar,I,r,55,1,3700.10000000149,555213.8999999985,9094,WL,C,4.0
5,12.467999935150146,learn,60000.0,Tue Jul 21 2026 14:15:10 GMT-0400 (Eastern Daylight Time),559681.3999999985,A,sugarenter,I,enter,755,1,4467.5,555213.8999999985,9094,WL,C,4.0
5,16.83400011062622,learn,60000.0,Tue Jul 21 2026 14:15:10 GMT-0400 (Eastern Daylight Time),564047.3999999985,A,b,I,b,4350,1,4365.5,559681.8999999985,9094,WL,C,5.0
5,17.200000047683716,learn,60000.0,Tue Jul 21 2026 14:15:10 GMT-0400 (Eastern Daylight Time),564414.0999999996,A,bo,I,o,348,1,4732.200000001118,559681.8999999985,9094,WL,C,5.0
5,17.34999990463257,learn,60000.0,Tue Jul 21 2026 14:15:10 GMT-0400 (Eastern Daylight Time),564564.0,A,boy,I,y,134,1,4882.10000000149,559681.8999999985,9094,WL,C,5.0
5,17.91700005531311,learn,60000.0,Tue Jul 21 2026 14:15:10 GMT-0400 (Eastern Daylight Time),565130.2999999989,A,boyenter,I,enter,545,1,5448.4000000003725,559681.8999999985,9094,WL,C,5.0
5,18.59999990463257,learn,60000.0,Tue Jul 21 2026 14:15:10 GMT-0400 (Eastern Daylight Time),565814.0999999996,A,d,I,d,670,1,683.4000000003725,565130.6999999993,9094,WL,C,6.0
5,18.799999952316284,learn,60000.0,Tue Jul 21 2026 14:15:10 GMT-0400 (Eastern Daylight Time),566014.0,A,do,I,o,174,1,883.3000000007451,565130.6999999993,9094,WL,C,6.0
5,18.90000009536743,learn,60000.0,Tue Jul 21 2026 14:15:10 GMT-0400 (Eastern Daylight Time),566113.8999999985,A,doc,I,c,87,1,983.1999999992549,565130.6999999993,9094,WL,C,6.0
5,19.117000102996826,learn,60000.0,Tue Jul 21 2026 14:15:10 GMT-0400 (Eastern Daylight Time),566330.6999999993,A,doct,I,t,203,1,1200.0,565130.6999999993,9094,WL,C,6.0
5,19.283999919891357,learn,60000.0,Tue Jul 21 2026 14:15:10 GMT-0400 (Eastern Daylight Time),566497.2999999989,A,docto,I,o,137,1,1366.5999999996275,565130.6999999993,9094,WL,C,6.0
5,19.40000009536743,learn,60000.0,Tue Jul 21 2026 14:15:10 GMT-0400 (Eastern Daylight Time),566614.0,A,doctor,I,r,101,1,1483.300000000745,565130.6999999993,9094,WL,C,6.0
5,20.032999992370605,learn,60000.0,Tue Jul 21 2026 14:15:10 GMT-0400 (Eastern Daylight Time),567247.0,A,doctorenter,I,enter,606,1,2116.300000000745,565130.6999999993,9094,WL,C,6.0
5,21.26699995994568,learn,60000.0,Tue Jul 21 2026 14:15:10 GMT-0400 (Eastern Daylight Time),568480.6999999993,A,c,I,c,1218,1,1233.300000000745,567247.3999999985,9094,WL,C,7.0
5,21.367000102996826,learn,60000.0,Tue Jul 21 2026 14:15:10 GMT-0400 (Eastern Daylight Time),568580.6999999993,A,ca,I,a,85,1,1333.300000000745,567247.3999999985,9094,WL,C,7.0
5,21.533999919891357,learn,60000.0,Tue Jul 21 2026 14:15:10 GMT-0400 (Eastern Daylight Time),568747.3999999985,A,cam,I,m,143,1,1500.0,567247.3999999985,9094,WL,C,7.0
5,21.65000009536743,learn,60000.0,Tue Jul 21 2026 14:15:10 GMT-0400 (Eastern Daylight Time),568864.0,A,camp,I,p,96,1,1616.6000000014901,567247.3999999985,9094,WL,C,7.0
5,22.700000047683716,learn,60000.0,Tue Jul 21 2026 14:15:10 GMT-0400 (Eastern Daylight Time),569913.5999999996,A,campenter,I,enter,1030,1,2666.2000000011176,567247.3999999985,9094,WL,C,7.0
5,23.117000102996826,learn,60000.0,Tue Jul 21 2026 14:15:10 GMT-0400 (Eastern Daylight Time),570330.6999999993,A,l,I,l,398,1,416.80000000074506,569913.8999999985,9094,WL,C,8.0
5,23.217000007629395,learn,60000.0,Tue Jul 21 2026 14:15:10 GMT-0400 (Eastern Daylight Time),570430.6999999993,A,le,I,e,83,1,516.8000000007451,569913.8999999985,9094,WL,C,8.0
5,23.34999990463257,learn,60000.0,Tue Jul 21 2026 14:15:10 GMT-0400 (Eastern Daylight Time),570564.0,A,let,I,t,102,1,650.1000000014901,569913.8999999985,9094,WL,C,8.0
5,23.51699995994568,learn,60000.0,Tue Jul 21 2026 14:15:10 GMT-0400 (Eastern Daylight Time),570730.6999999993,A,lett,I,t,143,1,816.8000000007451,569913.8999999985,9094,WL,C,8.0
5,23.634000062942505,learn,60000.0,Tue Jul 21 2026 14:15:10 GMT-0400 (Eastern Daylight Time),570847.2999999989,A,lette,I,e,90,1,933.4000000003725,569913.8999999985,9094,WL,C,8.0
5,23.733999967575073,learn,60000.0,Tue Jul 21 2026 14:15:10 GMT-0400 (Eastern Daylight Time),570947.5,A,letter,I,r,78,1,1033.6000000014901,569913.8999999985,9094,WL,C,8.0
5,24.217000007629395,learn,60000.0,Tue Jul 21 2026 14:15:10 GMT-0400 (Eastern Daylight Time),571430.1999999993,A,letterenter,I,enter,452,1,1516.300000000745,569913.8999999985,9094,WL,C,8.0
5,25.733999967575073,learn,60000.0,Tue Jul 21 2026 14:15:10 GMT-0400 (Eastern Daylight Time),572947.3999999985,A,c,I,c,1499,1,1516.7999999988824,571430.5999999996,9094,WL,C,9.0
5,25.84999990463257,learn,60000.0,Tue Jul 21 2026 14:15:10 GMT-0400 (Eastern Daylight Time),573064.0999999996,A,co,I,o,98,1,1633.5,571430.5999999996,9094,WL,C,9.0
5,25.983999967575073,learn,60000.0,Tue Jul 21 2026 14:15:10 GMT-0400 (Eastern Daylight Time),573197.3999999985,A,cor,I,r,118,1,1766.7999999988824,571430.5999999996,9094,WL,C,9.0
5,26.134000062942505,learn,60000.0,Tue Jul 21 2026 14:15:10 GMT-0400 (Eastern Daylight Time),573347.3999999985,A,corn,I,n,119,1,1916.7999999988824,571430.5999999996,9094,WL,C,9.0
5,26.532999992370605,learn,60000.0,Tue Jul 21 2026 14:15:10 GMT-0400 (Eastern Daylight Time),573747.0,A,cornenter,I,enter,385,1,2316.4000000003725,571430.5999999996,9094,WL,C,9.0
5,26.83400011062622,learn,60000.0,Tue Jul 21 2026 14:15:10 GMT-0400 (Eastern Daylight Time),574047.5,A,c,I,c,278,1,300.2000000011176,573747.2999999989,9094,WL,C,10.0
5,26.967000007629395,learn,60000.0,Tue Jul 21 2026 14:15:10 GMT-0400 (Eastern Daylight Time),574180.6999999993,A,ca,I,a,109,1,433.40000000037253,573747.2999999989,9094,WL,C,10.0
5,27.18400001525879,learn,60000.0,Tue Jul 21 2026 14:15:10 GMT-0400 (Eastern Daylight Time),574397.3999999985,A,cat,I,t,184,1,650.0999999996275,573747.2999999989,9094,WL,C,10.0
5,27.316999912261963,learn,60000.0,Tue Jul 21 2026 14:15:10 GMT-0400 (Eastern Daylight Time),574530.7999999989,A,catt,I,t,120,1,783.5,573747.2999999989,9094,WL,C,10.0
5,27.483999967575073,learn,60000.0,Tue Jul 21 2026 14:15:10 GMT-0400 (Eastern Daylight Time),574697.3999999985,A,cattl,I,l,146,1,950.0999999996275,573747.2999999989,9094,WL,C,10.0
5,27.65000009536743,learn,60000.0,Tue Jul 21 2026 14:15:10 GMT-0400 (Eastern Daylight Time),574864.0999999996,A,cattle,I,e,141,1,1116.800000000745,573747.2999999989,9094,WL,C,10.0
5,28.316999912261963,learn,60000.0,Tue Jul 21 2026 14:15:10 GMT-0400 (Eastern Daylight Time),575530.1999999993,A,cattleenter,I,enter,645,1,1782.9000000003725,573747.2999999989,9094,WL,C,10.0
5,28.651000022888184,learn,60000.0,Tue Jul 21 2026 14:15:10 GMT-0400 (Eastern Daylight Time),575864.6999999993,A,n,I,n,326,1,334.09999999962747,575530.5999999996,9094,WL,C,11.0
5,28.799999952316284,learn,60000.0,Tue Jul 21 2026 14:15:10 GMT-0400 (Eastern Daylight Time),576014.0999999996,A,na,I,a,126,1,483.5,575530.5999999996,9094,WL,C,11.0
5,28.90000009536743,learn,60000.0,Tue Jul 21 2026 14:15:10 GMT-0400 (Eastern Daylight Time),576114.0,A,nai,I,i,80,1,583.4000000003725,575530.5999999996,9094,WL,C,11.0
5,30.01699995994568,learn,60000.0,Tue Jul 21 2026 14:15:10 GMT-0400 (Eastern Daylight Time),577230.7999999989,A,nail,I,l,1089,1,1700.199999999255,575530.5999999996,9094,WL,C,11.0
5,30.66700005531311,learn,60000.0,Tue Jul 21 2026 14:15:10 GMT-0400 (Eastern Daylight Time),577880.1999999993,A,nailenter,I,enter,637,1,2349.5999999996275,575530.5999999996,9094,WL,C,11.0
5,31.65000009536743,learn,60000.0,Tue Jul 21 2026 14:15:10 GMT-0400 (Eastern Daylight Time),578864.0999999996,A,s,I,s,977,1,983.5,577880.5999999996,9094,WL,C,12.0
5,31.816999912261963,learn,60000.0,Tue Jul 21 2026 14:15:10 GMT-0400 (Eastern Daylight Time),579030.5999999996,A,sh,I,h,145,1,1150.0,577880.5999999996,9094,WL,C,12.0
5,31.91700005531311,learn,60000.0,Tue Jul 21 2026 14:15:10 GMT-0400 (Eastern Daylight Time),579130.8999999985,A,sho,I,o,79,1,1250.2999999988824,577880.5999999996,9094,WL,C,12.0
5,32.06699991226196,learn,60000.0,Tue Jul 21 2026 14:15:10 GMT-0400 (Eastern Daylight Time),579280.6999999993,A,shor,I,r,120,1,1400.0999999996275,577880.5999999996,9094,WL,C,12.0
5,32.16700005531311,learn,60000.0,Tue Jul 21 2026 14:15:10 GMT-0400 (Eastern Daylight Time),579380.7999999989,A,shore,I,e,67,1,1500.199999999255,577880.5999999996,9094,WL,C,12.0
5,32.782999992370605,learn,60000.0,Tue Jul 21 2026 14:15:10 GMT-0400 (Eastern Daylight Time),579997.0,A,shoreenter,I,enter,592,1,2116.4000000003725,577880.5999999996,9094,WL,C,12.0
5,33.299999952316284,learn,60000.0,Tue Jul 21 2026 14:15:10 GMT-0400 (Eastern Daylight Time),580514.0999999996,A,b,I,b,499,1,516.8000000007451,579997.2999999989,9094,WL,C,13.0
5,33.450000047683716,learn,60000.0,Tue Jul 21 2026 14:15:10 GMT-0400 (Eastern Daylight Time),580664.0999999996,A,bo,I,o,132,1,666.8000000007451,579997.2999999989,9094,WL,C,13.0
5,33.617000102996826,learn,60000.0,Tue Jul 21 2026 14:15:10 GMT-0400 (Eastern Daylight Time),580830.6999999993,A,bod,I,d,141,1,833.4000000003725,579997.2999999989,9094,WL,C,13.0
5,33.799999952316284,learn,60000.0,Tue Jul 21 2026 14:15:10 GMT-0400 (Eastern Daylight Time),581014.1999999993,A,body,I,y,157,1,1016.9000000003725,579997.2999999989,9094,WL,C,13.0
5,34.84999990463257,learn,60000.0,Tue Jul 21 2026 14:15:10 GMT-0400 (Eastern Daylight Time),582063.5999999996,A,bodyenter,I,enter,1022,1,2066.300000000745,579997.2999999989,9094,WL,C,13.0
5,54.51699995994568,learn,60000.0,Tue Jul 21 2026 14:15:10 GMT-0400 (Eastern Daylight Time),601730.8999999985,A,l,I,l,19650,1,19667.0,582063.8999999985,9094,WL,C,14.0
5,54.617000102996826,learn,60000.0,Tue Jul 21 2026 14:15:10 GMT-0400 (Eastern Daylight Time),601830.6999999993,A,le,I,e,74,1,19766.800000000745,582063.8999999985,9094,WL,C,14.0
5,54.75,learn,60000.0,Tue Jul 21 2026 14:15:10 GMT-0400 (Eastern Daylight Time),601964.0999999996,A,let,I,t,113,1,19900.200000001118,582063.8999999985,9094,WL,C,14.0
5,54.884000062942505,learn,60000.0,Tue Jul 21 2026 14:15:10 GMT-0400 (Eastern Daylight Time),602097.5,A,lett,I,t,112,1,20033.60000000149,582063.8999999985,9094,WL,C,14.0
5,55.0,learn,60000.0,Tue Jul 21 2026 14:15:10 GMT-0400 (Eastern Daylight Time),602214.0999999996,A,lette,I,e,91,1,20150.200000001118,582063.8999999985,9094,WL,C,14.0
5,55.09999990463257,learn,60000.0,Tue Jul 21 2026 14:15:10 GMT-0400 (Eastern Daylight Time),602314.1999999993,A,letter,I,r,79,1,20250.300000000745,582063.8999999985,9094,WL,C,14.0
5,55.34999990463257,learn,60000.0,Tue Jul 21 2026 14:15:10 GMT-0400 (Eastern Daylight Time),602563.6999999993,A,letterenter,I,enter,234,1,20499.800000000745,582063.8999999985,9094,WL,C,14.0
5,56.134000062942505,learn,60000.0,Tue Jul 21 2026 14:15:10 GMT-0400 (Eastern Daylight Time),603347.3999999985,A,f,I,f,773,1,783.2999999988824,602564.0999999996,9094,WL,C,15.0
5,56.299999952316284,learn,60000.0,Tue Jul 21 2026 14:15:10 GMT-0400 (Eastern Daylight Time),603514.0,A,fl,I,l,153,1,949.9000000003725,602564.0999999996,9094,WL,C,15.0
5,56.634000062942505,learn,60000.0,Tue Jul 21 2026 14:15:10 GMT-0400 (Eastern Daylight Time),603847.5,A,fla,I,a,300,1,1283.4000000003725,602564.0999999996,9094,WL,C,15.0
5,56.76699995994568,learn,60000.0,Tue Jul 21 2026 14:15:10 GMT-0400 (Eastern Daylight Time),603980.7999999989,A,flag,I,g,110,1,1416.699999999255,602564.0999999996,9094,WL,C,15.0
5,56.950000047683716,learn,60000.0,Tue Jul 21 2026 14:15:10 GMT-0400 (Eastern Daylight Time),604163.6999999993,A,flagenter,I,enter,160,1,1599.5999999996275,602564.0999999996,9094,WL,C,15.0
6,1.2839999198913574,distr,58716.00008010864,Tue Jul 21 2026 14:15:10 GMT-0400 (Eastern Daylight Time),676981.0,B,s,I,s,1263,1,1283.5,675697.5,9094,WL,C,1.0
6,1.4509999752044678,distr,58549.00002479553,Tue Jul 21 2026 14:15:10 GMT-0400 (Eastern Daylight Time),677147.5,B,sk,I,k,145,1,1450.0,675697.5,9094,WL,C,1.0
6,2.684000015258789,distr,57315.99998474121,Tue Jul 21 2026 14:15:10 GMT-0400 (Eastern Daylight Time),678380.8999999985,B,sky,I,y,1219,1,2683.39999999851,675697.5,9094,WL,C,1.0
6,3.684000015258789,distr,56315.99998474121,Tue Jul 21 2026 14:15:10 GMT-0400 (Eastern Daylight Time),679380.5,B,skyenter,I,enter,976,1,3683.0,675697.5,9094,WL,C,1.0
6,4.750999927520752,distr,55249.00007247925,Tue Jul 21 2026 14:15:10 GMT-0400 (Eastern Daylight Time),680447.5,B,v,I,v,1052,1,1066.6000000014901,679380.8999999985,9094,WL,C,2.0
6,4.983999967575073,distr,55016.00003242493,Tue Jul 21 2026 14:15:10 GMT-0400 (Eastern Daylight Time),680681.0,B,va,I,a,214,1,1300.1000000014901,679380.8999999985,9094,WL,C,2.0
6,5.833999872207642,distr,54166.00012779236,Tue Jul 21 2026 14:15:10 GMT-0400 (Eastern Daylight Time),681530.8999999985,B,val,I,l,837,1,2150.0,679380.8999999985,9094,WL,C,2.0
6,6.000999927520752,distr,53999.00007247925,Tue Jul 21 2026 14:15:10 GMT-0400 (Eastern Daylight Time),681697.6999999993,B,vall,I,l,147,1,2316.800000000745,679380.8999999985,9094,WL,C,2.0
6,6.116999864578247,distr,53883.00013542175,Tue Jul 21 2026 14:15:10 GMT-0400 (Eastern Daylight Time),681814.1999999993,B,valle,I,e,91,1,2433.300000000745,679380.8999999985,9094,WL,C,2.0
6,6.333999872207642,distr,53666.00012779236,Tue Jul 21 2026 14:15:10 GMT-0400 (Eastern Daylight Time),682030.6999999993,B,valley,I,y,201,1,2649.800000000745,679380.8999999985,9094,WL,C,2.0
6,7.549999952316284,distr,52450.000047683716,Tue Jul 21 2026 14:15:10 GMT-0400 (Eastern Daylight Time),683247.0999999996,B,valleyenter,I,enter,1199,1,3866.2000000011176,679380.8999999985,9094,WL,C,2.0
6,8.401000022888184,distr,51598.99997711182,Tue Jul 21 2026 14:15:10 GMT-0400 (Eastern Daylight Time),684097.5,B,m,I,m,843,1,850.1000000014901,683247.3999999985,9094,WL,C,3.0
6,8.566999912261963,distr,51433.00008773804,Tue Jul 21 2026 14:15:10 GMT-0400 (Eastern Daylight Time),684264.2999999989,B,mo,I,o,140,1,1016.9000000003725,683247.3999999985,9094,WL,C,3.0
6,8.766999959945679,distr,51233.00004005432,Tue Jul 21 2026 14:15:10 GMT-0400 (Eastern Daylight Time),684464.1999999993,B,mot,I,t,172,1,1216.800000000745,683247.3999999985,9094,WL,C,3.0
6,8.917999982833862,distr,51082.00001716614,Tue Jul 21 2026 14:15:10 GMT-0400 (Eastern Daylight Time),684614.2999999989,B,moth,I,h,122,1,1366.9000000003725,683247.3999999985,9094,WL,C,3.0
6,9.068000078201294,distr,50931.999921798706,Tue Jul 21 2026 14:15:10 GMT-0400 (Eastern Daylight Time),684764.2999999989,B,mothe,I,e,125,1,1516.9000000003725,683247.3999999985,9094,WL,C,3.0
6,9.16700005531311,distr,50832.99994468689,Tue Jul 21 2026 14:15:10 GMT-0400 (Eastern Daylight Time),684864.1999999993,B,mother,I,r,82,1,1616.800000000745,683247.3999999985,9094,WL,C,3.0
6,9.91700005531311,distr,50082.99994468689,Tue Jul 21 2026 14:15:10 GMT-0400 (Eastern Daylight Time),685613.7999999989,B,motherenter,I,enter,726,1,2366.4000000003725,683247.3999999985,9094,WL,C,3.0
6,10.333999872207642,distr,49666.00012779236,Tue Jul 21 2026 14:15:10 GMT-0400 (Eastern Daylight Time),686030.8999999985,B,c,I,c,404,1,416.7999999988824,685614.0999999996,9094,WL,C,4.0
6,10.483999967575073,distr,49516.00003242493,Tue Jul 21 2026 14:15:10 GMT-0400 (Eastern Daylight Time),686180.8999999985,B,ch,I,h,136,1,566.7999999988824,685614.0999999996,9094,WL,C,4.0
6,10.66700005531311,distr,49332.99994468689,Tue Jul 21 2026 14:15:10 GMT-0400 (Eastern Daylight Time),686364.0999999996,B,chr,I,r,167,1,750.0,685614.0999999996,9094,WL,C,4.0
6,10.800999879837036,distr,49199.000120162964,Tue Jul 21 2026 14:15:10 GMT-0400 (Eastern Daylight Time),686497.5,B,chri,I,i,122,1,883.4000000003725,685614.0999999996,9094,WL,C,4.0
6,10.866999864578247,distr,49133.00013542175,Tue Jul 21 2026 14:15:10 GMT-0400 (Eastern Daylight Time),686564.1999999993,B,chris,I,s,44,1,950.0999999996275,685614.0999999996,9094,WL,C,4.0
6,10.950999975204468,distr,49049.00002479553,Tue Jul 21 2026 14:15:10 GMT-0400 (Eastern Daylight Time),686647.5,B,christ,I,t,67,1,1033.4000000003725,685614.0999999996,9094,WL,C,4.0
6,11.26799988746643,distr,48732.00011253357,Tue Jul 21 2026 14:15:10 GMT-0400 (Eastern Daylight Time),686964.2999999989,B,christm,I,m,293,1,1350.199999999255,685614.0999999996,9094,WL,C,4.0
6,11.318000078201294,distr,48681.999921798706,Tue Jul 21 2026 14:15:10 GMT-0400 (Eastern Daylight Time),687014.5999999996,B,christma,I,a,33,1,1400.5,685614.0999999996,9094,WL,C,4.0
6,11.417999982833862,distr,48582.00001716614,Tue Jul 21 2026 14:15:10 GMT-0400 (Eastern Daylight Time),687114.2999999989,B,christmas,I,s,79,1,1500.199999999255,685614.0999999996,9094,WL,C,4.0
6,12.217000007629395,distr,47782.999992370605,Tue Jul 21 2026 14:15:10 GMT-0400 (Eastern Daylight Time),687913.7999999989,B,christmasenter,I,enter,770,1,2299.699999999255,685614.0999999996,9094,WL,C,4.0
6,13.233999967575073,distr,46766.00003242493,Tue Jul 21 2026 14:15:10 GMT-0400 (Eastern Daylight Time),688930.7999999989,B,m,I,m,1008,1,1016.6999999992549,687914.0999999996,9094,WL,C,5.0
6,13.368000030517578,distr,46631.99996948242,Tue Jul 21 2026 14:15:10 GMT-0400 (Eastern Daylight Time),689064.1999999993,B,mo,I,o,115,1,1150.0999999996275,687914.0999999996,9094,WL,C,5.0
6,13.533999919891357,distr,46466.00008010864,Tue Jul 21 2026 14:15:10 GMT-0400 (Eastern Daylight Time),689230.8999999985,B,mot,I,t,141,1,1316.7999999988824,687914.0999999996,9094,WL,C,5.0
6,13.66700005531311,distr,46332.99994468689,Tue Jul 21 2026 14:15:10 GMT-0400 (Eastern Daylight Time),689364.1999999993,B,moth,I,h,103,1,1450.0999999996275,687914.0999999996,9094,WL,C,5.0
6,13.76799988746643,distr,46232.00011253357,Tue Jul 21 2026 14:15:10 GMT-0400 (Eastern Daylight Time),689464.1999999993,B,mothe,I,e,83,1,1550.0999999996275,687914.0999999996,9094,WL,C,5.0
6,13.833999872207642,distr,46166.00012779236,Tue Jul 21 2026 14:15:10 GMT-0400 (Eastern Daylight Time),689530.8999999985,B,mother,I,r,36,1,1616.7999999988824,687914.0999999996,9094,WL,C,5.0
6,17.43400001525879,distr,42565.99998474121,Tue Jul 21 2026 14:15:10 GMT-0400 (Eastern Daylight Time),693130.5,B,motherenter,I,enter,3587,1,5216.4000000003725,687914.0999999996,9094,WL,C,5.0
6,28.368000030517578,distr,31631.999969482422,Tue Jul 21 2026 14:15:10 GMT-0400 (Eastern Daylight Time),704064.2999999989,B,h,I,h,10919,1,10933.5,693130.7999999989,9094,WL,C,6.0
6,28.550999879837036,distr,31449.000120162964,Tue Jul 21 2026 14:15:10 GMT-0400 (Eastern Daylight Time),704247.2999999989,B,ho,I,o,157,1,11116.5,693130.7999999989,9094,WL,C,6.0
6,28.651000022888184,distr,31348.999977111816,Tue Jul 21 2026 14:15:10 GMT-0400 (Eastern Daylight Time),704347.5,B,hot,I,t,83,1,11216.700000001118,693130.7999999989,9094,WL,C,6.0
6,28.78500008583069,distr,31214.99991416931,Tue Jul 21 2026 14:15:10 GMT-0400 (Eastern Daylight Time),704481.7999999989,B,hote,I,e,115,1,11351.0,693130.7999999989,9094,WL,C,6.0
6,29.18400001525879,distr,30815.99998474121,Tue Jul 21 2026 14:15:10 GMT-0400 (Eastern Daylight Time),704880.8999999985,B,hot,I,backspace,380,1,11750.099999999627,693130.7999999989,9094,WL,C,6.0
6,29.33399987220764,distr,30666.00012779236,Tue Jul 21 2026 14:15:10 GMT-0400 (Eastern Daylight Time),705031.0,B,ho,I,backspace,125,1,11900.200000001118,693130.7999999989,9094,WL,C,6.0
6,29.483999967575073,distr,30516.000032424927,Tue Jul 21 2026 14:15:10 GMT-0400 (Eastern Daylight Time),705181.0,B,h,I,backspace,134,1,12050.200000001118,693130.7999999989,9094,WL,C,6.0
6,29.651000022888184,distr,30348.999977111816,Tue Jul 21 2026 14:15:10 GMT-0400 (Eastern Daylight Time),705347.6999999993,B,,I,backspace,151,1,12216.900000000373,693130.7999999989,9094,WL,C,6.0
6,32.151000022888184,distr,27848.999977111816,Tue Jul 21 2026 14:15:10 GMT-0400 (Eastern Daylight Time),707847.5999999996,B,h,I,h,2474,1,14716.800000000745,693130.7999999989,9094,WL,C,6.0
6,32.26799988746643,distr,27732.00011253357,Tue Jul 21 2026 14:15:10 GMT-0400 (Eastern Daylight Time),707964.2999999989,B,ho,I,o,94,1,14833.5,693130.7999999989,9094,WL,C,6.0
6,32.36800003051758,distr,27631.999969482422,Tue Jul 21 2026 14:15:10 GMT-0400 (Eastern Daylight Time),708065.0,B,hot,I,t,79,1,14934.200000001118,693130.7999999989,9094,WL,C,6.0
6,32.46799993515015,distr,27532.000064849854,Tue Jul 21 2026 14:15:10 GMT-0400 (Eastern Daylight Time),708164.2999999989,B,hote,I,e,82,1,15033.5,693130.7999999989,9094,WL,C,6.0
6,32.58399987220764,distr,27416.00012779236,Tue Jul 21 2026 14:15:10 GMT-0400 (Eastern Daylight Time),708280.5,B,hotel,I,l,98,1,15149.700000001118,693130.7999999989,9094,WL,C,6.0
6,32.84999990463257,distr,27150.00009536743,Tue Jul 21 2026 14:15:10 GMT-0400 (Eastern Daylight Time),708547.1999999993,B,hotelenter,I,enter,237,1,15416.400000000373,693130.7999999989,9094,WL,C,6.0
6,35.8510000705719,distr,24148.9999294281,Tue Jul 21 2026 14:15:10 GMT-0400 (Eastern Daylight Time),711547.3999999985,B,f,I,f,2990,1,2999.89999999851,708547.5,9094,WL,C,7.0
6,36.217000007629395,distr,23782.999992370605,Tue Jul 21 2026 14:15:10 GMT-0400 (Eastern Daylight Time),711914.1999999993,B,fo,I,o,356,1,3366.699999999255,708547.5,9094,WL,C,7.0
6,36.318000078201294,distr,23681.999921798706,Tue Jul 21 2026 14:15:10 GMT-0400 (Eastern Daylight Time),712014.2999999989,B,for,I,r,74,1,3466.7999999988824,708547.5,9094,WL,C,7.0
6,36.401000022888184,distr,23598.999977111816,Tue Jul 21 2026 14:15:10 GMT-0400 (Eastern Daylight Time),712097.2999999989,B,fore,I,e,56,1,3549.7999999988824,708547.5,9094,WL,C,7.0
6,36.50099992752075,distr,23499.000072479248,Tue Jul 21 2026 14:15:10 GMT-0400 (Eastern Daylight Time),712197.5999999996,B,fores,I,s,72,1,3650.0999999996275,708547.5,9094,WL,C,7.0
6,36.56699991226196,distr,23433.000087738037,Tue Jul 21 2026 14:15:10 GMT-0400 (Eastern Daylight Time),712264.0999999996,B,forest,I,t,32,1,3716.5999999996275,708547.5,9094,WL,C,7.0
6,36.73399996757507,distr,23266.000032424927,Tue Jul 21 2026 14:15:10 GMT-0400 (Eastern Daylight Time),712430.3999999985,B,forestenter,I,enter,148,1,3882.89999999851,708547.5,9094,WL,C,7.0
6,46.21799993515015,distr,13782.000064849854,Tue Jul 21 2026 14:15:10 GMT-0400 (Eastern Daylight Time),721914.3999999985,B,d,I,d,9467,1,9483.599999999627,712430.7999999989,9094,WL,C,8.0
6,46.3510000705719,distr,13648.9999294281,Tue Jul 21 2026 14:15:10 GMT-0400 (Eastern Daylight Time),722047.6999999993,B,do,I,o,115,1,9616.900000000373,712430.7999999989,9094,WL,C,8.0
6,46.550999879837036,distr,13449.000120162964,Tue Jul 21 2026 14:15:10 GMT-0400 (Eastern Daylight Time),722247.5999999996,B,dol,I,l,182,1,9816.800000000745,712430.7999999989,9094,WL,C,8.0
6,46.70099997520447,distr,13299.000024795532,Tue Jul 21 2026 14:15:10 GMT-0400 (Eastern Daylight Time),722397.5999999996,B,doll,I,l,125,1,9966.800000000745,712430.7999999989,9094,WL,C,8.0
6,46.73399996757507,distr,13266.000032424927,Tue Jul 21 2026 14:15:10 GMT-0400 (Eastern Daylight Time),722430.5,B,dolla,I,a,6,1,9999.700000001118,712430.7999999989,9094,WL,C,8.0
6,46.83399987220764,distr,13166.000127792358,Tue Jul 21 2026 14:15:10 GMT-0400 (Eastern Daylight Time),722531.0,B,dollar,I,r,82,1,10100.200000001118,712430.7999999989,9094,WL,C,8.0
6,46.967000007629395,distr,13032.999992370605,Tue Jul 21 2026 14:15:10 GMT-0400 (Eastern Daylight Time),722663.8999999985,B,dollarenter,I,enter,107,1,10233.099999999627,712430.7999999989,9094,WL,C,8.0
6,60.01799988746643,distr,-17.999887466430664,Tue Jul 21 2026 14:15:10 GMT-0400 (Eastern Daylight Time),735714.5,B,None,I,None,13044,1,13050.300000000745,722664.1999999993,9094,WL,C,9.0
7,2.700000047683716,immed,57299.999952316284,Tue Jul 21 2026 14:15:10 GMT-0400 (Eastern Daylight Time),745947.6999999993,A,t,I,t,2688,1,2699.800000000745,743247.8999999985,9094,WL,C,1.0
7,2.950000047683716,immed,57049.999952316284,Tue Jul 21 2026 14:15:10 GMT-0400 (Eastern Daylight Time),746197.6999999993,A,to,I,o,224,1,2949.800000000745,743247.8999999985,9094,WL,C,1.0
7,3.067000150680542,immed,56932.99984931946,Tue Jul 21 2026 14:15:10 GMT-0400 (Eastern Daylight Time),746314.3999999985,A,tow,I,w,95,1,3066.5,743247.8999999985,9094,WL,C,1.0
7,3.383000135421753,immed,56616.99986457825,Tue Jul 21 2026 14:15:10 GMT-0400 (Eastern Daylight Time),746631.0,A,towe,I,e,291,1,3383.10000000149,743247.8999999985,9094,WL,C,1.0
7,3.5,immed,56500.0,Tue Jul 21 2026 14:15:10 GMT-0400 (Eastern Daylight Time),746747.5999999996,A,tower,I,r,103,1,3499.7000000011176,743247.8999999985,9094,WL,C,1.0
7,4.466000080108643,immed,55533.99991989136,Tue Jul 21 2026 14:15:10 GMT-0400 (Eastern Daylight Time),747713.8999999985,A,towerenter,I,enter,952,1,4466.0,743247.8999999985,9094,WL,C,1.0
7,4.8500001430511475,immed,55149.99985694885,Tue Jul 21 2026 14:15:10 GMT-0400 (Eastern Daylight Time),748097.5,A,w,I,w,376,1,383.30000000074506,747714.1999999993,9094,WL,C,2.0
7,5.0,immed,55000.0,Tue Jul 21 2026 14:15:10 GMT-0400 (Eastern Daylight Time),748247.6999999993,A,wh,I,h,124,1,533.5,747714.1999999993,9094,WL,C,2.0
7,5.117000102996826,immed,54882.999897003174,Tue Jul 21 2026 14:15:10 GMT-0400 (Eastern Daylight Time),748364.2999999989,A,whe,I,e,102,1,650.0999999996275,747714.1999999993,9094,WL,C,2.0
7,5.234000205993652,immed,54765.99979400635,Tue Jul 21 2026 14:15:10 GMT-0400 (Eastern Daylight Time),748482.0,A,whea,I,a,105,1,767.8000000007451,747714.1999999993,9094,WL,C,2.0
7,5.383000135421753,immed,54616.99986457825,Tue Jul 21 2026 14:15:10 GMT-0400 (Eastern Daylight Time),748631.0,A,wheat,I,t,123,1,916.8000000007451,747714.1999999993,9094,WL,C,2.0
7,5.650000095367432,immed,54349.99990463257,Tue Jul 21 2026 14:15:10 GMT-0400 (Eastern Daylight Time),748897.2999999989,A,wheatenter,I,enter,238,1,1183.0999999996275,747714.1999999993,9094,WL,C,2.0
7,6.383000135421753,immed,53616.99986457825,Tue Jul 21 2026 14:15:10 GMT-0400 (Eastern Daylight Time),749631.0,A,q,I,q,720,1,733.3000000007451,748897.6999999993,9094,WL,C,3.0
7,6.633000135421753,immed,53366.99986457825,Tue Jul 21 2026 14:15:10 GMT-0400 (Eastern Daylight Time),749881.0999999996,A,qu,I,u,231,1,983.4000000003725,748897.6999999993,9094,WL,C,3.0
7,6.800000190734863,immed,53199.99980926514,Tue Jul 21 2026 14:15:10 GMT-0400 (Eastern Daylight Time),750047.5999999996,A,que,I,e,149,1,1149.9000000003725,748897.6999999993,9094,WL,C,3.0
7,6.9670000076293945,immed,53032.999992370605,Tue Jul 21 2026 14:15:10 GMT-0400 (Eastern Daylight Time),750214.3999999985,A,quee,I,e,147,1,1316.699999999255,748897.6999999993,9094,WL,C,3.0
7,7.199000120162964,immed,52800.999879837036,Tue Jul 21 2026 14:15:10 GMT-0400 (Eastern Daylight Time),750447.1999999993,A,queen,I,n,206,1,1549.5,748897.6999999993,9094,WL,C,3.0
7,11.933000087738037,immed,48066.99991226196,Tue Jul 21 2026 14:15:10 GMT-0400 (Eastern Daylight Time),755180.6999999993,A,queenenter,I,enter,4722,1,6283.0,748897.6999999993,9094,WL,C,3.0
7,14.017000198364258,immed,45982.99980163574,Tue Jul 21 2026 14:15:10 GMT-0400 (Eastern Daylight Time),757264.2999999989,A,c,I,c,2076,1,2083.4000000003725,755180.8999999985,9094,WL,C,4.0
7,14.150000095367432,immed,45849.99990463257,Tue Jul 21 2026 14:15:10 GMT-0400 (Eastern Daylight Time),757397.5999999996,A,co,I,o,110,1,2216.7000000011176,755180.8999999985,9094,WL,C,4.0
7,14.282999992370605,immed,45717.000007629395,Tue Jul 21 2026 14:15:10 GMT-0400 (Eastern Daylight Time),757531.0,A,cor,I,r,120,1,2350.10000000149,755180.8999999985,9094,WL,C,4.0
7,14.41700005531311,immed,45582.99994468689,Tue Jul 21 2026 14:15:10 GMT-0400 (Eastern Daylight Time),757664.2999999989,A,corn,I,n,114,1,2483.4000000003725,755180.8999999985,9094,WL,C,4.0
7,14.933000087738037,immed,45066.99991226196,Tue Jul 21 2026 14:15:10 GMT-0400 (Eastern Daylight Time),758180.5999999996,A,cornenter,I,enter,491,1,2999.7000000011176,755180.8999999985,9094,WL,C,4.0
7,15.583000183105469,immed,44416.99981689453,Tue Jul 21 2026 14:15:10 GMT-0400 (Eastern Daylight Time),758831.0,A,n,I,n,629,1,650.1000000014901,758180.8999999985,9094,WL,C,5.0
7,15.717000007629395,immed,44282.999992370605,Tue Jul 21 2026 14:15:10 GMT-0400 (Eastern Daylight Time),758964.3999999985,A,na,I,a,110,1,783.5,758180.8999999985,9094,WL,C,5.0
7,15.867000102996826,immed,44132.999897003174,Tue Jul 21 2026 14:15:10 GMT-0400 (Eastern Daylight Time),759114.3999999985,A,nai,I,i,129,1,933.5,758180.8999999985,9094,WL,C,5.0
7,15.950000047683716,immed,44049.999952316284,Tue Jul 21 2026 14:15:10 GMT-0400 (Eastern Daylight Time),759197.6999999993,A,nail,I,l,67,1,1016.8000000007451,758180.8999999985,9094,WL,C,5.0
7,16.300000190734863,immed,43699.99980926514,Tue Jul 21 2026 14:15:10 GMT-0400 (Eastern Daylight Time),759547.1999999993,A,nailenter,I,enter,326,1,1366.300000000745,758180.8999999985,9094,WL,C,5.0
7,16.58300018310547,immed,43416.99981689453,Tue Jul 21 2026 14:15:10 GMT-0400 (Eastern Daylight Time),759831.0999999996,A,c,I,c,262,1,283.5,759547.5999999996,9094,WL,C,6.0
7,16.73300004005432,immed,43266.99995994568,Tue Jul 21 2026 14:15:10 GMT-0400 (Eastern Daylight Time),759981.0,A,ca,I,a,127,1,433.40000000037253,759547.5999999996,9094,WL,C,6.0
7,16.90000009536743,immed,43099.99990463257,Tue Jul 21 2026 14:15:10 GMT-0400 (Eastern Daylight Time),760147.6999999993,A,cat,I,t,145,1,600.0999999996275,759547.5999999996,9094,WL,C,6.0
7,17.050000190734863,immed,42949.99980926514,Tue Jul 21 2026 14:15:10 GMT-0400 (Eastern Daylight Time),760297.5999999996,A,catt,I,t,139,1,750.0,759547.5999999996,9094,WL,C,6.0
7,17.217000007629395,immed,42782.999992370605,Tue Jul 21 2026 14:15:10 GMT-0400 (Eastern Daylight Time),760464.2999999989,A,cattl,I,l,142,1,916.6999999992549,759547.5999999996,9094,WL,C,6.0
7,17.350000143051147,immed,42649.99985694885,Tue Jul 21 2026 14:15:10 GMT-0400 (Eastern Daylight Time),760597.7999999989,A,cattle,I,e,110,1,1050.199999999255,759547.5999999996,9094,WL,C,6.0
7,18.48300004005432,immed,41516.99995994568,Tue Jul 21 2026 14:15:10 GMT-0400 (Eastern Daylight Time),761730.5999999996,A,cattleenter,I,enter,1109,1,2183.0,759547.5999999996,9094,WL,C,6.0
7,18.817000150680542,immed,41182.99984931946,Tue Jul 21 2026 14:15:10 GMT-0400 (Eastern Daylight Time),762064.2999999989,A,b,I,b,327,1,333.40000000037253,761730.8999999985,9094,WL,C,7.0
7,19.017000198364258,immed,40982.99980163574,Tue Jul 21 2026 14:15:10 GMT-0400 (Eastern Daylight Time),762264.2999999989,A,bo,I,o,183,1,533.4000000003725,761730.8999999985,9094,WL,C,7.0
7,19.450000047683716,immed,40549.999952316284,Tue Jul 21 2026 14:15:10 GMT-0400 (Eastern Daylight Time),762697.5999999996,A,boy,I,y,422,1,966.7000000011176,761730.8999999985,9094,WL,C,7.0
7,20.050000190734863,immed,39949.99980926514,Tue Jul 21 2026 14:15:10 GMT-0400 (Eastern Daylight Time),763297.1999999993,A,boyenter,I,enter,586,1,1566.300000000745,761730.8999999985,9094,WL,C,7.0
7,20.41700005531311,immed,39582.99994468689,Tue Jul 21 2026 14:15:10 GMT-0400 (Eastern Daylight Time),763664.3999999985,A,d,I,d,344,1,366.8999999985099,763297.5,9094,WL,C,8.0
7,20.550000190734863,immed,39449.99980926514,Tue Jul 21 2026 14:15:10 GMT-0400 (Eastern Daylight Time),763797.5999999996,A,do,I,o,109,1,500.09999999962747,763297.5,9094,WL,C,8.0
7,20.66700005531311,immed,39332.99994468689,Tue Jul 21 2026 14:15:10 GMT-0400 (Eastern Daylight Time),763914.3999999985,A,doc,I,c,96,1,616.8999999985099,763297.5,9094,WL,C,8.0
7,20.883000135421753,immed,39116.99986457825,Tue Jul 21 2026 14:15:10 GMT-0400 (Eastern Daylight Time),764131.0999999996,A,doct,I,t,188,1,833.5999999996275,763297.5,9094,WL,C,8.0
7,21.032999992370605,immed,38967.000007629395,Tue Jul 21 2026 14:15:10 GMT-0400 (Eastern Daylight Time),764281.0,A,docto,I,o,131,1,983.5,763297.5,9094,WL,C,8.0
7,21.16700005531311,immed,38832.99994468689,Tue Jul 21 2026 14:15:10 GMT-0400 (Eastern Daylight Time),764414.5,A,doctor,I,r,115,1,1117.0,763297.5,9094,WL,C,8.0
7,21.75,immed,38250.0,Tue Jul 21 2026 14:15:10 GMT-0400 (Eastern Daylight Time),764997.1999999993,A,doctorenter,I,enter,550,1,1699.699999999255,763297.5,9094,WL,C,8.0
7,21.867000102996826,immed,38132.999897003174,Tue Jul 21 2026 14:15:10 GMT-0400 (Eastern Daylight Time),765114.3999999985,A,c,I,c,101,1,116.79999999888241,764997.5999999996,9094,WL,C,9.0
7,21.98300004005432,immed,38016.99995994568,Tue Jul 21 2026 14:15:10 GMT-0400 (Eastern Daylight Time),765231.0,A,ca,I,a,91,1,233.40000000037253,764997.5999999996,9094,WL,C,9.0
7,22.100000143051147,immed,37899.99985694885,Tue Jul 21 2026 14:15:10 GMT-0400 (Eastern Daylight Time),765347.7999999989,A,cam,I,m,96,1,350.19999999925494,764997.5999999996,9094,WL,C,9.0
7,22.216000080108643,immed,37783.99991989136,Tue Jul 21 2026 14:15:10 GMT-0400 (Eastern Daylight Time),765463.8999999985,A,camp,I,p,91,1,466.2999999988824,764997.5999999996,9094,WL,C,9.0
7,23.200000047683716,immed,36799.999952316284,Tue Jul 21 2026 14:15:10 GMT-0400 (Eastern Daylight Time),766447.3999999985,A,campenter,I,enter,963,1,1449.7999999988824,764997.5999999996,9094,WL,C,9.0
7,23.532999992370605,immed,36467.000007629395,Tue Jul 21 2026 14:15:10 GMT-0400 (Eastern Daylight Time),766781.0,A,f,I,f,314,1,333.40000000037253,766447.5999999996,9094,WL,C,10.0
7,24.08300018310547,immed,35916.99981689453,Tue Jul 21 2026 14:15:10 GMT-0400 (Eastern Daylight Time),767331.0,A,fl,I,l,535,1,883.4000000003725,766447.5999999996,9094,WL,C,10.0
7,24.16700005531311,immed,35832.99994468689,Tue Jul 21 2026 14:15:10 GMT-0400 (Eastern Daylight Time),767414.3999999985,A,fla,I,a,60,1,966.7999999988824,766447.5999999996,9094,WL,C,10.0
7,24.25,immed,35750.0,Tue Jul 21 2026 14:15:10 GMT-0400 (Eastern Daylight Time),767497.6999999993,A,flag,I,g,70,1,1050.0999999996275,766447.5999999996,9094,WL,C,10.0
7,24.81599998474121,immed,35184.00001525879,Tue Jul 21 2026 14:15:10 GMT-0400 (Eastern Daylight Time),768064.0,A,flagenter,I,enter,548,1,1616.4000000003725,766447.5999999996,9094,WL,C,10.0
7,25.532999992370605,immed,34467.000007629395,Tue Jul 21 2026 14:15:10 GMT-0400 (Eastern Daylight Time),768781.0,A,l,I,l,706,1,716.7000000011176,768064.2999999989,9094,WL,C,11.0
7,25.617000102996826,immed,34382.999897003174,Tue Jul 21 2026 14:15:10 GMT-0400 (Eastern Daylight Time),768864.3999999985,A,le,I,e,65,1,800.0999999996275,768064.2999999989,9094,WL,C,11.0
7,25.75,immed,34250.0,Tue Jul 21 2026 14:15:10 GMT-0400 (Eastern Daylight Time),768997.5999999996,A,let,I,t,117,1,933.3000000007451,768064.2999999989,9094,WL,C,11.0
7,25.883000135421753,immed,34116.99986457825,Tue Jul 21 2026 14:15:10 GMT-0400 (Eastern Daylight Time),769131.0,A,lett,I,t,112,1,1066.7000000011176,768064.2999999989,9094,WL,C,11.0
7,25.98300004005432,immed,34016.99995994568,Tue Jul 21 2026 14:15:10 GMT-0400 (Eastern Daylight Time),769231.0999999996,A,lette,I,e,83,1,1166.800000000745,768064.2999999989,9094,WL,C,11.0
7,26.08300018310547,immed,33916.99981689453,Tue Jul 21 2026 14:15:10 GMT-0400 (Eastern Daylight Time),769331.0999999996,A,letter,I,r,77,1,1266.800000000745,768064.2999999989,9094,WL,C,11.0
7,26.766000032424927,immed,33233.99996757507,Tue Jul 21 2026 14:15:10 GMT-0400 (Eastern Daylight Time),770013.8999999985,A,letterenter,I,enter,666,1,1949.5999999996275,768064.2999999989,9094,WL,C,11.0
7,27.133000135421753,immed,32866.99986457825,Tue Jul 21 2026 14:15:10 GMT-0400 (Eastern Daylight Time),770381.0999999996,A,s,I,s,356,1,366.90000000037253,770014.1999999993,9094,WL,C,12.0
7,27.300000190734863,immed,32699.999809265137,Tue Jul 21 2026 14:15:10 GMT-0400 (Eastern Daylight Time),770547.5999999996,A,sh,I,h,153,1,533.4000000003725,770014.1999999993,9094,WL,C,12.0
7,27.41700005531311,immed,32582.99994468689,Tue Jul 21 2026 14:15:10 GMT-0400 (Eastern Daylight Time),770664.3999999985,A,sho,I,o,90,1,650.1999999992549,770014.1999999993,9094,WL,C,12.0
7,27.50100016593933,immed,32498.99983406067,Tue Jul 21 2026 14:15:10 GMT-0400 (Eastern Daylight Time),770748.3999999985,A,shor,I,r,54,1,734.1999999992549,770014.1999999993,9094,WL,C,12.0
7,27.616000175476074,immed,32383.999824523926,Tue Jul 21 2026 14:15:10 GMT-0400 (Eastern Daylight Time),770864.0,A,shore,I,e,89,1,849.8000000007451,770014.1999999993,9094,WL,C,12.0
7,28.282999992370605,immed,31717.000007629395,Tue Jul 21 2026 14:15:10 GMT-0400 (Eastern Daylight Time),771530.5999999996,A,shoreenter,I,enter,645,1,1516.4000000003725,770014.1999999993,9094,WL,C,12.0
7,29.58300018310547,immed,30416.99981689453,Tue Jul 21 2026 14:15:10 GMT-0400 (Eastern Daylight Time),772831.0,A,b,I,b,1287,1,1300.1000000014901,771530.8999999985,9094,WL,C,13.0
7,29.73300004005432,immed,30266.99995994568,Tue Jul 21 2026 14:15:10 GMT-0400 (Eastern Daylight Time),772980.8999999985,A,bo,I,o,136,1,1450.0,771530.8999999985,9094,WL,C,13.0
7,30.017000198364258,immed,29982.999801635742,Tue Jul 21 2026 14:15:10 GMT-0400 (Eastern Daylight Time),773264.3999999985,A,bod,I,d,264,1,1733.5,771530.8999999985,9094,WL,C,13.0
7,30.217000007629395,immed,29782.999992370605,Tue Jul 21 2026 14:15:10 GMT-0400 (Eastern Daylight Time),773464.3999999985,A,body,I,y,173,1,1933.5,771530.8999999985,9094,WL,C,13.0
7,31.40000009536743,immed,28599.99990463257,Tue Jul 21 2026 14:15:10 GMT-0400 (Eastern Daylight Time),774647.2999999989,A,bodyenter,I,enter,1165,1,3116.4000000003725,771530.8999999985,9094,WL,C,13.0
7,36.13300013542175,immed,23866.999864578247,Tue Jul 21 2026 14:15:10 GMT-0400 (Eastern Daylight Time),779381.0999999996,A,s,I,s,4714,1,4733.5,774647.5999999996,9094,WL,C,14.0
7,36.26700019836426,immed,23732.999801635742,Tue Jul 21 2026 14:15:10 GMT-0400 (Eastern Daylight Time),779514.3999999985,A,su,I,u,111,1,4866.799999998882,774647.5999999996,9094,WL,C,14.0
7,36.367000102996826,immed,23632.999897003174,Tue Jul 21 2026 14:15:10 GMT-0400 (Eastern Daylight Time),779614.3999999985,A,sug,I,g,84,1,4966.799999998882,774647.5999999996,9094,WL,C,14.0
7,36.48300004005432,immed,23516.99995994568,Tue Jul 21 2026 14:15:10 GMT-0400 (Eastern Daylight Time),779731.0999999996,A,suga,I,a,96,1,5083.5,774647.5999999996,9094,WL,C,14.0
7,36.60000014305115,immed,23399.999856948853,Tue Jul 21 2026 14:15:10 GMT-0400 (Eastern Daylight Time),779847.7999999989,A,sugar,I,r,90,1,5200.199999999255,774647.5999999996,9094,WL,C,14.0
7,36.90000009536743,immed,23099.99990463257,Tue Jul 21 2026 14:15:10 GMT-0400 (Eastern Daylight Time),780147.1999999993,A,sugarenter,I,enter,286,1,5499.5999999996275,774647.5999999996,9094,WL,C,14.0
7,37.90000009536743,immed,22099.99990463257,Tue Jul 21 2026 14:15:10 GMT-0400 (Eastern Daylight Time),781147.6999999993,A,s,I,s,990,1,1000.0999999996275,780147.5999999996,9094,WL,C,15.0
7,38.217000007629395,immed,21782.999992370605,Tue Jul 21 2026 14:15:10 GMT-0400 (Eastern Daylight Time),781464.3999999985,A,sh,I,h,291,1,1316.7999999988824,780147.5999999996,9094,WL,C,15.0
7,38.30000019073486,immed,21699.999809265137,Tue Jul 21 2026 14:15:10 GMT-0400 (Eastern Daylight Time),781547.6999999993,A,sho,I,o,67,1,1400.0999999996275,780147.5999999996,9094,WL,C,15.0
7,38.33300018310547,immed,21666.99981689453,Tue Jul 21 2026 14:15:10 GMT-0400 (Eastern Daylight Time),781580.5,A,shor,I,r,17,1,1432.9000000003725,780147.5999999996,9094,WL,C,15.0
7,38.43300008773804,immed,21566.999912261963,Tue Jul 21 2026 14:15:10 GMT-0400 (Eastern Daylight Time),781681.1999999993,A,shore,I,e,84,1,1533.5999999996275,780147.5999999996,9094,WL,C,15.0
7,38.73300004005432,immed,21266.99995994568,Tue Jul 21 2026 14:15:10 GMT-0400 (Eastern Daylight Time),781980.5999999996,A,shoreenter,I,enter,275,1,1833.0,780147.5999999996,9094,WL,C,15.0
