block_c,block_dur,condition,countdown,datetime,endtime,list,multichar_response,project,response,response_time,session_number,start_end,starttime,subject_id,task,task_vers,trial
,,,,Thu Aug 13 2026 16:57:58 GMT-0500 (Central Daylight Time),,,,I,space,1798,2,,,8116,WL,C,
prac,,0,,Thu Aug 13 2026 16:57:58 GMT-0500 (Central Daylight Time),,NA,b,I,b,2113,2,,,8116,WL,C,1.0
prac,,0,,Thu Aug 13 2026 16:57:58 GMT-0500 (Central Daylight Time),,NA,bo,I,o,919,2,,,8116,WL,C,1.0
prac,,0,,Thu Aug 13 2026 16:57:58 GMT-0500 (Central Daylight Time),,NA,boo,I,o,163,2,,,8116,WL,C,1.0
prac,,0,,Thu Aug 13 2026 16:57:58 GMT-0500 (Central Daylight Time),,NA,boos,I,s,372,2,,,8116,WL,C,1.0
prac,,0,,Thu Aug 13 2026 16:57:58 GMT-0500 (Central Daylight Time),,NA,boost,I,t,389,2,,,8116,WL,C,1.0
prac,,0,,Thu Aug 13 2026 16:57:58 GMT-0500 (Central Daylight Time),,NA,boostenter,I,enter,1118,2,,,8116,WL,C,1.0
1,0.9000000953674316,learn,59099.99990463257,Thu Aug 13 2026 16:57:58 GMT-0500 (Central Daylight Time),159184.0,A,t,I,t,888,2,899.5999999046326,158284.40000009537,8116,WL,C,1.0
1,1.1159999370574951,learn,58884.000062942505,Thu Aug 13 2026 16:57:58 GMT-0500 (Central Daylight Time),159400.30000019073,A,to,I,o,203,2,1115.9000000953674,158284.40000009537,8116,WL,C,1.0
1,1.6319999694824219,learn,58368.00003051758,Thu Aug 13 2026 16:57:58 GMT-0500 (Central Daylight Time),159916.60000014305,A,tow,I,w,507,2,1632.2000000476837,158284.40000009537,8116,WL,C,1.0
1,1.9500000476837158,learn,58049.999952316284,Thu Aug 13 2026 16:57:58 GMT-0500 (Central Daylight Time),160233.60000014305,A,towe,I,e,304,2,1949.2000000476837,158284.40000009537,8116,WL,C,1.0
1,2.3489999771118164,learn,57651.00002288818,Thu Aug 13 2026 16:57:58 GMT-0500 (Central Daylight Time),160633.60000014305,A,tower,I,r,386,2,2349.2000000476837,158284.40000009537,8116,WL,C,1.0
1,3.0490000247955322,learn,56950.99997520447,Thu Aug 13 2026 16:57:58 GMT-0500 (Central Daylight Time),161332.90000009537,A,towerenter,I,enter,683,2,3048.5,158284.40000009537,8116,WL,C,1.0
1,3.75,learn,56250.0,Thu Aug 13 2026 16:57:58 GMT-0500 (Central Daylight Time),162033.80000019073,A,w,I,w,687,2,700.3000001907349,161333.5,8116,WL,C,2.0
1,3.999000072479248,learn,56000.99992752075,Thu Aug 13 2026 16:57:58 GMT-0500 (Central Daylight Time),162283.10000014305,A,wh,I,h,234,2,949.6000001430511,161333.5,8116,WL,C,2.0
1,4.265000104904175,learn,55734.999895095825,Thu Aug 13 2026 16:57:58 GMT-0500 (Central Daylight Time),162549.40000009537,A,whe,I,e,250,2,1215.9000000953674,161333.5,8116,WL,C,2.0
1,4.681999921798706,learn,55318.000078201294,Thu Aug 13 2026 16:57:58 GMT-0500 (Central Daylight Time),162965.90000009537,A,whea,I,a,407,2,1632.4000000953674,161333.5,8116,WL,C,2.0
1,4.914999961853027,learn,55085.00003814697,Thu Aug 13 2026 16:57:58 GMT-0500 (Central Daylight Time),163199.30000019073,A,wheat,I,t,214,2,1865.8000001907349,161333.5,8116,WL,C,2.0
1,5.648999929428101,learn,54351.0000705719,Thu Aug 13 2026 16:57:58 GMT-0500 (Central Daylight Time),163933.40000009537,A,wheatq,I,q,725,2,2599.9000000953674,161333.5,8116,WL,C,2.0
1,5.949000120162964,learn,54050.999879837036,Thu Aug 13 2026 16:57:58 GMT-0500 (Central Daylight Time),164232.90000009537,A,wheatqu,I,u,294,2,2899.4000000953674,161333.5,8116,WL,C,2.0
1,6.398999929428101,learn,53601.0000705719,Thu Aug 13 2026 16:57:58 GMT-0500 (Central Daylight Time),164683.20000004768,A,wheatque,I,e,428,2,3349.7000000476837,161333.5,8116,WL,C,2.0
1,6.697999954223633,learn,53302.00004577637,Thu Aug 13 2026 16:57:58 GMT-0500 (Central Daylight Time),164982.20000004768,A,wheatquee,I,e,289,2,3648.7000000476837,161333.5,8116,WL,C,2.0
1,6.980999946594238,learn,53019.00005340576,Thu Aug 13 2026 16:57:58 GMT-0500 (Central Daylight Time),165264.90000009537,A,wheatqueen,I,n,261,2,3931.4000000953674,161333.5,8116,WL,C,2.0
1,8.097000122070312,learn,51902.99987792969,Thu Aug 13 2026 16:57:58 GMT-0500 (Central Daylight Time),166381.5,A,wheatquee,I,backspace,1106,2,5048.0,161333.5,8116,WL,C,2.0
1,8.664000034332275,learn,51335.999965667725,Thu Aug 13 2026 16:57:58 GMT-0500 (Central Daylight Time),166947.80000019073,A,wheatque,I,backspace,558,2,5614.300000190735,161333.5,8116,WL,C,2.0
1,8.96399998664856,learn,51036.00001335144,Thu Aug 13 2026 16:57:58 GMT-0500 (Central Daylight Time),167248.20000004768,A,wheatqu,I,backspace,281,2,5914.700000047684,161333.5,8116,WL,C,2.0
1,9.230000019073486,learn,50769.999980926514,Thu Aug 13 2026 16:57:58 GMT-0500 (Central Daylight Time),167514.20000004768,A,wheatq,I,backspace,260,2,6180.700000047684,161333.5,8116,WL,C,2.0
1,9.579999923706055,learn,50420.000076293945,Thu Aug 13 2026 16:57:58 GMT-0500 (Central Daylight Time),167864.40000009537,A,wheat,I,backspace,330,2,6530.900000095367,161333.5,8116,WL,C,2.0
1,10.347000122070312,learn,49652.99987792969,Thu Aug 13 2026 16:57:58 GMT-0500 (Central Daylight Time),168631.0,A,wheatenter,I,enter,749,2,7297.5,161333.5,8116,WL,C,2.0
1,11.595999956130981,learn,48404.00004386902,Thu Aug 13 2026 16:57:58 GMT-0500 (Central Daylight Time),169880.30000019073,A,q,I,q,1229,2,1248.8000001907349,168631.5,8116,WL,C,3.0
1,11.812999963760376,learn,48187.000036239624,Thu Aug 13 2026 16:57:58 GMT-0500 (Central Daylight Time),170097.0,A,qu,I,u,203,2,1465.5,168631.5,8116,WL,C,3.0
1,12.095999956130981,learn,47904.00004386902,Thu Aug 13 2026 16:57:58 GMT-0500 (Central Daylight Time),170380.30000019073,A,que,I,e,268,2,1748.8000001907349,168631.5,8116,WL,C,3.0
1,12.36299991607666,learn,47637.00008392334,Thu Aug 13 2026 16:57:58 GMT-0500 (Central Daylight Time),170646.80000019073,A,quee,I,e,248,2,2015.3000001907349,168631.5,8116,WL,C,3.0
1,12.578999996185303,learn,47421.0000038147,Thu Aug 13 2026 16:57:58 GMT-0500 (Central Daylight Time),170863.20000004768,A,queen,I,n,197,2,2231.7000000476837,168631.5,8116,WL,C,3.0
1,13.463000059127808,learn,46536.99994087219,Thu Aug 13 2026 16:57:58 GMT-0500 (Central Daylight Time),171747.30000019073,A,queenenter,I,enter,878,2,3115.800000190735,168631.5,8116,WL,C,3.0
1,14.144999980926514,learn,45855.000019073486,Thu Aug 13 2026 16:57:58 GMT-0500 (Central Daylight Time),172429.30000019073,A,b,I,b,664,2,681.6000001430511,171747.70000004768,8116,WL,C,4.0
1,14.611999988555908,learn,45388.00001144409,Thu Aug 13 2026 16:57:58 GMT-0500 (Central Daylight Time),172896.20000004768,A,bo,I,o,447,2,1148.5,171747.70000004768,8116,WL,C,4.0
1,15.128999948501587,learn,44871.00005149841,Thu Aug 13 2026 16:57:58 GMT-0500 (Central Daylight Time),173412.80000019073,A,boy,I,y,501,2,1665.1000001430511,171747.70000004768,8116,WL,C,4.0
1,15.562000036239624,learn,44437.999963760376,Thu Aug 13 2026 16:57:58 GMT-0500 (Central Daylight Time),173845.60000014305,A,boyenter,I,enter,424,2,2097.9000000953674,171747.70000004768,8116,WL,C,4.0
1,15.878000020980835,learn,44121.999979019165,Thu Aug 13 2026 16:57:58 GMT-0500 (Central Daylight Time),174162.5,A,c,I,c,303,2,316.2999999523163,173846.20000004768,8116,WL,C,5.0
1,16.42799997329712,learn,43572.00002670288,Thu Aug 13 2026 16:57:58 GMT-0500 (Central Daylight Time),174712.40000009537,A,ca,I,a,538,2,866.2000000476837,173846.20000004768,8116,WL,C,5.0
1,16.611999988555908,learn,43388.00001144409,Thu Aug 13 2026 16:57:58 GMT-0500 (Central Daylight Time),174896.30000019073,A,cam,I,m,170,2,1050.1000001430511,173846.20000004768,8116,WL,C,5.0
1,16.927000045776367,learn,43072.99995422363,Thu Aug 13 2026 16:57:58 GMT-0500 (Central Daylight Time),175212.10000014305,A,camp,I,p,308,2,1365.9000000953674,173846.20000004768,8116,WL,C,5.0
1,17.5770001411438,learn,42422.9998588562,Thu Aug 13 2026 16:57:58 GMT-0500 (Central Daylight Time),175861.70000004768,A,campenter,I,enter,633,2,2015.5,173846.20000004768,8116,WL,C,5.0
1,19.592999935150146,learn,40407.00006484985,Thu Aug 13 2026 16:57:58 GMT-0500 (Central Daylight Time),177878.0,A,h,I,h,2007,2,2015.8999998569489,175862.10000014305,8116,WL,C,6.0
1,20.009999990463257,learn,39990.00000953674,Thu Aug 13 2026 16:57:58 GMT-0500 (Central Daylight Time),178294.5,A,ho,I,o,407,2,2432.399999856949,175862.10000014305,8116,WL,C,6.0
1,20.276999950408936,learn,39723.000049591064,Thu Aug 13 2026 16:57:58 GMT-0500 (Central Daylight Time),178561.20000004768,A,hom,I,m,246,2,2699.0999999046326,175862.10000014305,8116,WL,C,6.0
1,20.4760000705719,learn,39523.9999294281,Thu Aug 13 2026 16:57:58 GMT-0500 (Central Daylight Time),178760.80000019073,A,home,I,e,187,2,2898.7000000476837,175862.10000014305,8116,WL,C,6.0
1,20.676000118255615,learn,39323.999881744385,Thu Aug 13 2026 16:57:58 GMT-0500 (Central Daylight Time),178961.0,A,homeenter,I,enter,179,2,3098.899999856949,175862.10000014305,8116,WL,C,6.0
1,20.91000008583069,learn,39089.99991416931,Thu Aug 13 2026 16:57:58 GMT-0500 (Central Daylight Time),179194.20000004768,A,s,I,s,228,2,232.79999995231628,178961.40000009537,8116,WL,C,7.0
1,21.375999927520752,learn,38624.00007247925,Thu Aug 13 2026 16:57:58 GMT-0500 (Central Daylight Time),179660.80000019073,A,sh,I,h,450,2,699.4000000953674,178961.40000009537,8116,WL,C,7.0
1,21.70900011062622,learn,38290.99988937378,Thu Aug 13 2026 16:57:58 GMT-0500 (Central Daylight Time),179993.90000009537,A,sho,I,o,312,2,1032.5,178961.40000009537,8116,WL,C,7.0
1,21.943000078201294,learn,38056.999921798706,Thu Aug 13 2026 16:57:58 GMT-0500 (Central Daylight Time),180227.30000019073,A,shor,I,r,219,2,1265.9000000953674,178961.40000009537,8116,WL,C,7.0
1,22.191999912261963,learn,37808.00008773804,Thu Aug 13 2026 16:57:58 GMT-0500 (Central Daylight Time),180476.90000009537,A,shore,I,e,241,2,1515.5,178961.40000009537,8116,WL,C,7.0
1,22.70900011062622,learn,37290.99988937378,Thu Aug 13 2026 16:57:58 GMT-0500 (Central Daylight Time),180993.60000014305,A,shoreenter,I,enter,504,2,2032.2000000476837,178961.40000009537,8116,WL,C,7.0
1,38.65400004386902,learn,21345.99995613098,Thu Aug 13 2026 16:57:58 GMT-0500 (Central Daylight Time),196938.30000019073,A,f,I,f,15940,2,15944.300000190735,180994.0,8116,WL,C,8.0
1,38.87100005149841,learn,21128.999948501587,Thu Aug 13 2026 16:57:58 GMT-0500 (Central Daylight Time),197155.40000009537,A,fl,I,l,202,2,16161.400000095367,180994.0,8116,WL,C,8.0
1,40.53699994087219,learn,19463.000059127808,Thu Aug 13 2026 16:57:58 GMT-0500 (Central Daylight Time),198821.20000004768,A,flg,I,g,1649,2,17827.200000047684,180994.0,8116,WL,C,8.0
1,41.8199999332428,learn,18180.000066757202,Thu Aug 13 2026 16:57:58 GMT-0500 (Central Daylight Time),200104.20000004768,A,fl,I,backspace,1263,2,19110.200000047684,180994.0,8116,WL,C,8.0
1,41.95300006866455,learn,18046.99993133545,Thu Aug 13 2026 16:57:58 GMT-0500 (Central Daylight Time),200237.90000009537,A,fla,I,a,116,2,19243.900000095367,180994.0,8116,WL,C,8.0
1,42.3529999256134,learn,17647.000074386597,Thu Aug 13 2026 16:57:58 GMT-0500 (Central Daylight Time),200637.40000009537,A,flag,I,g,390,2,19643.400000095367,180994.0,8116,WL,C,8.0
1,42.668999910354614,learn,17331.000089645386,Thu Aug 13 2026 16:57:58 GMT-0500 (Central Daylight Time),200953.60000014305,A,flagenter,I,enter,311,2,19959.60000014305,180994.0,8116,WL,C,8.0
1,47.801000118255615,learn,12198.999881744385,Thu Aug 13 2026 16:57:58 GMT-0500 (Central Daylight Time),206085.70000004768,A,c,I,c,5123,2,5131.799999952316,200953.90000009537,8116,WL,C,9.0
1,48.26800012588501,learn,11731.99987411499,Thu Aug 13 2026 16:57:58 GMT-0500 (Central Daylight Time),206552.20000004768,A,ca,I,a,455,2,5598.299999952316,200953.90000009537,8116,WL,C,9.0
1,48.41799998283386,learn,11582.000017166138,Thu Aug 13 2026 16:57:58 GMT-0500 (Central Daylight Time),206702.40000009537,A,cam,I,m,132,2,5748.5,200953.90000009537,8116,WL,C,9.0
1,48.76699995994568,learn,11233.000040054321,Thu Aug 13 2026 16:57:58 GMT-0500 (Central Daylight Time),207052.10000014305,A,camp,I,p,343,2,6098.200000047684,200953.90000009537,8116,WL,C,9.0
1,50.217000007629395,learn,9782.999992370605,Thu Aug 13 2026 16:57:58 GMT-0500 (Central Daylight Time),208501.70000004768,A,campenter,I,enter,1433,2,7547.799999952316,200953.90000009537,8116,WL,C,9.0
1,60.013999938964844,learn,-13.99993896484375,Thu Aug 13 2026 16:57:58 GMT-0500 (Central Daylight Time),218298.60000014305,A,None,I,None,9791,2,9796.5,208502.10000014305,8116,WL,C,10.0
2,0.9830000400543213,learn,59016.99995994568,Thu Aug 13 2026 16:57:58 GMT-0500 (Central Daylight Time),285860.90000009537,A,s,I,s,975,2,982.2999999523163,284878.60000014305,8116,WL,C,1.0
2,1.1990001201629639,learn,58800.999879837036,Thu Aug 13 2026 16:57:58 GMT-0500 (Central Daylight Time),286077.40000009537,A,su,I,u,207,2,1198.7999999523163,284878.60000014305,8116,WL,C,1.0
2,1.633000135421753,learn,58366.99986457825,Thu Aug 13 2026 16:57:58 GMT-0500 (Central Daylight Time),286510.7000000477,A,sug,I,g,423,2,1632.0999999046326,284878.60000014305,8116,WL,C,1.0
2,1.8489999771118164,learn,58151.00002288818,Thu Aug 13 2026 16:57:58 GMT-0500 (Central Daylight Time),286727.10000014305,A,suga,I,a,205,2,1848.5,284878.60000014305,8116,WL,C,1.0
2,2.392000198364258,learn,57607.99980163574,Thu Aug 13 2026 16:57:58 GMT-0500 (Central Daylight Time),287270.2000000477,A,sugar,I,r,437,2,2391.5999999046326,284878.60000014305,8116,WL,C,1.0
2,3.3320000171661377,learn,56667.99998283386,Thu Aug 13 2026 16:57:58 GMT-0500 (Central Daylight Time),288210.0,A,sugarenter,I,enter,926,2,3331.399999856949,284878.60000014305,8116,WL,C,1.0
2,4.065000057220459,learn,55934.99994277954,Thu Aug 13 2026 16:57:58 GMT-0500 (Central Daylight Time),288942.90000009537,A,c,I,c,714,2,732.5,288210.40000009537,8116,WL,C,2.0
2,4.2820000648498535,learn,55717.99993515015,Thu Aug 13 2026 16:57:58 GMT-0500 (Central Daylight Time),289159.80000019073,A,co,I,o,198,2,949.4000000953674,288210.40000009537,8116,WL,C,2.0
2,4.498000144958496,learn,55501.999855041504,Thu Aug 13 2026 16:57:58 GMT-0500 (Central Daylight Time),289376.30000019073,A,cor,I,r,197,2,1165.9000000953674,288210.40000009537,8116,WL,C,2.0
2,4.698000192642212,learn,55301.99980735779,Thu Aug 13 2026 16:57:58 GMT-0500 (Central Daylight Time),289576.30000019073,A,corn,I,n,188,2,1365.9000000953674,288210.40000009537,8116,WL,C,2.0
2,5.198000192642212,learn,54801.99980735779,Thu Aug 13 2026 16:57:58 GMT-0500 (Central Daylight Time),290076.10000014305,A,cornenter,I,enter,485,2,1865.7000000476837,288210.40000009537,8116,WL,C,2.0
2,5.498000144958496,learn,54501.999855041504,Thu Aug 13 2026 16:57:58 GMT-0500 (Central Daylight Time),290375.80000019073,A,n,I,n,281,2,299.30000019073486,290076.5,8116,WL,C,3.0
2,5.731000185012817,learn,54268.99981498718,Thu Aug 13 2026 16:57:58 GMT-0500 (Central Daylight Time),290609.2000000477,A,na,I,a,221,2,532.7000000476837,290076.5,8116,WL,C,3.0
2,5.914000034332275,learn,54085.999965667725,Thu Aug 13 2026 16:57:58 GMT-0500 (Central Daylight Time),290792.40000009537,A,nai,I,i,163,2,715.9000000953674,290076.5,8116,WL,C,3.0
2,6.3480000495910645,learn,53651.999950408936,Thu Aug 13 2026 16:57:58 GMT-0500 (Central Daylight Time),291225.80000019073,A,nail,I,l,413,2,1149.3000001907349,290076.5,8116,WL,C,3.0
2,6.982000112533569,learn,53017.99988746643,Thu Aug 13 2026 16:57:58 GMT-0500 (Central Daylight Time),291859.80000019073,A,nailenter,I,enter,627,2,1783.3000001907349,290076.5,8116,WL,C,3.0
2,8.180999994277954,learn,51819.000005722046,Thu Aug 13 2026 16:57:58 GMT-0500 (Central Daylight Time),293058.60000014305,A,c,I,c,1185,2,1198.4000000953674,291860.2000000477,8116,WL,C,4.0
2,8.580000162124634,learn,51419.999837875366,Thu Aug 13 2026 16:57:58 GMT-0500 (Central Daylight Time),293458.30000019073,A,ca,I,a,379,2,1598.1000001430511,291860.2000000477,8116,WL,C,4.0
2,9.02999997138977,learn,50970.00002861023,Thu Aug 13 2026 16:57:58 GMT-0500 (Central Daylight Time),293908.2000000477,A,cat,I,t,443,2,2048.0,291860.2000000477,8116,WL,C,4.0
2,9.246999979019165,learn,50753.000020980835,Thu Aug 13 2026 16:57:58 GMT-0500 (Central Daylight Time),294124.7000000477,A,catt,I,t,209,2,2264.5,291860.2000000477,8116,WL,C,4.0
2,9.496000051498413,learn,50503.99994850159,Thu Aug 13 2026 16:57:58 GMT-0500 (Central Daylight Time),294374.80000019073,A,cattl,I,l,231,2,2514.600000143051,291860.2000000477,8116,WL,C,4.0
2,9.746000051498413,learn,50253.99994850159,Thu Aug 13 2026 16:57:58 GMT-0500 (Central Daylight Time),294624.80000019073,A,cattle,I,e,230,2,2764.600000143051,291860.2000000477,8116,WL,C,4.0
2,10.296000003814697,learn,49703.9999961853,Thu Aug 13 2026 16:57:58 GMT-0500 (Central Daylight Time),295174.60000014305,A,cattleenter,I,enter,541,2,3314.4000000953674,291860.2000000477,8116,WL,C,4.0
2,11.129000186920166,learn,48870.999813079834,Thu Aug 13 2026 16:57:58 GMT-0500 (Central Daylight Time),296007.40000009537,A,d,I,d,815,2,832.4000000953674,295175.0,8116,WL,C,5.0
2,11.34600019454956,learn,48653.99980545044,Thu Aug 13 2026 16:57:58 GMT-0500 (Central Daylight Time),296224.10000014305,A,do,I,o,206,2,1049.1000001430511,295175.0,8116,WL,C,5.0
2,11.496000051498413,learn,48503.99994850159,Thu Aug 13 2026 16:57:58 GMT-0500 (Central Daylight Time),296374.2000000477,A,doc,I,c,141,2,1199.2000000476837,295175.0,8116,WL,C,5.0
2,13.245000123977661,learn,46754.99987602234,Thu Aug 13 2026 16:57:58 GMT-0500 (Central Daylight Time),298123.5,A,doct,I,t,1736,2,2948.5,295175.0,8116,WL,C,5.0
2,13.462000131607056,learn,46537.999868392944,Thu Aug 13 2026 16:57:58 GMT-0500 (Central Daylight Time),298340.40000009537,A,docto,I,o,202,2,3165.4000000953674,295175.0,8116,WL,C,5.0
2,13.712000131607056,learn,46287.999868392944,Thu Aug 13 2026 16:57:58 GMT-0500 (Central Daylight Time),298590.0,A,doctor,I,r,239,2,3415.0,295175.0,8116,WL,C,5.0
2,14.17799997329712,learn,45822.00002670288,Thu Aug 13 2026 16:57:58 GMT-0500 (Central Daylight Time),299056.80000019073,A,doctorenter,I,enter,455,2,3881.800000190735,295175.0,8116,WL,C,5.0
2,14.92799997329712,learn,45072.00002670288,Thu Aug 13 2026 16:57:58 GMT-0500 (Central Daylight Time),299806.40000009537,A,t,I,t,733,2,749.2999999523163,299057.10000014305,8116,WL,C,6.0
2,15.194000005722046,learn,44805.999994277954,Thu Aug 13 2026 16:57:58 GMT-0500 (Central Daylight Time),300072.80000019073,A,to,I,o,254,2,1015.7000000476837,299057.10000014305,8116,WL,C,6.0
2,15.478000164031982,learn,44521.99983596802,Thu Aug 13 2026 16:57:58 GMT-0500 (Central Daylight Time),300356.10000014305,A,tow,I,w,277,2,1299.0,299057.10000014305,8116,WL,C,6.0
2,15.794000148773193,learn,44205.99985122681,Thu Aug 13 2026 16:57:58 GMT-0500 (Central Daylight Time),300673.0,A,towe,I,e,298,2,1615.8999998569489,299057.10000014305,8116,WL,C,6.0
2,16.16100001335144,learn,43838.99998664856,Thu Aug 13 2026 16:57:58 GMT-0500 (Central Daylight Time),301039.30000019073,A,tower,I,r,347,2,1982.2000000476837,299057.10000014305,8116,WL,C,6.0
2,16.627000093460083,learn,43372.99990653992,Thu Aug 13 2026 16:57:58 GMT-0500 (Central Daylight Time),301505.60000014305,A,towerenter,I,enter,446,2,2448.5,299057.10000014305,8116,WL,C,6.0
2,17.759999990463257,learn,42240.00000953674,Thu Aug 13 2026 16:57:58 GMT-0500 (Central Daylight Time),302639.0,A,w,I,w,1116,2,1133.0999999046326,301505.90000009537,8116,WL,C,7.0
2,17.99400019645691,learn,42005.99980354309,Thu Aug 13 2026 16:57:58 GMT-0500 (Central Daylight Time),302872.10000014305,A,wh,I,h,213,2,1366.2000000476837,301505.90000009537,8116,WL,C,7.0
2,18.16000008583069,learn,41839.99991416931,Thu Aug 13 2026 16:57:58 GMT-0500 (Central Daylight Time),303038.7000000477,A,whe,I,e,157,2,1532.7999999523163,301505.90000009537,8116,WL,C,7.0
2,18.509999990463257,learn,41490.00000953674,Thu Aug 13 2026 16:57:58 GMT-0500 (Central Daylight Time),303388.60000014305,A,whea,I,a,342,2,1882.7000000476837,301505.90000009537,8116,WL,C,7.0
2,18.759999990463257,learn,41240.00000953674,Thu Aug 13 2026 16:57:58 GMT-0500 (Central Daylight Time),303638.30000019073,A,wheat,I,t,241,2,2132.4000000953674,301505.90000009537,8116,WL,C,7.0
2,19.177000045776367,learn,40822.99995422363,Thu Aug 13 2026 16:57:58 GMT-0500 (Central Daylight Time),304055.2000000477,A,wheatenter,I,enter,406,2,2549.2999999523163,301505.90000009537,8116,WL,C,7.0
2,19.593000173568726,learn,40406.999826431274,Thu Aug 13 2026 16:57:58 GMT-0500 (Central Daylight Time),304471.7000000477,A,q,I,q,405,2,416.09999990463257,304055.60000014305,8116,WL,C,8.0
2,19.9760000705719,learn,40023.9999294281,Thu Aug 13 2026 16:57:58 GMT-0500 (Central Daylight Time),304854.7000000477,A,qu,I,u,366,2,799.0999999046326,304055.60000014305,8116,WL,C,8.0
2,20.325999975204468,learn,39674.00002479553,Thu Aug 13 2026 16:57:58 GMT-0500 (Central Daylight Time),305204.80000019073,A,que,I,e,342,2,1149.2000000476837,304055.60000014305,8116,WL,C,8.0
2,20.55900001525879,learn,39440.99998474121,Thu Aug 13 2026 16:57:58 GMT-0500 (Central Daylight Time),305437.90000009537,A,quee,I,e,215,2,1382.2999999523163,304055.60000014305,8116,WL,C,8.0
2,20.759000062942505,learn,39240.999937057495,Thu Aug 13 2026 16:57:58 GMT-0500 (Central Daylight Time),305638.0,A,queen,I,n,183,2,1582.3999998569489,304055.60000014305,8116,WL,C,8.0
2,21.12600016593933,learn,38873.99983406067,Thu Aug 13 2026 16:57:58 GMT-0500 (Central Daylight Time),306004.40000009537,A,queenenter,I,enter,359,2,1948.7999999523163,304055.60000014305,8116,WL,C,8.0
2,21.542999982833862,learn,38457.00001716614,Thu Aug 13 2026 16:57:58 GMT-0500 (Central Daylight Time),306421.10000014305,A,b,I,b,400,2,416.2999999523163,306004.80000019073,8116,WL,C,9.0
2,21.859000205993652,learn,38140.99979400635,Thu Aug 13 2026 16:57:58 GMT-0500 (Central Daylight Time),306737.60000014305,A,bo,I,o,311,2,732.7999999523163,306004.80000019073,8116,WL,C,9.0
2,22.30900001525879,learn,37690.99998474121,Thu Aug 13 2026 16:57:58 GMT-0500 (Central Daylight Time),307187.30000019073,A,boy,I,y,442,2,1182.5,306004.80000019073,8116,WL,C,9.0
2,23.29200005531311,learn,36707.99994468689,Thu Aug 13 2026 16:57:58 GMT-0500 (Central Daylight Time),308170.5,A,boyenter,I,enter,970,2,2165.699999809265,306004.80000019073,8116,WL,C,9.0
2,27.740000009536743,learn,32259.999990463257,Thu Aug 13 2026 16:57:58 GMT-0500 (Central Daylight Time),312619.0,A,h,I,h,4442,2,4448.199999809265,308170.80000019073,8116,WL,C,10.0
2,28.09000015258789,learn,31909.99984741211,Thu Aug 13 2026 16:57:58 GMT-0500 (Central Daylight Time),312968.90000009537,A,ho,I,o,338,2,4798.099999904633,308170.80000019073,8116,WL,C,10.0
2,28.341000080108643,learn,31658.999919891357,Thu Aug 13 2026 16:57:58 GMT-0500 (Central Daylight Time),313219.80000019073,A,hom,I,m,244,2,5049.0,308170.80000019073,8116,WL,C,10.0
2,28.60700011253357,learn,31392.99988746643,Thu Aug 13 2026 16:57:58 GMT-0500 (Central Daylight Time),313485.40000009537,A,home,I,e,249,2,5314.599999904633,308170.80000019073,8116,WL,C,10.0
2,28.924000024795532,learn,31075.999975204468,Thu Aug 13 2026 16:57:58 GMT-0500 (Central Daylight Time),313803.0,A,homeenter,I,enter,311,2,5632.199999809265,308170.80000019073,8116,WL,C,10.0
2,29.52300000190735,learn,30476.99999809265,Thu Aug 13 2026 16:57:58 GMT-0500 (Central Daylight Time),314401.80000019073,A,c,I,c,593,2,598.5,313803.30000019073,8116,WL,C,11.0
2,29.94000005722046,learn,30059.99994277954,Thu Aug 13 2026 16:57:58 GMT-0500 (Central Daylight Time),314818.40000009537,A,ca,I,a,404,2,1015.0999999046326,313803.30000019073,8116,WL,C,11.0
2,30.140000104904175,learn,29859.999895095825,Thu Aug 13 2026 16:57:58 GMT-0500 (Central Daylight Time),315018.2000000477,A,cam,I,m,186,2,1214.8999998569489,313803.30000019073,8116,WL,C,11.0
2,30.4060001373291,learn,29593.9998626709,Thu Aug 13 2026 16:57:58 GMT-0500 (Central Daylight Time),315284.80000019073,A,camp,I,p,251,2,1481.5,313803.30000019073,8116,WL,C,11.0
2,30.706000089645386,learn,29293.999910354614,Thu Aug 13 2026 16:57:58 GMT-0500 (Central Daylight Time),315584.90000009537,A,campenter,I,enter,280,2,1781.5999999046326,313803.30000019073,8116,WL,C,11.0
2,31.75600004196167,learn,28243.99995803833,Thu Aug 13 2026 16:57:58 GMT-0500 (Central Daylight Time),316634.10000014305,A,b,I,b,1044,2,1048.9000000953674,315585.2000000477,8116,WL,C,12.0
2,32.18900012969971,learn,27810.999870300293,Thu Aug 13 2026 16:57:58 GMT-0500 (Central Daylight Time),317067.5,A,bo,I,o,418,2,1482.2999999523163,315585.2000000477,8116,WL,C,12.0
2,32.57200002670288,learn,27427.99997329712,Thu Aug 13 2026 16:57:58 GMT-0500 (Central Daylight Time),317451.0,A,bod,I,d,369,2,1865.7999999523163,315585.2000000477,8116,WL,C,12.0
2,32.75500011444092,learn,27244.999885559082,Thu Aug 13 2026 16:57:58 GMT-0500 (Central Daylight Time),317633.90000009537,A,body,I,y,171,2,2048.7000000476837,315585.2000000477,8116,WL,C,12.0
2,33.17200016975403,learn,26827.99983024597,Thu Aug 13 2026 16:57:58 GMT-0500 (Central Daylight Time),318050.5,A,bodyenter,I,enter,411,2,2465.2999999523163,315585.2000000477,8116,WL,C,12.0
2,37.73699998855591,learn,22263.00001144409,Thu Aug 13 2026 16:57:58 GMT-0500 (Central Daylight Time),322615.90000009537,A,f,I,f,4554,2,4565.0,318050.90000009537,8116,WL,C,13.0
2,37.98699998855591,learn,22013.00001144409,Thu Aug 13 2026 16:57:58 GMT-0500 (Central Daylight Time),322865.5,A,fl,I,l,228,2,4814.599999904633,318050.90000009537,8116,WL,C,13.0
2,38.337000131607056,learn,21662.999868392944,Thu Aug 13 2026 16:57:58 GMT-0500 (Central Daylight Time),323215.7000000477,A,fla,I,a,340,2,5164.799999952316,318050.90000009537,8116,WL,C,13.0
2,38.854000091552734,learn,21145.999908447266,Thu Aug 13 2026 16:57:58 GMT-0500 (Central Daylight Time),323732.2000000477,A,flag,I,g,502,2,5681.299999952316,318050.90000009537,8116,WL,C,13.0
2,39.22000002861023,learn,20779.99997138977,Thu Aug 13 2026 16:57:58 GMT-0500 (Central Daylight Time),324098.80000019073,A,flagenter,I,enter,353,2,6047.900000095367,318050.90000009537,8116,WL,C,13.0
2,59.84700012207031,learn,152.9998779296875,Thu Aug 13 2026 16:57:58 GMT-0500 (Central Daylight Time),344725.7000000477,A,c,I,c,20618,2,20626.700000047684,324099.0,8116,WL,C,14.0
2,60.01400017738342,learn,-14.000177383422852,Thu Aug 13 2026 16:57:58 GMT-0500 (Central Daylight Time),344892.30000019073,A,cNone,I,None,161,2,20793.300000190735,324099.0,8116,WL,C,14.0
3,0.7829999923706055,learn,59217.000007629395,Thu Aug 13 2026 16:57:58 GMT-0500 (Central Daylight Time),412571.10000014305,A,l,I,l,770,2,783.2999999523163,411787.80000019073,8116,WL,C,1.0
3,1.0679998397827148,learn,58932.000160217285,Thu Aug 13 2026 16:57:58 GMT-0500 (Central Daylight Time),412855.40000009537,A,le,I,e,273,2,1067.5999999046326,411787.80000019073,8116,WL,C,1.0
3,1.3829998970031738,learn,58617.000102996826,Thu Aug 13 2026 16:57:58 GMT-0500 (Central Daylight Time),413170.80000019073,A,let,I,t,301,2,1383.0,411787.80000019073,8116,WL,C,1.0
3,1.565999984741211,learn,58434.00001525879,Thu Aug 13 2026 16:57:58 GMT-0500 (Central Daylight Time),413353.90000009537,A,lett,I,t,170,2,1566.0999999046326,411787.80000019073,8116,WL,C,1.0
3,1.6669998168945312,learn,58333.00018310547,Thu Aug 13 2026 16:57:58 GMT-0500 (Central Daylight Time),413454.30000019073,A,lette,I,e,83,2,1666.5,411787.80000019073,8116,WL,C,1.0
3,1.9500000476837158,learn,58049.999952316284,Thu Aug 13 2026 16:57:58 GMT-0500 (Central Daylight Time),413737.40000009537,A,letter,I,r,271,2,1949.5999999046326,411787.80000019073,8116,WL,C,1.0
3,2.5989999771118164,learn,57401.00002288818,Thu Aug 13 2026 16:57:58 GMT-0500 (Central Daylight Time),414387.10000014305,A,letterenter,I,enter,635,2,2599.2999999523163,411787.80000019073,8116,WL,C,1.0
3,3.065999984741211,learn,56934.00001525879,Thu Aug 13 2026 16:57:58 GMT-0500 (Central Daylight Time),414853.5,A,s,I,s,449,2,465.89999985694885,414387.60000014305,8116,WL,C,2.0
3,3.2319998741149902,learn,56768.00012588501,Thu Aug 13 2026 16:57:58 GMT-0500 (Central Daylight Time),415020.2000000477,A,sh,I,h,151,2,632.5999999046326,414387.60000014305,8116,WL,C,2.0
3,3.5149998664855957,learn,56485.000133514404,Thu Aug 13 2026 16:57:58 GMT-0500 (Central Daylight Time),415303.40000009537,A,sho,I,o,272,2,915.7999999523163,414387.60000014305,8116,WL,C,2.0
3,3.7660000324249268,learn,56233.99996757507,Thu Aug 13 2026 16:57:58 GMT-0500 (Central Daylight Time),415554.2000000477,A,shor,I,r,229,2,1166.5999999046326,414387.60000014305,8116,WL,C,2.0
3,4.016000032424927,learn,55983.99996757507,Thu Aug 13 2026 16:57:58 GMT-0500 (Central Daylight Time),415803.5,A,shore,I,e,234,2,1415.8999998569489,414387.60000014305,8116,WL,C,2.0
3,4.664999961853027,learn,55335.00003814697,Thu Aug 13 2026 16:57:58 GMT-0500 (Central Daylight Time),416452.90000009537,A,shoreenter,I,enter,642,2,2065.2999999523163,414387.60000014305,8116,WL,C,2.0
3,5.281999826431274,learn,54718.000173568726,Thu Aug 13 2026 16:57:58 GMT-0500 (Central Daylight Time),417069.60000014305,A,c,I,c,608,2,616.4000000953674,416453.2000000477,8116,WL,C,3.0
3,5.615000009536743,learn,54384.99999046326,Thu Aug 13 2026 16:57:58 GMT-0500 (Central Daylight Time),417403.0,A,ca,I,a,320,2,949.7999999523163,416453.2000000477,8116,WL,C,3.0
3,6.047999858856201,learn,53952.0001411438,Thu Aug 13 2026 16:57:58 GMT-0500 (Central Daylight Time),417836.30000019073,A,cat,I,t,419,2,1383.1000001430511,416453.2000000477,8116,WL,C,3.0
3,6.297999858856201,learn,53702.0001411438,Thu Aug 13 2026 16:57:58 GMT-0500 (Central Daylight Time),418086.0,A,catt,I,t,240,2,1632.7999999523163,416453.2000000477,8116,WL,C,3.0
3,6.513999938964844,learn,53486.000061035156,Thu Aug 13 2026 16:57:58 GMT-0500 (Central Daylight Time),418302.40000009537,A,cattl,I,l,199,2,1849.2000000476837,416453.2000000477,8116,WL,C,3.0
3,6.730999946594238,learn,53269.00005340576,Thu Aug 13 2026 16:57:58 GMT-0500 (Central Daylight Time),418519.2000000477,A,cattle,I,e,206,2,2066.0,416453.2000000477,8116,WL,C,3.0
3,6.980999946594238,learn,53019.00005340576,Thu Aug 13 2026 16:57:58 GMT-0500 (Central Daylight Time),418769.10000014305,A,cattleenter,I,enter,229,2,2315.9000000953674,416453.2000000477,8116,WL,C,3.0
3,7.264999866485596,learn,52735.000133514404,Thu Aug 13 2026 16:57:58 GMT-0500 (Central Daylight Time),419053.30000019073,A,d,I,d,268,2,283.80000019073486,418769.5,8116,WL,C,4.0
3,7.513999938964844,learn,52486.000061035156,Thu Aug 13 2026 16:57:58 GMT-0500 (Central Daylight Time),419302.10000014305,A,do,I,o,232,2,532.6000001430511,418769.5,8116,WL,C,4.0
3,7.680999994277954,learn,52319.000005722046,Thu Aug 13 2026 16:57:58 GMT-0500 (Central Daylight Time),419468.90000009537,A,doc,I,c,158,2,699.4000000953674,418769.5,8116,WL,C,4.0
3,8.030999898910522,learn,51969.00010108948,Thu Aug 13 2026 16:57:58 GMT-0500 (Central Daylight Time),419819.0,A,doct,I,t,337,2,1049.5,418769.5,8116,WL,C,4.0
3,8.346999883651733,learn,51653.00011634827,Thu Aug 13 2026 16:57:58 GMT-0500 (Central Daylight Time),420135.30000019073,A,docto,I,o,306,2,1365.8000001907349,418769.5,8116,WL,C,4.0
3,8.829999923706055,learn,51170.000076293945,Thu Aug 13 2026 16:57:58 GMT-0500 (Central Daylight Time),420618.40000009537,A,doctor,I,r,462,2,1848.9000000953674,418769.5,8116,WL,C,4.0
3,9.246999979019165,learn,50753.000020980835,Thu Aug 13 2026 16:57:58 GMT-0500 (Central Daylight Time),421034.80000019073,A,doctorenter,I,enter,403,2,2265.300000190735,418769.5,8116,WL,C,4.0
3,10.513000011444092,learn,49486.99998855591,Thu Aug 13 2026 16:57:58 GMT-0500 (Central Daylight Time),422301.30000019073,A,t,I,t,1250,2,1266.1000001430511,421035.2000000477,8116,WL,C,5.0
3,10.77999997138977,learn,49220.00002861023,Thu Aug 13 2026 16:57:58 GMT-0500 (Central Daylight Time),422568.10000014305,A,to,I,o,254,2,1532.9000000953674,421035.2000000477,8116,WL,C,5.0
3,11.013000011444092,learn,48986.99998855591,Thu Aug 13 2026 16:57:58 GMT-0500 (Central Daylight Time),422801.30000019073,A,tow,I,w,212,2,1766.1000001430511,421035.2000000477,8116,WL,C,5.0
3,11.263000011444092,learn,48736.99998855591,Thu Aug 13 2026 16:57:58 GMT-0500 (Central Daylight Time),423051.0,A,towe,I,e,236,2,2015.7999999523163,421035.2000000477,8116,WL,C,5.0
3,11.546000003814697,learn,48453.9999961853,Thu Aug 13 2026 16:57:58 GMT-0500 (Central Daylight Time),423334.30000019073,A,tower,I,r,275,2,2299.100000143051,421035.2000000477,8116,WL,C,5.0
3,11.812999963760376,learn,48187.000036239624,Thu Aug 13 2026 16:57:58 GMT-0500 (Central Daylight Time),423601.10000014305,A,towerenter,I,enter,246,2,2565.9000000953674,421035.2000000477,8116,WL,C,5.0
3,12.078999996185303,learn,47921.0000038147,Thu Aug 13 2026 16:57:58 GMT-0500 (Central Daylight Time),423867.40000009537,A,w,I,w,251,2,265.90000009536743,423601.5,8116,WL,C,6.0
3,12.345999956130981,learn,47654.00004386902,Thu Aug 13 2026 16:57:58 GMT-0500 (Central Daylight Time),424134.0,A,wh,I,h,257,2,532.5,423601.5,8116,WL,C,6.0
3,12.52999997138977,learn,47470.00002861023,Thu Aug 13 2026 16:57:58 GMT-0500 (Central Daylight Time),424317.40000009537,A,whe,I,e,175,2,715.9000000953674,423601.5,8116,WL,C,6.0
3,13.013000011444092,learn,46986.99998855591,Thu Aug 13 2026 16:57:58 GMT-0500 (Central Daylight Time),424800.40000009537,A,whea,I,a,472,2,1198.9000000953674,423601.5,8116,WL,C,6.0
3,13.19599986076355,learn,46804.00013923645,Thu Aug 13 2026 16:57:58 GMT-0500 (Central Daylight Time),424983.7000000477,A,wheat,I,t,164,2,1382.2000000476837,423601.5,8116,WL,C,6.0
3,13.611999988555908,learn,46388.00001144409,Thu Aug 13 2026 16:57:58 GMT-0500 (Central Daylight Time),425400.2000000477,A,wheatenter,I,enter,396,2,1798.7000000476837,423601.5,8116,WL,C,6.0
3,14.029000043869019,learn,45970.99995613098,Thu Aug 13 2026 16:57:58 GMT-0500 (Central Daylight Time),425816.90000009537,A,q,I,q,405,2,416.2999999523163,425400.60000014305,8116,WL,C,7.0
3,14.296000003814697,learn,45703.9999961853,Thu Aug 13 2026 16:57:58 GMT-0500 (Central Daylight Time),426083.5,A,qu,I,u,260,2,682.8999998569489,425400.60000014305,8116,WL,C,7.0
3,14.495999813079834,learn,45504.000186920166,Thu Aug 13 2026 16:57:58 GMT-0500 (Central Daylight Time),426283.5,A,que,I,e,193,2,882.8999998569489,425400.60000014305,8116,WL,C,7.0
3,14.694999933242798,learn,45305.0000667572,Thu Aug 13 2026 16:57:58 GMT-0500 (Central Daylight Time),426483.30000019073,A,quee,I,e,194,2,1082.7000000476837,425400.60000014305,8116,WL,C,7.0
3,14.895999908447266,learn,45104.000091552734,Thu Aug 13 2026 16:57:58 GMT-0500 (Central Daylight Time),426683.40000009537,A,queen,I,n,186,2,1282.7999999523163,425400.60000014305,8116,WL,C,7.0
3,15.76199984550476,learn,44238.00015449524,Thu Aug 13 2026 16:57:58 GMT-0500 (Central Daylight Time),427549.60000014305,A,queenenter,I,enter,858,2,2149.0,425400.60000014305,8116,WL,C,7.0
3,17.277999877929688,learn,42722.00012207031,Thu Aug 13 2026 16:57:58 GMT-0500 (Central Daylight Time),429065.60000014305,A,s,I,s,1511,2,1515.7000000476837,427549.90000009537,8116,WL,C,8.0
3,17.51099991798401,learn,42489.00008201599,Thu Aug 13 2026 16:57:58 GMT-0500 (Central Daylight Time),429299.10000014305,A,su,I,u,219,2,1749.2000000476837,427549.90000009537,8116,WL,C,8.0
3,17.793999910354614,learn,42206.000089645386,Thu Aug 13 2026 16:57:58 GMT-0500 (Central Daylight Time),429582.30000019073,A,sug,I,g,273,2,2032.4000000953674,427549.90000009537,8116,WL,C,8.0
3,18.01099991798401,learn,41989.00008201599,Thu Aug 13 2026 16:57:58 GMT-0500 (Central Daylight Time),429798.90000009537,A,suga,I,a,207,2,2249.0,427549.90000009537,8116,WL,C,8.0
3,18.24399995803833,learn,41756.00004196167,Thu Aug 13 2026 16:57:58 GMT-0500 (Central Daylight Time),430032.40000009537,A,sugar,I,r,214,2,2482.5,427549.90000009537,8116,WL,C,8.0
3,19.09500002861023,learn,40904.99997138977,Thu Aug 13 2026 16:57:58 GMT-0500 (Central Daylight Time),430883.0,A,sugarenter,I,enter,829,2,3333.0999999046326,427549.90000009537,8116,WL,C,8.0
3,20.759999990463257,learn,39240.00000953674,Thu Aug 13 2026 16:57:58 GMT-0500 (Central Daylight Time),432548.10000014305,A,c,I,c,1657,2,1664.7999999523163,430883.30000019073,8116,WL,C,9.0
3,21.092999935150146,learn,38907.00006484985,Thu Aug 13 2026 16:57:58 GMT-0500 (Central Daylight Time),432881.2000000477,A,co,I,o,320,2,1997.8999998569489,430883.30000019073,8116,WL,C,9.0
3,21.342999935150146,learn,38657.00006484985,Thu Aug 13 2026 16:57:58 GMT-0500 (Central Daylight Time),433131.0,A,cor,I,r,242,2,2247.699999809265,430883.30000019073,8116,WL,C,9.0
3,21.508999824523926,learn,38491.000175476074,Thu Aug 13 2026 16:57:58 GMT-0500 (Central Daylight Time),433297.30000019073,A,corn,I,n,160,2,2414.0,430883.30000019073,8116,WL,C,9.0
3,22.39299988746643,learn,37607.00011253357,Thu Aug 13 2026 16:57:58 GMT-0500 (Central Daylight Time),434180.90000009537,A,cornenter,I,enter,875,2,3297.5999999046326,430883.30000019073,8116,WL,C,9.0
3,23.658999919891357,learn,36341.00008010864,Thu Aug 13 2026 16:57:58 GMT-0500 (Central Daylight Time),435447.40000009537,A,b,I,b,1248,2,1266.0999999046326,434181.30000019073,8116,WL,C,10.0
3,24.008999824523926,learn,35991.000175476074,Thu Aug 13 2026 16:57:58 GMT-0500 (Central Daylight Time),435796.90000009537,A,bo,I,o,332,2,1615.5999999046326,434181.30000019073,8116,WL,C,10.0
3,24.39199995994568,learn,35608.00004005432,Thu Aug 13 2026 16:57:58 GMT-0500 (Central Daylight Time),436180.2000000477,A,boy,I,y,368,2,1998.8999998569489,434181.30000019073,8116,WL,C,10.0
3,24.97599983215332,learn,35024.00016784668,Thu Aug 13 2026 16:57:58 GMT-0500 (Central Daylight Time),436763.40000009537,A,boyenter,I,enter,568,2,2582.0999999046326,434181.30000019073,8116,WL,C,10.0
3,29.43999981880188,learn,30560.00018119812,Thu Aug 13 2026 16:57:58 GMT-0500 (Central Daylight Time),441228.10000014305,A,c,I,c,4457,2,4464.299999952316,436763.80000019073,8116,WL,C,11.0
3,29.83999991416931,learn,30160.00008583069,Thu Aug 13 2026 16:57:58 GMT-0500 (Central Daylight Time),441628.10000014305,A,ca,I,a,392,2,4864.299999952316,436763.80000019073,8116,WL,C,11.0
3,30.08999991416931,learn,29910.00008583069,Thu Aug 13 2026 16:57:58 GMT-0500 (Central Daylight Time),441878.2000000477,A,cam,I,m,232,2,5114.399999856949,436763.80000019073,8116,WL,C,11.0
3,30.372999906539917,learn,29627.000093460083,Thu Aug 13 2026 16:57:58 GMT-0500 (Central Daylight Time),442161.2000000477,A,camp,I,p,262,2,5397.399999856949,436763.80000019073,8116,WL,C,11.0
3,30.972999811172485,learn,29027.000188827515,Thu Aug 13 2026 16:57:58 GMT-0500 (Central Daylight Time),442761.10000014305,A,campenter,I,enter,587,2,5997.299999952316,436763.80000019073,8116,WL,C,11.0
3,31.622999906539917,learn,28377.000093460083,Thu Aug 13 2026 16:57:58 GMT-0500 (Central Daylight Time),443410.90000009537,A,h,I,h,635,2,649.5,442761.40000009537,8116,WL,C,12.0
3,32.02300000190735,learn,27976.99999809265,Thu Aug 13 2026 16:57:58 GMT-0500 (Central Daylight Time),443810.7000000477,A,ho,I,o,393,2,1049.2999999523163,442761.40000009537,8116,WL,C,12.0
3,32.32299995422363,learn,27677.000045776367,Thu Aug 13 2026 16:57:58 GMT-0500 (Central Daylight Time),444110.90000009537,A,hom,I,m,281,2,1349.5,442761.40000009537,8116,WL,C,12.0
3,32.638999938964844,learn,27361.000061035156,Thu Aug 13 2026 16:57:58 GMT-0500 (Central Daylight Time),444427.30000019073,A,home,I,e,301,2,1665.9000000953674,442761.40000009537,8116,WL,C,12.0
3,32.888999938964844,learn,27111.000061035156,Thu Aug 13 2026 16:57:58 GMT-0500 (Central Daylight Time),444677.10000014305,A,homeenter,I,enter,233,2,1915.7000000476837,442761.40000009537,8116,WL,C,12.0
3,33.289000034332275,learn,26710.999965667725,Thu Aug 13 2026 16:57:58 GMT-0500 (Central Daylight Time),445077.0,A,b,I,b,391,2,399.5,444677.5,8116,WL,C,13.0
3,33.621999979019165,learn,26378.000020980835,Thu Aug 13 2026 16:57:58 GMT-0500 (Central Daylight Time),445410.30000019073,A,bo,I,o,326,2,732.8000001907349,444677.5,8116,WL,C,13.0
3,34.02199983596802,learn,25978.000164031982,Thu Aug 13 2026 16:57:58 GMT-0500 (Central Daylight Time),445810.2000000477,A,bod,I,d,386,2,1132.7000000476837,444677.5,8116,WL,C,13.0
3,34.23899984359741,learn,25761.000156402588,Thu Aug 13 2026 16:57:58 GMT-0500 (Central Daylight Time),446026.7000000477,A,body,I,y,210,2,1349.2000000476837,444677.5,8116,WL,C,13.0
3,34.83899998664856,learn,25161.00001335144,Thu Aug 13 2026 16:57:58 GMT-0500 (Central Daylight Time),446626.7000000477,A,bodyenter,I,enter,594,2,1949.2000000476837,444677.5,8116,WL,C,13.0
3,37.92199993133545,learn,22078.00006866455,Thu Aug 13 2026 16:57:58 GMT-0500 (Central Daylight Time),449709.5,A,n,I,n,3066,2,3082.5999999046326,446626.90000009537,8116,WL,C,14.0
3,38.23799991607666,learn,21762.00008392334,Thu Aug 13 2026 16:57:58 GMT-0500 (Central Daylight Time),450025.80000019073,A,na,I,a,312,2,3398.9000000953674,446626.90000009537,8116,WL,C,14.0
3,38.437999963760376,learn,21562.000036239624,Thu Aug 13 2026 16:57:58 GMT-0500 (Central Daylight Time),450226.10000014305,A,nai,I,i,188,2,3599.2000000476837,446626.90000009537,8116,WL,C,14.0
3,38.72099995613098,learn,21279.00004386902,Thu Aug 13 2026 16:57:58 GMT-0500 (Central Daylight Time),450509.0,A,nail,I,l,275,2,3882.0999999046326,446626.90000009537,8116,WL,C,14.0
3,39.1710000038147,learn,20828.999996185303,Thu Aug 13 2026 16:57:58 GMT-0500 (Central Daylight Time),450958.80000019073,A,nailenter,I,enter,432,2,4331.900000095367,446626.90000009537,8116,WL,C,14.0
3,45.151999950408936,learn,14848.000049591064,Thu Aug 13 2026 16:57:58 GMT-0500 (Central Daylight Time),456940.30000019073,A,f,I,f,5973,2,5981.200000047684,450959.10000014305,8116,WL,C,15.0
3,45.36899995803833,learn,14631.00004196167,Thu Aug 13 2026 16:57:58 GMT-0500 (Central Daylight Time),457156.90000009537,A,fl,I,l,200,2,6197.799999952316,450959.10000014305,8116,WL,C,15.0
3,45.61899995803833,learn,14381.00004196167,Thu Aug 13 2026 16:57:58 GMT-0500 (Central Daylight Time),457406.90000009537,A,fla,I,a,239,2,6447.799999952316,450959.10000014305,8116,WL,C,15.0
3,45.88499999046326,learn,14115.000009536743,Thu Aug 13 2026 16:57:58 GMT-0500 (Central Daylight Time),457673.30000019073,A,flag,I,g,254,2,6714.200000047684,450959.10000014305,8116,WL,C,15.0
3,46.23599982261658,learn,13764.000177383423,Thu Aug 13 2026 16:57:58 GMT-0500 (Central Daylight Time),458023.5,A,flagenter,I,enter,338,2,7064.399999856949,450959.10000014305,8116,WL,C,15.0
4,1.7660000324249268,learn,58233.99996757507,Thu Aug 13 2026 16:57:58 GMT-0500 (Central Daylight Time),525452.600000143,A,s,I,s,1751,2,1766.2000000476837,523686.40000009537,8116,WL,C,1.0
4,1.8829998970031738,learn,58117.000102996826,Thu Aug 13 2026 16:57:58 GMT-0500 (Central Daylight Time),525568.9000000954,A,sh,I,h,104,2,1882.5,523686.40000009537,8116,WL,C,1.0
4,2.2330000400543213,learn,57766.99995994568,Thu Aug 13 2026 16:57:58 GMT-0500 (Central Daylight Time),525919.100000143,A,sho,I,o,339,2,2232.7000000476837,523686.40000009537,8116,WL,C,1.0
4,2.498999834060669,learn,57501.00016593933,Thu Aug 13 2026 16:57:58 GMT-0500 (Central Daylight Time),526185.4000000954,A,shor,I,r,245,2,2499.0,523686.40000009537,8116,WL,C,1.0
4,2.8320000171661377,learn,57167.99998283386,Thu Aug 13 2026 16:57:58 GMT-0500 (Central Daylight Time),526518.7000000477,A,shore,I,e,315,2,2832.2999999523163,523686.40000009537,8116,WL,C,1.0
4,3.7159998416900635,learn,56284.00015830994,Thu Aug 13 2026 16:57:58 GMT-0500 (Central Daylight Time),527401.7000000477,A,shoreenter,I,enter,861,2,3715.2999999523163,523686.40000009537,8116,WL,C,1.0
4,4.414999961853027,learn,55585.00003814697,Thu Aug 13 2026 16:57:58 GMT-0500 (Central Daylight Time),528101.4000000954,A,b,I,b,684,2,699.4000000953674,527402.0,8116,WL,C,2.0
4,4.799000024795532,learn,55200.99997520447,Thu Aug 13 2026 16:57:58 GMT-0500 (Central Daylight Time),528484.8000001907,A,bo,I,o,368,2,1082.8000001907349,527402.0,8116,WL,C,2.0
4,5.2149999141693115,learn,54785.00008583069,Thu Aug 13 2026 16:57:58 GMT-0500 (Central Daylight Time),528901.2000000477,A,bod,I,d,401,2,1499.2000000476837,527402.0,8116,WL,C,2.0
4,5.414999961853027,learn,54585.00003814697,Thu Aug 13 2026 16:57:58 GMT-0500 (Central Daylight Time),529101.100000143,A,body,I,y,192,2,1699.1000001430511,527402.0,8116,WL,C,2.0
4,5.833999872207642,learn,54166.00012779236,Thu Aug 13 2026 16:57:58 GMT-0500 (Central Daylight Time),529519.600000143,A,bodyenter,I,enter,408,2,2117.600000143051,527402.0,8116,WL,C,2.0
4,6.115000009536743,learn,53884.99999046326,Thu Aug 13 2026 16:57:58 GMT-0500 (Central Daylight Time),529801.0,A,c,I,c,261,2,281.09999990463257,529519.9000000954,8116,WL,C,3.0
4,6.330999851226807,learn,53669.00014877319,Thu Aug 13 2026 16:57:58 GMT-0500 (Central Daylight Time),530017.4000000954,A,co,I,o,211,2,497.5,529519.9000000954,8116,WL,C,3.0
4,6.547999858856201,learn,53452.0001411438,Thu Aug 13 2026 16:57:58 GMT-0500 (Central Daylight Time),530234.3000001907,A,cor,I,r,204,2,714.4000000953674,529519.9000000954,8116,WL,C,3.0
4,6.730999946594238,learn,53269.00005340576,Thu Aug 13 2026 16:57:58 GMT-0500 (Central Daylight Time),530417.4000000954,A,corn,I,n,162,2,897.5,529519.9000000954,8116,WL,C,3.0
4,7.513999938964844,learn,52486.000061035156,Thu Aug 13 2026 16:57:58 GMT-0500 (Central Daylight Time),531200.5,A,cornenter,I,enter,763,2,1680.5999999046326,529519.9000000954,8116,WL,C,3.0
4,7.914000034332275,learn,52085.999965667725,Thu Aug 13 2026 16:57:58 GMT-0500 (Central Daylight Time),531600.4000000954,A,d,I,d,380,2,399.59999990463257,531200.8000001907,8116,WL,C,4.0
4,8.115000009536743,learn,51884.99999046326,Thu Aug 13 2026 16:57:58 GMT-0500 (Central Daylight Time),531801.5,A,do,I,o,180,2,600.6999998092651,531200.8000001907,8116,WL,C,4.0
4,8.346999883651733,learn,51653.00011634827,Thu Aug 13 2026 16:57:58 GMT-0500 (Central Daylight Time),532033.5,A,doc,I,c,211,2,832.6999998092651,531200.8000001907,8116,WL,C,4.0
4,8.746999979019165,learn,51253.000020980835,Thu Aug 13 2026 16:57:58 GMT-0500 (Central Daylight Time),532433.5,A,doct,I,t,380,2,1232.6999998092651,531200.8000001907,8116,WL,C,4.0
4,9.013999938964844,learn,50986.000061035156,Thu Aug 13 2026 16:57:58 GMT-0500 (Central Daylight Time),532700.100000143,A,docto,I,o,260,2,1499.2999999523163,531200.8000001907,8116,WL,C,4.0
4,9.263999938964844,learn,50736.000061035156,Thu Aug 13 2026 16:57:58 GMT-0500 (Central Daylight Time),532949.9000000954,A,doctor,I,r,233,2,1749.0999999046326,531200.8000001907,8116,WL,C,4.0
4,10.079999923706055,learn,49920.000076293945,Thu Aug 13 2026 16:57:58 GMT-0500 (Central Daylight Time),533766.3000001907,A,doctorenter,I,enter,799,2,2565.5,531200.8000001907,8116,WL,C,4.0
4,11.095999956130981,learn,48904.00004386902,Thu Aug 13 2026 16:57:58 GMT-0500 (Central Daylight Time),534782.7000000477,A,t,I,t,998,2,1016.0999999046326,533766.600000143,8116,WL,C,5.0
4,11.36299991607666,learn,48637.00008392334,Thu Aug 13 2026 16:57:58 GMT-0500 (Central Daylight Time),535049.4000000954,A,to,I,o,245,2,1282.7999999523163,533766.600000143,8116,WL,C,5.0
4,11.578999996185303,learn,48421.0000038147,Thu Aug 13 2026 16:57:58 GMT-0500 (Central Daylight Time),535265.8000001907,A,tow,I,w,211,2,1499.2000000476837,533766.600000143,8116,WL,C,5.0
4,11.863999843597412,learn,48136.00015640259,Thu Aug 13 2026 16:57:58 GMT-0500 (Central Daylight Time),535550.5,A,towe,I,e,268,2,1783.8999998569489,533766.600000143,8116,WL,C,5.0
4,12.245999813079834,learn,47754.000186920166,Thu Aug 13 2026 16:57:58 GMT-0500 (Central Daylight Time),535932.600000143,A,tower,I,r,367,2,2166.0,533766.600000143,8116,WL,C,5.0
4,12.529000043869019,learn,47470.99995613098,Thu Aug 13 2026 16:57:58 GMT-0500 (Central Daylight Time),536215.600000143,A,towerenter,I,enter,265,2,2449.0,533766.600000143,8116,WL,C,5.0
4,12.796000003814697,learn,47203.9999961853,Thu Aug 13 2026 16:57:58 GMT-0500 (Central Daylight Time),536482.3000001907,A,w,I,w,246,2,266.40000009536743,536215.9000000954,8116,WL,C,6.0
4,13.01199984550476,learn,46988.00015449524,Thu Aug 13 2026 16:57:58 GMT-0500 (Central Daylight Time),536698.600000143,A,wh,I,h,202,2,482.7000000476837,536215.9000000954,8116,WL,C,6.0
4,13.478999853134155,learn,46521.000146865845,Thu Aug 13 2026 16:57:58 GMT-0500 (Central Daylight Time),537165.4000000954,A,whe,I,e,450,2,949.5,536215.9000000954,8116,WL,C,6.0
4,13.812000036239624,learn,46187.999963760376,Thu Aug 13 2026 16:57:58 GMT-0500 (Central Daylight Time),537498.3000001907,A,whea,I,a,327,2,1282.4000000953674,536215.9000000954,8116,WL,C,6.0
4,14.078999996185303,learn,45921.0000038147,Thu Aug 13 2026 16:57:58 GMT-0500 (Central Daylight Time),537765.2000000477,A,wheat,I,t,259,2,1549.2999999523163,536215.9000000954,8116,WL,C,6.0
4,15.095999956130981,learn,44904.00004386902,Thu Aug 13 2026 16:57:58 GMT-0500 (Central Daylight Time),538782.600000143,A,wheatenter,I,enter,1007,2,2566.7000000476837,536215.9000000954,8116,WL,C,6.0
4,17.16100001335144,learn,42838.99998664856,Thu Aug 13 2026 16:57:58 GMT-0500 (Central Daylight Time),540847.5,A,q,I,q,2055,2,2064.5999999046326,538782.9000000954,8116,WL,C,7.0
4,17.393999814987183,learn,42606.00018501282,Thu Aug 13 2026 16:57:58 GMT-0500 (Central Daylight Time),541080.8000001907,A,qu,I,u,213,2,2297.9000000953674,538782.9000000954,8116,WL,C,7.0
4,17.710999965667725,learn,42289.000034332275,Thu Aug 13 2026 16:57:58 GMT-0500 (Central Daylight Time),541397.5,A,que,I,e,301,2,2614.5999999046326,538782.9000000954,8116,WL,C,7.0
4,17.91100001335144,learn,42088.99998664856,Thu Aug 13 2026 16:57:58 GMT-0500 (Central Daylight Time),541597.5,A,quee,I,e,184,2,2814.5999999046326,538782.9000000954,8116,WL,C,7.0
4,18.07699990272522,learn,41923.00009727478,Thu Aug 13 2026 16:57:58 GMT-0500 (Central Daylight Time),541763.8000001907,A,queen,I,n,151,2,2980.9000000953674,538782.9000000954,8116,WL,C,7.0
4,18.66100001335144,learn,41338.99998664856,Thu Aug 13 2026 16:57:58 GMT-0500 (Central Daylight Time),542347.0,A,queenenter,I,enter,569,2,3564.0999999046326,538782.9000000954,8116,WL,C,7.0
4,20.210000038146973,learn,39789.99996185303,Thu Aug 13 2026 16:57:58 GMT-0500 (Central Daylight Time),543896.5,A,s,I,s,1529,2,1549.1999998092651,542347.3000001907,8116,WL,C,8.0
4,20.442999839782715,learn,39557.000160217285,Thu Aug 13 2026 16:57:58 GMT-0500 (Central Daylight Time),544129.7000000477,A,su,I,u,228,2,1782.3999998569489,542347.3000001907,8116,WL,C,8.0
4,21.060999870300293,learn,38939.00012969971,Thu Aug 13 2026 16:57:58 GMT-0500 (Central Daylight Time),544747.3000001907,A,sug,I,g,611,2,2400.0,542347.3000001907,8116,WL,C,8.0
4,21.210000038146973,learn,38789.99996185303,Thu Aug 13 2026 16:57:58 GMT-0500 (Central Daylight Time),544896.100000143,A,suga,I,a,128,2,2548.7999999523163,542347.3000001907,8116,WL,C,8.0
4,21.64299988746643,learn,38357.00011253357,Thu Aug 13 2026 16:57:58 GMT-0500 (Central Daylight Time),545329.3000001907,A,sugar,I,r,421,2,2982.0,542347.3000001907,8116,WL,C,8.0
4,22.743000030517578,learn,37256.99996948242,Thu Aug 13 2026 16:57:58 GMT-0500 (Central Daylight Time),546428.9000000954,A,sugarenter,I,enter,1084,2,4081.5999999046326,542347.3000001907,8116,WL,C,8.0
4,23.858999967575073,learn,36141.00003242493,Thu Aug 13 2026 16:57:58 GMT-0500 (Central Daylight Time),547545.3000001907,A,h,I,h,1096,2,1116.0,546429.3000001907,8116,WL,C,9.0
4,24.14199995994568,learn,35858.00004005432,Thu Aug 13 2026 16:57:58 GMT-0500 (Central Daylight Time),547828.7000000477,A,ho,I,o,275,2,1399.3999998569489,546429.3000001907,8116,WL,C,9.0
4,24.375999927520752,learn,35624.00007247925,Thu Aug 13 2026 16:57:58 GMT-0500 (Central Daylight Time),548062.0,A,hom,I,m,225,2,1632.6999998092651,546429.3000001907,8116,WL,C,9.0
4,24.575999975204468,learn,35424.00002479553,Thu Aug 13 2026 16:57:58 GMT-0500 (Central Daylight Time),548261.8000001907,A,home,I,e,191,2,1832.5,546429.3000001907,8116,WL,C,9.0
4,24.875,learn,35125.0,Thu Aug 13 2026 16:57:58 GMT-0500 (Central Daylight Time),548561.600000143,A,homeenter,I,enter,288,2,2132.2999999523163,546429.3000001907,8116,WL,C,9.0
4,25.658999919891357,learn,34341.00008010864,Thu Aug 13 2026 16:57:58 GMT-0500 (Central Daylight Time),549344.9000000954,A,b,I,b,763,2,782.7999999523163,548562.100000143,8116,WL,C,10.0
4,26.057999849319458,learn,33942.00015068054,Thu Aug 13 2026 16:57:58 GMT-0500 (Central Daylight Time),549744.600000143,A,bo,I,o,388,2,1182.5,548562.100000143,8116,WL,C,10.0
4,26.47499990463257,learn,33525.00009536743,Thu Aug 13 2026 16:57:58 GMT-0500 (Central Daylight Time),550161.100000143,A,bod,I,d,396,2,1599.0,548562.100000143,8116,WL,C,10.0
4,26.757999897003174,learn,33242.000102996826,Thu Aug 13 2026 16:57:58 GMT-0500 (Central Daylight Time),550444.3000001907,A,body,I,y,276,2,1882.2000000476837,548562.100000143,8116,WL,C,10.0
4,27.674999952316284,learn,32325.000047683716,Thu Aug 13 2026 16:57:58 GMT-0500 (Central Daylight Time),551361.0,A,bodyenter,I,enter,905,2,2798.899999856949,548562.100000143,8116,WL,C,10.0
4,28.590999841690063,learn,31409.000158309937,Thu Aug 13 2026 16:57:58 GMT-0500 (Central Daylight Time),552277.100000143,A,b,I,b,900,2,915.7000000476837,551361.4000000954,8116,WL,C,11.0
4,28.973999977111816,learn,31026.000022888184,Thu Aug 13 2026 16:57:58 GMT-0500 (Central Daylight Time),552660.4000000954,A,bo,I,o,376,2,1299.0,551361.4000000954,8116,WL,C,11.0
4,29.490999937057495,learn,30509.000062942505,Thu Aug 13 2026 16:57:58 GMT-0500 (Central Daylight Time),553176.9000000954,A,boy,I,y,504,2,1815.5,551361.4000000954,8116,WL,C,11.0
4,30.35800004005432,learn,29641.99995994568,Thu Aug 13 2026 16:57:58 GMT-0500 (Central Daylight Time),554044.3000001907,A,boyenter,I,enter,860,2,2682.9000000953674,551361.4000000954,8116,WL,C,11.0
4,30.789999961853027,learn,29210.000038146973,Thu Aug 13 2026 16:57:58 GMT-0500 (Central Daylight Time),554476.600000143,A,h,I,h,417,2,431.90000009536743,554044.7000000477,8116,WL,C,12.0
4,31.10699987411499,learn,28893.00012588501,Thu Aug 13 2026 16:57:58 GMT-0500 (Central Daylight Time),554793.100000143,A,ho,I,o,305,2,748.4000000953674,554044.7000000477,8116,WL,C,12.0
4,31.323999881744385,learn,28676.000118255615,Thu Aug 13 2026 16:57:58 GMT-0500 (Central Daylight Time),555009.9000000954,A,hom,I,m,204,2,965.2000000476837,554044.7000000477,8116,WL,C,12.0
4,31.506999969482422,learn,28493.000030517578,Thu Aug 13 2026 16:57:58 GMT-0500 (Central Daylight Time),555192.9000000954,A,home,I,e,171,2,1148.2000000476837,554044.7000000477,8116,WL,C,12.0
4,31.789999961853027,learn,28210.000038146973,Thu Aug 13 2026 16:57:58 GMT-0500 (Central Daylight Time),555476.100000143,A,homeenter,I,enter,276,2,1431.4000000953674,554044.7000000477,8116,WL,C,12.0
4,35.33899998664856,learn,24661.00001335144,Thu Aug 13 2026 16:57:58 GMT-0500 (Central Daylight Time),559025.4000000954,A,n,I,n,3528,2,3549.0,555476.4000000954,8116,WL,C,13.0
4,35.58899998664856,learn,24411.00001335144,Thu Aug 13 2026 16:57:58 GMT-0500 (Central Daylight Time),559275.100000143,A,na,I,a,235,2,3798.7000000476837,555476.4000000954,8116,WL,C,13.0
4,35.77199983596802,learn,24228.000164031982,Thu Aug 13 2026 16:57:58 GMT-0500 (Central Daylight Time),559458.5,A,nai,I,i,170,2,3982.0999999046326,555476.4000000954,8116,WL,C,13.0
4,36.05499982833862,learn,23945.000171661377,Thu Aug 13 2026 16:57:58 GMT-0500 (Central Daylight Time),559741.600000143,A,nail,I,l,275,2,4265.200000047684,555476.4000000954,8116,WL,C,13.0
4,36.50499987602234,learn,23495.00012397766,Thu Aug 13 2026 16:57:58 GMT-0500 (Central Daylight Time),560191.5,A,nailenter,I,enter,439,2,4715.099999904633,555476.4000000954,8116,WL,C,13.0
4,36.937999963760376,learn,23062.000036239624,Thu Aug 13 2026 16:57:58 GMT-0500 (Central Daylight Time),560624.600000143,A,f,I,f,413,2,432.7999999523163,560191.8000001907,8116,WL,C,14.0
4,37.13800001144409,learn,22861.99998855591,Thu Aug 13 2026 16:57:58 GMT-0500 (Central Daylight Time),560824.600000143,A,fl,I,l,180,2,632.7999999523163,560191.8000001907,8116,WL,C,14.0
4,37.35599994659424,learn,22644.00005340576,Thu Aug 13 2026 16:57:58 GMT-0500 (Central Daylight Time),561042.100000143,A,fla,I,a,196,2,850.2999999523163,560191.8000001907,8116,WL,C,14.0
4,37.620999813079834,learn,22379.000186920166,Thu Aug 13 2026 16:57:58 GMT-0500 (Central Daylight Time),561307.8000001907,A,flag,I,g,259,2,1116.0,560191.8000001907,8116,WL,C,14.0
4,38.187999963760376,learn,21812.000036239624,Thu Aug 13 2026 16:57:58 GMT-0500 (Central Daylight Time),561874.4000000954,A,flagenter,I,enter,554,2,1682.5999999046326,560191.8000001907,8116,WL,C,14.0
4,56.1489999294281,learn,3851.0000705718994,Thu Aug 13 2026 16:57:58 GMT-0500 (Central Daylight Time),579835.4000000954,A,b,I,b,17947,2,17960.700000047684,561874.7000000477,8116,WL,C,15.0
4,56.598999977111816,learn,3401.0000228881836,Thu Aug 13 2026 16:57:58 GMT-0500 (Central Daylight Time),580285.0,A,bo,I,o,441,2,18410.299999952316,561874.7000000477,8116,WL,C,15.0
4,57.431999921798706,learn,2568.000078201294,Thu Aug 13 2026 16:57:58 GMT-0500 (Central Daylight Time),581118.3000001907,A,bod,I,d,824,2,19243.60000014305,561874.7000000477,8116,WL,C,15.0
4,57.61500000953674,learn,2384.999990463257,Thu Aug 13 2026 16:57:58 GMT-0500 (Central Daylight Time),581301.5,A,body,I,y,174,2,19426.799999952316,561874.7000000477,8116,WL,C,15.0
4,58.08200001716614,learn,1917.9999828338623,Thu Aug 13 2026 16:57:58 GMT-0500 (Central Daylight Time),581768.0,A,bodyenter,I,enter,456,2,19893.299999952316,561874.7000000477,8116,WL,C,15.0
5,0.9670000076293945,learn,60000.0,Thu Aug 13 2026 16:57:58 GMT-0500 (Central Daylight Time),647980.600000143,A,t,I,t,952,2,966.4000000953674,647014.2000000477,8116,WL,C,1.0
5,1.184000015258789,learn,60000.0,Thu Aug 13 2026 16:57:58 GMT-0500 (Central Daylight Time),648197.100000143,A,to,I,o,200,2,1182.9000000953674,647014.2000000477,8116,WL,C,1.0
5,1.4839999675750732,learn,60000.0,Thu Aug 13 2026 16:57:58 GMT-0500 (Central Daylight Time),648497.100000143,A,tow,I,w,279,2,1482.9000000953674,647014.2000000477,8116,WL,C,1.0
5,1.7669999599456787,learn,60000.0,Thu Aug 13 2026 16:57:58 GMT-0500 (Central Daylight Time),648780.2000000477,A,towe,I,e,276,2,1766.0,647014.2000000477,8116,WL,C,1.0
5,2.0850000381469727,learn,60000.0,Thu Aug 13 2026 16:57:58 GMT-0500 (Central Daylight Time),649098.5,A,tower,I,r,305,2,2084.2999999523163,647014.2000000477,8116,WL,C,1.0
5,2.883000135421753,learn,60000.0,Thu Aug 13 2026 16:57:58 GMT-0500 (Central Daylight Time),649896.8000001907,A,towerenter,I,enter,786,2,2882.600000143051,647014.2000000477,8116,WL,C,1.0
5,3.4160001277923584,learn,60000.0,Thu Aug 13 2026 16:57:58 GMT-0500 (Central Daylight Time),650429.9000000954,A,w,I,w,516,2,532.7999999523163,649897.100000143,8116,WL,C,2.0
5,3.633000135421753,learn,60000.0,Thu Aug 13 2026 16:57:58 GMT-0500 (Central Daylight Time),650646.5,A,wh,I,h,206,2,749.3999998569489,649897.100000143,8116,WL,C,2.0
5,3.999000072479248,learn,60000.0,Thu Aug 13 2026 16:57:58 GMT-0500 (Central Daylight Time),651012.8000001907,A,whe,I,e,359,2,1115.7000000476837,649897.100000143,8116,WL,C,2.0
5,5.181999921798706,learn,60000.0,Thu Aug 13 2026 16:57:58 GMT-0500 (Central Daylight Time),652196.0,A,whea,I,a,1177,2,2298.899999856949,649897.100000143,8116,WL,C,2.0
5,5.499000072479248,learn,60000.0,Thu Aug 13 2026 16:57:58 GMT-0500 (Central Daylight Time),652512.600000143,A,wheat,I,t,305,2,2615.5,649897.100000143,8116,WL,C,2.0
5,6.249000072479248,learn,60000.0,Thu Aug 13 2026 16:57:58 GMT-0500 (Central Daylight Time),653262.3000001907,A,wheatenter,I,enter,733,2,3365.2000000476837,649897.100000143,8116,WL,C,2.0
5,6.732000112533569,learn,60000.0,Thu Aug 13 2026 16:57:58 GMT-0500 (Central Daylight Time),653745.5,A,q,I,q,462,2,482.89999985694885,653262.600000143,8116,WL,C,3.0
5,7.04800009727478,learn,60000.0,Thu Aug 13 2026 16:57:58 GMT-0500 (Central Daylight Time),654062.0,A,qu,I,u,306,2,799.3999998569489,653262.600000143,8116,WL,C,3.0
5,7.365000009536743,learn,60000.0,Thu Aug 13 2026 16:57:58 GMT-0500 (Central Daylight Time),654378.600000143,A,que,I,e,295,2,1116.0,653262.600000143,8116,WL,C,3.0
5,7.581000089645386,learn,60000.0,Thu Aug 13 2026 16:57:58 GMT-0500 (Central Daylight Time),654595.100000143,A,quee,I,e,210,2,1332.5,653262.600000143,8116,WL,C,3.0
5,7.765000104904175,learn,60000.0,Thu Aug 13 2026 16:57:58 GMT-0500 (Central Daylight Time),654778.2000000477,A,queen,I,n,178,2,1515.5999999046326,653262.600000143,8116,WL,C,3.0
5,8.164999961853027,learn,60000.0,Thu Aug 13 2026 16:57:58 GMT-0500 (Central Daylight Time),655178.8000001907,A,queenenter,I,enter,380,2,1916.2000000476837,653262.600000143,8116,WL,C,3.0
5,8.531000137329102,learn,60000.0,Thu Aug 13 2026 16:57:58 GMT-0500 (Central Daylight Time),655544.8000001907,A,s,I,s,354,2,365.7000000476837,655179.100000143,8116,WL,C,4.0
5,8.898000001907349,learn,60000.0,Thu Aug 13 2026 16:57:58 GMT-0500 (Central Daylight Time),655911.5,A,su,I,u,355,2,732.3999998569489,655179.100000143,8116,WL,C,4.0
5,9.331000089645386,learn,60000.0,Thu Aug 13 2026 16:57:58 GMT-0500 (Central Daylight Time),656344.7000000477,A,sug,I,g,421,2,1165.5999999046326,655179.100000143,8116,WL,C,4.0
5,9.515000104904175,learn,60000.0,Thu Aug 13 2026 16:57:58 GMT-0500 (Central Daylight Time),656529.0,A,suga,I,a,164,2,1349.8999998569489,655179.100000143,8116,WL,C,4.0
5,9.947999954223633,learn,60000.0,Thu Aug 13 2026 16:57:58 GMT-0500 (Central Daylight Time),656961.2000000477,A,sugar,I,r,420,2,1782.0999999046326,655179.100000143,8116,WL,C,4.0
5,11.38100004196167,learn,60000.0,Thu Aug 13 2026 16:57:58 GMT-0500 (Central Daylight Time),658394.5,A,sugarenter,I,enter,1428,2,3215.399999856949,655179.100000143,8116,WL,C,4.0
5,11.930000066757202,learn,60000.0,Thu Aug 13 2026 16:57:58 GMT-0500 (Central Daylight Time),658943.9000000954,A,h,I,h,539,2,549.0999999046326,658394.8000001907,8116,WL,C,5.0
5,12.29699993133545,learn,60000.0,Thu Aug 13 2026 16:57:58 GMT-0500 (Central Daylight Time),659310.3000001907,A,ho,I,o,350,2,915.5,658394.8000001907,8116,WL,C,5.0
5,12.546000003814697,learn,60000.0,Thu Aug 13 2026 16:57:58 GMT-0500 (Central Daylight Time),659560.100000143,A,hom,I,m,230,2,1165.2999999523163,658394.8000001907,8116,WL,C,5.0
5,12.79699993133545,learn,60000.0,Thu Aug 13 2026 16:57:58 GMT-0500 (Central Daylight Time),659810.100000143,A,home,I,e,237,2,1415.2999999523163,658394.8000001907,8116,WL,C,5.0
5,13.180000066757202,learn,60000.0,Thu Aug 13 2026 16:57:58 GMT-0500 (Central Daylight Time),660193.600000143,A,homeenter,I,enter,371,2,1798.7999999523163,658394.8000001907,8116,WL,C,5.0
5,14.779000043869019,learn,60000.0,Thu Aug 13 2026 16:57:58 GMT-0500 (Central Daylight Time),661793.100000143,A,b,I,b,1579,2,1599.2000000476837,660193.9000000954,8116,WL,C,6.0
5,15.229000091552734,learn,60000.0,Thu Aug 13 2026 16:57:58 GMT-0500 (Central Daylight Time),662242.7000000477,A,bo,I,o,436,2,2048.7999999523163,660193.9000000954,8116,WL,C,6.0
5,15.67900013923645,learn,60000.0,Thu Aug 13 2026 16:57:58 GMT-0500 (Central Daylight Time),662692.600000143,A,boy,I,y,435,2,2498.7000000476837,660193.9000000954,8116,WL,C,6.0
5,16.378999948501587,learn,60000.0,Thu Aug 13 2026 16:57:58 GMT-0500 (Central Daylight Time),663392.5,A,boyenter,I,enter,681,2,3198.5999999046326,660193.9000000954,8116,WL,C,6.0
5,17.328999996185303,learn,60000.0,Thu Aug 13 2026 16:57:58 GMT-0500 (Central Daylight Time),664342.100000143,A,c,I,c,932,2,949.1000001430511,663393.0,8116,WL,C,7.0
5,17.727999925613403,learn,60000.0,Thu Aug 13 2026 16:57:58 GMT-0500 (Central Daylight Time),664741.8000001907,A,ca,I,a,390,2,1348.8000001907349,663393.0,8116,WL,C,7.0
5,17.92799997329712,learn,60000.0,Thu Aug 13 2026 16:57:58 GMT-0500 (Central Daylight Time),664942.0,A,cam,I,m,190,2,1549.0,663393.0,8116,WL,C,7.0
5,18.34500002861023,learn,60000.0,Thu Aug 13 2026 16:57:58 GMT-0500 (Central Daylight Time),665358.7000000477,A,camp,I,p,399,2,1965.7000000476837,663393.0,8116,WL,C,7.0
5,18.66100001335144,learn,60000.0,Thu Aug 13 2026 16:57:58 GMT-0500 (Central Daylight Time),665674.9000000954,A,campenter,I,enter,311,2,2281.9000000953674,663393.0,8116,WL,C,7.0
5,19.028000116348267,learn,60000.0,Thu Aug 13 2026 16:57:58 GMT-0500 (Central Daylight Time),666041.5,A,f,I,f,355,2,366.39999985694885,665675.100000143,8116,WL,C,8.0
5,19.227999925613403,learn,60000.0,Thu Aug 13 2026 16:57:58 GMT-0500 (Central Daylight Time),666241.5,A,fl,I,l,179,2,566.3999998569489,665675.100000143,8116,WL,C,8.0
5,19.444000005722046,learn,60000.0,Thu Aug 13 2026 16:57:58 GMT-0500 (Central Daylight Time),666457.8000001907,A,fla,I,a,211,2,782.7000000476837,665675.100000143,8116,WL,C,8.0
5,19.82800006866455,learn,60000.0,Thu Aug 13 2026 16:57:58 GMT-0500 (Central Daylight Time),666841.2000000477,A,flag,I,g,363,2,1166.0999999046326,665675.100000143,8116,WL,C,8.0
5,20.39400005340576,learn,60000.0,Thu Aug 13 2026 16:57:58 GMT-0500 (Central Daylight Time),667407.7000000477,A,flagenter,I,enter,547,2,1732.5999999046326,665675.100000143,8116,WL,C,8.0
5,20.960999965667725,learn,60000.0,Thu Aug 13 2026 16:57:58 GMT-0500 (Central Daylight Time),667974.5,A,c,I,c,550,2,566.3999998569489,667408.100000143,8116,WL,C,9.0
5,21.210999965667725,learn,60000.0,Thu Aug 13 2026 16:57:58 GMT-0500 (Central Daylight Time),668224.2000000477,A,ca,I,a,230,2,816.0999999046326,667408.100000143,8116,WL,C,9.0
5,21.49399995803833,learn,60000.0,Thu Aug 13 2026 16:57:58 GMT-0500 (Central Daylight Time),668507.4000000954,A,cat,I,t,276,2,1099.2999999523163,667408.100000143,8116,WL,C,9.0
5,21.64400005340576,learn,60000.0,Thu Aug 13 2026 16:57:58 GMT-0500 (Central Daylight Time),668657.4000000954,A,catt,I,t,129,2,1249.2999999523163,667408.100000143,8116,WL,C,9.0
5,22.094000101089478,learn,60000.0,Thu Aug 13 2026 16:57:58 GMT-0500 (Central Daylight Time),669107.5,A,cattl,I,l,436,2,1699.3999998569489,667408.100000143,8116,WL,C,9.0
5,22.377000093460083,learn,60000.0,Thu Aug 13 2026 16:57:58 GMT-0500 (Central Daylight Time),669390.4000000954,A,cattle,I,e,274,2,1982.2999999523163,667408.100000143,8116,WL,C,9.0
5,22.80999994277954,learn,60000.0,Thu Aug 13 2026 16:57:58 GMT-0500 (Central Daylight Time),669823.8000001907,A,cattleenter,I,enter,415,2,2415.7000000476837,667408.100000143,8116,WL,C,9.0
5,23.427000045776367,learn,60000.0,Thu Aug 13 2026 16:57:58 GMT-0500 (Central Daylight Time),670440.2000000477,A,l,I,l,606,2,616.0999999046326,669824.100000143,8116,WL,C,10.0
5,23.610000133514404,learn,60000.0,Thu Aug 13 2026 16:57:58 GMT-0500 (Central Daylight Time),670623.5,A,le,I,e,173,2,799.3999998569489,669824.100000143,8116,WL,C,10.0
5,23.89300012588501,learn,60000.0,Thu Aug 13 2026 16:57:58 GMT-0500 (Central Daylight Time),670906.5,A,let,I,t,278,2,1082.3999998569489,669824.100000143,8116,WL,C,10.0
5,24.042999982833862,learn,60000.0,Thu Aug 13 2026 16:57:58 GMT-0500 (Central Daylight Time),671056.7000000477,A,lett,I,t,138,2,1232.5999999046326,669824.100000143,8116,WL,C,10.0
5,24.16000008583069,learn,60000.0,Thu Aug 13 2026 16:57:58 GMT-0500 (Central Daylight Time),671173.3000001907,A,lette,I,e,108,2,1349.2000000476837,669824.100000143,8116,WL,C,10.0
5,24.444000005722046,learn,60000.0,Thu Aug 13 2026 16:57:58 GMT-0500 (Central Daylight Time),671457.600000143,A,letter,I,r,271,2,1633.5,669824.100000143,8116,WL,C,10.0
5,25.108999967575073,learn,60000.0,Thu Aug 13 2026 16:57:58 GMT-0500 (Central Daylight Time),672122.600000143,A,letterenter,I,enter,659,2,2298.5,669824.100000143,8116,WL,C,10.0
5,25.4760000705719,learn,60000.0,Thu Aug 13 2026 16:57:58 GMT-0500 (Central Daylight Time),672489.8000001907,A,c,I,c,362,2,366.90000009536743,672122.9000000954,8116,WL,C,11.0
5,25.70900011062622,learn,60000.0,Thu Aug 13 2026 16:57:58 GMT-0500 (Central Daylight Time),672722.5,A,co,I,o,227,2,599.5999999046326,672122.9000000954,8116,WL,C,11.0
5,25.926000118255615,learn,60000.0,Thu Aug 13 2026 16:57:58 GMT-0500 (Central Daylight Time),672939.3000001907,A,cor,I,r,203,2,816.4000000953674,672122.9000000954,8116,WL,C,11.0
5,26.14300012588501,learn,60000.0,Thu Aug 13 2026 16:57:58 GMT-0500 (Central Daylight Time),673156.2000000477,A,corn,I,n,202,2,1033.2999999523163,672122.9000000954,8116,WL,C,11.0
5,26.575999975204468,learn,60000.0,Thu Aug 13 2026 16:57:58 GMT-0500 (Central Daylight Time),673589.3000001907,A,cornenter,I,enter,425,2,1466.4000000953674,672122.9000000954,8116,WL,C,11.0
5,28.242000102996826,learn,60000.0,Thu Aug 13 2026 16:57:58 GMT-0500 (Central Daylight Time),675255.2000000477,A,n,I,n,1656,2,1665.2999999523163,673589.9000000954,8116,WL,C,12.0
5,28.424999952316284,learn,60000.0,Thu Aug 13 2026 16:57:58 GMT-0500 (Central Daylight Time),675438.7000000477,A,na,I,a,174,2,1848.7999999523163,673589.9000000954,8116,WL,C,12.0
5,28.592000007629395,learn,60000.0,Thu Aug 13 2026 16:57:58 GMT-0500 (Central Daylight Time),675605.3000001907,A,nai,I,i,159,2,2015.4000000953674,673589.9000000954,8116,WL,C,12.0
5,28.85800004005432,learn,60000.0,Thu Aug 13 2026 16:57:58 GMT-0500 (Central Daylight Time),675871.7000000477,A,nail,I,l,256,2,2281.7999999523163,673589.9000000954,8116,WL,C,12.0
5,29.45799994468689,learn,60000.0,Thu Aug 13 2026 16:57:58 GMT-0500 (Central Daylight Time),676471.7000000477,A,nailenter,I,enter,581,2,2881.7999999523163,673589.9000000954,8116,WL,C,12.0
5,30.20900011062622,learn,60000.0,Thu Aug 13 2026 16:57:58 GMT-0500 (Central Daylight Time),677222.7000000477,A,s,I,s,741,2,750.5999999046326,676472.100000143,8116,WL,C,13.0
5,30.375,learn,60000.0,Thu Aug 13 2026 16:57:58 GMT-0500 (Central Daylight Time),677388.2000000477,A,sh,I,h,151,2,916.0999999046326,676472.100000143,8116,WL,C,13.0
5,30.69099998474121,learn,60000.0,Thu Aug 13 2026 16:57:58 GMT-0500 (Central Daylight Time),677704.7000000477,A,sho,I,o,305,2,1232.5999999046326,676472.100000143,8116,WL,C,13.0
5,30.85800004005432,learn,60000.0,Thu Aug 13 2026 16:57:58 GMT-0500 (Central Daylight Time),677871.100000143,A,shor,I,r,156,2,1399.0,676472.100000143,8116,WL,C,13.0
5,31.124000072479248,learn,60000.0,Thu Aug 13 2026 16:57:58 GMT-0500 (Central Daylight Time),678137.9000000954,A,shore,I,e,245,2,1665.7999999523163,676472.100000143,8116,WL,C,13.0
5,31.407999992370605,learn,60000.0,Thu Aug 13 2026 16:57:58 GMT-0500 (Central Daylight Time),678421.5,A,shoreenter,I,enter,275,2,1949.3999998569489,676472.100000143,8116,WL,C,13.0
5,33.0239999294281,learn,60000.0,Thu Aug 13 2026 16:57:58 GMT-0500 (Central Daylight Time),680037.100000143,A,b,I,b,1608,2,1615.4000000953674,678421.7000000477,8116,WL,C,14.0
5,33.58999991416931,learn,60000.0,Thu Aug 13 2026 16:57:58 GMT-0500 (Central Daylight Time),680603.7000000477,A,bo,I,o,560,2,2182.0,678421.7000000477,8116,WL,C,14.0
5,33.83999991416931,learn,60000.0,Thu Aug 13 2026 16:57:58 GMT-0500 (Central Daylight Time),680853.7000000477,A,bod,I,d,232,2,2432.0,678421.7000000477,8116,WL,C,14.0
5,34.07299995422363,learn,60000.0,Thu Aug 13 2026 16:57:58 GMT-0500 (Central Daylight Time),681086.600000143,A,body,I,y,224,2,2664.9000000953674,678421.7000000477,8116,WL,C,14.0
5,34.6560001373291,learn,60000.0,Thu Aug 13 2026 16:57:58 GMT-0500 (Central Daylight Time),681670.100000143,A,bodyenter,I,enter,574,2,3248.4000000953674,678421.7000000477,8116,WL,C,14.0
5,39.13800001144409,learn,60000.0,Thu Aug 13 2026 16:57:58 GMT-0500 (Central Daylight Time),686151.8000001907,A,d,I,d,4462,2,4481.300000190735,681670.5,8116,WL,C,15.0
5,39.437999963760376,learn,60000.0,Thu Aug 13 2026 16:57:58 GMT-0500 (Central Daylight Time),686451.7000000477,A,do,I,o,292,2,4781.200000047684,681670.5,8116,WL,C,15.0
5,39.605000019073486,learn,60000.0,Thu Aug 13 2026 16:57:58 GMT-0500 (Central Daylight Time),686618.4000000954,A,doc,I,c,154,2,4947.900000095367,681670.5,8116,WL,C,15.0
5,39.98799991607666,learn,60000.0,Thu Aug 13 2026 16:57:58 GMT-0500 (Central Daylight Time),687001.8000001907,A,doct,I,t,362,2,5331.300000190735,681670.5,8116,WL,C,15.0
5,40.187999963760376,learn,60000.0,Thu Aug 13 2026 16:57:58 GMT-0500 (Central Daylight Time),687201.5,A,docto,I,o,195,2,5531.0,681670.5,8116,WL,C,15.0
5,40.38800001144409,learn,60000.0,Thu Aug 13 2026 16:57:58 GMT-0500 (Central Daylight Time),687401.5,A,doctor,I,r,180,2,5731.0,681670.5,8116,WL,C,15.0
5,40.63800001144409,learn,60000.0,Thu Aug 13 2026 16:57:58 GMT-0500 (Central Daylight Time),687651.4000000954,A,doctorenter,I,enter,236,2,5980.900000095367,681670.5,8116,WL,C,15.0
6,1.683000087738037,distr,58316.99991226196,Thu Aug 13 2026 16:57:58 GMT-0500 (Central Daylight Time),755513.600000143,B,s,I,s,1671,2,1682.7000000476837,753830.9000000954,8116,WL,C,1.0
6,1.9000000953674316,distr,58099.99990463257,Thu Aug 13 2026 16:57:58 GMT-0500 (Central Daylight Time),755730.4000000954,B,sk,I,k,195,2,1899.5,753830.9000000954,8116,WL,C,1.0
6,2.2330000400543213,distr,57766.99995994568,Thu Aug 13 2026 16:57:58 GMT-0500 (Central Daylight Time),756063.3000001907,B,sky,I,y,323,2,2232.4000000953674,753830.9000000954,8116,WL,C,1.0
6,2.6660001277923584,distr,57333.99987220764,Thu Aug 13 2026 16:57:58 GMT-0500 (Central Daylight Time),756496.5,B,skyenter,I,enter,421,2,2665.5999999046326,753830.9000000954,8116,WL,C,1.0
6,3.3990001678466797,distr,56600.99983215332,Thu Aug 13 2026 16:57:58 GMT-0500 (Central Daylight Time),757229.600000143,B,v,I,v,717,2,732.7999999523163,756496.8000001907,8116,WL,C,2.0
6,3.632000207901001,distr,56367.999792099,Thu Aug 13 2026 16:57:58 GMT-0500 (Central Daylight Time),757462.9000000954,B,va,I,a,216,2,966.0999999046326,756496.8000001907,8116,WL,C,2.0
6,3.8990001678466797,distr,56100.99983215332,Thu Aug 13 2026 16:57:58 GMT-0500 (Central Daylight Time),757729.3000001907,B,val,I,l,246,2,1232.5,756496.8000001907,8116,WL,C,2.0
6,4.0320000648498535,distr,55967.99993515015,Thu Aug 13 2026 16:57:58 GMT-0500 (Central Daylight Time),757862.7000000477,B,vall,I,l,124,2,1365.8999998569489,756496.8000001907,8116,WL,C,2.0
6,4.265000104904175,distr,55734.999895095825,Thu Aug 13 2026 16:57:58 GMT-0500 (Central Daylight Time),758096.0,B,valle,I,e,222,2,1599.1999998092651,756496.8000001907,8116,WL,C,2.0
6,4.432000160217285,distr,55567.999839782715,Thu Aug 13 2026 16:57:58 GMT-0500 (Central Daylight Time),758262.7000000477,B,valley,I,y,148,2,1765.8999998569489,756496.8000001907,8116,WL,C,2.0
6,5.210000038146973,distr,54789.99996185303,Thu Aug 13 2026 16:57:58 GMT-0500 (Central Daylight Time),759040.5,B,valleyenter,I,enter,772,2,2543.699999809265,756496.8000001907,8116,WL,C,2.0
6,5.748000144958496,distr,54251.999855041504,Thu Aug 13 2026 16:57:58 GMT-0500 (Central Daylight Time),759578.9000000954,B,w,I,w,531,2,538.0999999046326,759040.8000001907,8116,WL,C,3.0
6,5.998000144958496,distr,54001.999855041504,Thu Aug 13 2026 16:57:58 GMT-0500 (Central Daylight Time),759828.9000000954,B,wi,I,i,234,2,788.0999999046326,759040.8000001907,8116,WL,C,3.0
6,6.1650002002716064,distr,53834.99979972839,Thu Aug 13 2026 16:57:58 GMT-0500 (Central Daylight Time),759996.2000000477,B,wii,I,i,160,2,955.3999998569489,759040.8000001907,8116,WL,C,3.0
6,7.214000225067139,distr,52785.99977493286,Thu Aug 13 2026 16:57:58 GMT-0500 (Central Daylight Time),761045.3000001907,B,wi,I,backspace,1033,2,2004.5,759040.8000001907,8116,WL,C,3.0
6,7.54800009727478,distr,52451.99990272522,Thu Aug 13 2026 16:57:58 GMT-0500 (Central Daylight Time),761378.3000001907,B,wit,I,t,319,2,2337.5,759040.8000001907,8116,WL,C,3.0
6,8.897000074386597,distr,51102.9999256134,Thu Aug 13 2026 16:57:58 GMT-0500 (Central Daylight Time),762727.9000000954,B,wi,I,backspace,1339,2,3687.0999999046326,759040.8000001907,8116,WL,C,3.0
6,9.580000162124634,distr,50419.999837875366,Thu Aug 13 2026 16:57:58 GMT-0500 (Central Daylight Time),763410.8000001907,B,win,I,n,678,2,4370.0,759040.8000001907,8116,WL,C,3.0
6,9.930000066757202,distr,50069.9999332428,Thu Aug 13 2026 16:57:58 GMT-0500 (Central Daylight Time),763760.9000000954,B,wint,I,t,338,2,4720.099999904633,759040.8000001907,8116,WL,C,3.0
6,10.13100004196167,distr,49868.99995803833,Thu Aug 13 2026 16:57:58 GMT-0500 (Central Daylight Time),763961.9000000954,B,winte,I,e,179,2,4921.099999904633,759040.8000001907,8116,WL,C,3.0
6,10.347000122070312,distr,49652.99987792969,Thu Aug 13 2026 16:57:58 GMT-0500 (Central Daylight Time),764177.4000000954,B,winter,I,r,203,2,5136.599999904633,759040.8000001907,8116,WL,C,3.0
6,11.013000011444092,distr,48986.99998855591,Thu Aug 13 2026 16:57:58 GMT-0500 (Central Daylight Time),764844.0,B,winterenter,I,enter,651,2,5803.199999809265,759040.8000001907,8116,WL,C,3.0
6,11.663000106811523,distr,48336.99989318848,Thu Aug 13 2026 16:57:58 GMT-0500 (Central Daylight Time),765493.8000001907,B,v,I,v,642,2,649.6000001430511,764844.2000000477,8116,WL,C,4.0
6,11.979000091552734,distr,48020.999908447266,Thu Aug 13 2026 16:57:58 GMT-0500 (Central Daylight Time),765809.9000000954,B,va,I,a,311,2,965.7000000476837,764844.2000000477,8116,WL,C,4.0
6,12.180000066757202,distr,47819.9999332428,Thu Aug 13 2026 16:57:58 GMT-0500 (Central Daylight Time),766010.4000000954,B,val,I,l,187,2,1166.2000000476837,764844.2000000477,8116,WL,C,4.0
6,12.330000162124634,distr,47669.999837875366,Thu Aug 13 2026 16:57:58 GMT-0500 (Central Daylight Time),766160.4000000954,B,vall,I,l,139,2,1316.2000000476837,764844.2000000477,8116,WL,C,4.0
6,12.578999996185303,distr,47421.0000038147,Thu Aug 13 2026 16:57:58 GMT-0500 (Central Daylight Time),766409.7000000477,B,valle,I,e,236,2,1565.5,764844.2000000477,8116,WL,C,4.0
6,12.746000051498413,distr,47253.99994850159,Thu Aug 13 2026 16:57:58 GMT-0500 (Central Daylight Time),766576.7000000477,B,valley,I,y,146,2,1732.5,764844.2000000477,8116,WL,C,4.0
6,14.146000146865845,distr,45853.999853134155,Thu Aug 13 2026 16:57:58 GMT-0500 (Central Daylight Time),767976.5,B,valle,I,backspace,1387,2,3132.2999999523163,764844.2000000477,8116,WL,C,4.0
6,14.578999996185303,distr,45421.0000038147,Thu Aug 13 2026 16:57:58 GMT-0500 (Central Daylight Time),768409.5,B,vall,I,backspace,412,2,3565.2999999523163,764844.2000000477,8116,WL,C,4.0
6,14.945000171661377,distr,45054.99982833862,Thu Aug 13 2026 16:57:58 GMT-0500 (Central Daylight Time),768775.8000001907,B,val,I,backspace,348,2,3931.600000143051,764844.2000000477,8116,WL,C,4.0
6,15.17900013923645,distr,44820.99986076355,Thu Aug 13 2026 16:57:58 GMT-0500 (Central Daylight Time),769009.2000000477,B,va,I,backspace,222,2,4165.0,764844.2000000477,8116,WL,C,4.0
6,15.395000219345093,distr,44604.99978065491,Thu Aug 13 2026 16:57:58 GMT-0500 (Central Daylight Time),769225.7000000477,B,v,I,backspace,195,2,4381.5,764844.2000000477,8116,WL,C,4.0
6,15.645000219345093,distr,44354.99978065491,Thu Aug 13 2026 16:57:58 GMT-0500 (Central Daylight Time),769475.8000001907,B,,I,backspace,243,2,4631.600000143051,764844.2000000477,8116,WL,C,4.0
6,16.57800006866455,distr,43421.99993133545,Thu Aug 13 2026 16:57:58 GMT-0500 (Central Daylight Time),770408.8000001907,B,n,I,n,913,2,5564.600000143051,764844.2000000477,8116,WL,C,4.0
6,17.311000108718872,distr,42688.99989128113,Thu Aug 13 2026 16:57:58 GMT-0500 (Central Daylight Time),771141.9000000954,B,,I,backspace,716,2,6297.700000047684,764844.2000000477,8116,WL,C,4.0
6,17.66100001335144,distr,42338.99998664856,Thu Aug 13 2026 16:57:58 GMT-0500 (Central Daylight Time),771491.9000000954,B,m,I,m,343,2,6647.700000047684,764844.2000000477,8116,WL,C,4.0
6,17.895000219345093,distr,42104.99978065491,Thu Aug 13 2026 16:57:58 GMT-0500 (Central Daylight Time),771725.5,B,mo,I,o,217,2,6881.299999952316,764844.2000000477,8116,WL,C,4.0
6,18.14400005340576,distr,41855.99994659424,Thu Aug 13 2026 16:57:58 GMT-0500 (Central Daylight Time),771975.100000143,B,mot,I,t,240,2,7130.900000095367,764844.2000000477,8116,WL,C,4.0
6,18.294000148773193,distr,41705.99985122681,Thu Aug 13 2026 16:57:58 GMT-0500 (Central Daylight Time),772125.100000143,B,moth,I,h,141,2,7280.900000095367,764844.2000000477,8116,WL,C,4.0
6,18.511000156402588,distr,41488.99984359741,Thu Aug 13 2026 16:57:58 GMT-0500 (Central Daylight Time),772341.7000000477,B,mothe,I,e,208,2,7497.5,764844.2000000477,8116,WL,C,4.0
6,18.74400019645691,distr,41255.99980354309,Thu Aug 13 2026 16:57:58 GMT-0500 (Central Daylight Time),772574.9000000954,B,mother,I,r,215,2,7730.700000047684,764844.2000000477,8116,WL,C,4.0
6,19.194000005722046,distr,40805.999994277954,Thu Aug 13 2026 16:57:58 GMT-0500 (Central Daylight Time),773024.5,B,motherenter,I,enter,437,2,8180.299999952316,764844.2000000477,8116,WL,C,4.0
6,21.343000173568726,distr,38656.999826431274,Thu Aug 13 2026 16:57:58 GMT-0500 (Central Daylight Time),775174.3000001907,B,c,I,c,2133,2,2149.5,773024.8000001907,8116,WL,C,5.0
6,21.54300022125244,distr,38456.99977874756,Thu Aug 13 2026 16:57:58 GMT-0500 (Central Daylight Time),775374.100000143,B,ch,I,h,191,2,2349.2999999523163,773024.8000001907,8116,WL,C,5.0
6,21.826000213623047,distr,38173.99978637695,Thu Aug 13 2026 16:57:58 GMT-0500 (Central Daylight Time),775657.3000001907,B,chr,I,r,262,2,2632.5,773024.8000001907,8116,WL,C,5.0
6,22.061000108718872,distr,37938.99989128113,Thu Aug 13 2026 16:57:58 GMT-0500 (Central Daylight Time),775891.4000000954,B,chri,I,i,227,2,2866.5999999046326,773024.8000001907,8116,WL,C,5.0
6,22.31000018119812,distr,37689.99981880188,Thu Aug 13 2026 16:57:58 GMT-0500 (Central Daylight Time),776140.3000001907,B,chris,I,s,241,2,3115.5,773024.8000001907,8116,WL,C,5.0
6,22.64300012588501,distr,37356.99987411499,Thu Aug 13 2026 16:57:58 GMT-0500 (Central Daylight Time),776473.600000143,B,christ,I,t,321,2,3448.7999999523163,773024.8000001907,8116,WL,C,5.0
6,22.87600016593933,distr,37123.99983406067,Thu Aug 13 2026 16:57:58 GMT-0500 (Central Daylight Time),776706.9000000954,B,christm,I,m,220,2,3682.0999999046326,773024.8000001907,8116,WL,C,5.0
6,23.076000213623047,distr,36923.99978637695,Thu Aug 13 2026 16:57:58 GMT-0500 (Central Daylight Time),776907.0,B,christma,I,a,187,2,3882.199999809265,773024.8000001907,8116,WL,C,5.0
6,23.39300012588501,distr,36606.99987411499,Thu Aug 13 2026 16:57:58 GMT-0500 (Central Daylight Time),777223.600000143,B,christmas,I,s,297,2,4198.799999952316,773024.8000001907,8116,WL,C,5.0
6,24.192000150680542,distr,35807.99984931946,Thu Aug 13 2026 16:57:58 GMT-0500 (Central Daylight Time),778023.100000143,B,christmasenter,I,enter,782,2,4998.299999952316,773024.8000001907,8116,WL,C,5.0
6,24.95900011062622,distr,35040.99988937378,Thu Aug 13 2026 16:57:58 GMT-0500 (Central Daylight Time),778789.7000000477,B,f,I,f,750,2,766.2000000476837,778023.5,8116,WL,C,6.0
6,25.192000150680542,distr,34807.99984931946,Thu Aug 13 2026 16:57:58 GMT-0500 (Central Daylight Time),779022.8000001907,B,fo,I,o,216,2,999.3000001907349,778023.5,8116,WL,C,6.0
6,25.675000190734863,distr,34324.99980926514,Thu Aug 13 2026 16:57:58 GMT-0500 (Central Daylight Time),779506.2000000477,B,for,I,r,470,2,1482.7000000476837,778023.5,8116,WL,C,6.0
6,25.909000158309937,distr,34090.99984169006,Thu Aug 13 2026 16:57:58 GMT-0500 (Central Daylight Time),779739.4000000954,B,forr,I,r,227,2,1715.9000000953674,778023.5,8116,WL,C,6.0
6,26.475000143051147,distr,33524.99985694885,Thu Aug 13 2026 16:57:58 GMT-0500 (Central Daylight Time),780305.9000000954,B,forre,I,e,546,2,2282.4000000953674,778023.5,8116,WL,C,6.0
6,26.908000230789185,distr,33091.999769210815,Thu Aug 13 2026 16:57:58 GMT-0500 (Central Daylight Time),780738.7000000477,B,forres,I,s,427,2,2715.2000000476837,778023.5,8116,WL,C,6.0
6,27.10800004005432,distr,32891.99995994568,Thu Aug 13 2026 16:57:58 GMT-0500 (Central Daylight Time),780938.9000000954,B,forrest,I,t,187,2,2915.4000000953674,778023.5,8116,WL,C,6.0
6,28.091000080108643,distr,31908.999919891357,Thu Aug 13 2026 16:57:58 GMT-0500 (Central Daylight Time),781922.0,B,forrestenter,I,enter,970,2,3898.5,778023.5,8116,WL,C,6.0
6,32.140000104904175,distr,27859.999895095825,Thu Aug 13 2026 16:57:58 GMT-0500 (Central Daylight Time),785970.8000001907,B,d,I,d,4035,2,4048.5,781922.3000001907,8116,WL,C,7.0
6,32.69000005722046,distr,27309.99994277954,Thu Aug 13 2026 16:57:58 GMT-0500 (Central Daylight Time),786520.4000000954,B,do,I,o,538,2,4598.099999904633,781922.3000001907,8116,WL,C,7.0
6,33.040000200271606,distr,26959.999799728394,Thu Aug 13 2026 16:57:58 GMT-0500 (Central Daylight Time),786870.4000000954,B,dol,I,l,332,2,4948.099999904633,781922.3000001907,8116,WL,C,7.0
6,33.206000089645386,distr,26793.999910354614,Thu Aug 13 2026 16:57:58 GMT-0500 (Central Daylight Time),787036.9000000954,B,doll,I,l,151,2,5114.599999904633,781922.3000001907,8116,WL,C,7.0
6,33.373000144958496,distr,26626.999855041504,Thu Aug 13 2026 16:57:58 GMT-0500 (Central Daylight Time),787203.600000143,B,dolla,I,a,159,2,5281.299999952316,781922.3000001907,8116,WL,C,7.0
6,33.789000034332275,distr,26210.999965667725,Thu Aug 13 2026 16:57:58 GMT-0500 (Central Daylight Time),787620.2000000477,B,dollar,I,r,402,2,5697.899999856949,781922.3000001907,8116,WL,C,7.0
6,34.17300009727478,distr,25826.99990272522,Thu Aug 13 2026 16:57:58 GMT-0500 (Central Daylight Time),788003.5,B,dollarenter,I,enter,369,2,6081.199999809265,781922.3000001907,8116,WL,C,7.0
6,36.98800015449524,distr,23011.99984550476,Thu Aug 13 2026 16:57:58 GMT-0500 (Central Daylight Time),790819.0,B,t,I,t,2802,2,2815.199999809265,788003.8000001907,8116,WL,C,8.0
6,37.25500011444092,distr,22744.999885559082,Thu Aug 13 2026 16:57:58 GMT-0500 (Central Daylight Time),791085.9000000954,B,to,I,o,249,2,3082.0999999046326,788003.8000001907,8116,WL,C,8.0
6,37.40500020980835,distr,22594.99979019165,Thu Aug 13 2026 16:57:58 GMT-0500 (Central Daylight Time),791235.600000143,B,too,I,o,135,2,3231.7999999523163,788003.8000001907,8116,WL,C,8.0
6,37.67200016975403,distr,22327.99983024597,Thu Aug 13 2026 16:57:58 GMT-0500 (Central Daylight Time),791502.3000001907,B,tool,I,l,257,2,3498.5,788003.8000001907,8116,WL,C,8.0
6,38.455000162124634,distr,21544.999837875366,Thu Aug 13 2026 16:57:58 GMT-0500 (Central Daylight Time),792285.3000001907,B,toolenter,I,enter,775,2,4281.5,788003.8000001907,8116,WL,C,8.0
6,39.837000131607056,distr,20162.999868392944,Thu Aug 13 2026 16:57:58 GMT-0500 (Central Daylight Time),793668.2000000477,B,m,I,m,1368,2,1382.5,792285.7000000477,8116,WL,C,9.0
6,40.03700017929077,distr,19962.99982070923,Thu Aug 13 2026 16:57:58 GMT-0500 (Central Daylight Time),793868.2000000477,B,mo,I,o,193,2,1582.5,792285.7000000477,8116,WL,C,9.0
6,40.28700017929077,distr,19712.99982070923,Thu Aug 13 2026 16:57:58 GMT-0500 (Central Daylight Time),794118.0,B,mon,I,n,241,2,1832.2999999523163,792285.7000000477,8116,WL,C,9.0
6,40.48700022697449,distr,19512.999773025513,Thu Aug 13 2026 16:57:58 GMT-0500 (Central Daylight Time),794317.9000000954,B,mone,I,e,192,2,2032.2000000476837,792285.7000000477,8116,WL,C,9.0
6,40.62100005149841,distr,19378.999948501587,Thu Aug 13 2026 16:57:58 GMT-0500 (Central Daylight Time),794451.4000000954,B,money,I,y,126,2,2165.7000000476837,792285.7000000477,8116,WL,C,9.0
6,41.2039999961853,distr,18796.000003814697,Thu Aug 13 2026 16:57:58 GMT-0500 (Central Daylight Time),795034.4000000954,B,moneyenter,I,enter,569,2,2748.7000000476837,792285.7000000477,8116,WL,C,9.0
6,46.03500008583069,distr,13964.999914169312,Thu Aug 13 2026 16:57:58 GMT-0500 (Central Daylight Time),799866.2000000477,B,d,I,d,4827,2,4831.5,795034.7000000477,8116,WL,C,10.0
6,46.235000133514404,distr,13764.999866485596,Thu Aug 13 2026 16:57:58 GMT-0500 (Central Daylight Time),800066.3000001907,B,di,I,i,178,2,5031.600000143051,795034.7000000477,8116,WL,C,10.0
6,46.93500018119812,distr,13064.99981880188,Thu Aug 13 2026 16:57:58 GMT-0500 (Central Daylight Time),800766.0,B,dia,I,a,683,2,5731.299999952316,795034.7000000477,8116,WL,C,10.0
6,47.468000173568726,distr,12531.999826431274,Thu Aug 13 2026 16:57:58 GMT-0500 (Central Daylight Time),801299.3000001907,B,diam,I,m,518,2,6264.600000143051,795034.7000000477,8116,WL,C,10.0
6,47.75200009346008,distr,12247.999906539917,Thu Aug 13 2026 16:57:58 GMT-0500 (Central Daylight Time),801582.4000000954,B,diamo,I,o,266,2,6547.700000047684,795034.7000000477,8116,WL,C,10.0
6,48.10199999809265,distr,11898.000001907349,Thu Aug 13 2026 16:57:58 GMT-0500 (Central Daylight Time),801932.5,B,diamon,I,n,335,2,6897.799999952316,795034.7000000477,8116,WL,C,10.0
6,48.4520001411438,distr,11547.999858856201,Thu Aug 13 2026 16:57:58 GMT-0500 (Central Daylight Time),802282.4000000954,B,diamond,I,d,329,2,7247.700000047684,795034.7000000477,8116,WL,C,10.0
6,49.11800003051758,distr,10881.999969482422,Thu Aug 13 2026 16:57:58 GMT-0500 (Central Daylight Time),802948.7000000477,B,diamondenter,I,enter,659,2,7914.0,795034.7000000477,8116,WL,C,10.0
6,60.015000104904175,distr,-15.000104904174805,Thu Aug 13 2026 16:57:58 GMT-0500 (Central Daylight Time),813845.3000001907,B,None,I,None,10892,2,10896.200000047684,802949.100000143,8116,WL,C,11.0
7,1.4170000553131104,immed,58582.99994468689,Thu Aug 13 2026 16:57:58 GMT-0500 (Central Daylight Time),822442.600000143,A,t,I,t,1396,2,1416.2000000476837,821026.4000000954,8116,WL,C,1.0
7,1.5999999046325684,immed,58400.00009536743,Thu Aug 13 2026 16:57:58 GMT-0500 (Central Daylight Time),822625.9000000954,A,to,I,o,162,2,1599.5,821026.4000000954,8116,WL,C,1.0
7,1.9670000076293945,immed,58032.999992370605,Thu Aug 13 2026 16:57:58 GMT-0500 (Central Daylight Time),822992.3000001907,A,tow,I,w,356,2,1965.9000000953674,821026.4000000954,8116,WL,C,1.0
7,2.2159998416900635,immed,57784.00015830994,Thu Aug 13 2026 16:57:58 GMT-0500 (Central Daylight Time),823242.0,A,towe,I,e,243,2,2215.5999999046326,821026.4000000954,8116,WL,C,1.0
7,2.5,immed,57500.0,Thu Aug 13 2026 16:57:58 GMT-0500 (Central Daylight Time),823525.600000143,A,tower,I,r,276,2,2499.2000000476837,821026.4000000954,8116,WL,C,1.0
7,3.315999984741211,immed,56684.00001525879,Thu Aug 13 2026 16:57:58 GMT-0500 (Central Daylight Time),824341.7000000477,A,towerenter,I,enter,800,2,3315.2999999523163,821026.4000000954,8116,WL,C,1.0
7,3.6489999294281006,immed,56351.0000705719,Thu Aug 13 2026 16:57:58 GMT-0500 (Central Daylight Time),824674.9000000954,A,w,I,w,327,2,332.7999999523163,824342.100000143,8116,WL,C,2.0
7,3.865999937057495,immed,56134.000062942505,Thu Aug 13 2026 16:57:58 GMT-0500 (Central Daylight Time),824891.9000000954,A,wh,I,h,203,2,549.7999999523163,824342.100000143,8116,WL,C,2.0
7,4.049000024795532,immed,55950.99997520447,Thu Aug 13 2026 16:57:58 GMT-0500 (Central Daylight Time),825075.100000143,A,whe,I,e,177,2,733.0,824342.100000143,8116,WL,C,2.0
7,4.448999881744385,immed,55551.000118255615,Thu Aug 13 2026 16:57:58 GMT-0500 (Central Daylight Time),825474.9000000954,A,whea,I,a,385,2,1132.7999999523163,824342.100000143,8116,WL,C,2.0
7,4.633999824523926,immed,55366.000175476074,Thu Aug 13 2026 16:57:58 GMT-0500 (Central Daylight Time),825659.3000001907,A,wheat,I,t,177,2,1317.2000000476837,824342.100000143,8116,WL,C,2.0
7,5.08299994468689,immed,54917.00005531311,Thu Aug 13 2026 16:57:58 GMT-0500 (Central Daylight Time),826109.2000000477,A,wheatenter,I,enter,442,2,1767.0999999046326,824342.100000143,8116,WL,C,2.0
7,5.448999881744385,immed,54551.000118255615,Thu Aug 13 2026 16:57:58 GMT-0500 (Central Daylight Time),826474.3000001907,A,q,I,q,359,2,364.90000009536743,826109.4000000954,8116,WL,C,3.0
7,5.664999961853027,immed,54335.00003814697,Thu Aug 13 2026 16:57:58 GMT-0500 (Central Daylight Time),826691.100000143,A,qu,I,u,202,2,581.7000000476837,826109.4000000954,8116,WL,C,3.0
7,5.881999969482422,immed,54118.00003051758,Thu Aug 13 2026 16:57:58 GMT-0500 (Central Daylight Time),826907.9000000954,A,que,I,e,209,2,798.5,826109.4000000954,8116,WL,C,3.0
7,6.115000009536743,immed,53884.99999046326,Thu Aug 13 2026 16:57:58 GMT-0500 (Central Daylight Time),827141.0,A,quee,I,e,225,2,1031.5999999046326,826109.4000000954,8116,WL,C,3.0
7,6.33299994468689,immed,53667.00005531311,Thu Aug 13 2026 16:57:58 GMT-0500 (Central Daylight Time),827358.8000001907,A,queen,I,n,207,2,1249.4000000953674,826109.4000000954,8116,WL,C,3.0
7,8.065000057220459,immed,51934.99994277954,Thu Aug 13 2026 16:57:58 GMT-0500 (Central Daylight Time),829090.600000143,A,queenenter,I,enter,1710,2,2981.2000000476837,826109.4000000954,8116,WL,C,3.0
7,8.592999935150146,immed,51407.00006484985,Thu Aug 13 2026 16:57:58 GMT-0500 (Central Daylight Time),829618.600000143,A,s,I,s,523,2,527.7000000476837,829090.9000000954,8116,WL,C,4.0
7,8.740000009536743,immed,51259.99999046326,Thu Aug 13 2026 16:57:58 GMT-0500 (Central Daylight Time),829765.9000000954,A,su,I,u,143,2,675.0,829090.9000000954,8116,WL,C,4.0
7,9.030999898910522,immed,50969.00010108948,Thu Aug 13 2026 16:57:58 GMT-0500 (Central Daylight Time),830057.0,A,sug,I,g,270,2,966.0999999046326,829090.9000000954,8116,WL,C,4.0
7,9.247999906539917,immed,50752.00009346008,Thu Aug 13 2026 16:57:58 GMT-0500 (Central Daylight Time),830273.4000000954,A,suga,I,a,196,2,1182.5,829090.9000000954,8116,WL,C,4.0
7,9.414000034332275,immed,50585.999965667725,Thu Aug 13 2026 16:57:58 GMT-0500 (Central Daylight Time),830440.2000000477,A,sugar,I,r,148,2,1349.2999999523163,829090.9000000954,8116,WL,C,4.0
7,10.54699993133545,immed,49453.00006866455,Thu Aug 13 2026 16:57:58 GMT-0500 (Central Daylight Time),831573.0,A,sugarenter,I,enter,1125,2,2482.0999999046326,829090.9000000954,8116,WL,C,4.0
7,11.29699993133545,immed,48703.00006866455,Thu Aug 13 2026 16:57:58 GMT-0500 (Central Daylight Time),832322.8000001907,A,h,I,h,744,2,749.4000000953674,831573.4000000954,8116,WL,C,5.0
7,11.579999923706055,immed,48420.000076293945,Thu Aug 13 2026 16:57:58 GMT-0500 (Central Daylight Time),832606.100000143,A,ho,I,o,274,2,1032.7000000476837,831573.4000000954,8116,WL,C,5.0
7,11.829999923706055,immed,48170.000076293945,Thu Aug 13 2026 16:57:58 GMT-0500 (Central Daylight Time),832856.100000143,A,hom,I,m,239,2,1282.7000000476837,831573.4000000954,8116,WL,C,5.0
7,12.02999997138977,immed,47970.00002861023,Thu Aug 13 2026 16:57:58 GMT-0500 (Central Daylight Time),833055.7000000477,A,home,I,e,189,2,1482.2999999523163,831573.4000000954,8116,WL,C,5.0
7,12.914000034332275,immed,47085.999965667725,Thu Aug 13 2026 16:57:58 GMT-0500 (Central Daylight Time),833940.100000143,A,homeenter,I,enter,877,2,2366.7000000476837,831573.4000000954,8116,WL,C,5.0
7,13.730000019073486,immed,46269.999980926514,Thu Aug 13 2026 16:57:58 GMT-0500 (Central Daylight Time),834755.4000000954,A,b,I,b,801,2,815.0,833940.4000000954,8116,WL,C,6.0
7,14.046000003814697,immed,45953.9999961853,Thu Aug 13 2026 16:57:58 GMT-0500 (Central Daylight Time),835071.9000000954,A,bo,I,o,298,2,1131.5,833940.4000000954,8116,WL,C,6.0
7,14.361999988555908,immed,45638.00001144409,Thu Aug 13 2026 16:57:58 GMT-0500 (Central Daylight Time),835388.3000001907,A,boy,I,y,308,2,1447.9000000953674,833940.4000000954,8116,WL,C,6.0
7,15.161999940872192,immed,44838.00005912781,Thu Aug 13 2026 16:57:58 GMT-0500 (Central Daylight Time),836188.100000143,A,boyenter,I,enter,793,2,2247.7000000476837,833940.4000000954,8116,WL,C,6.0
7,19.41100001335144,immed,40588.99998664856,Thu Aug 13 2026 16:57:58 GMT-0500 (Central Daylight Time),840436.9000000954,A,d,I,d,4233,2,4248.400000095367,836188.5,8116,WL,C,7.0
7,19.610999822616577,immed,40389.00017738342,Thu Aug 13 2026 16:57:58 GMT-0500 (Central Daylight Time),840637.0,A,do,I,o,192,2,4448.5,836188.5,8116,WL,C,7.0
7,19.76199984550476,immed,40238.00015449524,Thu Aug 13 2026 16:57:58 GMT-0500 (Central Daylight Time),840787.5,A,doc,I,c,144,2,4599.0,836188.5,8116,WL,C,7.0
7,20.293999910354614,immed,39706.000089645386,Thu Aug 13 2026 16:57:58 GMT-0500 (Central Daylight Time),841320.2000000477,A,doct,I,t,513,2,5131.700000047684,836188.5,8116,WL,C,7.0
7,20.51099991798401,immed,39489.00008201599,Thu Aug 13 2026 16:57:58 GMT-0500 (Central Daylight Time),841536.7000000477,A,docto,I,o,205,2,5348.200000047684,836188.5,8116,WL,C,7.0
7,20.66100001335144,immed,39338.99998664856,Thu Aug 13 2026 16:57:58 GMT-0500 (Central Daylight Time),841686.600000143,A,doctor,I,r,140,2,5498.100000143051,836188.5,8116,WL,C,7.0
7,21.776999950408936,immed,38223.000049591064,Thu Aug 13 2026 16:57:58 GMT-0500 (Central Daylight Time),842802.7000000477,A,doctorenter,I,enter,1101,2,6614.200000047684,836188.5,8116,WL,C,7.0
7,22.378000020980835,immed,37621.999979019165,Thu Aug 13 2026 16:57:58 GMT-0500 (Central Daylight Time),843403.8000001907,A,n,I,n,579,2,600.7000000476837,842803.100000143,8116,WL,C,8.0
7,22.55999994277954,immed,37440.00005722046,Thu Aug 13 2026 16:57:58 GMT-0500 (Central Daylight Time),843586.100000143,A,na,I,a,169,2,783.0,842803.100000143,8116,WL,C,8.0
7,22.692999839782715,immed,37307.000160217285,Thu Aug 13 2026 16:57:58 GMT-0500 (Central Daylight Time),843719.2000000477,A,nai,I,i,122,2,916.0999999046326,842803.100000143,8116,WL,C,8.0
7,22.960000038146973,immed,37039.99996185303,Thu Aug 13 2026 16:57:58 GMT-0500 (Central Daylight Time),843985.8000001907,A,nail,I,l,246,2,1182.7000000476837,842803.100000143,8116,WL,C,8.0
7,23.460000038146973,immed,36539.99996185303,Thu Aug 13 2026 16:57:58 GMT-0500 (Central Daylight Time),844485.7000000477,A,nailenter,I,enter,483,2,1682.5999999046326,842803.100000143,8116,WL,C,8.0
7,23.97599983215332,immed,36024.00016784668,Thu Aug 13 2026 16:57:58 GMT-0500 (Central Daylight Time),845001.9000000954,A,c,I,c,511,2,515.7999999523163,844486.100000143,8116,WL,C,9.0
7,24.194000005722046,immed,35805.999994277954,Thu Aug 13 2026 16:57:58 GMT-0500 (Central Daylight Time),845219.8000001907,A,co,I,o,211,2,733.7000000476837,844486.100000143,8116,WL,C,9.0
7,24.442999839782715,immed,35557.000160217285,Thu Aug 13 2026 16:57:58 GMT-0500 (Central Daylight Time),845468.9000000954,A,cor,I,r,233,2,982.7999999523163,844486.100000143,8116,WL,C,9.0
7,24.64299988746643,immed,35357.00011253357,Thu Aug 13 2026 16:57:58 GMT-0500 (Central Daylight Time),845668.5,A,corn,I,n,184,2,1182.3999998569489,844486.100000143,8116,WL,C,9.0
7,25.092999935150146,immed,34907.00006484985,Thu Aug 13 2026 16:57:58 GMT-0500 (Central Daylight Time),846118.4000000954,A,cornenter,I,enter,440,2,1632.2999999523163,844486.100000143,8116,WL,C,9.0
7,26.342000007629395,immed,33657.999992370605,Thu Aug 13 2026 16:57:58 GMT-0500 (Central Daylight Time),847368.2000000477,A,b,I,b,1230,2,1249.3999998569489,846118.8000001907,8116,WL,C,10.0
7,26.691999912261963,immed,33308.00008773804,Thu Aug 13 2026 16:57:58 GMT-0500 (Central Daylight Time),847718.100000143,A,bo,I,o,341,2,1599.2999999523163,846118.8000001907,8116,WL,C,10.0
7,26.95899987220764,immed,33041.00012779236,Thu Aug 13 2026 16:57:58 GMT-0500 (Central Daylight Time),847984.600000143,A,bod,I,d,255,2,1865.7999999523163,846118.8000001907,8116,WL,C,10.0
7,27.109999895095825,immed,32890.000104904175,Thu Aug 13 2026 16:57:58 GMT-0500 (Central Daylight Time),848135.600000143,A,body,I,y,132,2,2016.7999999523163,846118.8000001907,8116,WL,C,10.0
7,27.47499990463257,immed,32525.00009536743,Thu Aug 13 2026 16:57:58 GMT-0500 (Central Daylight Time),848501.100000143,A,bodyenter,I,enter,357,2,2382.2999999523163,846118.8000001907,8116,WL,C,10.0
7,27.757999897003174,immed,32242.000102996826,Thu Aug 13 2026 16:57:58 GMT-0500 (Central Daylight Time),848784.3000001907,A,s,I,s,263,2,282.80000019073486,848501.5,8116,WL,C,11.0
7,27.89199995994568,immed,32108.00004005432,Thu Aug 13 2026 16:57:58 GMT-0500 (Central Daylight Time),848917.600000143,A,sh,I,h,125,2,416.10000014305115,848501.5,8116,WL,C,11.0
7,28.14199995994568,immed,31858.00004005432,Thu Aug 13 2026 16:57:58 GMT-0500 (Central Daylight Time),849167.7000000477,A,sho,I,o,239,2,666.2000000476837,848501.5,8116,WL,C,11.0
7,28.325000047683716,immed,31674.999952316284,Thu Aug 13 2026 16:57:58 GMT-0500 (Central Daylight Time),849350.8000001907,A,shor,I,r,166,2,849.3000001907349,848501.5,8116,WL,C,11.0
7,28.592000007629395,immed,31407.999992370605,Thu Aug 13 2026 16:57:58 GMT-0500 (Central Daylight Time),849617.5,A,shore,I,e,254,2,1116.0,848501.5,8116,WL,C,11.0
7,29.807999849319458,immed,30192.000150680542,Thu Aug 13 2026 16:57:58 GMT-0500 (Central Daylight Time),850833.4000000954,A,shoreenter,I,enter,1195,2,2331.9000000953674,848501.5,8116,WL,C,11.0
7,33.67400002479553,immed,26325.999975204468,Thu Aug 13 2026 16:57:58 GMT-0500 (Central Daylight Time),854699.4000000954,A,c,I,c,3852,2,3865.5999999046326,850833.8000001907,8116,WL,C,12.0
7,33.94000005722046,immed,26059.99994277954,Thu Aug 13 2026 16:57:58 GMT-0500 (Central Daylight Time),854965.7000000477,A,ca,I,a,250,2,4131.899999856949,850833.8000001907,8116,WL,C,12.0
7,34.33999991416931,immed,25660.00008583069,Thu Aug 13 2026 16:57:58 GMT-0500 (Central Daylight Time),855365.7000000477,A,cat,I,t,392,2,4531.899999856949,850833.8000001907,8116,WL,C,12.0
7,34.57299995422363,immed,25427.000045776367,Thu Aug 13 2026 16:57:58 GMT-0500 (Central Daylight Time),855598.600000143,A,catt,I,t,224,2,4764.799999952316,850833.8000001907,8116,WL,C,12.0
7,34.75600004196167,immed,25243.99995803833,Thu Aug 13 2026 16:57:58 GMT-0500 (Central Daylight Time),855782.100000143,A,cattl,I,l,166,2,4948.299999952316,850833.8000001907,8116,WL,C,12.0
7,34.906999826431274,immed,25093.000173568726,Thu Aug 13 2026 16:57:58 GMT-0500 (Central Daylight Time),855932.4000000954,A,cattle,I,e,144,2,5098.599999904633,850833.8000001907,8116,WL,C,12.0
7,35.2739999294281,immed,24726.0000705719,Thu Aug 13 2026 16:57:58 GMT-0500 (Central Daylight Time),856299.7000000477,A,cattleenter,I,enter,361,2,5465.899999856949,850833.8000001907,8116,WL,C,12.0
7,36.42199993133545,immed,23578.00006866455,Thu Aug 13 2026 16:57:58 GMT-0500 (Central Daylight Time),857448.2000000477,A,l,I,l,1138,2,1148.2000000476837,856300.0,8116,WL,C,13.0
7,36.60699987411499,immed,23393.00012588501,Thu Aug 13 2026 16:57:58 GMT-0500 (Central Daylight Time),857632.7000000477,A,le,I,e,164,2,1332.7000000476837,856300.0,8116,WL,C,13.0
7,36.92199993133545,immed,23078.00006866455,Thu Aug 13 2026 16:57:58 GMT-0500 (Central Daylight Time),857948.100000143,A,let,I,t,308,2,1648.1000001430511,856300.0,8116,WL,C,13.0
7,37.138999938964844,immed,22861.000061035156,Thu Aug 13 2026 16:57:58 GMT-0500 (Central Daylight Time),858164.8000001907,A,lett,I,t,201,2,1864.8000001907349,856300.0,8116,WL,C,13.0
7,37.40499997138977,immed,22595.00002861023,Thu Aug 13 2026 16:57:58 GMT-0500 (Central Daylight Time),858431.2000000477,A,lette,I,e,256,2,2131.2000000476837,856300.0,8116,WL,C,13.0
7,37.65499997138977,immed,22345.00002861023,Thu Aug 13 2026 16:57:58 GMT-0500 (Central Daylight Time),858681.100000143,A,letter,I,r,238,2,2381.100000143051,856300.0,8116,WL,C,13.0
7,37.97199988365173,immed,22028.000116348267,Thu Aug 13 2026 16:57:58 GMT-0500 (Central Daylight Time),858998.0,A,letterenter,I,enter,300,2,2698.0,856300.0,8116,WL,C,13.0
7,40.62100005149841,immed,19378.999948501587,Thu Aug 13 2026 16:57:58 GMT-0500 (Central Daylight Time),861647.0,A,n,I,n,2639,2,2648.5999999046326,858998.4000000954,8116,WL,C,14.0
7,40.80399990081787,immed,19196.00009918213,Thu Aug 13 2026 16:57:58 GMT-0500 (Central Daylight Time),861830.100000143,A,na,I,a,166,2,2831.7000000476837,858998.4000000954,8116,WL,C,14.0
7,40.88800001144409,immed,19111.99998855591,Thu Aug 13 2026 16:57:58 GMT-0500 (Central Daylight Time),861913.600000143,A,nai,I,i,78,2,2915.2000000476837,858998.4000000954,8116,WL,C,14.0
7,41.1710000038147,immed,18828.999996185303,Thu Aug 13 2026 16:57:58 GMT-0500 (Central Daylight Time),862196.9000000954,A,nail,I,l,268,2,3198.5,858998.4000000954,8116,WL,C,14.0
7,42.25399994850159,immed,17746.000051498413,Thu Aug 13 2026 16:57:58 GMT-0500 (Central Daylight Time),863279.7000000477,A,nailenter,I,enter,1072,2,4281.299999952316,858998.4000000954,8116,WL,C,14.0
7,45.353999853134155,immed,14646.000146865845,Thu Aug 13 2026 16:57:58 GMT-0500 (Central Daylight Time),866379.8000001907,A,c,I,c,3094,2,3099.9000000953674,863279.9000000954,8116,WL,C,15.0
7,45.519999980926514,immed,14480.000019073486,Thu Aug 13 2026 16:57:58 GMT-0500 (Central Daylight Time),866545.5,A,co,I,o,153,2,3265.5999999046326,863279.9000000954,8116,WL,C,15.0
7,45.669999837875366,immed,14330.000162124634,Thu Aug 13 2026 16:57:58 GMT-0500 (Central Daylight Time),866695.5,A,cor,I,r,139,2,3415.5999999046326,863279.9000000954,8116,WL,C,15.0
7,45.82099986076355,immed,14179.00013923645,Thu Aug 13 2026 16:57:58 GMT-0500 (Central Daylight Time),866846.5,A,corn,I,n,134,2,3566.5999999046326,863279.9000000954,8116,WL,C,15.0
7,46.26900005340576,immed,13730.999946594238,Thu Aug 13 2026 16:57:58 GMT-0500 (Central Daylight Time),867295.3000001907,A,cornenter,I,enter,438,2,4015.4000000953674,863279.9000000954,8116,WL,C,15.0
