block_c,block_dur,condition,countdown,datetime,endtime,list,multichar_response,project,response,response_time,session_number,start_end,starttime,subject_id,task,task_vers,trial
,,,,Thu Jul 16 2026 16:39:27 GMT-0500 (Central Daylight Time),,,,I,space,822,1,,,8127,WL,C,
prac,,0,,Thu Jul 16 2026 16:39:27 GMT-0500 (Central Daylight Time),,NA,b,I,b,8798,1,,,8127,WL,C,1.0
prac,,0,,Thu Jul 16 2026 16:39:27 GMT-0500 (Central Daylight Time),,NA,bo,I,o,958,1,,,8127,WL,C,1.0
prac,,0,,Thu Jul 16 2026 16:39:27 GMT-0500 (Central Daylight Time),,NA,boo,I,o,165,1,,,8127,WL,C,1.0
prac,,0,,Thu Jul 16 2026 16:39:27 GMT-0500 (Central Daylight Time),,NA,boos,I,s,285,1,,,8127,WL,C,1.0
prac,,0,,Thu Jul 16 2026 16:39:27 GMT-0500 (Central Daylight Time),,NA,boost,I,t,346,1,,,8127,WL,C,1.0
prac,,0,,Thu Jul 16 2026 16:39:27 GMT-0500 (Central Daylight Time),,NA,boostenter,I,enter,2378,1,,,8127,WL,C,1.0
1,1.303999900817871,learn,58696.00009918213,Thu Jul 16 2026 16:39:27 GMT-0500 (Central Daylight Time),174919.59999990463,A,t,I,t,1282,1,1303.3999998569489,173616.20000004768,8127,WL,C,1.0
1,1.5369999408721924,learn,58463.00005912781,Thu Jul 16 2026 16:39:27 GMT-0500 (Central Daylight Time),175153.09999990463,A,to,I,o,210,1,1536.8999998569489,173616.20000004768,8127,WL,C,1.0
1,2.2709999084472656,learn,57729.000091552734,Thu Jul 16 2026 16:39:27 GMT-0500 (Central Daylight Time),175886.09999990463,A,tow,I,w,715,1,2269.899999856949,173616.20000004768,8127,WL,C,1.0
1,2.5369999408721924,learn,57463.00005912781,Thu Jul 16 2026 16:39:27 GMT-0500 (Central Daylight Time),176152.79999995232,A,towe,I,e,245,1,2536.5999999046326,173616.20000004768,8127,WL,C,1.0
1,2.803999900817871,learn,57196.00009918213,Thu Jul 16 2026 16:39:27 GMT-0500 (Central Daylight Time),176419.29999995232,A,tower,I,r,250,1,2803.0999999046326,173616.20000004768,8127,WL,C,1.0
1,4.9029998779296875,learn,55097.00012207031,Thu Jul 16 2026 16:39:27 GMT-0500 (Central Daylight Time),178519.0,A,towerenter,I,enter,2089,1,4902.799999952316,173616.20000004768,8127,WL,C,1.0
1,6.1529998779296875,learn,53847.00012207031,Thu Jul 16 2026 16:39:27 GMT-0500 (Central Daylight Time),179768.09999990463,A,w,I,w,1237,1,1248.7000000476837,178519.39999985695,8127,WL,C,2.0
1,6.485999822616577,learn,53514.00017738342,Thu Jul 16 2026 16:39:27 GMT-0500 (Central Daylight Time),180101.39999985695,A,wh,I,h,323,1,1582.0,178519.39999985695,8127,WL,C,2.0
1,6.836999893188477,learn,53163.00010681152,Thu Jul 16 2026 16:39:27 GMT-0500 (Central Daylight Time),180452.39999985695,A,whe,I,e,342,1,1933.0,178519.39999985695,8127,WL,C,2.0
1,8.884999990463257,learn,51115.00000953674,Thu Jul 16 2026 16:39:27 GMT-0500 (Central Daylight Time),182500.29999995232,A,whea,I,a,2038,1,3980.9000000953674,178519.39999985695,8127,WL,C,2.0
1,9.217999935150146,learn,50782.00006484985,Thu Jul 16 2026 16:39:27 GMT-0500 (Central Daylight Time),182834.0,A,wheat,I,t,315,1,4314.600000143051,178519.39999985695,8127,WL,C,2.0
1,9.552000045776367,learn,50447.99995422363,Thu Jul 16 2026 16:39:27 GMT-0500 (Central Daylight Time),183167.20000004768,A,wheatenter,I,enter,321,1,4647.800000190735,178519.39999985695,8127,WL,C,2.0
1,10.800999879837036,learn,49199.000120162964,Thu Jul 16 2026 16:39:27 GMT-0500 (Central Daylight Time),184416.79999995232,A,q,I,q,1228,1,1249.0,183167.79999995232,8127,WL,C,3.0
1,11.10099983215332,learn,48899.00016784668,Thu Jul 16 2026 16:39:27 GMT-0500 (Central Daylight Time),184716.79999995232,A,qu,I,u,291,1,1549.0,183167.79999995232,8127,WL,C,3.0
1,11.417999982833862,learn,48582.00001716614,Thu Jul 16 2026 16:39:27 GMT-0500 (Central Daylight Time),185033.20000004768,A,que,I,e,295,1,1865.4000000953674,183167.79999995232,8127,WL,C,3.0
1,11.60099983215332,learn,48399.00016784668,Thu Jul 16 2026 16:39:27 GMT-0500 (Central Daylight Time),185216.59999990463,A,quee,I,e,162,1,2048.7999999523163,183167.79999995232,8127,WL,C,3.0
1,11.817999839782715,learn,48182.000160217285,Thu Jul 16 2026 16:39:27 GMT-0500 (Central Daylight Time),185433.20000004768,A,queen,I,n,203,1,2265.4000000953674,183167.79999995232,8127,WL,C,3.0
1,12.866999864578247,learn,47133.00013542175,Thu Jul 16 2026 16:39:27 GMT-0500 (Central Daylight Time),186482.79999995232,A,queenenter,I,enter,1043,1,3315.0,183167.79999995232,8127,WL,C,3.0
1,13.883999824523926,learn,46116.000175476074,Thu Jul 16 2026 16:39:27 GMT-0500 (Central Daylight Time),187499.29999995232,A,s,I,s,1001,1,1016.2000000476837,186483.09999990463,8127,WL,C,4.0
1,14.149999856948853,learn,45850.00014305115,Thu Jul 16 2026 16:39:27 GMT-0500 (Central Daylight Time),187765.70000004768,A,su,I,u,256,1,1282.6000001430511,186483.09999990463,8127,WL,C,4.0
1,14.450000047683716,learn,45549.999952316284,Thu Jul 16 2026 16:39:27 GMT-0500 (Central Daylight Time),188065.5,A,sug,I,g,294,1,1582.4000000953674,186483.09999990463,8127,WL,C,4.0
1,14.682999849319458,learn,45317.00015068054,Thu Jul 16 2026 16:39:27 GMT-0500 (Central Daylight Time),188298.89999985695,A,suga,I,a,227,1,1815.7999999523163,186483.09999990463,8127,WL,C,4.0
1,15.166999816894531,learn,44833.00018310547,Thu Jul 16 2026 16:39:27 GMT-0500 (Central Daylight Time),188782.20000004768,A,sugar,I,r,465,1,2299.100000143051,186483.09999990463,8127,WL,C,4.0
1,15.599999904632568,learn,44400.00009536743,Thu Jul 16 2026 16:39:27 GMT-0500 (Central Daylight Time),189215.20000004768,A,sugarenter,I,enter,414,1,2732.100000143051,186483.09999990463,8127,WL,C,4.0
1,16.465999841690063,learn,43534.00015830994,Thu Jul 16 2026 16:39:27 GMT-0500 (Central Daylight Time),190081.39999985695,A,h,I,h,861,1,865.7999999523163,189215.59999990463,8127,WL,C,5.0
1,16.715999841690063,learn,43284.00015830994,Thu Jul 16 2026 16:39:27 GMT-0500 (Central Daylight Time),190331.59999990463,A,ho,I,o,234,1,1116.0,189215.59999990463,8127,WL,C,5.0
1,16.948999881744385,learn,43051.000118255615,Thu Jul 16 2026 16:39:27 GMT-0500 (Central Daylight Time),190564.70000004768,A,hom,I,m,216,1,1349.1000001430511,189215.59999990463,8127,WL,C,5.0
1,17.182999849319458,learn,42817.00015068054,Thu Jul 16 2026 16:39:27 GMT-0500 (Central Daylight Time),190798.09999990463,A,home,I,e,223,1,1582.5,189215.59999990463,8127,WL,C,5.0
1,17.631999969482422,learn,42368.00003051758,Thu Jul 16 2026 16:39:27 GMT-0500 (Central Daylight Time),191248.09999990463,A,homeenter,I,enter,429,1,2032.5,189215.59999990463,8127,WL,C,5.0
1,18.41599988937378,learn,41584.00011062622,Thu Jul 16 2026 16:39:27 GMT-0500 (Central Daylight Time),192031.20000004768,A,b,I,b,764,1,782.7000000476837,191248.5,8127,WL,C,6.0
1,18.698999881744385,learn,41301.000118255615,Thu Jul 16 2026 16:39:27 GMT-0500 (Central Daylight Time),192314.29999995232,A,bo,I,o,268,1,1065.7999999523163,191248.5,8127,WL,C,6.0
1,19.447999954223633,learn,40552.00004577637,Thu Jul 16 2026 16:39:27 GMT-0500 (Central Daylight Time),193063.89999985695,A,boy,I,y,737,1,1815.3999998569489,191248.5,8127,WL,C,6.0
1,19.715999841690063,learn,40284.00015830994,Thu Jul 16 2026 16:39:27 GMT-0500 (Central Daylight Time),193331.59999990463,A,boyenter,I,enter,260,1,2083.0999999046326,191248.5,8127,WL,C,6.0
1,21.64800000190735,learn,38351.99999809265,Thu Jul 16 2026 16:39:27 GMT-0500 (Central Daylight Time),195263.39999985695,A,d,I,d,1919,1,1931.3999998569489,193332.0,8127,WL,C,7.0
1,21.863999843597412,learn,38136.00015640259,Thu Jul 16 2026 16:39:27 GMT-0500 (Central Daylight Time),195480.0,A,do,I,o,203,1,2148.0,193332.0,8127,WL,C,7.0
1,21.947999954223633,learn,38052.00004577637,Thu Jul 16 2026 16:39:27 GMT-0500 (Central Daylight Time),195563.09999990463,A,doc,I,c,68,1,2231.0999999046326,193332.0,8127,WL,C,7.0
1,22.94700002670288,learn,37052.99997329712,Thu Jul 16 2026 16:39:27 GMT-0500 (Central Daylight Time),196562.89999985695,A,doct,I,t,984,1,3230.899999856949,193332.0,8127,WL,C,7.0
1,23.12999987602234,learn,36870.00012397766,Thu Jul 16 2026 16:39:27 GMT-0500 (Central Daylight Time),196746.0,A,docto,I,o,177,1,3414.0,193332.0,8127,WL,C,7.0
1,23.980000019073486,learn,36019.999980926514,Thu Jul 16 2026 16:39:27 GMT-0500 (Central Daylight Time),197595.5,A,doctor,I,r,842,1,4263.5,193332.0,8127,WL,C,7.0
1,24.162999868392944,learn,35837.000131607056,Thu Jul 16 2026 16:39:27 GMT-0500 (Central Daylight Time),197778.89999985695,A,doctorenter,I,enter,167,1,4446.899999856949,193332.0,8127,WL,C,7.0
1,24.930999994277954,learn,35069.000005722046,Thu Jul 16 2026 16:39:27 GMT-0500 (Central Daylight Time),198546.79999995232,A,c,I,c,752,1,767.5,197779.29999995232,8127,WL,C,8.0
1,25.079999923706055,learn,34920.000076293945,Thu Jul 16 2026 16:39:27 GMT-0500 (Central Daylight Time),198695.5,A,ca,I,a,127,1,916.2000000476837,197779.29999995232,8127,WL,C,8.0
1,25.77999997138977,learn,34220.00002861023,Thu Jul 16 2026 16:39:27 GMT-0500 (Central Daylight Time),199395.5,A,can,I,n,685,1,1616.2000000476837,197779.29999995232,8127,WL,C,8.0
1,26.329999923706055,learn,33670.000076293945,Thu Jul 16 2026 16:39:27 GMT-0500 (Central Daylight Time),199945.20000004768,A,ca,I,backspace,537,1,2165.9000000953674,197779.29999995232,8127,WL,C,8.0
1,27.162999868392944,learn,32837.000131607056,Thu Jul 16 2026 16:39:27 GMT-0500 (Central Daylight Time),200778.09999990463,A,cam,I,m,819,1,2998.7999999523163,197779.29999995232,8127,WL,C,8.0
1,27.513000011444092,learn,32486.99998855591,Thu Jul 16 2026 16:39:27 GMT-0500 (Central Daylight Time),201128.09999990463,A,camp,I,p,338,1,3348.7999999523163,197779.29999995232,8127,WL,C,8.0
1,28.161999940872192,learn,31838.000059127808,Thu Jul 16 2026 16:39:27 GMT-0500 (Central Daylight Time),201777.79999995232,A,campenter,I,enter,644,1,3998.5,197779.29999995232,8127,WL,C,8.0
1,29.145999908447266,learn,30854.000091552734,Thu Jul 16 2026 16:39:27 GMT-0500 (Central Daylight Time),202761.20000004768,A,f,I,f,970,1,983.1000001430511,201778.09999990463,8127,WL,C,9.0
1,29.312000036239624,learn,30687.999963760376,Thu Jul 16 2026 16:39:27 GMT-0500 (Central Daylight Time),202927.59999990463,A,fl,I,l,147,1,1149.5,201778.09999990463,8127,WL,C,9.0
1,29.544999837875366,learn,30455.000162124634,Thu Jul 16 2026 16:39:27 GMT-0500 (Central Daylight Time),203161.0,A,fla,I,a,212,1,1382.9000000953674,201778.09999990463,8127,WL,C,9.0
1,29.92799997329712,learn,30072.00002670288,Thu Jul 16 2026 16:39:27 GMT-0500 (Central Daylight Time),203544.0,A,flag,I,g,362,1,1765.9000000953674,201778.09999990463,8127,WL,C,9.0
1,30.32799983024597,learn,29672.00016975403,Thu Jul 16 2026 16:39:27 GMT-0500 (Central Daylight Time),203943.89999985695,A,flagenter,I,enter,379,1,2165.7999999523163,201778.09999990463,8127,WL,C,9.0
1,33.56099987030029,learn,26439.000129699707,Thu Jul 16 2026 16:39:27 GMT-0500 (Central Daylight Time),207176.39999985695,A,c,I,c,3212,1,3232.0999999046326,203944.29999995232,8127,WL,C,10.0
1,34.16100001335144,learn,25838.99998664856,Thu Jul 16 2026 16:39:27 GMT-0500 (Central Daylight Time),207776.20000004768,A,co,I,o,587,1,3831.9000000953674,203944.29999995232,8127,WL,C,10.0
1,34.47699999809265,learn,25523.00000190735,Thu Jul 16 2026 16:39:27 GMT-0500 (Central Daylight Time),208092.59999990463,A,cor,I,r,300,1,4148.299999952316,203944.29999995232,8127,WL,C,10.0
1,34.694000005722046,learn,25305.999994277954,Thu Jul 16 2026 16:39:27 GMT-0500 (Central Daylight Time),208309.29999995232,A,corn,I,n,207,1,4365.0,203944.29999995232,8127,WL,C,10.0
1,35.293999910354614,learn,24706.000089645386,Thu Jul 16 2026 16:39:27 GMT-0500 (Central Daylight Time),208909.09999990463,A,cornenter,I,enter,591,1,4964.799999952316,203944.29999995232,8127,WL,C,10.0
1,35.925999879837036,learn,24074.000120162964,Thu Jul 16 2026 16:39:27 GMT-0500 (Central Daylight Time),209541.79999995232,A,s,I,s,614,1,632.4000000953674,208909.39999985695,8127,WL,C,11.0
1,36.09299993515015,learn,23907.000064849854,Thu Jul 16 2026 16:39:27 GMT-0500 (Central Daylight Time),209708.5,A,sh,I,h,157,1,799.1000001430511,208909.39999985695,8127,WL,C,11.0
1,36.24300003051758,learn,23756.999969482422,Thu Jul 16 2026 16:39:27 GMT-0500 (Central Daylight Time),209858.39999985695,A,sho,I,o,142,1,949.0,208909.39999985695,8127,WL,C,11.0
1,37.10899996757507,learn,22891.000032424927,Thu Jul 16 2026 16:39:27 GMT-0500 (Central Daylight Time),210724.89999985695,A,shor,I,r,855,1,1815.5,208909.39999985695,8127,WL,C,11.0
1,37.57599997520447,learn,22424.000024795532,Thu Jul 16 2026 16:39:27 GMT-0500 (Central Daylight Time),211191.59999990463,A,shore,I,e,446,1,2282.2000000476837,208909.39999985695,8127,WL,C,11.0
1,38.008999824523926,learn,21991.000175476074,Thu Jul 16 2026 16:39:27 GMT-0500 (Central Daylight Time),211624.79999995232,A,shoreenter,I,enter,421,1,2715.4000000953674,208909.39999985695,8127,WL,C,11.0
1,49.80499982833862,learn,10195.000171661377,Thu Jul 16 2026 16:39:27 GMT-0500 (Central Daylight Time),223421.09999990463,A,enter,I,enter,11787,1,11795.899999856949,211625.20000004768,8127,WL,C,12.0
1,50.47199988365173,learn,9528.000116348267,Thu Jul 16 2026 16:39:27 GMT-0500 (Central Daylight Time),224087.5,A,enter,I,enter,646,1,666.1000001430511,223421.39999985695,8127,WL,C,13.0
1,50.92199993133545,learn,9078.00006866455,Thu Jul 16 2026 16:39:27 GMT-0500 (Central Daylight Time),224537.59999990463,A,enter,I,enter,429,1,449.7000000476837,224087.89999985695,8127,WL,C,14.0
1,51.937999963760376,learn,8062.000036239624,Thu Jul 16 2026 16:39:27 GMT-0500 (Central Daylight Time),225553.89999985695,A,enter,I,enter,1003,1,1015.7999999523163,224538.09999990463,8127,WL,C,15.0
2,1.1009998321533203,learn,58899.00016784668,Thu Jul 16 2026 16:39:27 GMT-0500 (Central Daylight Time),299564.7999999523,A,b,I,b,1085,1,1100.7000000476837,298464.09999990463,8127,WL,C,1.0
2,1.316999912261963,learn,58683.00008773804,Thu Jul 16 2026 16:39:27 GMT-0500 (Central Daylight Time),299780.2000000477,A,bo,I,o,205,1,1316.1000001430511,298464.09999990463,8127,WL,C,1.0
2,1.7009999752044678,learn,58299.00002479553,Thu Jul 16 2026 16:39:27 GMT-0500 (Central Daylight Time),300164.5,A,bod,I,d,375,1,1700.4000000953674,298464.09999990463,8127,WL,C,1.0
2,1.8499999046325684,learn,58150.00009536743,Thu Jul 16 2026 16:39:27 GMT-0500 (Central Daylight Time),300313.2999999523,A,body,I,y,136,1,1849.2000000476837,298464.09999990463,8127,WL,C,1.0
2,2.8339998722076416,learn,57166.00012779236,Thu Jul 16 2026 16:39:27 GMT-0500 (Central Daylight Time),301297.7999999523,A,bodyenter,I,enter,962,1,2833.7000000476837,298464.09999990463,8127,WL,C,1.0
2,3.815999984741211,learn,56184.00001525879,Thu Jul 16 2026 16:39:27 GMT-0500 (Central Daylight Time),302279.39999985695,A,n,I,n,969,1,981.1999998092651,301298.2000000477,8127,WL,C,2.0
2,3.9659998416900635,learn,56034.00015830994,Thu Jul 16 2026 16:39:27 GMT-0500 (Central Daylight Time),302429.2999999523,A,na,I,a,132,1,1131.0999999046326,301298.2000000477,8127,WL,C,2.0
2,4.098999977111816,learn,55901.00002288818,Thu Jul 16 2026 16:39:27 GMT-0500 (Central Daylight Time),302562.59999990463,A,nai,I,i,126,1,1264.3999998569489,301298.2000000477,8127,WL,C,2.0
2,4.515999794006348,learn,55484.00020599365,Thu Jul 16 2026 16:39:27 GMT-0500 (Central Daylight Time),302979.39999985695,A,nail,I,l,410,1,1681.1999998092651,301298.2000000477,8127,WL,C,2.0
2,5.031999826431274,learn,54968.000173568726,Thu Jul 16 2026 16:39:27 GMT-0500 (Central Daylight Time),303495.7000000477,A,nailenter,I,enter,504,1,2197.5,301298.2000000477,8127,WL,C,2.0
2,7.347999811172485,learn,52652.000188827515,Thu Jul 16 2026 16:39:27 GMT-0500 (Central Daylight Time),305811.39999985695,A,t,I,t,2307,1,2315.399999856949,303496.0,8127,WL,C,3.0
2,7.56499981880188,learn,52435.00018119812,Thu Jul 16 2026 16:39:27 GMT-0500 (Central Daylight Time),306028.2999999523,A,to,I,o,199,1,2532.2999999523163,303496.0,8127,WL,C,3.0
2,7.847999811172485,learn,52152.000188827515,Thu Jul 16 2026 16:39:27 GMT-0500 (Central Daylight Time),306311.39999985695,A,tow,I,w,272,1,2815.399999856949,303496.0,8127,WL,C,3.0
2,7.864999771118164,learn,52135.000228881836,Thu Jul 16 2026 16:39:27 GMT-0500 (Central Daylight Time),306328.7000000477,A,towe,I,e,1,1,2832.7000000476837,303496.0,8127,WL,C,3.0
2,9.280999898910522,learn,50719.00010108948,Thu Jul 16 2026 16:39:27 GMT-0500 (Central Daylight Time),307744.5,A,tower,I,r,1394,1,4248.5,303496.0,8127,WL,C,3.0
2,9.79699993133545,learn,50203.00006866455,Thu Jul 16 2026 16:39:27 GMT-0500 (Central Daylight Time),308261.0,A,towerenter,I,enter,498,1,4765.0,303496.0,8127,WL,C,3.0
2,10.496999979019165,learn,49503.000020980835,Thu Jul 16 2026 16:39:27 GMT-0500 (Central Daylight Time),308960.7000000477,A,w,I,w,686,1,699.3000001907349,308261.39999985695,8127,WL,C,4.0
2,10.696999788284302,learn,49303.0002117157,Thu Jul 16 2026 16:39:27 GMT-0500 (Central Daylight Time),309160.7000000477,A,wh,I,h,194,1,899.3000001907349,308261.39999985695,8127,WL,C,4.0
2,10.879999876022339,learn,49120.00012397766,Thu Jul 16 2026 16:39:27 GMT-0500 (Central Daylight Time),309343.89999985695,A,whe,I,e,163,1,1082.5,308261.39999985695,8127,WL,C,4.0
2,11.11299991607666,learn,48887.00008392334,Thu Jul 16 2026 16:39:27 GMT-0500 (Central Daylight Time),309577.09999990463,A,whea,I,a,227,1,1315.7000000476837,308261.39999985695,8127,WL,C,4.0
2,11.379999876022339,learn,48620.00012397766,Thu Jul 16 2026 16:39:27 GMT-0500 (Central Daylight Time),309843.7999999523,A,wheat,I,t,250,1,1582.4000000953674,308261.39999985695,8127,WL,C,4.0
2,11.896999835968018,learn,48103.00016403198,Thu Jul 16 2026 16:39:27 GMT-0500 (Central Daylight Time),310360.2999999523,A,wheatenter,I,enter,503,1,2098.9000000953674,308261.39999985695,8127,WL,C,4.0
2,13.095999956130981,learn,46904.00004386902,Thu Jul 16 2026 16:39:27 GMT-0500 (Central Daylight Time),311559.89999985695,A,q,I,q,1178,1,1199.3999998569489,310360.5,8127,WL,C,5.0
2,13.395999908447266,learn,46604.000091552734,Thu Jul 16 2026 16:39:27 GMT-0500 (Central Daylight Time),311859.7999999523,A,qy,I,y,291,1,1499.2999999523163,310360.5,8127,WL,C,5.0
2,14.02899980545044,learn,45971.00019454956,Thu Jul 16 2026 16:39:27 GMT-0500 (Central Daylight Time),312492.89999985695,A,q,I,backspace,615,1,2132.399999856949,310360.5,8127,WL,C,5.0
2,14.711999893188477,learn,45288.00010681152,Thu Jul 16 2026 16:39:27 GMT-0500 (Central Daylight Time),313176.0,A,qu,I,u,662,1,2815.5,310360.5,8127,WL,C,5.0
2,14.961999893188477,learn,45038.00010681152,Thu Jul 16 2026 16:39:27 GMT-0500 (Central Daylight Time),313425.89999985695,A,que,I,e,243,1,3065.399999856949,310360.5,8127,WL,C,5.0
2,15.128999948501587,learn,44871.00005149841,Thu Jul 16 2026 16:39:27 GMT-0500 (Central Daylight Time),313592.59999990463,A,quee,I,e,161,1,3232.0999999046326,310360.5,8127,WL,C,5.0
2,15.295999765396118,learn,44704.00023460388,Thu Jul 16 2026 16:39:27 GMT-0500 (Central Daylight Time),313759.2000000477,A,queen,I,n,155,1,3398.7000000476837,310360.5,8127,WL,C,5.0
2,15.978999853134155,learn,44021.000146865845,Thu Jul 16 2026 16:39:27 GMT-0500 (Central Daylight Time),314442.2999999523,A,queenenter,I,enter,668,1,4081.7999999523163,310360.5,8127,WL,C,5.0
2,16.703999996185303,learn,43296.0000038147,Thu Jul 16 2026 16:39:27 GMT-0500 (Central Daylight Time),315167.7999999523,A,s,I,s,721,1,725.2000000476837,314442.59999990463,8127,WL,C,6.0
2,16.911999940872192,learn,43088.00005912781,Thu Jul 16 2026 16:39:27 GMT-0500 (Central Daylight Time),315375.2000000477,A,su,I,u,195,1,932.6000001430511,314442.59999990463,8127,WL,C,6.0
2,17.194999933242798,learn,42805.0000667572,Thu Jul 16 2026 16:39:27 GMT-0500 (Central Daylight Time),315658.59999990463,A,sug,I,g,267,1,1216.0,314442.59999990463,8127,WL,C,6.0
2,17.394999980926514,learn,42605.000019073486,Thu Jul 16 2026 16:39:27 GMT-0500 (Central Daylight Time),315858.39999985695,A,suga,I,a,193,1,1415.7999999523163,314442.59999990463,8127,WL,C,6.0
2,17.611999988555908,learn,42388.00001144409,Thu Jul 16 2026 16:39:27 GMT-0500 (Central Daylight Time),316075.09999990463,A,sugar,I,r,201,1,1632.5,314442.59999990463,8127,WL,C,6.0
2,18.193999767303467,learn,41806.00023269653,Thu Jul 16 2026 16:39:27 GMT-0500 (Central Daylight Time),316658.09999990463,A,sugarenter,I,enter,576,1,2215.5,314442.59999990463,8127,WL,C,6.0
2,20.193999767303467,learn,39806.00023269653,Thu Jul 16 2026 16:39:27 GMT-0500 (Central Daylight Time),318657.59999990463,A,h,I,h,1993,1,1999.2999999523163,316658.2999999523,8127,WL,C,7.0
2,20.42799997329712,learn,39572.00002670288,Thu Jul 16 2026 16:39:27 GMT-0500 (Central Daylight Time),318891.89999985695,A,ho,I,o,217,1,2233.5999999046326,316658.2999999523,8127,WL,C,7.0
2,20.80999994277954,learn,39190.00005722046,Thu Jul 16 2026 16:39:27 GMT-0500 (Central Daylight Time),319274.09999990463,A,hon,I,n,367,1,2615.7999999523163,316658.2999999523,8127,WL,C,7.0
2,21.22699999809265,learn,38773.00000190735,Thu Jul 16 2026 16:39:27 GMT-0500 (Central Daylight Time),319690.89999985695,A,ho,I,backspace,402,1,3032.5999999046326,316658.2999999523,8127,WL,C,7.0
2,21.527999877929688,learn,38472.00012207031,Thu Jul 16 2026 16:39:27 GMT-0500 (Central Daylight Time),319991.2000000477,A,hom,I,m,281,1,3332.9000000953674,316658.2999999523,8127,WL,C,7.0
2,21.676999807357788,learn,38323.00019264221,Thu Jul 16 2026 16:39:27 GMT-0500 (Central Daylight Time),320140.7999999523,A,home,I,e,140,1,3482.5,316658.2999999523,8127,WL,C,7.0
2,22.376999855041504,learn,37623.000144958496,Thu Jul 16 2026 16:39:27 GMT-0500 (Central Daylight Time),320840.7000000477,A,homeenter,I,enter,680,1,4182.400000095367,316658.2999999523,8127,WL,C,7.0
2,23.07699990272522,learn,36923.00009727478,Thu Jul 16 2026 16:39:27 GMT-0500 (Central Daylight Time),321540.2999999523,A,b,I,b,691,1,699.4000000953674,320840.89999985695,8127,WL,C,8.0
2,23.32699990272522,learn,36673.00009727478,Thu Jul 16 2026 16:39:27 GMT-0500 (Central Daylight Time),321790.2999999523,A,bo,I,o,240,1,949.4000000953674,320840.89999985695,8127,WL,C,8.0
2,24.05999994277954,learn,35940.00005722046,Thu Jul 16 2026 16:39:27 GMT-0500 (Central Daylight Time),322523.2000000477,A,boy,I,y,718,1,1682.3000001907349,320840.89999985695,8127,WL,C,8.0
2,24.258999824523926,learn,35741.000175476074,Thu Jul 16 2026 16:39:27 GMT-0500 (Central Daylight Time),322723.09999990463,A,boyenter,I,enter,193,1,1882.2000000476837,320840.89999985695,8127,WL,C,8.0
2,25.008999824523926,learn,34991.000175476074,Thu Jul 16 2026 16:39:27 GMT-0500 (Central Daylight Time),323473.09999990463,A,c,I,c,738,1,749.7000000476837,322723.39999985695,8127,WL,C,9.0
2,25.15999984741211,learn,34840.00015258789,Thu Jul 16 2026 16:39:27 GMT-0500 (Central Daylight Time),323623.2000000477,A,ca,I,a,131,1,899.8000001907349,322723.39999985695,8127,WL,C,9.0
2,25.575999975204468,learn,34424.00002479553,Thu Jul 16 2026 16:39:27 GMT-0500 (Central Daylight Time),324039.5,A,cat,I,t,405,1,1316.1000001430511,322723.39999985695,8127,WL,C,9.0
2,25.742999792099,learn,34257.000207901,Thu Jul 16 2026 16:39:27 GMT-0500 (Central Daylight Time),324206.2000000477,A,catt,I,t,148,1,1482.8000001907349,322723.39999985695,8127,WL,C,9.0
2,25.858999967575073,learn,34141.00003242493,Thu Jul 16 2026 16:39:27 GMT-0500 (Central Daylight Time),324322.7999999523,A,cattl,I,l,110,1,1599.4000000953674,322723.39999985695,8127,WL,C,9.0
2,26.008999824523926,learn,33991.000175476074,Thu Jul 16 2026 16:39:27 GMT-0500 (Central Daylight Time),324473.0,A,cattle,I,e,138,1,1749.6000001430511,322723.39999985695,8127,WL,C,9.0
2,26.375999927520752,learn,33624.00007247925,Thu Jul 16 2026 16:39:27 GMT-0500 (Central Daylight Time),324839.2999999523,A,cattleenter,I,enter,347,1,2115.9000000953674,322723.39999985695,8127,WL,C,9.0
2,27.04199981689453,learn,32958.00018310547,Thu Jul 16 2026 16:39:27 GMT-0500 (Central Daylight Time),325505.59999990463,A,d,I,d,661,1,665.8999998569489,324839.7000000477,8127,WL,C,10.0
2,27.275999784469604,learn,32724.000215530396,Thu Jul 16 2026 16:39:27 GMT-0500 (Central Daylight Time),325739.59999990463,A,do,I,o,219,1,899.8999998569489,324839.7000000477,8127,WL,C,10.0
2,27.39199995994568,learn,32608.00004005432,Thu Jul 16 2026 16:39:27 GMT-0500 (Central Daylight Time),325855.89999985695,A,doc,I,c,97,1,1016.1999998092651,324839.7000000477,8127,WL,C,10.0
2,27.658999919891357,learn,32341.000080108643,Thu Jul 16 2026 16:39:27 GMT-0500 (Central Daylight Time),326122.2999999523,A,doct,I,t,260,1,1282.5999999046326,324839.7000000477,8127,WL,C,10.0
2,27.79199981689453,learn,32208.00018310547,Thu Jul 16 2026 16:39:27 GMT-0500 (Central Daylight Time),326255.59999990463,A,docto,I,o,114,1,1415.8999998569489,324839.7000000477,8127,WL,C,10.0
2,27.907999992370605,learn,32092.000007629395,Thu Jul 16 2026 16:39:27 GMT-0500 (Central Daylight Time),326372.0,A,doctor,I,r,101,1,1532.2999999523163,324839.7000000477,8127,WL,C,10.0
2,28.524999856948853,learn,31475.000143051147,Thu Jul 16 2026 16:39:27 GMT-0500 (Central Daylight Time),326988.7000000477,A,doctorenter,I,enter,609,1,2149.0,324839.7000000477,8127,WL,C,10.0
2,29.140999794006348,learn,30859.000205993652,Thu Jul 16 2026 16:39:27 GMT-0500 (Central Daylight Time),327605.09999990463,A,c,I,c,599,1,616.0,326989.09999990463,8127,WL,C,11.0
2,29.307999849319458,learn,30692.000150680542,Thu Jul 16 2026 16:39:27 GMT-0500 (Central Daylight Time),327771.59999990463,A,ca,I,a,152,1,782.5,326989.09999990463,8127,WL,C,11.0
2,29.44099998474121,learn,30559.00001525879,Thu Jul 16 2026 16:39:27 GMT-0500 (Central Daylight Time),327905.09999990463,A,can,I,n,121,1,916.0,326989.09999990463,8127,WL,C,11.0
2,29.640999794006348,learn,30359.000205993652,Thu Jul 16 2026 16:39:27 GMT-0500 (Central Daylight Time),328105.09999990463,A,canp,I,p,179,1,1116.0,326989.09999990463,8127,WL,C,11.0
2,30.640999794006348,learn,29359.000205993652,Thu Jul 16 2026 16:39:27 GMT-0500 (Central Daylight Time),329104.5,A,can,I,backspace,979,1,2115.4000000953674,326989.09999990463,8127,WL,C,11.0
2,30.823999881744385,learn,29176.000118255615,Thu Jul 16 2026 16:39:27 GMT-0500 (Central Daylight Time),329287.89999985695,A,ca,I,backspace,164,1,2298.7999999523163,326989.09999990463,8127,WL,C,11.0
2,31.640999794006348,learn,28359.000205993652,Thu Jul 16 2026 16:39:27 GMT-0500 (Central Daylight Time),330104.5,A,cam,I,m,796,1,3115.4000000953674,326989.09999990463,8127,WL,C,11.0
2,32.073999881744385,learn,27926.000118255615,Thu Jul 16 2026 16:39:27 GMT-0500 (Central Daylight Time),330537.2999999523,A,camp,I,p,419,1,3548.2000000476837,326989.09999990463,8127,WL,C,11.0
2,32.45699977874756,learn,27543.00022125244,Thu Jul 16 2026 16:39:27 GMT-0500 (Central Daylight Time),330920.59999990463,A,campenter,I,enter,370,1,3931.5,326989.09999990463,8127,WL,C,11.0
2,33.85599994659424,learn,26144.00005340576,Thu Jul 16 2026 16:39:27 GMT-0500 (Central Daylight Time),332320.0,A,l,I,l,1379,1,1399.0,330921.0,8127,WL,C,12.0
2,34.055999994277954,learn,25944.000005722046,Thu Jul 16 2026 16:39:27 GMT-0500 (Central Daylight Time),332519.89999985695,A,le,I,e,179,1,1598.8999998569489,330921.0,8127,WL,C,12.0
2,34.20599985122681,learn,25794.000148773193,Thu Jul 16 2026 16:39:27 GMT-0500 (Central Daylight Time),332669.7999999523,A,let,I,t,140,1,1748.7999999523163,330921.0,8127,WL,C,12.0
2,34.50599980354309,learn,25494.00019645691,Thu Jul 16 2026 16:39:27 GMT-0500 (Central Daylight Time),332969.5,A,lete,I,e,286,1,2048.5,330921.0,8127,WL,C,12.0
2,35.305999994277954,learn,24694.000005722046,Thu Jul 16 2026 16:39:27 GMT-0500 (Central Daylight Time),333769.89999985695,A,let,I,backspace,787,1,2848.899999856949,330921.0,8127,WL,C,12.0
2,37.20599985122681,learn,22794.000148773193,Thu Jul 16 2026 16:39:27 GMT-0500 (Central Daylight Time),335669.2000000477,A,lett,I,t,1882,1,4748.200000047684,330921.0,8127,WL,C,12.0
2,37.35599994659424,learn,22644.00005340576,Thu Jul 16 2026 16:39:27 GMT-0500 (Central Daylight Time),335819.2000000477,A,lette,I,e,135,1,4898.200000047684,330921.0,8127,WL,C,12.0
2,37.50499987602234,learn,22495.00012397766,Thu Jul 16 2026 16:39:27 GMT-0500 (Central Daylight Time),335969.09999990463,A,letter,I,r,145,1,5048.099999904633,330921.0,8127,WL,C,12.0
2,37.704999923706055,learn,22295.000076293945,Thu Jul 16 2026 16:39:27 GMT-0500 (Central Daylight Time),336169.09999990463,A,letterenter,I,enter,187,1,5248.099999904633,330921.0,8127,WL,C,12.0
2,38.871999979019165,learn,21128.000020980835,Thu Jul 16 2026 16:39:27 GMT-0500 (Central Daylight Time),337335.2999999523,A,s,I,s,1155,1,1165.9000000953674,336169.39999985695,8127,WL,C,13.0
2,39.25499987602234,learn,20745.00012397766,Thu Jul 16 2026 16:39:27 GMT-0500 (Central Daylight Time),337718.59999990463,A,sh,I,h,365,1,1549.2000000476837,336169.39999985695,8127,WL,C,13.0
2,39.42199993133545,learn,20578.00006866455,Thu Jul 16 2026 16:39:27 GMT-0500 (Central Daylight Time),337885.09999990463,A,sho,I,o,157,1,1715.7000000476837,336169.39999985695,8127,WL,C,13.0
2,39.638999938964844,learn,20361.000061035156,Thu Jul 16 2026 16:39:27 GMT-0500 (Central Daylight Time),338102.7999999523,A,shor,I,r,198,1,1933.4000000953674,336169.39999985695,8127,WL,C,13.0
2,39.73799991607666,learn,20262.00008392334,Thu Jul 16 2026 16:39:27 GMT-0500 (Central Daylight Time),338201.7000000477,A,shore,I,e,94,1,2032.3000001907349,336169.39999985695,8127,WL,C,13.0
2,40.33099985122681,learn,19669.000148773193,Thu Jul 16 2026 16:39:27 GMT-0500 (Central Daylight Time),338794.7999999523,A,shoreenter,I,enter,450,1,2625.4000000953674,336169.39999985695,8127,WL,C,13.0
2,51.45099997520447,learn,8549.000024795532,Thu Jul 16 2026 16:39:27 GMT-0500 (Central Daylight Time),349914.7999999523,A,enter,I,enter,11111,1,11119.5,338795.2999999523,8127,WL,C,14.0
2,52.45099997520447,learn,7549.000024795532,Thu Jul 16 2026 16:39:27 GMT-0500 (Central Daylight Time),350914.7999999523,A,enter,I,enter,985,1,999.7000000476837,349915.09999990463,8127,WL,C,15.0
3,0.9169998168945312,learn,59083.00018310547,Thu Jul 16 2026 16:39:27 GMT-0500 (Central Daylight Time),418476.7999999523,A,t,I,t,901,1,916.5,417560.2999999523,8127,WL,C,1.0
3,1.184000015258789,learn,58815.99998474121,Thu Jul 16 2026 16:39:27 GMT-0500 (Central Daylight Time),418743.2000000477,A,to,I,o,247,1,1182.9000000953674,417560.2999999523,8127,WL,C,1.0
3,1.616999864578247,learn,58383.00013542175,Thu Jul 16 2026 16:39:27 GMT-0500 (Central Daylight Time),419176.5,A,tow,I,w,413,1,1616.2000000476837,417560.2999999523,8127,WL,C,1.0
3,1.7999999523162842,learn,58200.000047683716,Thu Jul 16 2026 16:39:27 GMT-0500 (Central Daylight Time),419359.5,A,towe,I,e,171,1,1799.2000000476837,417560.2999999523,8127,WL,C,1.0
3,2.0,learn,58000.0,Thu Jul 16 2026 16:39:27 GMT-0500 (Central Daylight Time),419559.2999999523,A,tower,I,r,189,1,1999.0,417560.2999999523,8127,WL,C,1.0
3,3.049999952316284,learn,56950.000047683716,Thu Jul 16 2026 16:39:27 GMT-0500 (Central Daylight Time),420609.2999999523,A,towerenter,I,enter,1036,1,3049.0,417560.2999999523,8127,WL,C,1.0
3,3.7159998416900635,learn,56284.00015830994,Thu Jul 16 2026 16:39:27 GMT-0500 (Central Daylight Time),421275.59999990463,A,w,I,w,658,1,665.8999998569489,420609.7000000477,8127,WL,C,2.0
3,3.9159998893737793,learn,56084.00011062622,Thu Jul 16 2026 16:39:27 GMT-0500 (Central Daylight Time),421475.39999985695,A,wh,I,h,192,1,865.6999998092651,420609.7000000477,8127,WL,C,2.0
3,4.082000017166138,learn,55917.99998283386,Thu Jul 16 2026 16:39:27 GMT-0500 (Central Daylight Time),421642.0,A,whe,I,e,162,1,1032.2999999523163,420609.7000000477,8127,WL,C,2.0
3,4.33299994468689,learn,55667.00005531311,Thu Jul 16 2026 16:39:27 GMT-0500 (Central Daylight Time),421892.2000000477,A,whea,I,a,242,1,1282.5,420609.7000000477,8127,WL,C,2.0
3,4.582000017166138,learn,55417.99998283386,Thu Jul 16 2026 16:39:27 GMT-0500 (Central Daylight Time),422142.2000000477,A,wheat,I,t,232,1,1532.5,420609.7000000477,8127,WL,C,2.0
3,4.932999849319458,learn,55067.00015068054,Thu Jul 16 2026 16:39:27 GMT-0500 (Central Daylight Time),422492.59999990463,A,wheatenter,I,enter,342,1,1882.8999998569489,420609.7000000477,8127,WL,C,2.0
3,6.4649999141693115,learn,53535.00008583069,Thu Jul 16 2026 16:39:27 GMT-0500 (Central Daylight Time),424024.89999985695,A,q,I,q,1520,1,1532.0,422492.89999985695,8127,WL,C,3.0
3,6.631999969482422,learn,53368.00003051758,Thu Jul 16 2026 16:39:27 GMT-0500 (Central Daylight Time),424191.2000000477,A,qu,I,u,147,1,1698.3000001907349,422492.89999985695,8127,WL,C,3.0
3,6.947999954223633,learn,53052.00004577637,Thu Jul 16 2026 16:39:27 GMT-0500 (Central Daylight Time),424508.09999990463,A,que,I,e,300,1,2015.2000000476837,422492.89999985695,8127,WL,C,3.0
3,7.131999969482422,learn,52868.00003051758,Thu Jul 16 2026 16:39:27 GMT-0500 (Central Daylight Time),424691.2000000477,A,quee,I,e,168,1,2198.300000190735,422492.89999985695,8127,WL,C,3.0
3,7.31499981880188,learn,52685.00018119812,Thu Jul 16 2026 16:39:27 GMT-0500 (Central Daylight Time),424874.59999990463,A,queen,I,n,169,1,2381.7000000476837,422492.89999985695,8127,WL,C,3.0
3,7.697999954223633,learn,52302.00004577637,Thu Jul 16 2026 16:39:27 GMT-0500 (Central Daylight Time),425257.89999985695,A,queenenter,I,enter,370,1,2765.0,422492.89999985695,8127,WL,C,3.0
3,8.497999906539917,learn,51502.00009346008,Thu Jul 16 2026 16:39:27 GMT-0500 (Central Daylight Time),426057.39999985695,A,s,I,s,779,1,799.0999999046326,425258.2999999523,8127,WL,C,4.0
3,8.730999946594238,learn,51269.00005340576,Thu Jul 16 2026 16:39:27 GMT-0500 (Central Daylight Time),426290.7999999523,A,su,I,u,226,1,1032.5,425258.2999999523,8127,WL,C,4.0
3,8.997999906539917,learn,51002.00009346008,Thu Jul 16 2026 16:39:27 GMT-0500 (Central Daylight Time),426557.39999985695,A,sug,I,g,249,1,1299.0999999046326,425258.2999999523,8127,WL,C,4.0
3,9.180999994277954,learn,50819.000005722046,Thu Jul 16 2026 16:39:27 GMT-0500 (Central Daylight Time),426740.7999999523,A,suga,I,a,175,1,1482.5,425258.2999999523,8127,WL,C,4.0
3,9.38100004196167,learn,50618.99995803833,Thu Jul 16 2026 16:39:27 GMT-0500 (Central Daylight Time),426940.5,A,sugar,I,r,184,1,1682.2000000476837,425258.2999999523,8127,WL,C,4.0
3,9.596999883651733,learn,50403.00011634827,Thu Jul 16 2026 16:39:27 GMT-0500 (Central Daylight Time),427157.09999990463,A,sugarenter,I,enter,208,1,1898.7999999523163,425258.2999999523,8127,WL,C,4.0
3,10.646999835968018,learn,49353.00016403198,Thu Jul 16 2026 16:39:27 GMT-0500 (Central Daylight Time),428206.89999985695,A,h,I,h,1039,1,1049.5,427157.39999985695,8127,WL,C,5.0
3,10.846999883651733,learn,49153.00011634827,Thu Jul 16 2026 16:39:27 GMT-0500 (Central Daylight Time),428406.89999985695,A,ho,I,o,189,1,1249.5,427157.39999985695,8127,WL,C,5.0
3,11.063999891281128,learn,48936.00010871887,Thu Jul 16 2026 16:39:27 GMT-0500 (Central Daylight Time),428623.2999999523,A,hon,I,n,206,1,1465.9000000953674,427157.39999985695,8127,WL,C,5.0
3,11.27999997138977,learn,48720.00002861023,Thu Jul 16 2026 16:39:27 GMT-0500 (Central Daylight Time),428840.09999990463,A,hone,I,e,205,1,1682.7000000476837,427157.39999985695,8127,WL,C,5.0
3,11.996999979019165,learn,48003.000020980835,Thu Jul 16 2026 16:39:27 GMT-0500 (Central Daylight Time),429556.59999990463,A,hon,I,backspace,700,1,2399.2000000476837,427157.39999985695,8127,WL,C,5.0
3,12.162999868392944,learn,47837.000131607056,Thu Jul 16 2026 16:39:27 GMT-0500 (Central Daylight Time),429723.09999990463,A,ho,I,backspace,160,1,2565.7000000476837,427157.39999985695,8127,WL,C,5.0
3,13.079999923706055,learn,46920.000076293945,Thu Jul 16 2026 16:39:27 GMT-0500 (Central Daylight Time),430639.5,A,hom,I,m,897,1,3482.100000143051,427157.39999985695,8127,WL,C,5.0
3,13.36299991607666,learn,46637.00008392334,Thu Jul 16 2026 16:39:27 GMT-0500 (Central Daylight Time),430922.89999985695,A,home,I,e,269,1,3765.5,427157.39999985695,8127,WL,C,5.0
3,13.745999813079834,learn,46254.000186920166,Thu Jul 16 2026 16:39:27 GMT-0500 (Central Daylight Time),431305.59999990463,A,homeenter,I,enter,378,1,4148.200000047684,427157.39999985695,8127,WL,C,5.0
3,14.462999820709229,learn,45537.00017929077,Thu Jul 16 2026 16:39:27 GMT-0500 (Central Daylight Time),432022.2999999523,A,b,I,b,706,1,716.4000000953674,431305.89999985695,8127,WL,C,6.0
3,14.796000003814697,learn,45203.9999961853,Thu Jul 16 2026 16:39:27 GMT-0500 (Central Daylight Time),432355.59999990463,A,bo,I,o,325,1,1049.7000000476837,431305.89999985695,8127,WL,C,6.0
3,15.26199984550476,learn,44738.00015449524,Thu Jul 16 2026 16:39:27 GMT-0500 (Central Daylight Time),432821.89999985695,A,boy,I,y,449,1,1516.0,431305.89999985695,8127,WL,C,6.0
3,15.812000036239624,learn,44187.999963760376,Thu Jul 16 2026 16:39:27 GMT-0500 (Central Daylight Time),433371.7999999523,A,boyenter,I,enter,534,1,2065.9000000953674,431305.89999985695,8127,WL,C,6.0
3,16.59500002861023,learn,43404.99997138977,Thu Jul 16 2026 16:39:27 GMT-0500 (Central Daylight Time),434154.89999985695,A,d,I,d,777,1,782.7999999523163,433372.09999990463,8127,WL,C,7.0
3,16.828999996185303,learn,43171.0000038147,Thu Jul 16 2026 16:39:27 GMT-0500 (Central Daylight Time),434388.09999990463,A,do,I,o,225,1,1016.0,433372.09999990463,8127,WL,C,7.0
3,16.944999933242798,learn,43055.0000667572,Thu Jul 16 2026 16:39:27 GMT-0500 (Central Daylight Time),434505.09999990463,A,doc,I,c,96,1,1133.0,433372.09999990463,8127,WL,C,7.0
3,17.26199984550476,learn,42738.00015449524,Thu Jul 16 2026 16:39:27 GMT-0500 (Central Daylight Time),434821.59999990463,A,doct,I,t,299,1,1449.5,433372.09999990463,8127,WL,C,7.0
3,17.378999948501587,learn,42621.00005149841,Thu Jul 16 2026 16:39:27 GMT-0500 (Central Daylight Time),434938.2999999523,A,docto,I,o,103,1,1566.2000000476837,433372.09999990463,8127,WL,C,7.0
3,17.494999885559082,learn,42505.00011444092,Thu Jul 16 2026 16:39:27 GMT-0500 (Central Daylight Time),435054.7000000477,A,doctor,I,r,106,1,1682.6000001430511,433372.09999990463,8127,WL,C,7.0
3,18.01199984550476,learn,41988.00015449524,Thu Jul 16 2026 16:39:27 GMT-0500 (Central Daylight Time),435571.2999999523,A,doctorenter,I,enter,510,1,2199.2000000476837,433372.09999990463,8127,WL,C,7.0
3,18.527999877929688,learn,41472.00012207031,Thu Jul 16 2026 16:39:27 GMT-0500 (Central Daylight Time),436087.7000000477,A,c,I,c,505,1,516.1000001430511,435571.59999990463,8127,WL,C,8.0
3,18.67799997329712,learn,41322.00002670288,Thu Jul 16 2026 16:39:27 GMT-0500 (Central Daylight Time),436237.7999999523,A,ca,I,a,133,1,666.2000000476837,435571.59999990463,8127,WL,C,8.0
3,18.84500002861023,learn,41154.99997138977,Thu Jul 16 2026 16:39:27 GMT-0500 (Central Daylight Time),436404.39999985695,A,can,I,n,159,1,832.7999999523163,435571.59999990463,8127,WL,C,8.0
3,19.110999822616577,learn,40889.00017738342,Thu Jul 16 2026 16:39:27 GMT-0500 (Central Daylight Time),436670.7000000477,A,canp,I,p,247,1,1099.1000001430511,435571.59999990463,8127,WL,C,8.0
3,20.24399995803833,learn,39756.00004196167,Thu Jul 16 2026 16:39:27 GMT-0500 (Central Daylight Time),437803.7999999523,A,can,I,backspace,1117,1,2232.2000000476837,435571.59999990463,8127,WL,C,8.0
3,20.41100001335144,learn,39588.99998664856,Thu Jul 16 2026 16:39:27 GMT-0500 (Central Daylight Time),437970.39999985695,A,ca,I,backspace,161,1,2398.7999999523163,435571.59999990463,8127,WL,C,8.0
3,21.22699999809265,learn,38773.00000190735,Thu Jul 16 2026 16:39:27 GMT-0500 (Central Daylight Time),438786.59999990463,A,cam,I,m,801,1,3215.0,435571.59999990463,8127,WL,C,8.0
3,21.57699990272522,learn,38423.00009727478,Thu Jul 16 2026 16:39:27 GMT-0500 (Central Daylight Time),439136.89999985695,A,camp,I,p,329,1,3565.2999999523163,435571.59999990463,8127,WL,C,8.0
3,22.009999990463257,learn,37990.00000953674,Thu Jul 16 2026 16:39:27 GMT-0500 (Central Daylight Time),439569.59999990463,A,campenter,I,enter,428,1,3998.0,435571.59999990463,8127,WL,C,8.0
3,23.359999895095825,learn,36640.000104904175,Thu Jul 16 2026 16:39:27 GMT-0500 (Central Daylight Time),440919.5,A,c,I,c,1330,1,1349.6000001430511,439569.89999985695,8127,WL,C,9.0
3,23.960000038146973,learn,36039.99996185303,Thu Jul 16 2026 16:39:27 GMT-0500 (Central Daylight Time),441519.5,A,co,I,o,581,1,1949.6000001430511,439569.89999985695,8127,WL,C,9.0
3,25.042999982833862,learn,34957.00001716614,Thu Jul 16 2026 16:39:27 GMT-0500 (Central Daylight Time),442602.39999985695,A,cor,I,r,1077,1,3032.5,439569.89999985695,8127,WL,C,9.0
3,25.192999839782715,learn,34807.000160217285,Thu Jul 16 2026 16:39:27 GMT-0500 (Central Daylight Time),442752.5,A,corn,I,n,129,1,3182.600000143051,439569.89999985695,8127,WL,C,9.0
3,25.608999967575073,learn,34391.00003242493,Thu Jul 16 2026 16:39:27 GMT-0500 (Central Daylight Time),443168.59999990463,A,cornenter,I,enter,396,1,3598.7000000476837,439569.89999985695,8127,WL,C,9.0
3,26.20899987220764,learn,33791.00012779236,Thu Jul 16 2026 16:39:27 GMT-0500 (Central Daylight Time),443768.7999999523,A,n,I,n,588,1,599.9000000953674,443168.89999985695,8127,WL,C,10.0
3,26.426999807357788,learn,33573.00019264221,Thu Jul 16 2026 16:39:27 GMT-0500 (Central Daylight Time),443986.39999985695,A,na,I,a,195,1,817.5,443168.89999985695,8127,WL,C,10.0
3,26.524999856948853,learn,33475.00014305115,Thu Jul 16 2026 16:39:27 GMT-0500 (Central Daylight Time),444085.2000000477,A,nai,I,i,89,1,916.3000001907349,443168.89999985695,8127,WL,C,10.0
3,26.741999864578247,learn,33258.00013542175,Thu Jul 16 2026 16:39:27 GMT-0500 (Central Daylight Time),444301.7999999523,A,nail,I,l,199,1,1132.9000000953674,443168.89999985695,8127,WL,C,10.0
3,27.241999864578247,learn,32758.000135421753,Thu Jul 16 2026 16:39:27 GMT-0500 (Central Daylight Time),444801.7999999523,A,nailenter,I,enter,494,1,1632.9000000953674,443168.89999985695,8127,WL,C,10.0
3,29.641000032424927,learn,30358.999967575073,Thu Jul 16 2026 16:39:27 GMT-0500 (Central Daylight Time),447200.89999985695,A,f,I,f,2386,1,2398.7999999523163,444802.09999990463,8127,WL,C,11.0
3,29.824999809265137,learn,30175.000190734863,Thu Jul 16 2026 16:39:27 GMT-0500 (Central Daylight Time),447384.2999999523,A,fl,I,l,162,1,2582.2000000476837,444802.09999990463,8127,WL,C,11.0
3,29.907999992370605,learn,30092.000007629395,Thu Jul 16 2026 16:39:27 GMT-0500 (Central Daylight Time),447467.5,A,fla,I,a,76,1,2665.4000000953674,444802.09999990463,8127,WL,C,11.0
3,30.29099988937378,learn,29709.00011062622,Thu Jul 16 2026 16:39:27 GMT-0500 (Central Daylight Time),447851.0,A,flag,I,g,369,1,3048.9000000953674,444802.09999990463,8127,WL,C,11.0
3,31.0239999294281,learn,28976.0000705719,Thu Jul 16 2026 16:39:27 GMT-0500 (Central Daylight Time),448583.7000000477,A,flagenter,I,enter,713,1,3781.600000143051,444802.09999990463,8127,WL,C,11.0
3,31.60699987411499,learn,28393.00012588501,Thu Jul 16 2026 16:39:27 GMT-0500 (Central Daylight Time),449167.0,A,l,I,l,572,1,582.9000000953674,448584.09999990463,8127,WL,C,12.0
3,31.840999841690063,learn,28159.000158309937,Thu Jul 16 2026 16:39:27 GMT-0500 (Central Daylight Time),449400.39999985695,A,le,I,e,213,1,816.2999999523163,448584.09999990463,8127,WL,C,12.0
3,32.09099984169006,learn,27909.000158309937,Thu Jul 16 2026 16:39:27 GMT-0500 (Central Daylight Time),449651.0,A,let,I,t,244,1,1066.9000000953674,448584.09999990463,8127,WL,C,12.0
3,32.25699996948242,learn,27743.000030517578,Thu Jul 16 2026 16:39:27 GMT-0500 (Central Daylight Time),449816.7999999523,A,lett,I,t,161,1,1232.7000000476837,448584.09999990463,8127,WL,C,12.0
3,32.87399983406067,learn,27126.00016593933,Thu Jul 16 2026 16:39:27 GMT-0500 (Central Daylight Time),450433.2999999523,A,lette,I,e,612,1,1849.2000000476837,448584.09999990463,8127,WL,C,12.0
3,32.99000000953674,learn,27009.999990463257,Thu Jul 16 2026 16:39:27 GMT-0500 (Central Daylight Time),450549.89999985695,A,letter,I,r,107,1,1965.7999999523163,448584.09999990463,8127,WL,C,12.0
3,33.58999991416931,learn,26410.00008583069,Thu Jul 16 2026 16:39:27 GMT-0500 (Central Daylight Time),451149.7000000477,A,letterenter,I,enter,590,1,2565.600000143051,448584.09999990463,8127,WL,C,12.0
3,35.20599985122681,learn,24794.000148773193,Thu Jul 16 2026 16:39:27 GMT-0500 (Central Daylight Time),452765.7999999523,A,b,I,b,1607,1,1615.7000000476837,451150.09999990463,8127,WL,C,13.0
3,35.4229998588562,learn,24577.0001411438,Thu Jul 16 2026 16:39:27 GMT-0500 (Central Daylight Time),452982.59999990463,A,bo,I,o,198,1,1832.5,451150.09999990463,8127,WL,C,13.0
3,35.638999938964844,learn,24361.000061035156,Thu Jul 16 2026 16:39:27 GMT-0500 (Central Daylight Time),453199.09999990463,A,bod,I,d,206,1,2049.0,451150.09999990463,8127,WL,C,13.0
3,35.82200002670288,learn,24177.99997329712,Thu Jul 16 2026 16:39:27 GMT-0500 (Central Daylight Time),453382.09999990463,A,body,I,y,173,1,2232.0,451150.09999990463,8127,WL,C,13.0
3,36.389999866485596,learn,23610.000133514404,Thu Jul 16 2026 16:39:27 GMT-0500 (Central Daylight Time),453949.7999999523,A,bodyenter,I,enter,550,1,2799.7000000476837,451150.09999990463,8127,WL,C,13.0
3,45.169999837875366,learn,14830.000162124634,Thu Jul 16 2026 16:39:27 GMT-0500 (Central Daylight Time),462729.39999985695,A,s,I,s,8766,1,8779.299999952316,453950.09999990463,8127,WL,C,14.0
3,45.30299997329712,learn,14697.00002670288,Thu Jul 16 2026 16:39:27 GMT-0500 (Central Daylight Time),462862.59999990463,A,sh,I,h,122,1,8912.5,453950.09999990463,8127,WL,C,14.0
3,45.55299997329712,learn,14447.00002670288,Thu Jul 16 2026 16:39:27 GMT-0500 (Central Daylight Time),463112.59999990463,A,sho,I,o,230,1,9162.5,453950.09999990463,8127,WL,C,14.0
3,45.769999980926514,learn,14230.000019073486,Thu Jul 16 2026 16:39:27 GMT-0500 (Central Daylight Time),463330.0,A,shor,I,r,196,1,9379.900000095367,453950.09999990463,8127,WL,C,14.0
3,46.26899981498718,learn,13731.000185012817,Thu Jul 16 2026 16:39:27 GMT-0500 (Central Daylight Time),463829.0,A,shore,I,e,490,1,9878.900000095367,453950.09999990463,8127,WL,C,14.0
3,46.53600001335144,learn,13463.99998664856,Thu Jul 16 2026 16:39:27 GMT-0500 (Central Daylight Time),464095.7000000477,A,shoreenter,I,enter,255,1,10145.600000143051,453950.09999990463,8127,WL,C,14.0
3,47.335999965667725,learn,12664.000034332275,Thu Jul 16 2026 16:39:27 GMT-0500 (Central Daylight Time),464895.5,A,enter,I,enter,780,1,799.4000000953674,464096.09999990463,8127,WL,C,15.0
4,1.2330000400543213,learn,58766.99995994568,Thu Jul 16 2026 16:39:27 GMT-0500 (Central Daylight Time),533473.5,A,t,I,t,1227,1,1232.4000000953674,532241.0999999046,8127,WL,C,1.0
4,1.432999849319458,learn,58567.00015068054,Thu Jul 16 2026 16:39:27 GMT-0500 (Central Daylight Time),533673.5999999046,A,to,I,o,194,1,1432.5,532241.0999999046,8127,WL,C,1.0
4,1.75,learn,58250.0,Thu Jul 16 2026 16:39:27 GMT-0500 (Central Daylight Time),533990.2000000477,A,tow,I,w,307,1,1749.1000001430511,532241.0999999046,8127,WL,C,1.0
4,1.9159998893737793,learn,58084.00011062622,Thu Jul 16 2026 16:39:27 GMT-0500 (Central Daylight Time),534156.7999999523,A,towe,I,e,157,1,1915.7000000476837,532241.0999999046,8127,WL,C,1.0
4,2.132999897003174,learn,57867.000102996826,Thu Jul 16 2026 16:39:27 GMT-0500 (Central Daylight Time),534373.399999857,A,tower,I,r,199,1,2132.2999999523163,532241.0999999046,8127,WL,C,1.0
4,3.2990000247955322,learn,56700.99997520447,Thu Jul 16 2026 16:39:27 GMT-0500 (Central Daylight Time),535539.7999999523,A,towerenter,I,enter,1159,1,3298.7000000476837,532241.0999999046,8127,WL,C,1.0
4,5.31499981880188,learn,54685.00018119812,Thu Jul 16 2026 16:39:27 GMT-0500 (Central Daylight Time),537555.7999999523,A,w,I,w,2001,1,2015.5999999046326,535540.2000000477,8127,WL,C,2.0
4,5.547999858856201,learn,54452.0001411438,Thu Jul 16 2026 16:39:27 GMT-0500 (Central Daylight Time),537789.0999999046,A,wh,I,h,224,1,2248.899999856949,535540.2000000477,8127,WL,C,2.0
4,5.797999858856201,learn,54202.0001411438,Thu Jul 16 2026 16:39:27 GMT-0500 (Central Daylight Time),538039.2000000477,A,whe,I,e,239,1,2499.0,535540.2000000477,8127,WL,C,2.0
4,5.997999906539917,learn,54002.00009346008,Thu Jul 16 2026 16:39:27 GMT-0500 (Central Daylight Time),538239.0999999046,A,whea,I,a,189,1,2698.899999856949,535540.2000000477,8127,WL,C,2.0
4,6.264999866485596,learn,53735.000133514404,Thu Jul 16 2026 16:39:27 GMT-0500 (Central Daylight Time),538505.7000000477,A,wheat,I,t,253,1,2965.5,535540.2000000477,8127,WL,C,2.0
4,6.4649999141693115,learn,53535.00008583069,Thu Jul 16 2026 16:39:27 GMT-0500 (Central Daylight Time),538705.5,A,wheatenter,I,enter,178,1,3165.2999999523163,535540.2000000477,8127,WL,C,2.0
4,7.13100004196167,learn,52868.99995803833,Thu Jul 16 2026 16:39:27 GMT-0500 (Central Daylight Time),539372.0999999046,A,q,I,q,659,1,666.2999999523163,538705.7999999523,8127,WL,C,3.0
4,7.513999938964844,learn,52486.000061035156,Thu Jul 16 2026 16:39:27 GMT-0500 (Central Daylight Time),539754.899999857,A,qu,I,u,376,1,1049.0999999046326,538705.7999999523,8127,WL,C,3.0
4,7.8480000495910645,learn,52151.999950408936,Thu Jul 16 2026 16:39:27 GMT-0500 (Central Daylight Time),540088.2000000477,A,que,I,e,322,1,1382.4000000953674,538705.7999999523,8127,WL,C,3.0
4,8.080999851226807,learn,51919.00014877319,Thu Jul 16 2026 16:39:27 GMT-0500 (Central Daylight Time),540321.5999999046,A,quee,I,e,228,1,1615.7999999523163,538705.7999999523,8127,WL,C,3.0
4,8.263999938964844,learn,51736.000061035156,Thu Jul 16 2026 16:39:27 GMT-0500 (Central Daylight Time),540505.2000000477,A,queen,I,n,163,1,1799.4000000953674,538705.7999999523,8127,WL,C,3.0
4,8.914000034332275,learn,51085.999965667725,Thu Jul 16 2026 16:39:27 GMT-0500 (Central Daylight Time),541154.7000000477,A,queenenter,I,enter,635,1,2448.9000000953674,538705.7999999523,8127,WL,C,3.0
4,9.596999883651733,learn,50403.00011634827,Thu Jul 16 2026 16:39:27 GMT-0500 (Central Daylight Time),541837.899999857,A,s,I,s,672,1,682.8999998569489,541155.0,8127,WL,C,4.0
4,10.063999891281128,learn,49936.00010871887,Thu Jul 16 2026 16:39:27 GMT-0500 (Central Daylight Time),542304.399999857,A,su,I,u,446,1,1149.3999998569489,541155.0,8127,WL,C,4.0
4,10.379999876022339,learn,49620.00012397766,Thu Jul 16 2026 16:39:27 GMT-0500 (Central Daylight Time),542621.0999999046,A,sug,I,g,308,1,1466.0999999046326,541155.0,8127,WL,C,4.0
4,10.596999883651733,learn,49403.00011634827,Thu Jul 16 2026 16:39:27 GMT-0500 (Central Daylight Time),542837.2999999523,A,suga,I,a,199,1,1682.2999999523163,541155.0,8127,WL,C,4.0
4,10.79699993133545,learn,49203.00006866455,Thu Jul 16 2026 16:39:27 GMT-0500 (Central Daylight Time),543037.399999857,A,sugar,I,r,190,1,1882.3999998569489,541155.0,8127,WL,C,4.0
4,10.996999979019165,learn,49003.000020980835,Thu Jul 16 2026 16:39:27 GMT-0500 (Central Daylight Time),543237.2999999523,A,sugarenter,I,enter,183,1,2082.2999999523163,541155.0,8127,WL,C,4.0
4,11.929999828338623,learn,48070.00017166138,Thu Jul 16 2026 16:39:27 GMT-0500 (Central Daylight Time),544170.399999857,A,h,I,h,919,1,932.8999998569489,543237.5,8127,WL,C,5.0
4,12.345999956130981,learn,47654.00004386902,Thu Jul 16 2026 16:39:27 GMT-0500 (Central Daylight Time),544587.0,A,ho,I,o,410,1,1349.5,543237.5,8127,WL,C,5.0
4,12.628999948501587,learn,47371.00005149841,Thu Jul 16 2026 16:39:27 GMT-0500 (Central Daylight Time),544870.0999999046,A,hom,I,m,274,1,1632.5999999046326,543237.5,8127,WL,C,5.0
4,12.828999996185303,learn,47171.0000038147,Thu Jul 16 2026 16:39:27 GMT-0500 (Central Daylight Time),545070.0999999046,A,home,I,e,182,1,1832.5999999046326,543237.5,8127,WL,C,5.0
4,13.19599986076355,learn,46804.00013923645,Thu Jul 16 2026 16:39:27 GMT-0500 (Central Daylight Time),545436.7999999523,A,homeenter,I,enter,358,1,2199.2999999523163,543237.5,8127,WL,C,5.0
4,13.928999900817871,learn,46071.00009918213,Thu Jul 16 2026 16:39:27 GMT-0500 (Central Daylight Time),546169.7999999523,A,b,I,b,719,1,732.7000000476837,545437.0999999046,8127,WL,C,6.0
4,14.144999980926514,learn,45855.000019073486,Thu Jul 16 2026 16:39:27 GMT-0500 (Central Daylight Time),546386.0999999046,A,bo,I,o,211,1,949.0,545437.0999999046,8127,WL,C,6.0
4,14.529000043869019,learn,45470.99995613098,Thu Jul 16 2026 16:39:27 GMT-0500 (Central Daylight Time),546769.5999999046,A,boy,I,y,370,1,1332.5,545437.0999999046,8127,WL,C,6.0
4,14.744999885559082,learn,45255.00011444092,Thu Jul 16 2026 16:39:27 GMT-0500 (Central Daylight Time),546985.899999857,A,boyenter,I,enter,210,1,1548.7999999523163,545437.0999999046,8127,WL,C,6.0
4,15.578999996185303,learn,44421.0000038147,Thu Jul 16 2026 16:39:27 GMT-0500 (Central Daylight Time),547819.2999999523,A,d,I,d,827,1,833.2000000476837,546986.0999999046,8127,WL,C,7.0
4,15.812000036239624,learn,44187.999963760376,Thu Jul 16 2026 16:39:27 GMT-0500 (Central Daylight Time),548052.5,A,do,I,o,225,1,1066.4000000953674,546986.0999999046,8127,WL,C,7.0
4,15.944999933242798,learn,44055.0000667572,Thu Jul 16 2026 16:39:27 GMT-0500 (Central Daylight Time),548185.5,A,doc,I,c,128,1,1199.4000000953674,546986.0999999046,8127,WL,C,7.0
4,16.294999837875366,learn,43705.000162124634,Thu Jul 16 2026 16:39:27 GMT-0500 (Central Daylight Time),548535.5999999046,A,doco,I,o,339,1,1549.5,546986.0999999046,8127,WL,C,7.0
4,16.394999980926514,learn,43605.000019073486,Thu Jul 16 2026 16:39:27 GMT-0500 (Central Daylight Time),548635.5999999046,A,docot,I,t,84,1,1649.5,546986.0999999046,8127,WL,C,7.0
4,17.046000003814697,learn,42953.9999961853,Thu Jul 16 2026 16:39:27 GMT-0500 (Central Daylight Time),549286.5,A,doco,I,backspace,641,1,2300.4000000953674,546986.0999999046,8127,WL,C,7.0
4,17.227999925613403,learn,42772.0000743866,Thu Jul 16 2026 16:39:27 GMT-0500 (Central Daylight Time),549469.0,A,doc,I,backspace,166,1,2482.9000000953674,546986.0999999046,8127,WL,C,7.0
4,17.960999965667725,learn,42039.000034332275,Thu Jul 16 2026 16:39:27 GMT-0500 (Central Daylight Time),550201.7999999523,A,doct,I,t,720,1,3215.7000000476837,546986.0999999046,8127,WL,C,7.0
4,18.110999822616577,learn,41889.00017738342,Thu Jul 16 2026 16:39:27 GMT-0500 (Central Daylight Time),550352.0999999046,A,docto,I,o,138,1,3366.0,546986.0999999046,8127,WL,C,7.0
4,18.42799997329712,learn,41572.00002670288,Thu Jul 16 2026 16:39:27 GMT-0500 (Central Daylight Time),550668.399999857,A,doctor,I,r,300,1,3682.2999999523163,546986.0999999046,8127,WL,C,7.0
4,19.41100001335144,learn,40588.99998664856,Thu Jul 16 2026 16:39:27 GMT-0500 (Central Daylight Time),551651.7000000477,A,doctorenter,I,enter,975,1,4665.600000143051,546986.0999999046,8127,WL,C,7.0
4,20.126999855041504,learn,39873.000144958496,Thu Jul 16 2026 16:39:27 GMT-0500 (Central Daylight Time),552367.899999857,A,c,I,c,694,1,715.7999999523163,551652.0999999046,8127,WL,C,8.0
4,20.26099991798401,learn,39739.00008201599,Thu Jul 16 2026 16:39:27 GMT-0500 (Central Daylight Time),552501.2999999523,A,ca,I,a,125,1,849.2000000476837,551652.0999999046,8127,WL,C,8.0
4,20.40999984741211,learn,39590.00015258789,Thu Jul 16 2026 16:39:27 GMT-0500 (Central Daylight Time),552651.0,A,can,I,n,135,1,998.9000000953674,551652.0999999046,8127,WL,C,8.0
4,20.643999814987183,learn,39356.00018501282,Thu Jul 16 2026 16:39:27 GMT-0500 (Central Daylight Time),552884.5,A,canp,I,p,225,1,1232.4000000953674,551652.0999999046,8127,WL,C,8.0
4,21.542999982833862,learn,38457.00001716614,Thu Jul 16 2026 16:39:27 GMT-0500 (Central Daylight Time),553783.899999857,A,can,I,backspace,887,1,2131.7999999523163,551652.0999999046,8127,WL,C,8.0
4,21.759999990463257,learn,38240.00000953674,Thu Jul 16 2026 16:39:27 GMT-0500 (Central Daylight Time),554000.7000000477,A,ca,I,backspace,197,1,2348.600000143051,551652.0999999046,8127,WL,C,8.0
4,22.65999984741211,learn,37340.00015258789,Thu Jul 16 2026 16:39:27 GMT-0500 (Central Daylight Time),554900.5,A,cam,I,m,884,1,3248.4000000953674,551652.0999999046,8127,WL,C,8.0
4,22.960000038146973,learn,37039.99996185303,Thu Jul 16 2026 16:39:27 GMT-0500 (Central Daylight Time),555200.399999857,A,camp,I,p,288,1,3548.2999999523163,551652.0999999046,8127,WL,C,8.0
4,23.359999895095825,learn,36640.000104904175,Thu Jul 16 2026 16:39:27 GMT-0500 (Central Daylight Time),555600.2000000477,A,campenter,I,enter,388,1,3948.100000143051,551652.0999999046,8127,WL,C,8.0
4,24.258999824523926,learn,35741.000175476074,Thu Jul 16 2026 16:39:27 GMT-0500 (Central Daylight Time),556499.7999999523,A,f,I,f,892,1,899.2999999523163,555600.5,8127,WL,C,9.0
4,24.493000030517578,learn,35506.99996948242,Thu Jul 16 2026 16:39:27 GMT-0500 (Central Daylight Time),556733.2999999523,A,fl,I,l,216,1,1132.7999999523163,555600.5,8127,WL,C,9.0
4,24.592000007629395,learn,35407.999992370605,Thu Jul 16 2026 16:39:27 GMT-0500 (Central Daylight Time),556833.0999999046,A,fla,I,a,87,1,1232.5999999046326,555600.5,8127,WL,C,9.0
4,24.89199995994568,learn,35108.00004005432,Thu Jul 16 2026 16:39:27 GMT-0500 (Central Daylight Time),557132.899999857,A,flag,I,g,291,1,1532.3999998569489,555600.5,8127,WL,C,9.0
4,25.092999935150146,learn,34907.00006484985,Thu Jul 16 2026 16:39:27 GMT-0500 (Central Daylight Time),557333.2000000477,A,flagenter,I,enter,183,1,1732.7000000476837,555600.5,8127,WL,C,9.0
4,25.80900001525879,learn,34190.99998474121,Thu Jul 16 2026 16:39:27 GMT-0500 (Central Daylight Time),558049.5,A,l,I,l,695,1,715.9000000953674,557333.5999999046,8127,WL,C,10.0
4,26.024999856948853,learn,33975.00014305115,Thu Jul 16 2026 16:39:27 GMT-0500 (Central Daylight Time),558265.7999999523,A,le,I,e,211,1,932.2000000476837,557333.5999999046,8127,WL,C,10.0
4,26.241999864578247,learn,33758.00013542175,Thu Jul 16 2026 16:39:27 GMT-0500 (Central Daylight Time),558482.399999857,A,let,I,t,203,1,1148.7999999523163,557333.5999999046,8127,WL,C,10.0
4,26.408999919891357,learn,33591.00008010864,Thu Jul 16 2026 16:39:27 GMT-0500 (Central Daylight Time),558649.399999857,A,lett,I,t,155,1,1315.7999999523163,557333.5999999046,8127,WL,C,10.0
4,26.557999849319458,learn,33442.00015068054,Thu Jul 16 2026 16:39:27 GMT-0500 (Central Daylight Time),558799.0,A,lette,I,e,139,1,1465.4000000953674,557333.5999999046,8127,WL,C,10.0
4,26.658999919891357,learn,33341.00008010864,Thu Jul 16 2026 16:39:27 GMT-0500 (Central Daylight Time),558899.2999999523,A,letter,I,r,85,1,1565.7000000476837,557333.5999999046,8127,WL,C,10.0
4,27.20799994468689,learn,32792.00005531311,Thu Jul 16 2026 16:39:27 GMT-0500 (Central Daylight Time),559448.7000000477,A,letterenter,I,enter,544,1,2115.100000143051,557333.5999999046,8127,WL,C,10.0
4,32.08999991416931,learn,27910.00008583069,Thu Jul 16 2026 16:39:27 GMT-0500 (Central Daylight Time),564330.7000000477,A,b,I,b,4875,1,4881.700000047684,559449.0,8127,WL,C,11.0
4,32.32299995422363,learn,27677.000045776367,Thu Jul 16 2026 16:39:27 GMT-0500 (Central Daylight Time),564564.2000000477,A,bo,I,o,226,1,5115.200000047684,559449.0,8127,WL,C,11.0
4,33.07299995422363,learn,26927.000045776367,Thu Jul 16 2026 16:39:27 GMT-0500 (Central Daylight Time),565313.5,A,bod,I,d,744,1,5864.5,559449.0,8127,WL,C,11.0
4,33.27300000190735,learn,26726.99999809265,Thu Jul 16 2026 16:39:27 GMT-0500 (Central Daylight Time),565513.5999999046,A,body,I,y,195,1,6064.599999904633,559449.0,8127,WL,C,11.0
4,33.83899998664856,learn,26161.00001335144,Thu Jul 16 2026 16:39:27 GMT-0500 (Central Daylight Time),566080.2000000477,A,bodyenter,I,enter,546,1,6631.200000047684,559449.0,8127,WL,C,11.0
4,34.52199983596802,learn,25478.000164031982,Thu Jul 16 2026 16:39:27 GMT-0500 (Central Daylight Time),566763.0999999046,A,s,I,s,675,1,682.5999999046326,566080.5,8127,WL,C,12.0
4,34.67199993133545,learn,25328.00006866455,Thu Jul 16 2026 16:39:27 GMT-0500 (Central Daylight Time),566913.0999999046,A,sh,I,h,137,1,832.5999999046326,566080.5,8127,WL,C,12.0
4,34.85599994659424,learn,25144.00005340576,Thu Jul 16 2026 16:39:27 GMT-0500 (Central Daylight Time),567096.5999999046,A,sho,I,o,163,1,1016.0999999046326,566080.5,8127,WL,C,12.0
4,35.42199993133545,learn,24578.00006866455,Thu Jul 16 2026 16:39:27 GMT-0500 (Central Daylight Time),567663.2000000477,A,shor,I,r,556,1,1582.7000000476837,566080.5,8127,WL,C,12.0
4,35.77199983596802,learn,24228.000164031982,Thu Jul 16 2026 16:39:27 GMT-0500 (Central Daylight Time),568012.899999857,A,shore,I,e,340,1,1932.3999998569489,566080.5,8127,WL,C,12.0
4,36.15499997138977,learn,23845.00002861023,Thu Jul 16 2026 16:39:27 GMT-0500 (Central Daylight Time),568396.0999999046,A,shoreenter,I,enter,375,1,2315.5999999046326,566080.5,8127,WL,C,12.0
4,36.787999868392944,learn,23212.000131607056,Thu Jul 16 2026 16:39:27 GMT-0500 (Central Daylight Time),569029.0,A,c,I,c,616,1,632.5,568396.5,8127,WL,C,13.0
4,37.02199983596802,learn,22978.000164031982,Thu Jul 16 2026 16:39:27 GMT-0500 (Central Daylight Time),569262.7999999523,A,co,I,o,215,1,866.2999999523163,568396.5,8127,WL,C,13.0
4,37.6729998588562,learn,22327.0001411438,Thu Jul 16 2026 16:39:27 GMT-0500 (Central Daylight Time),569913.7000000477,A,cor,I,r,629,1,1517.2000000476837,568396.5,8127,WL,C,13.0
4,37.88800001144409,learn,22111.99998855591,Thu Jul 16 2026 16:39:27 GMT-0500 (Central Daylight Time),570129.0,A,corn,I,n,202,1,1732.5,568396.5,8127,WL,C,13.0
4,38.47199988365173,learn,21528.000116348267,Thu Jul 16 2026 16:39:27 GMT-0500 (Central Daylight Time),570713.0,A,cornenter,I,enter,562,1,2316.5,568396.5,8127,WL,C,13.0
4,39.937999963760376,learn,20062.000036239624,Thu Jul 16 2026 16:39:27 GMT-0500 (Central Daylight Time),572178.5,A,n,I,n,1452,1,1465.2999999523163,570713.2000000477,8127,WL,C,14.0
4,40.103999853134155,learn,19896.000146865845,Thu Jul 16 2026 16:39:27 GMT-0500 (Central Daylight Time),572344.7999999523,A,na,I,a,145,1,1631.5999999046326,570713.2000000477,8127,WL,C,14.0
4,40.22099995613098,learn,19779.00004386902,Thu Jul 16 2026 16:39:27 GMT-0500 (Central Daylight Time),572461.5999999046,A,nai,I,i,107,1,1748.3999998569489,570713.2000000477,8127,WL,C,14.0
4,40.47099995613098,learn,19529.00004386902,Thu Jul 16 2026 16:39:27 GMT-0500 (Central Daylight Time),572711.5,A,nail,I,l,231,1,1998.2999999523163,570713.2000000477,8127,WL,C,14.0
4,41.30399990081787,learn,18696.00009918213,Thu Jul 16 2026 16:39:27 GMT-0500 (Central Daylight Time),573544.399999857,A,nailenter,I,enter,821,1,2831.199999809265,570713.2000000477,8127,WL,C,14.0
4,48.70099997520447,learn,11299.000024795532,Thu Jul 16 2026 16:39:27 GMT-0500 (Central Daylight Time),580942.2000000477,A,c,I,c,7380,1,7397.5,573544.7000000477,8127,WL,C,15.0
4,48.817999839782715,learn,11182.000160217285,Thu Jul 16 2026 16:39:27 GMT-0500 (Central Daylight Time),581058.7999999523,A,ca,I,a,109,1,7514.099999904633,573544.7000000477,8127,WL,C,15.0
4,49.16799998283386,learn,10832.000017166138,Thu Jul 16 2026 16:39:27 GMT-0500 (Central Daylight Time),581409.0,A,cat,I,t,338,1,7864.299999952316,573544.7000000477,8127,WL,C,15.0
4,49.33399987220764,learn,10666.000127792358,Thu Jul 16 2026 16:39:27 GMT-0500 (Central Daylight Time),581575.2000000477,A,catt,I,t,155,1,8030.5,573544.7000000477,8127,WL,C,15.0
4,49.46799993515015,learn,10532.000064849854,Thu Jul 16 2026 16:39:27 GMT-0500 (Central Daylight Time),581708.7000000477,A,cattl,I,l,115,1,8164.0,573544.7000000477,8127,WL,C,15.0
4,49.58500003814697,learn,10414.999961853027,Thu Jul 16 2026 16:39:27 GMT-0500 (Central Daylight Time),581825.2999999523,A,cattle,I,e,104,1,8280.599999904633,573544.7000000477,8127,WL,C,15.0
4,50.35199999809265,learn,9648.000001907349,Thu Jul 16 2026 16:39:27 GMT-0500 (Central Daylight Time),582592.5,A,cattleenter,I,enter,762,1,9047.799999952316,573544.7000000477,8127,WL,C,15.0
5,0.6169998645782471,learn,60000.0,Thu Jul 16 2026 16:39:27 GMT-0500 (Central Daylight Time),649170.7999999523,A,t,I,t,609,1,616.5999999046326,648554.2000000477,8127,WL,C,1.0
5,0.9839999675750732,learn,60000.0,Thu Jul 16 2026 16:39:27 GMT-0500 (Central Daylight Time),649537.2999999523,A,to,I,o,360,1,983.0999999046326,648554.2000000477,8127,WL,C,1.0
5,2.0329999923706055,learn,60000.0,Thu Jul 16 2026 16:39:27 GMT-0500 (Central Daylight Time),650586.899999857,A,tow,I,w,1034,1,2032.6999998092651,648554.2000000477,8127,WL,C,1.0
5,2.4660000801086426,learn,60000.0,Thu Jul 16 2026 16:39:27 GMT-0500 (Central Daylight Time),651020.2000000477,A,towe,I,e,416,1,2466.0,648554.2000000477,8127,WL,C,1.0
5,2.700000047683716,learn,60000.0,Thu Jul 16 2026 16:39:27 GMT-0500 (Central Daylight Time),651253.5,A,tower,I,r,223,1,2699.2999999523163,648554.2000000477,8127,WL,C,1.0
5,4.299000024795532,learn,60000.0,Thu Jul 16 2026 16:39:27 GMT-0500 (Central Daylight Time),652853.0999999046,A,towerw,I,w,1591,1,4298.899999856949,648554.2000000477,8127,WL,C,1.0
5,4.48199987411499,learn,60000.0,Thu Jul 16 2026 16:39:27 GMT-0500 (Central Daylight Time),653036.2000000477,A,towerwh,I,h,167,1,4482.0,648554.2000000477,8127,WL,C,1.0
5,4.58299994468689,learn,60000.0,Thu Jul 16 2026 16:39:27 GMT-0500 (Central Daylight Time),653136.2999999523,A,towerwhe,I,e,88,1,4582.099999904633,648554.2000000477,8127,WL,C,1.0
5,4.7829999923706055,learn,60000.0,Thu Jul 16 2026 16:39:27 GMT-0500 (Central Daylight Time),653336.5,A,towerwhea,I,a,188,1,4782.299999952316,648554.2000000477,8127,WL,C,1.0
5,5.0320000648498535,learn,60000.0,Thu Jul 16 2026 16:39:27 GMT-0500 (Central Daylight Time),653585.899999857,A,towerwheat,I,t,244,1,5031.699999809265,648554.2000000477,8127,WL,C,1.0
5,5.766000032424927,learn,60000.0,Thu Jul 16 2026 16:39:27 GMT-0500 (Central Daylight Time),654319.2999999523,A,towerwhea,I,backspace,723,1,5765.099999904633,648554.2000000477,8127,WL,C,1.0
5,5.98199987411499,learn,60000.0,Thu Jul 16 2026 16:39:27 GMT-0500 (Central Daylight Time),654535.899999857,A,towerwhe,I,backspace,205,1,5981.699999809265,648554.2000000477,8127,WL,C,1.0
5,6.131999969482422,learn,60000.0,Thu Jul 16 2026 16:39:27 GMT-0500 (Central Daylight Time),654685.5999999046,A,towerwh,I,backspace,141,1,6131.399999856949,648554.2000000477,8127,WL,C,1.0
5,6.315000057220459,learn,60000.0,Thu Jul 16 2026 16:39:27 GMT-0500 (Central Daylight Time),654869.0999999046,A,towerw,I,backspace,175,1,6314.899999856949,648554.2000000477,8127,WL,C,1.0
5,6.48199987411499,learn,60000.0,Thu Jul 16 2026 16:39:27 GMT-0500 (Central Daylight Time),655035.5,A,tower,I,backspace,151,1,6481.299999952316,648554.2000000477,8127,WL,C,1.0
5,7.08299994468689,learn,60000.0,Thu Jul 16 2026 16:39:27 GMT-0500 (Central Daylight Time),655636.7000000477,A,towerenter,I,enter,593,1,7082.5,648554.2000000477,8127,WL,C,1.0
5,7.830999851226807,learn,60000.0,Thu Jul 16 2026 16:39:27 GMT-0500 (Central Daylight Time),656385.2000000477,A,w,I,w,728,1,748.2000000476837,655637.0,8127,WL,C,2.0
5,8.014999866485596,learn,60000.0,Thu Jul 16 2026 16:39:27 GMT-0500 (Central Daylight Time),656568.5,A,wh,I,h,163,1,931.5,655637.0,8127,WL,C,2.0
5,8.148000001907349,learn,60000.0,Thu Jul 16 2026 16:39:27 GMT-0500 (Central Daylight Time),656701.7999999523,A,whe,I,e,124,1,1064.7999999523163,655637.0,8127,WL,C,2.0
5,8.38100004196167,learn,60000.0,Thu Jul 16 2026 16:39:27 GMT-0500 (Central Daylight Time),656935.0,A,whea,I,a,222,1,1298.0,655637.0,8127,WL,C,2.0
5,8.615000009536743,learn,60000.0,Thu Jul 16 2026 16:39:27 GMT-0500 (Central Daylight Time),657168.5,A,wheat,I,t,212,1,1531.5,655637.0,8127,WL,C,2.0
5,8.88100004196167,learn,60000.0,Thu Jul 16 2026 16:39:27 GMT-0500 (Central Daylight Time),657435.0,A,wheatenter,I,enter,259,1,1798.0,655637.0,8127,WL,C,2.0
5,9.898000001907349,learn,60000.0,Thu Jul 16 2026 16:39:27 GMT-0500 (Central Daylight Time),658451.2999999523,A,q,I,q,1009,1,1015.9000000953674,657435.399999857,8127,WL,C,3.0
5,10.164000034332275,learn,60000.0,Thu Jul 16 2026 16:39:27 GMT-0500 (Central Daylight Time),658717.7999999523,A,qu,I,u,249,1,1282.4000000953674,657435.399999857,8127,WL,C,3.0
5,10.348000049591064,learn,60000.0,Thu Jul 16 2026 16:39:27 GMT-0500 (Central Daylight Time),658902.0999999046,A,que,I,e,174,1,1466.7000000476837,657435.399999857,8127,WL,C,3.0
5,10.71399998664856,learn,60000.0,Thu Jul 16 2026 16:39:27 GMT-0500 (Central Daylight Time),659267.5999999046,A,quee,I,e,350,1,1832.2000000476837,657435.399999857,8127,WL,C,3.0
5,10.864000082015991,learn,60000.0,Thu Jul 16 2026 16:39:27 GMT-0500 (Central Daylight Time),659417.2000000477,A,queen,I,n,145,1,1981.8000001907349,657435.399999857,8127,WL,C,3.0
5,11.430000066757202,learn,60000.0,Thu Jul 16 2026 16:39:27 GMT-0500 (Central Daylight Time),659984.0,A,queenenter,I,enter,546,1,2548.600000143051,657435.399999857,8127,WL,C,3.0
5,12.21399998664856,learn,60000.0,Thu Jul 16 2026 16:39:27 GMT-0500 (Central Daylight Time),660767.2999999523,A,s,I,s,773,1,783.0999999046326,659984.2000000477,8127,WL,C,4.0
5,12.44700002670288,learn,60000.0,Thu Jul 16 2026 16:39:27 GMT-0500 (Central Daylight Time),661000.399999857,A,su,I,u,221,1,1016.1999998092651,659984.2000000477,8127,WL,C,4.0
5,12.730000019073486,learn,60000.0,Thu Jul 16 2026 16:39:27 GMT-0500 (Central Daylight Time),661283.5999999046,A,sug,I,g,274,1,1299.3999998569489,659984.2000000477,8127,WL,C,4.0
5,12.930000066757202,learn,60000.0,Thu Jul 16 2026 16:39:27 GMT-0500 (Central Daylight Time),661483.7999999523,A,suga,I,a,184,1,1499.5999999046326,659984.2000000477,8127,WL,C,4.0
5,13.129999876022339,learn,60000.0,Thu Jul 16 2026 16:39:27 GMT-0500 (Central Daylight Time),661683.7000000477,A,sugar,I,r,185,1,1699.5,659984.2000000477,8127,WL,C,4.0
5,13.329999923706055,learn,60000.0,Thu Jul 16 2026 16:39:27 GMT-0500 (Central Daylight Time),661883.2999999523,A,sugarenter,I,enter,184,1,1899.0999999046326,659984.2000000477,8127,WL,C,4.0
5,14.412999868392944,learn,60000.0,Thu Jul 16 2026 16:39:27 GMT-0500 (Central Daylight Time),662966.5,A,h,I,h,1073,1,1082.9000000953674,661883.5999999046,8127,WL,C,5.0
5,14.61299991607666,learn,60000.0,Thu Jul 16 2026 16:39:27 GMT-0500 (Central Daylight Time),663166.2999999523,A,ho,I,o,190,1,1282.7000000476837,661883.5999999046,8127,WL,C,5.0
5,14.763000011444092,learn,60000.0,Thu Jul 16 2026 16:39:27 GMT-0500 (Central Daylight Time),663316.399999857,A,hom,I,m,142,1,1432.7999999523163,661883.5999999046,8127,WL,C,5.0
5,15.162999868392944,learn,60000.0,Thu Jul 16 2026 16:39:27 GMT-0500 (Central Daylight Time),663716.399999857,A,home,I,e,384,1,1832.7999999523163,661883.5999999046,8127,WL,C,5.0
5,15.628999948501587,learn,60000.0,Thu Jul 16 2026 16:39:27 GMT-0500 (Central Daylight Time),664182.5999999046,A,homeenter,I,enter,456,1,2299.0,661883.5999999046,8127,WL,C,5.0
5,16.378999948501587,learn,60000.0,Thu Jul 16 2026 16:39:27 GMT-0500 (Central Daylight Time),664932.399999857,A,b,I,b,742,1,749.5,664182.899999857,8127,WL,C,6.0
5,16.628999948501587,learn,60000.0,Thu Jul 16 2026 16:39:27 GMT-0500 (Central Daylight Time),665182.5999999046,A,bo,I,o,231,1,999.7000000476837,664182.899999857,8127,WL,C,6.0
5,17.09599995613098,learn,60000.0,Thu Jul 16 2026 16:39:27 GMT-0500 (Central Daylight Time),665649.7000000477,A,boy,I,y,453,1,1466.8000001907349,664182.899999857,8127,WL,C,6.0
5,17.34500002861023,learn,60000.0,Thu Jul 16 2026 16:39:27 GMT-0500 (Central Daylight Time),665898.899999857,A,boyenter,I,enter,243,1,1716.0,664182.899999857,8127,WL,C,6.0
5,18.194999933242798,learn,60000.0,Thu Jul 16 2026 16:39:27 GMT-0500 (Central Daylight Time),666748.5,A,d,I,d,834,1,849.2999999523163,665899.2000000477,8127,WL,C,7.0
5,18.42799997329712,learn,60000.0,Thu Jul 16 2026 16:39:27 GMT-0500 (Central Daylight Time),666981.899999857,A,do,I,o,223,1,1082.6999998092651,665899.2000000477,8127,WL,C,7.0
5,18.545000076293945,learn,60000.0,Thu Jul 16 2026 16:39:27 GMT-0500 (Central Daylight Time),667098.2999999523,A,doc,I,c,110,1,1199.0999999046326,665899.2000000477,8127,WL,C,7.0
5,18.82800006866455,learn,60000.0,Thu Jul 16 2026 16:39:27 GMT-0500 (Central Daylight Time),667381.5999999046,A,doct,I,t,266,1,1482.3999998569489,665899.2000000477,8127,WL,C,7.0
5,18.944999933242798,learn,60000.0,Thu Jul 16 2026 16:39:27 GMT-0500 (Central Daylight Time),667498.399999857,A,docto,I,o,103,1,1599.1999998092651,665899.2000000477,8127,WL,C,7.0
5,19.59500002861023,learn,60000.0,Thu Jul 16 2026 16:39:27 GMT-0500 (Central Daylight Time),668149.0999999046,A,doctor,I,r,642,1,2249.899999856949,665899.2000000477,8127,WL,C,7.0
5,20.305000066757202,learn,60000.0,Thu Jul 16 2026 16:39:27 GMT-0500 (Central Daylight Time),668858.399999857,A,doctorenter,I,enter,558,1,2959.199999809265,665899.2000000477,8127,WL,C,7.0
5,20.5939998626709,learn,60000.0,Thu Jul 16 2026 16:39:27 GMT-0500 (Central Daylight Time),669147.899999857,A,c,I,c,281,1,289.19999980926514,668858.7000000477,8127,WL,C,8.0
5,20.72699999809265,learn,60000.0,Thu Jul 16 2026 16:39:27 GMT-0500 (Central Daylight Time),669280.899999857,A,ca,I,a,128,1,422.19999980926514,668858.7000000477,8127,WL,C,8.0
5,21.24399995803833,learn,60000.0,Thu Jul 16 2026 16:39:27 GMT-0500 (Central Daylight Time),669797.5,A,cam,I,m,498,1,938.7999999523163,668858.7000000477,8127,WL,C,8.0
5,21.526999950408936,learn,60000.0,Thu Jul 16 2026 16:39:27 GMT-0500 (Central Daylight Time),670080.7000000477,A,camp,I,p,271,1,1222.0,668858.7000000477,8127,WL,C,8.0
5,22.092999935150146,learn,60000.0,Thu Jul 16 2026 16:39:27 GMT-0500 (Central Daylight Time),670647.0999999046,A,campenter,I,enter,556,1,1788.3999998569489,668858.7000000477,8127,WL,C,8.0
5,23.861000061035156,learn,60000.0,Thu Jul 16 2026 16:39:27 GMT-0500 (Central Daylight Time),672414.7000000477,A,c,I,c,1749,1,1767.4000000953674,670647.2999999523,8127,WL,C,9.0
5,24.41000008583069,learn,60000.0,Thu Jul 16 2026 16:39:27 GMT-0500 (Central Daylight Time),672963.399999857,A,co,I,o,540,1,2316.0999999046326,670647.2999999523,8127,WL,C,9.0
5,24.7260000705719,learn,60000.0,Thu Jul 16 2026 16:39:27 GMT-0500 (Central Daylight Time),673279.7999999523,A,cor,I,r,305,1,2632.5,670647.2999999523,8127,WL,C,9.0
5,24.875999927520752,learn,60000.0,Thu Jul 16 2026 16:39:27 GMT-0500 (Central Daylight Time),673429.7000000477,A,corn,I,n,141,1,2782.4000000953674,670647.2999999523,8127,WL,C,9.0
5,26.425999879837036,learn,60000.0,Thu Jul 16 2026 16:39:27 GMT-0500 (Central Daylight Time),674979.2999999523,A,cornenter,I,enter,1535,1,4332.0,670647.2999999523,8127,WL,C,9.0
5,27.759000062942505,learn,60000.0,Thu Jul 16 2026 16:39:27 GMT-0500 (Central Daylight Time),676312.399999857,A,n,I,n,1313,1,1332.6999998092651,674979.7000000477,8127,WL,C,10.0
5,27.907999992370605,learn,60000.0,Thu Jul 16 2026 16:39:27 GMT-0500 (Central Daylight Time),676462.2000000477,A,na,I,a,132,1,1482.5,674979.7000000477,8127,WL,C,10.0
5,28.04200005531311,learn,60000.0,Thu Jul 16 2026 16:39:27 GMT-0500 (Central Daylight Time),676595.5999999046,A,nai,I,i,126,1,1615.8999998569489,674979.7000000477,8127,WL,C,10.0
5,28.274999856948853,learn,60000.0,Thu Jul 16 2026 16:39:27 GMT-0500 (Central Daylight Time),676828.7999999523,A,nail,I,l,217,1,1849.0999999046326,674979.7000000477,8127,WL,C,10.0
5,28.79099988937378,learn,60000.0,Thu Jul 16 2026 16:39:27 GMT-0500 (Central Daylight Time),677345.2000000477,A,nailenter,I,enter,496,1,2365.5,674979.7000000477,8127,WL,C,10.0
5,29.674999952316284,learn,60000.0,Thu Jul 16 2026 16:39:27 GMT-0500 (Central Daylight Time),678228.2999999523,A,f,I,f,867,1,882.7000000476837,677345.5999999046,8127,WL,C,11.0
5,29.825000047683716,learn,60000.0,Thu Jul 16 2026 16:39:27 GMT-0500 (Central Daylight Time),678378.2999999523,A,fl,I,l,136,1,1032.7000000476837,677345.5999999046,8127,WL,C,11.0
5,29.94099998474121,learn,60000.0,Thu Jul 16 2026 16:39:27 GMT-0500 (Central Daylight Time),678495.0,A,fla,I,a,106,1,1149.4000000953674,677345.5999999046,8127,WL,C,11.0
5,30.20799994468689,learn,60000.0,Thu Jul 16 2026 16:39:27 GMT-0500 (Central Daylight Time),678761.7999999523,A,flag,I,g,253,1,1416.2000000476837,677345.5999999046,8127,WL,C,11.0
5,30.407999992370605,learn,60000.0,Thu Jul 16 2026 16:39:27 GMT-0500 (Central Daylight Time),678961.399999857,A,flagenter,I,enter,186,1,1615.7999999523163,677345.5999999046,8127,WL,C,11.0
5,31.124000072479248,learn,60000.0,Thu Jul 16 2026 16:39:27 GMT-0500 (Central Daylight Time),679678.0,A,l,I,l,707,1,716.2999999523163,678961.7000000477,8127,WL,C,12.0
5,31.33999991416931,learn,60000.0,Thu Jul 16 2026 16:39:27 GMT-0500 (Central Daylight Time),679894.0999999046,A,le,I,e,197,1,932.3999998569489,678961.7000000477,8127,WL,C,12.0
5,31.506999969482422,learn,60000.0,Thu Jul 16 2026 16:39:27 GMT-0500 (Central Daylight Time),680061.2999999523,A,let,I,t,158,1,1099.5999999046326,678961.7000000477,8127,WL,C,12.0
5,31.69000005722046,learn,60000.0,Thu Jul 16 2026 16:39:27 GMT-0500 (Central Daylight Time),680244.2000000477,A,lett,I,t,167,1,1282.5,678961.7000000477,8127,WL,C,12.0
5,31.83999991416931,learn,60000.0,Thu Jul 16 2026 16:39:27 GMT-0500 (Central Daylight Time),680394.2000000477,A,lette,I,e,136,1,1432.5,678961.7000000477,8127,WL,C,12.0
5,31.924000024795532,learn,60000.0,Thu Jul 16 2026 16:39:27 GMT-0500 (Central Daylight Time),680477.5999999046,A,letter,I,r,74,1,1515.8999998569489,678961.7000000477,8127,WL,C,12.0
5,32.19099998474121,learn,60000.0,Thu Jul 16 2026 16:39:27 GMT-0500 (Central Daylight Time),680744.2999999523,A,letterenter,I,enter,255,1,1782.5999999046326,678961.7000000477,8127,WL,C,12.0
5,35.139999866485596,learn,60000.0,Thu Jul 16 2026 16:39:27 GMT-0500 (Central Daylight Time),683693.5,A,c,I,c,2932,1,2948.9000000953674,680744.5999999046,8127,WL,C,13.0
5,35.888999938964844,learn,60000.0,Thu Jul 16 2026 16:39:27 GMT-0500 (Central Daylight Time),684443.0999999046,A,,I,backspace,743,1,3698.5,680744.5999999046,8127,WL,C,13.0
5,36.08899998664856,learn,60000.0,Thu Jul 16 2026 16:39:27 GMT-0500 (Central Daylight Time),684642.899999857,A,s,I,s,185,1,3898.2999999523163,680744.5999999046,8127,WL,C,13.0
5,36.289000034332275,learn,60000.0,Thu Jul 16 2026 16:39:27 GMT-0500 (Central Daylight Time),684842.899999857,A,sh,I,h,185,1,4098.299999952316,680744.5999999046,8127,WL,C,13.0
5,36.473999977111816,learn,60000.0,Thu Jul 16 2026 16:39:27 GMT-0500 (Central Daylight Time),685027.2999999523,A,sho,I,o,169,1,4282.700000047684,680744.5999999046,8127,WL,C,13.0
5,36.65499997138977,learn,60000.0,Thu Jul 16 2026 16:39:27 GMT-0500 (Central Daylight Time),685209.2000000477,A,shor,I,r,177,1,4464.600000143051,680744.5999999046,8127,WL,C,13.0
5,36.7720000743866,learn,60000.0,Thu Jul 16 2026 16:39:27 GMT-0500 (Central Daylight Time),685326.0999999046,A,shore,I,e,107,1,4581.5,680744.5999999046,8127,WL,C,13.0
5,37.15599989891052,learn,60000.0,Thu Jul 16 2026 16:39:27 GMT-0500 (Central Daylight Time),685709.5999999046,A,shoreenter,I,enter,366,1,4965.0,680744.5999999046,8127,WL,C,13.0
5,38.8050000667572,learn,60000.0,Thu Jul 16 2026 16:39:27 GMT-0500 (Central Daylight Time),687358.7000000477,A,b,I,b,1631,1,1648.8000001907349,685709.899999857,8127,WL,C,14.0
5,38.98900008201599,learn,60000.0,Thu Jul 16 2026 16:39:27 GMT-0500 (Central Daylight Time),687542.399999857,A,bo,I,o,165,1,1832.5,685709.899999857,8127,WL,C,14.0
5,39.25499987602234,learn,60000.0,Thu Jul 16 2026 16:39:27 GMT-0500 (Central Daylight Time),687808.5999999046,A,bod,I,d,246,1,2098.7000000476837,685709.899999857,8127,WL,C,14.0
5,39.43899989128113,learn,60000.0,Thu Jul 16 2026 16:39:27 GMT-0500 (Central Daylight Time),687993.0,A,body,I,y,172,1,2283.100000143051,685709.899999857,8127,WL,C,14.0
5,43.94000005722046,learn,60000.0,Thu Jul 16 2026 16:39:27 GMT-0500 (Central Daylight Time),692493.2999999523,A,bodyenter,I,enter,4490,1,6783.400000095367,685709.899999857,8127,WL,C,14.0
5,61.94799995422363,learn,60000.0,Thu Jul 16 2026 16:39:27 GMT-0500 (Central Daylight Time),710501.5,A,b,I,b,17996,1,18007.900000095367,692493.5999999046,8127,WL,C,15.0
6,2.184000015258789,distr,57815.99998474121,Thu Jul 16 2026 16:39:27 GMT-0500 (Central Daylight Time),783979.5999999046,B,m,I,m,2176,1,2183.2000000476837,781796.399999857,8127,WL,C,1.0
6,2.4160001277923584,distr,57583.99987220764,Thu Jul 16 2026 16:39:27 GMT-0500 (Central Daylight Time),784211.7000000477,B,mo,I,o,224,1,2415.300000190735,781796.399999857,8127,WL,C,1.0
6,2.6660001277923584,distr,57333.99987220764,Thu Jul 16 2026 16:39:27 GMT-0500 (Central Daylight Time),784461.2000000477,B,mon,I,n,241,1,2664.800000190735,781796.399999857,8127,WL,C,1.0
6,2.949000120162964,distr,57050.999879837036,Thu Jul 16 2026 16:39:27 GMT-0500 (Central Daylight Time),784745.2000000477,B,mone,I,e,263,1,2948.800000190735,781796.399999857,8127,WL,C,1.0
6,3.0990002155303955,distr,56900.999784469604,Thu Jul 16 2026 16:39:27 GMT-0500 (Central Daylight Time),784894.399999857,B,money,I,y,130,1,3098.0,781796.399999857,8127,WL,C,1.0
6,3.6490001678466797,distr,56350.99983215332,Thu Jul 16 2026 16:39:27 GMT-0500 (Central Daylight Time),785444.7000000477,B,moneyenter,I,enter,541,1,3648.300000190735,781796.399999857,8127,WL,C,1.0
6,5.067000150680542,distr,54932.99984931946,Thu Jul 16 2026 16:39:27 GMT-0500 (Central Daylight Time),786863.2000000477,B,h,I,h,1399,1,1418.2000000476837,785445.0,8127,WL,C,2.0
6,5.265000104904175,distr,54734.999895095825,Thu Jul 16 2026 16:39:27 GMT-0500 (Central Daylight Time),787060.399999857,B,ho,I,o,180,1,1615.3999998569489,785445.0,8127,WL,C,2.0
6,5.466000080108643,distr,54533.99991989136,Thu Jul 16 2026 16:39:27 GMT-0500 (Central Daylight Time),787261.7999999523,B,hot,I,t,191,1,1816.7999999523163,785445.0,8127,WL,C,2.0
6,5.615000009536743,distr,54384.99999046326,Thu Jul 16 2026 16:39:27 GMT-0500 (Central Daylight Time),787410.2999999523,B,hote,I,e,141,1,1965.2999999523163,785445.0,8127,WL,C,2.0
6,5.865000009536743,distr,54134.99999046326,Thu Jul 16 2026 16:39:27 GMT-0500 (Central Daylight Time),787660.2999999523,B,hotel,I,l,240,1,2215.2999999523163,785445.0,8127,WL,C,2.0
6,6.148000001907349,distr,53851.99999809265,Thu Jul 16 2026 16:39:27 GMT-0500 (Central Daylight Time),787943.5999999046,B,hotelenter,I,enter,262,1,2498.5999999046326,785445.0,8127,WL,C,2.0
6,7.430999994277954,distr,52569.000005722046,Thu Jul 16 2026 16:39:27 GMT-0500 (Central Daylight Time),789226.5999999046,B,s,I,s,1276,1,1282.7000000476837,787943.899999857,8127,WL,C,3.0
6,7.781000137329102,distr,52218.9998626709,Thu Jul 16 2026 16:39:27 GMT-0500 (Central Daylight Time),789576.2999999523,B,sk,I,k,336,1,1632.4000000953674,787943.899999857,8127,WL,C,3.0
6,8.098000049591064,distr,51901.999950408936,Thu Jul 16 2026 16:39:27 GMT-0500 (Central Daylight Time),789893.2999999523,B,sky,I,y,300,1,1949.4000000953674,787943.899999857,8127,WL,C,3.0
6,8.580000162124634,distr,51419.999837875366,Thu Jul 16 2026 16:39:27 GMT-0500 (Central Daylight Time),790376.0999999046,B,skyenter,I,enter,462,1,2432.2000000476837,787943.899999857,8127,WL,C,3.0
6,9.28000020980835,distr,50719.99979019165,Thu Jul 16 2026 16:39:27 GMT-0500 (Central Daylight Time),791076.0999999046,B,d,I,d,684,1,699.7999999523163,790376.2999999523,8127,WL,C,4.0
6,9.513000011444092,distr,50486.99998855591,Thu Jul 16 2026 16:39:27 GMT-0500 (Central Daylight Time),791309.2000000477,B,do,I,o,215,1,932.9000000953674,790376.2999999523,8127,WL,C,4.0
6,9.71500015258789,distr,50284.99984741211,Thu Jul 16 2026 16:39:27 GMT-0500 (Central Daylight Time),791510.5999999046,B,dol,I,l,183,1,1134.2999999523163,790376.2999999523,8127,WL,C,4.0
6,9.848000049591064,distr,50151.999950408936,Thu Jul 16 2026 16:39:27 GMT-0500 (Central Daylight Time),791643.5999999046,B,doll,I,l,127,1,1267.2999999523163,790376.2999999523,8127,WL,C,4.0
6,9.96399998664856,distr,50036.00001335144,Thu Jul 16 2026 16:39:27 GMT-0500 (Central Daylight Time),791760.2000000477,B,dolla,I,a,95,1,1383.9000000953674,790376.2999999523,8127,WL,C,4.0
6,10.230000019073486,distr,49769.999980926514,Thu Jul 16 2026 16:39:27 GMT-0500 (Central Daylight Time),792026.0999999046,B,dollar,I,r,244,1,1649.7999999523163,790376.2999999523,8127,WL,C,4.0
6,10.380000114440918,distr,49619.99988555908,Thu Jul 16 2026 16:39:27 GMT-0500 (Central Daylight Time),792175.399999857,B,dollarenter,I,enter,137,1,1799.0999999046326,790376.2999999523,8127,WL,C,4.0
6,11.380000114440918,distr,48619.99988555908,Thu Jul 16 2026 16:39:27 GMT-0500 (Central Daylight Time),793175.7000000477,B,m,I,m,988,1,1000.0,792175.7000000477,8127,WL,C,5.0
6,11.563000202178955,distr,48436.999797821045,Thu Jul 16 2026 16:39:27 GMT-0500 (Central Daylight Time),793358.5999999046,B,mo,I,o,171,1,1182.8999998569489,792175.7000000477,8127,WL,C,5.0
6,11.78000020980835,distr,48219.99979019165,Thu Jul 16 2026 16:39:27 GMT-0500 (Central Daylight Time),793575.5,B,mot,I,t,206,1,1399.7999999523163,792175.7000000477,8127,WL,C,5.0
6,11.930000066757202,distr,48069.9999332428,Thu Jul 16 2026 16:39:27 GMT-0500 (Central Daylight Time),793725.5999999046,B,moth,I,h,140,1,1549.8999998569489,792175.7000000477,8127,WL,C,5.0
6,11.996000051498413,distr,48003.99994850159,Thu Jul 16 2026 16:39:27 GMT-0500 (Central Daylight Time),793792.0,B,mothe,I,e,45,1,1616.2999999523163,792175.7000000477,8127,WL,C,5.0
6,12.080000162124634,distr,47919.999837875366,Thu Jul 16 2026 16:39:27 GMT-0500 (Central Daylight Time),793875.399999857,B,mother,I,r,69,1,1699.6999998092651,792175.7000000477,8127,WL,C,5.0
6,12.578999996185303,distr,47421.0000038147,Thu Jul 16 2026 16:39:27 GMT-0500 (Central Daylight Time),794374.899999857,B,motherenter,I,enter,489,1,2199.199999809265,792175.7000000477,8127,WL,C,5.0
6,13.09600019454956,distr,46903.99980545044,Thu Jul 16 2026 16:39:27 GMT-0500 (Central Daylight Time),794891.7999999523,B,c,I,c,502,1,516.5999999046326,794375.2000000477,8127,WL,C,6.0
6,13.246000051498413,distr,46753.99994850159,Thu Jul 16 2026 16:39:27 GMT-0500 (Central Daylight Time),795042.0,B,ch,I,h,136,1,666.7999999523163,794375.2000000477,8127,WL,C,6.0
6,13.496000051498413,distr,46503.99994850159,Thu Jul 16 2026 16:39:27 GMT-0500 (Central Daylight Time),795291.5,B,chr,I,r,243,1,916.2999999523163,794375.2000000477,8127,WL,C,6.0
6,13.67900013923645,distr,46320.99986076355,Thu Jul 16 2026 16:39:27 GMT-0500 (Central Daylight Time),795474.7000000477,B,chri,I,i,168,1,1099.5,794375.2000000477,8127,WL,C,6.0
6,13.813000202178955,distr,46186.999797821045,Thu Jul 16 2026 16:39:27 GMT-0500 (Central Daylight Time),795608.7999999523,B,chris,I,s,120,1,1233.5999999046326,794375.2000000477,8127,WL,C,6.0
6,14.029000043869019,distr,45970.99995613098,Thu Jul 16 2026 16:39:27 GMT-0500 (Central Daylight Time),795825.0,B,christ,I,t,202,1,1449.7999999523163,794375.2000000477,8127,WL,C,6.0
6,14.128000020980835,distr,45871.999979019165,Thu Jul 16 2026 16:39:27 GMT-0500 (Central Daylight Time),795924.2000000477,B,christm,I,m,83,1,1549.0,794375.2000000477,8127,WL,C,6.0
6,14.26200008392334,distr,45737.99991607666,Thu Jul 16 2026 16:39:27 GMT-0500 (Central Daylight Time),796057.5,B,christma,I,a,126,1,1682.2999999523163,794375.2000000477,8127,WL,C,6.0
6,14.396000146865845,distr,45603.999853134155,Thu Jul 16 2026 16:39:27 GMT-0500 (Central Daylight Time),796191.5,B,christman,I,n,123,1,1816.2999999523163,794375.2000000477,8127,WL,C,6.0
6,15.578999996185303,distr,44421.0000038147,Thu Jul 16 2026 16:39:27 GMT-0500 (Central Daylight Time),797374.2999999523,B,christma,I,backspace,1165,1,2999.0999999046326,794375.2000000477,8127,WL,C,6.0
6,16.311000108718872,distr,43688.99989128113,Thu Jul 16 2026 16:39:27 GMT-0500 (Central Daylight Time),798107.0,B,christmas,I,s,717,1,3731.7999999523163,794375.2000000477,8127,WL,C,6.0
6,16.628000020980835,distr,43371.999979019165,Thu Jul 16 2026 16:39:27 GMT-0500 (Central Daylight Time),798423.5,B,christmasenter,I,enter,304,1,4048.2999999523163,794375.2000000477,8127,WL,C,6.0
6,24.526000022888184,distr,35473.99997711182,Thu Jul 16 2026 16:39:27 GMT-0500 (Central Daylight Time),806321.2999999523,B,enter,I,enter,7877,1,7897.599999904633,798423.7000000477,8127,WL,C,7.0
6,25.175000190734863,distr,34824.99980926514,Thu Jul 16 2026 16:39:27 GMT-0500 (Central Daylight Time),806971.2000000477,B,enter,I,enter,643,1,649.7000000476837,806321.5,8127,WL,C,8.0
6,25.526000022888184,distr,34473.99997711182,Thu Jul 16 2026 16:39:27 GMT-0500 (Central Daylight Time),807321.5,B,enter,I,enter,345,1,349.90000009536743,806971.5999999046,8127,WL,C,9.0
6,25.909000158309937,distr,34090.99984169006,Thu Jul 16 2026 16:39:27 GMT-0500 (Central Daylight Time),807704.5,B,enter,I,enter,371,1,382.7000000476837,807321.7999999523,8127,WL,C,10.0
6,26.342000007629395,distr,33657.999992370605,Thu Jul 16 2026 16:39:27 GMT-0500 (Central Daylight Time),808137.7000000477,B,enter,I,enter,412,1,432.80000019073486,807704.899999857,8127,WL,C,11.0
6,26.742000102996826,distr,33257.999897003174,Thu Jul 16 2026 16:39:27 GMT-0500 (Central Daylight Time),808537.399999857,B,enter,I,enter,387,1,399.2999999523163,808138.0999999046,8127,WL,C,12.0
6,27.159000158309937,distr,32840.99984169006,Thu Jul 16 2026 16:39:27 GMT-0500 (Central Daylight Time),808955.0999999046,B,enter,I,enter,411,1,417.2999999523163,808537.7999999523,8127,WL,C,13.0
6,27.558000087738037,distr,32441.999912261963,Thu Jul 16 2026 16:39:27 GMT-0500 (Central Daylight Time),809354.0,B,enter,I,enter,385,1,398.60000014305115,808955.399999857,8127,WL,C,14.0
6,27.975000143051147,distr,32024.999856948853,Thu Jul 16 2026 16:39:27 GMT-0500 (Central Daylight Time),809770.5,B,enter,I,enter,402,1,416.10000014305115,809354.399999857,8127,WL,C,15.0
7,1.7159998416900635,immed,58284.00015830994,Thu Jul 16 2026 16:39:27 GMT-0500 (Central Daylight Time),827314.899999857,A,t,I,t,1702,1,1716.1999998092651,825598.7000000477,8127,WL,C,1.0
7,1.8829998970031738,immed,58117.000102996826,Thu Jul 16 2026 16:39:27 GMT-0500 (Central Daylight Time),827481.399999857,A,to,I,o,153,1,1882.6999998092651,825598.7000000477,8127,WL,C,1.0
7,2.2319998741149902,immed,57768.00012588501,Thu Jul 16 2026 16:39:27 GMT-0500 (Central Daylight Time),827831.2000000477,A,tow,I,w,339,1,2232.5,825598.7000000477,8127,WL,C,1.0
7,2.4659998416900635,immed,57534.00015830994,Thu Jul 16 2026 16:39:27 GMT-0500 (Central Daylight Time),828064.7000000477,A,towe,I,e,228,1,2466.0,825598.7000000477,8127,WL,C,1.0
7,2.682999849319458,immed,57317.00015068054,Thu Jul 16 2026 16:39:27 GMT-0500 (Central Daylight Time),828281.2000000477,A,tower,I,r,196,1,2682.5,825598.7000000477,8127,WL,C,1.0
7,3.3989999294281006,immed,56601.0000705719,Thu Jul 16 2026 16:39:27 GMT-0500 (Central Daylight Time),828997.5999999046,A,towerenter,I,enter,707,1,3398.899999856949,825598.7000000477,8127,WL,C,1.0
7,4.098999977111816,immed,55901.00002288818,Thu Jul 16 2026 16:39:27 GMT-0500 (Central Daylight Time),829697.899999857,A,w,I,w,687,1,700.0,828997.899999857,8127,WL,C,2.0
7,4.248999834060669,immed,55751.00016593933,Thu Jul 16 2026 16:39:27 GMT-0500 (Central Daylight Time),829847.5999999046,A,wh,I,h,138,1,849.7000000476837,828997.899999857,8127,WL,C,2.0
7,4.414999961853027,immed,55585.00003814697,Thu Jul 16 2026 16:39:27 GMT-0500 (Central Daylight Time),830013.899999857,A,whe,I,e,157,1,1016.0,828997.899999857,8127,WL,C,2.0
7,4.631999969482422,immed,55368.00003051758,Thu Jul 16 2026 16:39:27 GMT-0500 (Central Daylight Time),830230.7000000477,A,whea,I,a,198,1,1232.8000001907349,828997.899999857,8127,WL,C,2.0
7,4.848999977111816,immed,55151.00002288818,Thu Jul 16 2026 16:39:27 GMT-0500 (Central Daylight Time),830447.399999857,A,wheat,I,t,206,1,1449.5,828997.899999857,8127,WL,C,2.0
7,5.181999921798706,immed,54818.000078201294,Thu Jul 16 2026 16:39:27 GMT-0500 (Central Daylight Time),830780.5999999046,A,wheatenter,I,enter,317,1,1782.7000000476837,828997.899999857,8127,WL,C,2.0
7,6.080999851226807,immed,53919.00014877319,Thu Jul 16 2026 16:39:27 GMT-0500 (Central Daylight Time),831680.0999999046,A,q,I,q,888,1,899.2000000476837,830780.899999857,8127,WL,C,3.0
7,6.514999866485596,immed,53485.000133514404,Thu Jul 16 2026 16:39:27 GMT-0500 (Central Daylight Time),832113.2999999523,A,qu,I,u,420,1,1332.4000000953674,830780.899999857,8127,WL,C,3.0
7,6.730999946594238,immed,53269.00005340576,Thu Jul 16 2026 16:39:27 GMT-0500 (Central Daylight Time),832329.7999999523,A,que,I,e,202,1,1548.9000000953674,830780.899999857,8127,WL,C,3.0
7,6.898000001907349,immed,53101.99999809265,Thu Jul 16 2026 16:39:27 GMT-0500 (Central Daylight Time),832496.5999999046,A,quee,I,e,154,1,1715.7000000476837,830780.899999857,8127,WL,C,3.0
7,7.0309998989105225,immed,52969.00010108948,Thu Jul 16 2026 16:39:27 GMT-0500 (Central Daylight Time),832629.899999857,A,queen,I,n,116,1,1849.0,830780.899999857,8127,WL,C,3.0
7,7.5309998989105225,immed,52469.00010108948,Thu Jul 16 2026 16:39:27 GMT-0500 (Central Daylight Time),833129.5999999046,A,queenenter,I,enter,486,1,2348.7000000476837,830780.899999857,8127,WL,C,3.0
7,8.292999982833862,immed,51707.00001716614,Thu Jul 16 2026 16:39:27 GMT-0500 (Central Daylight Time),833891.899999857,A,s,I,s,611,1,762.0,833129.899999857,8127,WL,C,4.0
7,8.446999788284302,immed,51553.0002117157,Thu Jul 16 2026 16:39:27 GMT-0500 (Central Daylight Time),834045.5999999046,A,su,I,u,142,1,915.7000000476837,833129.899999857,8127,WL,C,4.0
7,8.764999866485596,immed,51235.000133514404,Thu Jul 16 2026 16:39:27 GMT-0500 (Central Daylight Time),834363.5,A,sug,I,g,310,1,1233.6000001430511,833129.899999857,8127,WL,C,4.0
7,8.946999788284302,immed,51053.0002117157,Thu Jul 16 2026 16:39:27 GMT-0500 (Central Daylight Time),834545.899999857,A,suga,I,a,170,1,1416.0,833129.899999857,8127,WL,C,4.0
7,9.113999843597412,immed,50886.00015640259,Thu Jul 16 2026 16:39:27 GMT-0500 (Central Daylight Time),834712.5999999046,A,sugar,I,r,146,1,1582.7000000476837,833129.899999857,8127,WL,C,4.0
7,9.346999883651733,immed,50653.00011634827,Thu Jul 16 2026 16:39:27 GMT-0500 (Central Daylight Time),834946.0,A,sugarenter,I,enter,220,1,1816.1000001430511,833129.899999857,8127,WL,C,4.0
7,11.395999908447266,immed,48604.000091552734,Thu Jul 16 2026 16:39:27 GMT-0500 (Central Daylight Time),836995.0999999046,A,h,I,h,2035,1,2048.7000000476837,834946.399999857,8127,WL,C,5.0
7,11.878999948501587,immed,48121.00005149841,Thu Jul 16 2026 16:39:27 GMT-0500 (Central Daylight Time),837478.2000000477,A,ho,I,o,473,1,2531.800000190735,834946.399999857,8127,WL,C,5.0
7,12.063999891281128,immed,47936.00010871887,Thu Jul 16 2026 16:39:27 GMT-0500 (Central Daylight Time),837662.7000000477,A,hom,I,m,173,1,2716.300000190735,834946.399999857,8127,WL,C,5.0
7,12.262999773025513,immed,47737.00022697449,Thu Jul 16 2026 16:39:27 GMT-0500 (Central Daylight Time),837861.2999999523,A,home,I,e,190,1,2914.9000000953674,834946.399999857,8127,WL,C,5.0
7,12.546000003814697,immed,47453.9999961853,Thu Jul 16 2026 16:39:27 GMT-0500 (Central Daylight Time),838144.5999999046,A,homeenter,I,enter,263,1,3198.2000000476837,834946.399999857,8127,WL,C,5.0
7,13.328999996185303,immed,46671.0000038147,Thu Jul 16 2026 16:39:27 GMT-0500 (Central Daylight Time),838927.7000000477,A,b,I,b,763,1,782.8000001907349,838144.899999857,8127,WL,C,6.0
7,13.52899980545044,immed,46471.00019454956,Thu Jul 16 2026 16:39:27 GMT-0500 (Central Daylight Time),839127.899999857,A,bo,I,o,189,1,983.0,838144.899999857,8127,WL,C,6.0
7,13.79699993133545,immed,46203.00006866455,Thu Jul 16 2026 16:39:27 GMT-0500 (Central Daylight Time),839395.2999999523,A,boy,I,y,260,1,1250.4000000953674,838144.899999857,8127,WL,C,6.0
7,14.27899980545044,immed,45721.00019454956,Thu Jul 16 2026 16:39:27 GMT-0500 (Central Daylight Time),839877.5999999046,A,boyenter,I,enter,473,1,1732.7000000476837,838144.899999857,8127,WL,C,6.0
7,14.995999813079834,immed,45004.000186920166,Thu Jul 16 2026 16:39:27 GMT-0500 (Central Daylight Time),840595.0,A,f,I,f,711,1,717.1000001430511,839877.899999857,8127,WL,C,7.0
7,15.161999940872192,immed,44838.00005912781,Thu Jul 16 2026 16:39:27 GMT-0500 (Central Daylight Time),840760.5,A,fa,I,a,145,1,882.6000001430511,839877.899999857,8127,WL,C,7.0
7,15.361999988555908,immed,44638.00001144409,Thu Jul 16 2026 16:39:27 GMT-0500 (Central Daylight Time),840960.399999857,A,fam,I,m,179,1,1082.5,839877.899999857,8127,WL,C,7.0
7,16.494999885559082,immed,43505.00011444092,Thu Jul 16 2026 16:39:27 GMT-0500 (Central Daylight Time),842093.5,A,fa,I,backspace,1116,1,2215.600000143051,839877.899999857,8127,WL,C,7.0
7,16.67899990081787,immed,43321.00009918213,Thu Jul 16 2026 16:39:27 GMT-0500 (Central Daylight Time),842277.5,A,f,I,backspace,174,1,2399.600000143051,839877.899999857,8127,WL,C,7.0
7,16.810999870300293,immed,43189.00012969971,Thu Jul 16 2026 16:39:27 GMT-0500 (Central Daylight Time),842409.7999999523,A,,I,backspace,126,1,2531.9000000953674,839877.899999857,8127,WL,C,7.0
7,17.444000005722046,immed,42555.999994277954,Thu Jul 16 2026 16:39:27 GMT-0500 (Central Daylight Time),843043.2000000477,A,d,I,d,627,1,3165.300000190735,839877.899999857,8127,WL,C,7.0
7,17.67799997329712,immed,42322.00002670288,Thu Jul 16 2026 16:39:27 GMT-0500 (Central Daylight Time),843276.2000000477,A,do,I,o,217,1,3398.300000190735,839877.899999857,8127,WL,C,7.0
7,17.82699990272522,immed,42173.00009727478,Thu Jul 16 2026 16:39:27 GMT-0500 (Central Daylight Time),843426.2999999523,A,doc,I,c,144,1,3548.4000000953674,839877.899999857,8127,WL,C,7.0
7,18.143999814987183,immed,41856.00018501282,Thu Jul 16 2026 16:39:27 GMT-0500 (Central Daylight Time),843743.0999999046,A,doct,I,t,306,1,3865.2000000476837,839877.899999857,8127,WL,C,7.0
7,18.293999910354614,immed,41706.000089645386,Thu Jul 16 2026 16:39:27 GMT-0500 (Central Daylight Time),843893.0,A,docto,I,o,133,1,4015.100000143051,839877.899999857,8127,WL,C,7.0
7,18.811999797821045,immed,41188.000202178955,Thu Jul 16 2026 16:39:27 GMT-0500 (Central Daylight Time),844410.2999999523,A,doctor,I,r,504,1,4532.400000095367,839877.899999857,8127,WL,C,7.0
7,20.194000005722046,immed,39805.999994277954,Thu Jul 16 2026 16:39:27 GMT-0500 (Central Daylight Time),845792.5,A,doctorenter,I,enter,1370,1,5914.600000143051,839877.899999857,8127,WL,C,7.0
7,23.55899977684021,immed,36441.00022315979,Thu Jul 16 2026 16:39:27 GMT-0500 (Central Daylight Time),849157.899999857,A,f,I,f,3348,1,3365.0999999046326,845792.7999999523,8127,WL,C,8.0
7,23.675999879837036,immed,36324.000120162964,Thu Jul 16 2026 16:39:27 GMT-0500 (Central Daylight Time),849274.399999857,A,fl,I,l,102,1,3481.5999999046326,845792.7999999523,8127,WL,C,8.0
7,23.80999994277954,immed,36190.00005722046,Thu Jul 16 2026 16:39:27 GMT-0500 (Central Daylight Time),849409.0,A,fla,I,a,113,1,3616.2000000476837,845792.7999999523,8127,WL,C,8.0
7,24.042999982833862,immed,35957.00001716614,Thu Jul 16 2026 16:39:27 GMT-0500 (Central Daylight Time),849642.0999999046,A,flag,I,g,226,1,3849.2999999523163,845792.7999999523,8127,WL,C,8.0
7,24.241999864578247,immed,35758.00013542175,Thu Jul 16 2026 16:39:27 GMT-0500 (Central Daylight Time),849841.0,A,flagenter,I,enter,186,1,4048.2000000476837,845792.7999999523,8127,WL,C,8.0
7,24.95899987220764,immed,35041.00012779236,Thu Jul 16 2026 16:39:27 GMT-0500 (Central Daylight Time),850557.5,A,l,I,l,700,1,716.2000000476837,849841.2999999523,8127,WL,C,9.0
7,25.108999967575073,immed,34891.00003242493,Thu Jul 16 2026 16:39:27 GMT-0500 (Central Daylight Time),850707.5,A,le,I,e,143,1,866.2000000476837,849841.2999999523,8127,WL,C,9.0
7,25.342000007629395,immed,34657.999992370605,Thu Jul 16 2026 16:39:27 GMT-0500 (Central Daylight Time),850940.899999857,A,let,I,t,217,1,1099.5999999046326,849841.2999999523,8127,WL,C,9.0
7,25.491999864578247,immed,34508.00013542175,Thu Jul 16 2026 16:39:27 GMT-0500 (Central Daylight Time),851090.7000000477,A,lett,I,t,144,1,1249.4000000953674,849841.2999999523,8127,WL,C,9.0
7,25.64199995994568,immed,34358.00004005432,Thu Jul 16 2026 16:39:27 GMT-0500 (Central Daylight Time),851240.5999999046,A,lette,I,e,138,1,1399.2999999523163,849841.2999999523,8127,WL,C,9.0
7,25.72499990463257,immed,34275.00009536743,Thu Jul 16 2026 16:39:27 GMT-0500 (Central Daylight Time),851324.0,A,letter,I,r,75,1,1482.7000000476837,849841.2999999523,8127,WL,C,9.0
7,25.842000007629395,immed,34157.999992370605,Thu Jul 16 2026 16:39:27 GMT-0500 (Central Daylight Time),851440.7999999523,A,letterenter,I,enter,105,1,1599.5,849841.2999999523,8127,WL,C,9.0
7,26.424999952316284,immed,33575.000047683716,Thu Jul 16 2026 16:39:27 GMT-0500 (Central Daylight Time),852023.899999857,A,c,I,c,562,1,582.7999999523163,851441.0999999046,8127,WL,C,10.0
7,26.54199981689453,immed,33458.00018310547,Thu Jul 16 2026 16:39:27 GMT-0500 (Central Daylight Time),852140.5,A,ca,I,a,100,1,699.4000000953674,851441.0999999046,8127,WL,C,10.0
7,27.357999801635742,immed,32642.000198364258,Thu Jul 16 2026 16:39:27 GMT-0500 (Central Daylight Time),852956.899999857,A,cam,I,m,808,1,1515.7999999523163,851441.0999999046,8127,WL,C,10.0
7,27.590999841690063,immed,32409.000158309937,Thu Jul 16 2026 16:39:27 GMT-0500 (Central Daylight Time),853190.2000000477,A,camp,I,p,224,1,1749.1000001430511,851441.0999999046,8127,WL,C,10.0
7,28.0239999294281,immed,31976.0000705719,Thu Jul 16 2026 16:39:27 GMT-0500 (Central Daylight Time),853623.2000000477,A,campenter,I,enter,422,1,2182.100000143051,851441.0999999046,8127,WL,C,10.0
7,29.073999881744385,immed,30926.000118255615,Thu Jul 16 2026 16:39:27 GMT-0500 (Central Daylight Time),854672.7999999523,A,c,I,c,1037,1,1049.2000000476837,853623.5999999046,8127,WL,C,11.0
7,29.223999977111816,immed,30776.000022888184,Thu Jul 16 2026 16:39:27 GMT-0500 (Central Daylight Time),854822.899999857,A,ca,I,a,132,1,1199.2999999523163,853623.5999999046,8127,WL,C,11.0
7,29.473999977111816,immed,30526.000022888184,Thu Jul 16 2026 16:39:27 GMT-0500 (Central Daylight Time),855072.7999999523,A,cat,I,t,245,1,1449.2000000476837,853623.5999999046,8127,WL,C,11.0
7,29.62399983406067,immed,30376.00016593933,Thu Jul 16 2026 16:39:27 GMT-0500 (Central Daylight Time),855222.5,A,catt,I,t,139,1,1598.9000000953674,853623.5999999046,8127,WL,C,11.0
7,29.89299988746643,immed,30107.00011253357,Thu Jul 16 2026 16:39:27 GMT-0500 (Central Daylight Time),855491.5,A,cattk,I,k,254,1,1867.9000000953674,853623.5999999046,8127,WL,C,11.0
7,30.490999937057495,immed,29509.000062942505,Thu Jul 16 2026 16:39:27 GMT-0500 (Central Daylight Time),856089.2999999523,A,catt,I,backspace,585,1,2465.7000000476837,853623.5999999046,8127,WL,C,11.0
7,31.125,immed,28875.0,Thu Jul 16 2026 16:39:27 GMT-0500 (Central Daylight Time),856723.399999857,A,cattl,I,l,627,1,3099.7999999523163,853623.5999999046,8127,WL,C,11.0
7,31.240000009536743,immed,28759.999990463257,Thu Jul 16 2026 16:39:27 GMT-0500 (Central Daylight Time),856839.0,A,cattle,I,e,105,1,3215.4000000953674,853623.5999999046,8127,WL,C,11.0
7,31.86899995803833,immed,28131.00004196167,Thu Jul 16 2026 16:39:27 GMT-0500 (Central Daylight Time),857467.7000000477,A,cattleenter,I,enter,476,1,3844.100000143051,853623.5999999046,8127,WL,C,11.0
7,33.18899989128113,immed,26811.000108718872,Thu Jul 16 2026 16:39:27 GMT-0500 (Central Daylight Time),858788.0999999046,A,s,I,s,1304,1,1320.0,857468.0999999046,8127,WL,C,12.0
7,33.3219997882843,immed,26678.0002117157,Thu Jul 16 2026 16:39:27 GMT-0500 (Central Daylight Time),858921.2000000477,A,sh,I,h,128,1,1453.1000001430511,857468.0999999046,8127,WL,C,12.0
7,33.43999981880188,immed,26560.00018119812,Thu Jul 16 2026 16:39:27 GMT-0500 (Central Daylight Time),859038.2999999523,A,sho,I,o,99,1,1570.2000000476837,857468.0999999046,8127,WL,C,12.0
7,33.57299995422363,immed,26427.000045776367,Thu Jul 16 2026 16:39:27 GMT-0500 (Central Daylight Time),859171.5,A,shor,I,r,126,1,1703.4000000953674,857468.0999999046,8127,WL,C,12.0
7,33.70599985122681,immed,26294.000148773193,Thu Jul 16 2026 16:39:27 GMT-0500 (Central Daylight Time),859304.7000000477,A,shore,I,e,113,1,1836.6000001430511,857468.0999999046,8127,WL,C,12.0
7,34.12299990653992,immed,25877.000093460083,Thu Jul 16 2026 16:39:27 GMT-0500 (Central Daylight Time),859721.2999999523,A,shoreenter,I,enter,412,1,2253.2000000476837,857468.0999999046,8127,WL,C,12.0
7,35.288999795913696,immed,24711.000204086304,Thu Jul 16 2026 16:39:27 GMT-0500 (Central Daylight Time),860887.2999999523,A,b,I,b,1154,1,1165.7999999523163,859721.5,8127,WL,C,13.0
7,35.48899984359741,immed,24511.000156402588,Thu Jul 16 2026 16:39:27 GMT-0500 (Central Daylight Time),861087.5,A,bo,I,o,181,1,1366.0,859721.5,8127,WL,C,13.0
7,35.65499997138977,immed,24345.00002861023,Thu Jul 16 2026 16:39:27 GMT-0500 (Central Daylight Time),861254.0,A,bod,I,d,149,1,1532.5,859721.5,8127,WL,C,13.0
7,35.871999979019165,immed,24128.000020980835,Thu Jul 16 2026 16:39:27 GMT-0500 (Central Daylight Time),861470.7999999523,A,body,I,y,206,1,1749.2999999523163,859721.5,8127,WL,C,13.0
7,36.49000000953674,immed,23509.999990463257,Thu Jul 16 2026 16:39:27 GMT-0500 (Central Daylight Time),862088.399999857,A,bodyenter,I,enter,605,1,2366.899999856949,859721.5,8127,WL,C,13.0
7,40.13699984550476,immed,19863.00015449524,Thu Jul 16 2026 16:39:27 GMT-0500 (Central Daylight Time),865736.0,A,l,I,l,3636,1,3647.2999999523163,862088.7000000477,8127,WL,C,14.0
7,40.25399994850159,immed,19746.000051498413,Thu Jul 16 2026 16:39:27 GMT-0500 (Central Daylight Time),865852.7999999523,A,la,I,a,100,1,3764.0999999046326,862088.7000000477,8127,WL,C,14.0
7,40.7039999961853,immed,19296.000003814697,Thu Jul 16 2026 16:39:27 GMT-0500 (Central Daylight Time),866302.7000000477,A,lat,I,t,440,1,4214.0,862088.7000000477,8127,WL,C,14.0
7,40.88699984550476,immed,19113.00015449524,Thu Jul 16 2026 16:39:27 GMT-0500 (Central Daylight Time),866485.7999999523,A,latt,I,t,173,1,4397.099999904633,862088.7000000477,8127,WL,C,14.0
7,41.03699994087219,immed,18963.000059127808,Thu Jul 16 2026 16:39:27 GMT-0500 (Central Daylight Time),866636.0999999046,A,latte,I,e,134,1,4547.399999856949,862088.7000000477,8127,WL,C,14.0
7,41.13699984550476,immed,18863.00015449524,Thu Jul 16 2026 16:39:27 GMT-0500 (Central Daylight Time),866735.7999999523,A,latter,I,r,79,1,4647.099999904633,862088.7000000477,8127,WL,C,14.0
7,42.186999797821045,immed,17813.000202178955,Thu Jul 16 2026 16:39:27 GMT-0500 (Central Daylight Time),867785.399999857,A,latte,I,backspace,1044,1,5696.699999809265,862088.7000000477,8127,WL,C,14.0
7,42.40299987792969,immed,17597.000122070312,Thu Jul 16 2026 16:39:27 GMT-0500 (Central Daylight Time),868002.0999999046,A,latt,I,backspace,203,1,5913.399999856949,862088.7000000477,8127,WL,C,14.0
7,42.5699999332428,immed,17430.000066757202,Thu Jul 16 2026 16:39:27 GMT-0500 (Central Daylight Time),868168.899999857,A,lat,I,backspace,154,1,6080.199999809265,862088.7000000477,8127,WL,C,14.0
7,42.73699998855591,immed,17263.00001144409,Thu Jul 16 2026 16:39:27 GMT-0500 (Central Daylight Time),868335.5,A,la,I,backspace,155,1,6246.799999952316,862088.7000000477,8127,WL,C,14.0
7,43.0699999332428,immed,16930.000066757202,Thu Jul 16 2026 16:39:27 GMT-0500 (Central Daylight Time),868668.5999999046,A,l,I,backspace,317,1,6579.899999856949,862088.7000000477,8127,WL,C,14.0
7,43.819000005722046,immed,16180.999994277954,Thu Jul 16 2026 16:39:27 GMT-0500 (Central Daylight Time),869418.2999999523,A,le,I,e,744,1,7329.599999904633,862088.7000000477,8127,WL,C,14.0
7,44.01899981498718,immed,15981.000185012817,Thu Jul 16 2026 16:39:27 GMT-0500 (Central Daylight Time),869618.2000000477,A,let,I,t,185,1,7529.5,862088.7000000477,8127,WL,C,14.0
7,44.18599987030029,immed,15814.000129699707,Thu Jul 16 2026 16:39:27 GMT-0500 (Central Daylight Time),869784.7999999523,A,lett,I,t,144,1,7696.099999904633,862088.7000000477,8127,WL,C,14.0
7,44.28599977493286,immed,15714.000225067139,Thu Jul 16 2026 16:39:27 GMT-0500 (Central Daylight Time),869884.899999857,A,lette,I,e,84,1,7796.199999809265,862088.7000000477,8127,WL,C,14.0
7,44.45299983024597,immed,15547.000169754028,Thu Jul 16 2026 16:39:27 GMT-0500 (Central Daylight Time),870051.2999999523,A,letteenter,I,enter,151,1,7962.599999904633,862088.7000000477,8127,WL,C,14.0
7,48.35099983215332,immed,11649.00016784668,Thu Jul 16 2026 16:39:27 GMT-0500 (Central Daylight Time),873950.2000000477,A,enter,I,enter,3889,1,3898.600000143051,870051.5999999046,8127,WL,C,15.0
