block_c,block_dur,condition,countdown,datetime,endtime,list,multichar_response,project,response,response_time,session_number,start_end,starttime,subject_id,task,task_vers,trial
,,,,Tue Aug 04 2026 09:13:05 GMT-0500 (Central Daylight Time),,,,I,space,680,3,,,8092,WL,A,
prac,,0,,Tue Aug 04 2026 09:13:05 GMT-0500 (Central Daylight Time),,NA,b,I,b,2461,3,,,8092,WL,A,1.0
prac,,0,,Tue Aug 04 2026 09:13:05 GMT-0500 (Central Daylight Time),,NA,bo,I,o,132,3,,,8092,WL,A,1.0
prac,,0,,Tue Aug 04 2026 09:13:05 GMT-0500 (Central Daylight Time),,NA,boo,I,o,161,3,,,8092,WL,A,1.0
prac,,0,,Tue Aug 04 2026 09:13:05 GMT-0500 (Central Daylight Time),,NA,boos,I,s,80,3,,,8092,WL,A,1.0
prac,,0,,Tue Aug 04 2026 09:13:05 GMT-0500 (Central Daylight Time),,NA,boost,I,t,135,3,,,8092,WL,A,1.0
prac,,0,,Tue Aug 04 2026 09:13:05 GMT-0500 (Central Daylight Time),,NA,boostenter,I,enter,552,3,,,8092,WL,A,1.0
1,1.0329999923706055,learn,58967.000007629395,Tue Aug 04 2026 09:13:05 GMT-0500 (Central Daylight Time),100393.20000004768,A,t,I,t,1027,3,1032.6000000238419,99360.60000002384,8092,WL,A,1.0
1,1.315999984741211,learn,58684.00001525879,Tue Aug 04 2026 09:13:05 GMT-0500 (Central Daylight Time),100676.39999997616,A,tr,I,r,265,3,1315.7999999523163,99360.60000002384,8092,WL,A,1.0
1,1.432999849319458,learn,58567.00015068054,Tue Aug 04 2026 09:13:05 GMT-0500 (Central Daylight Time),100793.20000004768,A,tra,I,a,103,3,1432.6000000238419,99360.60000002384,8092,WL,A,1.0
1,1.9819998741149902,learn,58018.00012588501,Tue Aug 04 2026 09:13:05 GMT-0500 (Central Daylight Time),101342.60000002384,A,trai,I,i,537,3,1982.0,99360.60000002384,8092,WL,A,1.0
1,2.115999937057495,learn,57884.000062942505,Tue Aug 04 2026 09:13:05 GMT-0500 (Central Daylight Time),101476.20000004768,A,train,I,n,116,3,2115.600000023842,99360.60000002384,8092,WL,A,1.0
1,2.7990000247955322,learn,57200.99997520447,Tue Aug 04 2026 09:13:05 GMT-0500 (Central Daylight Time),102159.10000002384,A,trainenter,I,enter,672,3,2798.5,99360.60000002384,8092,WL,A,1.0
1,3.381999969482422,learn,56618.00003051758,Tue Aug 04 2026 09:13:05 GMT-0500 (Central Daylight Time),102742.60000002384,A,f,I,f,571,3,582.7000000476837,102159.89999997616,8092,WL,A,2.0
1,3.56499981880188,learn,56435.00018119812,Tue Aug 04 2026 09:13:05 GMT-0500 (Central Daylight Time),102925.20000004768,A,fl,I,l,172,3,765.3000000715256,102159.89999997616,8092,WL,A,2.0
1,3.748999834060669,learn,56251.00016593933,Tue Aug 04 2026 09:13:05 GMT-0500 (Central Daylight Time),103108.70000004768,A,flo,I,o,164,3,948.8000000715256,102159.89999997616,8092,WL,A,2.0
1,3.865000009536743,learn,56134.99999046326,Tue Aug 04 2026 09:13:05 GMT-0500 (Central Daylight Time),103225.60000002384,A,flow,I,w,102,3,1065.7000000476837,102159.89999997616,8092,WL,A,2.0
1,4.031999826431274,learn,55968.000173568726,Tue Aug 04 2026 09:13:05 GMT-0500 (Central Daylight Time),103392.20000004768,A,flowe,I,e,144,3,1232.3000000715256,102159.89999997616,8092,WL,A,2.0
1,4.164999961853027,learn,55835.00003814697,Tue Aug 04 2026 09:13:05 GMT-0500 (Central Daylight Time),103525.29999995232,A,flower,I,r,115,3,1365.3999999761581,102159.89999997616,8092,WL,A,2.0
1,4.332000017166138,learn,55667.99998283386,Tue Aug 04 2026 09:13:05 GMT-0500 (Central Daylight Time),103691.79999995232,A,flowerenter,I,enter,151,3,1531.8999999761581,102159.89999997616,8092,WL,A,2.0
1,4.648000001907349,learn,55351.99999809265,Tue Aug 04 2026 09:13:05 GMT-0500 (Central Daylight Time),104008.60000002384,A,b,I,b,303,3,316.0,103692.60000002384,8092,WL,A,3.0
1,4.73199987411499,learn,55268.00012588501,Tue Aug 04 2026 09:13:05 GMT-0500 (Central Daylight Time),104091.89999997616,A,bo,I,o,67,3,399.2999999523163,103692.60000002384,8092,WL,A,3.0
1,4.898999929428101,learn,55101.0000705719,Tue Aug 04 2026 09:13:05 GMT-0500 (Central Daylight Time),104259.60000002384,A,boo,I,o,159,3,567.0,103692.60000002384,8092,WL,A,3.0
1,5.115000009536743,learn,54884.99999046326,Tue Aug 04 2026 09:13:05 GMT-0500 (Central Daylight Time),104475.20000004768,A,book,I,k,199,3,782.6000000238419,103692.60000002384,8092,WL,A,3.0
1,5.448999881744385,learn,54551.000118255615,Tue Aug 04 2026 09:13:05 GMT-0500 (Central Daylight Time),104809.29999995232,A,bookenter,I,enter,312,3,1116.6999999284744,103692.60000002384,8092,WL,A,3.0
1,5.898999929428101,learn,54101.0000705719,Tue Aug 04 2026 09:13:05 GMT-0500 (Central Daylight Time),105259.20000004768,A,r,I,r,442,3,449.40000009536743,104809.79999995232,8092,WL,A,4.0
1,6.014999866485596,learn,53985.000133514404,Tue Aug 04 2026 09:13:05 GMT-0500 (Central Daylight Time),105374.89999997616,A,ru,I,u,105,3,565.1000000238419,104809.79999995232,8092,WL,A,4.0
1,6.296999931335449,learn,53703.00006866455,Tue Aug 04 2026 09:13:05 GMT-0500 (Central Daylight Time),105657.70000004768,A,ruc,I,c,276,3,847.9000000953674,104809.79999995232,8092,WL,A,4.0
1,7.129999876022339,learn,52870.00012397766,Tue Aug 04 2026 09:13:05 GMT-0500 (Central Daylight Time),106491.0,A,ru,I,backspace,825,3,1681.2000000476837,104809.79999995232,8092,WL,A,4.0
1,8.162999868392944,learn,51837.000131607056,Tue Aug 04 2026 09:13:05 GMT-0500 (Central Daylight Time),107524.20000004768,A,rug,I,g,1016,3,2714.4000000953674,104809.79999995232,8092,WL,A,4.0
1,8.412999868392944,learn,51587.000131607056,Tue Aug 04 2026 09:13:05 GMT-0500 (Central Daylight Time),107774.10000002384,A,rugenter,I,enter,239,3,2964.3000000715256,104809.79999995232,8092,WL,A,4.0
1,9.61299991607666,learn,50387.00008392334,Tue Aug 04 2026 09:13:05 GMT-0500 (Central Daylight Time),108973.60000002384,A,c,I,c,1182,3,1199.1000000238419,107774.5,8092,WL,A,5.0
1,9.728999853134155,learn,50271.000146865845,Tue Aug 04 2026 09:13:05 GMT-0500 (Central Daylight Time),109090.10000002384,A,ch,I,h,102,3,1315.6000000238419,107774.5,8092,WL,A,5.0
1,9.914000034332275,learn,50085.999965667725,Tue Aug 04 2026 09:13:05 GMT-0500 (Central Daylight Time),109274.60000002384,A,chi,I,i,177,3,1500.1000000238419,107774.5,8092,WL,A,5.0
1,10.162999868392944,learn,49837.000131607056,Tue Aug 04 2026 09:13:05 GMT-0500 (Central Daylight Time),109523.5,A,chim,I,m,241,3,1749.0,107774.5,8092,WL,A,5.0
1,10.996000051498413,learn,49003.99994850159,Tue Aug 04 2026 09:13:05 GMT-0500 (Central Daylight Time),110356.70000004768,A,chimn,I,n,816,3,2582.2000000476837,107774.5,8092,WL,A,5.0
1,11.095999956130981,learn,48904.00004386902,Tue Aug 04 2026 09:13:05 GMT-0500 (Central Daylight Time),110456.60000002384,A,chimne,I,e,78,3,2682.100000023842,107774.5,8092,WL,A,5.0
1,12.711999893188477,learn,47288.00010681152,Tue Aug 04 2026 09:13:05 GMT-0500 (Central Daylight Time),112072.29999995232,A,chimney,I,y,1610,3,4297.799999952316,107774.5,8092,WL,A,5.0
1,13.111999988555908,learn,46888.00001144409,Tue Aug 04 2026 09:13:05 GMT-0500 (Central Daylight Time),112472.39999997616,A,chimneyenter,I,enter,393,3,4697.899999976158,107774.5,8092,WL,A,5.0
1,16.312999963760376,learn,43687.000036239624,Tue Aug 04 2026 09:13:05 GMT-0500 (Central Daylight Time),115673.39999997616,A,m,I,m,3185,3,3200.6999999284744,112472.70000004768,8092,WL,A,6.0
1,16.41100001335144,learn,43588.99998664856,Tue Aug 04 2026 09:13:05 GMT-0500 (Central Daylight Time),115771.60000002384,A,me,I,e,91,3,3298.899999976158,112472.70000004768,8092,WL,A,6.0
1,16.610999822616577,learn,43389.00017738342,Tue Aug 04 2026 09:13:05 GMT-0500 (Central Daylight Time),115971.70000004768,A,mea,I,a,182,3,3499.0,112472.70000004768,8092,WL,A,6.0
1,16.911999940872192,learn,43088.00005912781,Tue Aug 04 2026 09:13:05 GMT-0500 (Central Daylight Time),116272.60000002384,A,mead,I,d,279,3,3799.899999976158,112472.70000004768,8092,WL,A,6.0
1,17.026999950408936,learn,42973.000049591064,Tue Aug 04 2026 09:13:05 GMT-0500 (Central Daylight Time),116387.89999997616,A,meado,I,o,99,3,3915.1999999284744,112472.70000004768,8092,WL,A,6.0
1,17.177000045776367,learn,42822.99995422363,Tue Aug 04 2026 09:13:05 GMT-0500 (Central Daylight Time),116537.70000004768,A,meadow,I,w,142,3,4065.0,112472.70000004768,8092,WL,A,6.0
1,17.609999895095825,learn,42390.000104904175,Tue Aug 04 2026 09:13:05 GMT-0500 (Central Daylight Time),116971.0,A,meadowenter,I,enter,419,3,4498.299999952316,112472.70000004768,8092,WL,A,6.0
1,17.8439998626709,learn,42156.0001373291,Tue Aug 04 2026 09:13:05 GMT-0500 (Central Daylight Time),117204.60000002384,A,f,I,f,225,3,233.30000007152557,116971.29999995232,8092,WL,A,7.0
1,17.97699999809265,learn,42023.00000190735,Tue Aug 04 2026 09:13:05 GMT-0500 (Central Daylight Time),117337.70000004768,A,fl,I,l,118,3,366.40000009536743,116971.29999995232,8092,WL,A,7.0
1,18.177000045776367,learn,41822.99995422363,Tue Aug 04 2026 09:13:05 GMT-0500 (Central Daylight Time),117537.5,A,flo,I,o,194,3,566.2000000476837,116971.29999995232,8092,WL,A,7.0
1,18.243000030517578,learn,41756.99996948242,Tue Aug 04 2026 09:13:05 GMT-0500 (Central Daylight Time),117604.20000004768,A,flow,I,w,59,3,632.9000000953674,116971.29999995232,8092,WL,A,7.0
1,18.39299988746643,learn,41607.00011253357,Tue Aug 04 2026 09:13:05 GMT-0500 (Central Daylight Time),117754.0,A,flowe,I,e,135,3,782.7000000476837,116971.29999995232,8092,WL,A,7.0
1,18.55999994277954,learn,41440.00005722046,Tue Aug 04 2026 09:13:05 GMT-0500 (Central Daylight Time),117921.10000002384,A,flower,I,r,154,3,949.8000000715256,116971.29999995232,8092,WL,A,7.0
1,18.80999994277954,learn,41190.00005722046,Tue Aug 04 2026 09:13:05 GMT-0500 (Central Daylight Time),118170.89999997616,A,flowerenter,I,enter,242,3,1199.6000000238419,116971.29999995232,8092,WL,A,7.0
1,20.792999982833862,learn,39207.00001716614,Tue Aug 04 2026 09:13:05 GMT-0500 (Central Daylight Time),120153.5,A,k,I,k,1969,3,1982.1000000238419,118171.39999997616,8092,WL,A,8.0
1,20.89299988746643,learn,39107.00011253357,Tue Aug 04 2026 09:13:05 GMT-0500 (Central Daylight Time),120253.70000004768,A,ke,I,e,83,3,2082.3000000715256,118171.39999997616,8092,WL,A,8.0
1,21.092999935150146,learn,38907.00006484985,Tue Aug 04 2026 09:13:05 GMT-0500 (Central Daylight Time),120453.39999997616,A,key,I,y,190,3,2282.0,118171.39999997616,8092,WL,A,8.0
1,21.375999927520752,learn,38624.00007247925,Tue Aug 04 2026 09:13:05 GMT-0500 (Central Daylight Time),120736.70000004768,A,keyenter,I,enter,270,3,2565.3000000715256,118171.39999997616,8092,WL,A,8.0
1,24.80900001525879,learn,35190.99998474121,Tue Aug 04 2026 09:13:05 GMT-0500 (Central Daylight Time),124169.60000002384,A,m,I,m,3426,3,3432.5,120737.10000002384,8092,WL,A,9.0
1,24.941999912261963,learn,35058.00008773804,Tue Aug 04 2026 09:13:05 GMT-0500 (Central Daylight Time),124302.29999995232,A,me,I,e,114,3,3565.1999999284744,120737.10000002384,8092,WL,A,9.0
1,25.075000047683716,learn,34924.999952316284,Tue Aug 04 2026 09:13:05 GMT-0500 (Central Daylight Time),124435.60000002384,A,mea,I,a,126,3,3698.5,120737.10000002384,8092,WL,A,9.0
1,25.39199995994568,learn,34608.00004005432,Tue Aug 04 2026 09:13:05 GMT-0500 (Central Daylight Time),124752.70000004768,A,mead,I,d,312,3,4015.600000023842,120737.10000002384,8092,WL,A,9.0
1,25.807999849319458,learn,34192.00015068054,Tue Aug 04 2026 09:13:05 GMT-0500 (Central Daylight Time),125168.89999997616,A,meado,I,o,404,3,4431.799999952316,120737.10000002384,8092,WL,A,9.0
1,25.95799994468689,learn,34042.00005531311,Tue Aug 04 2026 09:13:05 GMT-0500 (Central Daylight Time),125318.60000002384,A,meadow,I,w,138,3,4581.5,120737.10000002384,8092,WL,A,9.0
1,26.240999937057495,learn,33759.000062942505,Tue Aug 04 2026 09:13:05 GMT-0500 (Central Daylight Time),125601.70000004768,A,meadowenter,I,enter,268,3,4864.600000023842,120737.10000002384,8092,WL,A,9.0
1,30.77300000190735,learn,29226.99999809265,Tue Aug 04 2026 09:13:05 GMT-0500 (Central Daylight Time),130133.79999995232,A,r,I,r,4523,3,4531.799999952316,125602.0,8092,WL,A,10.0
1,30.905999898910522,learn,29094.000101089478,Tue Aug 04 2026 09:13:05 GMT-0500 (Central Daylight Time),130266.89999997616,A,ra,I,a,118,3,4664.899999976158,125602.0,8092,WL,A,10.0
1,31.08999991416931,learn,28910.00008583069,Tue Aug 04 2026 09:13:05 GMT-0500 (Central Daylight Time),130450.5,A,rat,I,t,177,3,4848.5,125602.0,8092,WL,A,10.0
1,31.25600004196167,learn,28743.99995803833,Tue Aug 04 2026 09:13:05 GMT-0500 (Central Daylight Time),130617.0,A,ratt,I,t,154,3,5015.0,125602.0,8092,WL,A,10.0
1,31.405999898910522,learn,28594.000101089478,Tue Aug 04 2026 09:13:05 GMT-0500 (Central Daylight Time),130767.10000002384,A,rattl,I,l,139,3,5165.100000023842,125602.0,8092,WL,A,10.0
1,31.52300000190735,learn,28476.99999809265,Tue Aug 04 2026 09:13:05 GMT-0500 (Central Daylight Time),130883.39999997616,A,rattle,I,e,109,3,5281.399999976158,125602.0,8092,WL,A,10.0
1,31.771999835968018,learn,28228.000164031982,Tue Aug 04 2026 09:13:05 GMT-0500 (Central Daylight Time),131133.29999995232,A,rattleenter,I,enter,239,3,5531.299999952316,125602.0,8092,WL,A,10.0
1,32.10699987411499,learn,27893.00012588501,Tue Aug 04 2026 09:13:05 GMT-0500 (Central Daylight Time),131467.5,A,g,I,g,319,3,333.89999997615814,131133.60000002384,8092,WL,A,11.0
1,32.20599985122681,learn,27794.000148773193,Tue Aug 04 2026 09:13:05 GMT-0500 (Central Daylight Time),131566.79999995232,A,go,I,o,81,3,433.1999999284744,131133.60000002384,8092,WL,A,11.0
1,32.4229998588562,learn,27577.0001411438,Tue Aug 04 2026 09:13:05 GMT-0500 (Central Daylight Time),131783.39999997616,A,gol,I,l,206,3,649.7999999523163,131133.60000002384,8092,WL,A,11.0
1,32.65599989891052,learn,27344.000101089478,Tue Aug 04 2026 09:13:05 GMT-0500 (Central Daylight Time),132016.60000002384,A,gold,I,d,228,3,883.0,131133.60000002384,8092,WL,A,11.0
1,33.07200002670288,learn,26927.99997329712,Tue Aug 04 2026 09:13:05 GMT-0500 (Central Daylight Time),132433.0,A,goldenter,I,enter,412,3,1299.3999999761581,131133.60000002384,8092,WL,A,11.0
1,34.50499987602234,learn,25495.00012397766,Tue Aug 04 2026 09:13:05 GMT-0500 (Central Daylight Time),133866.0,A,enter,I,enter,1419,3,1432.7000000476837,132433.29999995232,8092,WL,A,12.0
1,35.38800001144409,learn,24611.99998855591,Tue Aug 04 2026 09:13:05 GMT-0500 (Central Daylight Time),134748.79999995232,A,enter,I,enter,866,3,882.5,133866.29999995232,8092,WL,A,13.0
1,35.73799991607666,learn,24262.00008392334,Tue Aug 04 2026 09:13:05 GMT-0500 (Central Daylight Time),135098.89999997616,A,enter,I,enter,343,3,349.60000002384186,134749.29999995232,8092,WL,A,14.0
1,36.204999923706055,learn,23795.000076293945,Tue Aug 04 2026 09:13:05 GMT-0500 (Central Daylight Time),135565.5,A,enter,I,enter,457,3,466.2999999523163,135099.20000004768,8092,WL,A,15.0
2,1.5829999446868896,learn,58417.00005531311,Tue Aug 04 2026 09:13:05 GMT-0500 (Central Daylight Time),202561.20000004768,A,t,I,t,1563,3,1582.8000000715256,200978.39999997616,8092,WL,A,1.0
2,1.815999984741211,learn,58184.00001525879,Tue Aug 04 2026 09:13:05 GMT-0500 (Central Daylight Time),202793.89999997616,A,tr,I,r,226,3,1815.5,200978.39999997616,8092,WL,A,1.0
2,1.9170000553131104,learn,58082.99994468689,Tue Aug 04 2026 09:13:05 GMT-0500 (Central Daylight Time),202894.5,A,tra,I,a,90,3,1916.1000000238419,200978.39999997616,8092,WL,A,1.0
2,2.0329999923706055,learn,57967.000007629395,Tue Aug 04 2026 09:13:05 GMT-0500 (Central Daylight Time),203010.89999997616,A,trai,I,i,110,3,2032.5,200978.39999997616,8092,WL,A,1.0
2,2.2160000801086426,learn,57783.99991989136,Tue Aug 04 2026 09:13:05 GMT-0500 (Central Daylight Time),203194.10000002384,A,train,I,n,161,3,2215.7000000476837,200978.39999997616,8092,WL,A,1.0
2,2.6989998817443848,learn,57301.000118255615,Tue Aug 04 2026 09:13:05 GMT-0500 (Central Daylight Time),203677.39999997616,A,trainenter,I,enter,474,3,2699.0,200978.39999997616,8092,WL,A,1.0
2,3.183000087738037,learn,56816.99991226196,Tue Aug 04 2026 09:13:05 GMT-0500 (Central Daylight Time),204160.60000002384,A,f,I,f,463,3,482.89999997615814,203677.70000004768,8092,WL,A,2.0
2,3.315999984741211,learn,56684.00001525879,Tue Aug 04 2026 09:13:05 GMT-0500 (Central Daylight Time),204294.0,A,fl,I,l,116,3,616.2999999523163,203677.70000004768,8092,WL,A,2.0
2,3.4830000400543213,learn,56516.99995994568,Tue Aug 04 2026 09:13:05 GMT-0500 (Central Daylight Time),204460.5,A,flo,I,o,158,3,782.7999999523163,203677.70000004768,8092,WL,A,2.0
2,3.5820000171661377,learn,56417.99998283386,Tue Aug 04 2026 09:13:05 GMT-0500 (Central Daylight Time),204560.29999995232,A,flow,I,w,79,3,882.5999999046326,203677.70000004768,8092,WL,A,2.0
2,3.7330000400543213,learn,56266.99995994568,Tue Aug 04 2026 09:13:05 GMT-0500 (Central Daylight Time),204710.5,A,flowe,I,e,131,3,1032.7999999523163,203677.70000004768,8092,WL,A,2.0
2,3.882999897003174,learn,56117.000102996826,Tue Aug 04 2026 09:13:05 GMT-0500 (Central Daylight Time),204860.39999997616,A,flower,I,r,141,3,1182.6999999284744,203677.70000004768,8092,WL,A,2.0
2,4.016000032424927,learn,55983.99996757507,Tue Aug 04 2026 09:13:05 GMT-0500 (Central Daylight Time),204993.5,A,flowerenter,I,enter,127,3,1315.7999999523163,203677.70000004768,8092,WL,A,2.0
2,4.266000032424927,learn,55733.99996757507,Tue Aug 04 2026 09:13:05 GMT-0500 (Central Daylight Time),205243.60000002384,A,b,I,b,242,3,249.80000007152557,204993.79999995232,8092,WL,A,3.0
2,4.365999937057495,learn,55634.000062942505,Tue Aug 04 2026 09:13:05 GMT-0500 (Central Daylight Time),205343.70000004768,A,bo,I,o,88,3,349.90000009536743,204993.79999995232,8092,WL,A,3.0
2,4.549000024795532,learn,55450.99997520447,Tue Aug 04 2026 09:13:05 GMT-0500 (Central Daylight Time),205527.0,A,boo,I,o,164,3,533.2000000476837,204993.79999995232,8092,WL,A,3.0
2,4.732000112533569,learn,55267.99988746643,Tue Aug 04 2026 09:13:05 GMT-0500 (Central Daylight Time),205710.10000002384,A,book,I,k,165,3,716.3000000715256,204993.79999995232,8092,WL,A,3.0
2,5.115000009536743,learn,54884.99999046326,Tue Aug 04 2026 09:13:05 GMT-0500 (Central Daylight Time),206093.39999997616,A,bookenter,I,enter,366,3,1099.6000000238419,204993.79999995232,8092,WL,A,3.0
2,5.694999933242798,learn,54305.0000667572,Tue Aug 04 2026 09:13:05 GMT-0500 (Central Daylight Time),206673.10000002384,A,a,I,a,575,3,579.3000000715256,206093.79999995232,8092,WL,A,4.0
2,5.9670000076293945,learn,54032.999992370605,Tue Aug 04 2026 09:13:05 GMT-0500 (Central Daylight Time),206945.10000002384,A,at,I,t,250,3,851.3000000715256,206093.79999995232,8092,WL,A,4.0
2,6.164999961853027,learn,53835.00003814697,Tue Aug 04 2026 09:13:05 GMT-0500 (Central Daylight Time),207143.10000002384,A,att,I,t,187,3,1049.3000000715256,206093.79999995232,8092,WL,A,4.0
2,6.63100004196167,learn,53368.99995803833,Tue Aug 04 2026 09:13:05 GMT-0500 (Central Daylight Time),207609.29999995232,A,at,I,backspace,461,3,1515.5,206093.79999995232,8092,WL,A,4.0
2,6.815000057220459,learn,53184.99994277954,Tue Aug 04 2026 09:13:05 GMT-0500 (Central Daylight Time),207792.89999997616,A,a,I,backspace,171,3,1699.1000000238419,206093.79999995232,8092,WL,A,4.0
2,6.9649999141693115,learn,53035.00008583069,Tue Aug 04 2026 09:13:05 GMT-0500 (Central Daylight Time),207942.60000002384,A,,I,backspace,138,3,1848.8000000715256,206093.79999995232,8092,WL,A,4.0
2,7.315000057220459,learn,52684.99994277954,Tue Aug 04 2026 09:13:05 GMT-0500 (Central Daylight Time),208292.70000004768,A,r,I,r,342,3,2198.9000000953674,206093.79999995232,8092,WL,A,4.0
2,7.4649999141693115,learn,52535.00008583069,Tue Aug 04 2026 09:13:05 GMT-0500 (Central Daylight Time),208442.39999997616,A,ra,I,a,136,3,2348.600000023842,206093.79999995232,8092,WL,A,4.0
2,7.7809998989105225,learn,52219.00010108948,Tue Aug 04 2026 09:13:05 GMT-0500 (Central Daylight Time),208759.0,A,rat,I,t,306,3,2665.2000000476837,206093.79999995232,8092,WL,A,4.0
2,7.982000112533569,learn,52017.99988746643,Tue Aug 04 2026 09:13:05 GMT-0500 (Central Daylight Time),208959.70000004768,A,ratt,I,t,181,3,2865.9000000953674,206093.79999995232,8092,WL,A,4.0
2,8.063999891281128,learn,51936.00010871887,Tue Aug 04 2026 09:13:05 GMT-0500 (Central Daylight Time),209042.10000002384,A,rattl,I,l,76,3,2948.3000000715256,206093.79999995232,8092,WL,A,4.0
2,8.263999938964844,learn,51736.000061035156,Tue Aug 04 2026 09:13:05 GMT-0500 (Central Daylight Time),209242.29999995232,A,rattle,I,e,185,3,3148.5,206093.79999995232,8092,WL,A,4.0
2,8.530999898910522,learn,51469.00010108948,Tue Aug 04 2026 09:13:05 GMT-0500 (Central Daylight Time),209508.70000004768,A,rattleenter,I,enter,258,3,3414.9000000953674,206093.79999995232,8092,WL,A,4.0
2,8.898000001907349,learn,51101.99999809265,Tue Aug 04 2026 09:13:05 GMT-0500 (Central Daylight Time),209875.70000004768,A,g,I,g,351,3,366.60000002384186,209509.10000002384,8092,WL,A,5.0
2,9.914000034332275,learn,50085.999965667725,Tue Aug 04 2026 09:13:05 GMT-0500 (Central Daylight Time),210892.10000002384,A,go,I,o,1001,3,1383.0,209509.10000002384,8092,WL,A,5.0
2,10.096999883651733,learn,49903.00011634827,Tue Aug 04 2026 09:13:05 GMT-0500 (Central Daylight Time),211075.10000002384,A,gol,I,l,175,3,1566.0,209509.10000002384,8092,WL,A,5.0
2,10.263999938964844,learn,49736.000061035156,Tue Aug 04 2026 09:13:05 GMT-0500 (Central Daylight Time),211241.5,A,gold,I,d,153,3,1732.3999999761581,209509.10000002384,8092,WL,A,5.0
2,10.54800009727478,learn,49451.99990272522,Tue Aug 04 2026 09:13:05 GMT-0500 (Central Daylight Time),211525.5,A,goldenter,I,enter,267,3,2016.3999999761581,209509.10000002384,8092,WL,A,5.0
2,12.013000011444092,learn,47986.99998855591,Tue Aug 04 2026 09:13:05 GMT-0500 (Central Daylight Time),212991.20000004768,A,l,I,l,1454,3,1465.4000000953674,211525.79999995232,8092,WL,A,6.0
2,12.213000059127808,learn,47786.99994087219,Tue Aug 04 2026 09:13:05 GMT-0500 (Central Daylight Time),213191.10000002384,A,lo,I,o,188,3,1665.3000000715256,211525.79999995232,8092,WL,A,6.0
2,12.496000051498413,learn,47503.99994850159,Tue Aug 04 2026 09:13:05 GMT-0500 (Central Daylight Time),213474.20000004768,A,log,I,g,277,3,1948.4000000953674,211525.79999995232,8092,WL,A,6.0
2,12.77999997138977,learn,47220.00002861023,Tue Aug 04 2026 09:13:05 GMT-0500 (Central Daylight Time),213757.70000004768,A,logenter,I,enter,274,3,2231.9000000953674,211525.79999995232,8092,WL,A,6.0
2,13.062999963760376,learn,46937.000036239624,Tue Aug 04 2026 09:13:05 GMT-0500 (Central Daylight Time),214040.79999995232,A,k,I,k,279,3,282.7999999523163,213758.0,8092,WL,A,7.0
2,13.213000059127808,learn,46786.99994087219,Tue Aug 04 2026 09:13:05 GMT-0500 (Central Daylight Time),214190.60000002384,A,ke,I,e,139,3,432.60000002384186,213758.0,8092,WL,A,7.0
2,13.395999908447266,learn,46604.000091552734,Tue Aug 04 2026 09:13:05 GMT-0500 (Central Daylight Time),214374.0,A,key,I,y,174,3,616.0,213758.0,8092,WL,A,7.0
2,13.678999900817871,learn,46321.00009918213,Tue Aug 04 2026 09:13:05 GMT-0500 (Central Daylight Time),214657.20000004768,A,keyenter,I,enter,278,3,899.2000000476837,213758.0,8092,WL,A,7.0
2,14.894999980926514,learn,45105.000019073486,Tue Aug 04 2026 09:13:05 GMT-0500 (Central Daylight Time),215873.29999995232,A,m,I,m,1211,3,1215.7999999523163,214657.5,8092,WL,A,8.0
2,15.01200008392334,learn,44987.99991607666,Tue Aug 04 2026 09:13:05 GMT-0500 (Central Daylight Time),215990.0,A,me,I,e,107,3,1332.5,214657.5,8092,WL,A,8.0
2,15.161999940872192,learn,44838.00005912781,Tue Aug 04 2026 09:13:05 GMT-0500 (Central Daylight Time),216140.10000002384,A,mea,I,a,134,3,1482.6000000238419,214657.5,8092,WL,A,8.0
2,15.446000099182129,learn,44553.99990081787,Tue Aug 04 2026 09:13:05 GMT-0500 (Central Daylight Time),216423.39999997616,A,mead,I,d,263,3,1765.8999999761581,214657.5,8092,WL,A,8.0
2,15.562000036239624,learn,44437.999963760376,Tue Aug 04 2026 09:13:05 GMT-0500 (Central Daylight Time),216539.89999997616,A,meado,I,o,109,3,1882.3999999761581,214657.5,8092,WL,A,8.0
2,15.69700002670288,learn,44302.99997329712,Tue Aug 04 2026 09:13:05 GMT-0500 (Central Daylight Time),216674.60000002384,A,meadow,I,w,120,3,2017.1000000238419,214657.5,8092,WL,A,8.0
2,15.928999900817871,learn,44071.00009918213,Tue Aug 04 2026 09:13:05 GMT-0500 (Central Daylight Time),216906.60000002384,A,meadowenter,I,enter,217,3,2249.100000023842,214657.5,8092,WL,A,8.0
2,16.67899990081787,learn,43321.00009918213,Tue Aug 04 2026 09:13:05 GMT-0500 (Central Daylight Time),217656.5,A,c,I,c,729,3,749.5,216907.0,8092,WL,A,9.0
2,16.778000116348267,learn,43221.99988365173,Tue Aug 04 2026 09:13:05 GMT-0500 (Central Daylight Time),217756.39999997616,A,ch,I,h,84,3,849.3999999761581,216907.0,8092,WL,A,9.0
2,17.26200008392334,learn,42737.99991607666,Tue Aug 04 2026 09:13:05 GMT-0500 (Central Daylight Time),218239.5,A,chi,I,i,470,3,1332.5,216907.0,8092,WL,A,9.0
2,17.494999885559082,learn,42505.00011444092,Tue Aug 04 2026 09:13:05 GMT-0500 (Central Daylight Time),218472.79999995232,A,chim,I,m,213,3,1565.7999999523163,216907.0,8092,WL,A,9.0
2,17.744999885559082,learn,42255.00011444092,Tue Aug 04 2026 09:13:05 GMT-0500 (Central Daylight Time),218722.60000002384,A,chime,I,e,236,3,1815.6000000238419,216907.0,8092,WL,A,9.0
2,17.977999925613403,learn,42022.0000743866,Tue Aug 04 2026 09:13:05 GMT-0500 (Central Daylight Time),218955.79999995232,A,chimey,I,y,225,3,2048.7999999523163,216907.0,8092,WL,A,9.0
2,18.793999910354614,learn,41206.000089645386,Tue Aug 04 2026 09:13:05 GMT-0500 (Central Daylight Time),219772.20000004768,A,chime,I,backspace,808,3,2865.2000000476837,216907.0,8092,WL,A,9.0
2,18.960999965667725,learn,41039.000034332275,Tue Aug 04 2026 09:13:05 GMT-0500 (Central Daylight Time),219938.79999995232,A,chim,I,backspace,152,3,3031.7999999523163,216907.0,8092,WL,A,9.0
2,19.611000061035156,learn,40388.999938964844,Tue Aug 04 2026 09:13:05 GMT-0500 (Central Daylight Time),220588.60000002384,A,chi,I,backspace,640,3,3681.600000023842,216907.0,8092,WL,A,9.0
2,20.41100001335144,learn,39588.99998664856,Tue Aug 04 2026 09:13:05 GMT-0500 (Central Daylight Time),221388.60000002384,A,chin,I,n,791,3,4481.600000023842,216907.0,8092,WL,A,9.0
2,20.543999910354614,learn,39456.000089645386,Tue Aug 04 2026 09:13:05 GMT-0500 (Central Daylight Time),221521.79999995232,A,chine,I,e,127,3,4614.799999952316,216907.0,8092,WL,A,9.0
2,21.67799997329712,learn,38322.00002670288,Tue Aug 04 2026 09:13:05 GMT-0500 (Central Daylight Time),222655.79999995232,A,chin,I,backspace,1115,3,5748.799999952316,216907.0,8092,WL,A,9.0
2,22.4760000705719,learn,37523.9999294281,Tue Aug 04 2026 09:13:05 GMT-0500 (Central Daylight Time),223454.29999995232,A,chi,I,backspace,788,3,6547.299999952316,216907.0,8092,WL,A,9.0
2,23.658999919891357,learn,36341.00008010864,Tue Aug 04 2026 09:13:05 GMT-0500 (Central Daylight Time),224637.20000004768,A,chim,I,m,1166,3,7730.200000047684,216907.0,8092,WL,A,9.0
2,24.20900011062622,learn,35790.99988937378,Tue Aug 04 2026 09:13:05 GMT-0500 (Central Daylight Time),225187.20000004768,A,chimn,I,n,534,3,8280.200000047684,216907.0,8092,WL,A,9.0
2,24.841000080108643,learn,35158.99991989136,Tue Aug 04 2026 09:13:05 GMT-0500 (Central Daylight Time),225820.29999995232,A,chimne,I,e,625,3,8913.299999952316,216907.0,8092,WL,A,9.0
2,24.95799994468689,learn,35042.00005531311,Tue Aug 04 2026 09:13:05 GMT-0500 (Central Daylight Time),225936.89999997616,A,chimney,I,y,112,3,9029.899999976158,216907.0,8092,WL,A,9.0
2,25.7739999294281,learn,34226.0000705719,Tue Aug 04 2026 09:13:05 GMT-0500 (Central Daylight Time),226753.5,A,chimneyenter,I,enter,802,3,9846.5,216907.0,8092,WL,A,9.0
2,28.289999961853027,learn,31710.000038146973,Tue Aug 04 2026 09:13:05 GMT-0500 (Central Daylight Time),229269.39999997616,A,k,I,k,2507,3,2515.5,226753.89999997616,8092,WL,A,10.0
2,28.407000064849854,learn,31592.999935150146,Tue Aug 04 2026 09:13:05 GMT-0500 (Central Daylight Time),229385.79999995232,A,ke,I,e,111,3,2631.899999976158,226753.89999997616,8092,WL,A,10.0
2,28.624000072479248,learn,31375.999927520752,Tue Aug 04 2026 09:13:05 GMT-0500 (Central Daylight Time),229602.5,A,key,I,y,210,3,2848.600000023842,226753.89999997616,8092,WL,A,10.0
2,28.92300009727478,learn,31076.99990272522,Tue Aug 04 2026 09:13:05 GMT-0500 (Central Daylight Time),229902.29999995232,A,keyenter,I,enter,281,3,3148.399999976158,226753.89999997616,8092,WL,A,10.0
2,31.555999994277954,learn,28444.000005722046,Tue Aug 04 2026 09:13:05 GMT-0500 (Central Daylight Time),232535.0,A,b,I,b,2614,3,2632.5,229902.5,8092,WL,A,11.0
2,32.25600004196167,learn,27743.99995803833,Tue Aug 04 2026 09:13:05 GMT-0500 (Central Daylight Time),233234.89999997616,A,,I,backspace,692,3,3332.399999976158,229902.5,8092,WL,A,11.0
2,32.92199993133545,learn,27078.00006866455,Tue Aug 04 2026 09:13:05 GMT-0500 (Central Daylight Time),233901.0,A,m,I,m,650,3,3998.5,229902.5,8092,WL,A,11.0
2,33.25500011444092,learn,26744.999885559082,Tue Aug 04 2026 09:13:05 GMT-0500 (Central Daylight Time),234234.10000002384,A,me,I,e,326,3,4331.600000023842,229902.5,8092,WL,A,11.0
2,33.40499997138977,learn,26595.00002861023,Tue Aug 04 2026 09:13:05 GMT-0500 (Central Daylight Time),234384.39999997616,A,mea,I,a,129,3,4481.899999976158,229902.5,8092,WL,A,11.0
2,33.937999963760376,learn,26062.000036239624,Tue Aug 04 2026 09:13:05 GMT-0500 (Central Daylight Time),234917.60000002384,A,mead,I,d,515,3,5015.100000023842,229902.5,8092,WL,A,11.0
2,34.08899998664856,learn,25911.00001335144,Tue Aug 04 2026 09:13:05 GMT-0500 (Central Daylight Time),235067.5,A,meado,I,o,133,3,5165.0,229902.5,8092,WL,A,11.0
2,34.22199988365173,learn,25778.000116348267,Tue Aug 04 2026 09:13:05 GMT-0500 (Central Daylight Time),235200.79999995232,A,meadow,I,w,121,3,5298.299999952316,229902.5,8092,WL,A,11.0
2,34.454999923706055,learn,25545.000076293945,Tue Aug 04 2026 09:13:05 GMT-0500 (Central Daylight Time),235434.20000004768,A,meadowenter,I,enter,219,3,5531.700000047684,229902.5,8092,WL,A,11.0
2,36.22099995613098,learn,23779.00004386902,Tue Aug 04 2026 09:13:05 GMT-0500 (Central Daylight Time),237200.10000002384,A,l,I,l,1745,3,1765.6000000238419,235434.5,8092,WL,A,12.0
2,36.4210000038147,learn,23578.999996185303,Tue Aug 04 2026 09:13:05 GMT-0500 (Central Daylight Time),237400.10000002384,A,lo,I,o,180,3,1965.6000000238419,235434.5,8092,WL,A,12.0
2,36.87100005149841,learn,23128.999948501587,Tue Aug 04 2026 09:13:05 GMT-0500 (Central Daylight Time),237849.70000004768,A,l,I,backspace,444,3,2415.2000000476837,235434.5,8092,WL,A,12.0
2,37.03800010681152,learn,22961.999893188477,Tue Aug 04 2026 09:13:05 GMT-0500 (Central Daylight Time),238016.60000002384,A,,I,backspace,154,3,2582.100000023842,235434.5,8092,WL,A,12.0
2,37.38700008392334,learn,22612.99991607666,Tue Aug 04 2026 09:13:05 GMT-0500 (Central Daylight Time),238366.39999997616,A,f,I,f,331,3,2931.899999976158,235434.5,8092,WL,A,12.0
2,37.48699998855591,learn,22513.00001144409,Tue Aug 04 2026 09:13:05 GMT-0500 (Central Daylight Time),238466.39999997616,A,fi,I,i,94,3,3031.899999976158,235434.5,8092,WL,A,12.0
2,37.6710000038147,learn,22328.999996185303,Tue Aug 04 2026 09:13:05 GMT-0500 (Central Daylight Time),238649.70000004768,A,fin,I,n,177,3,3215.2000000476837,235434.5,8092,WL,A,12.0
2,37.80399990081787,learn,22196.00009918213,Tue Aug 04 2026 09:13:05 GMT-0500 (Central Daylight Time),238783.20000004768,A,fing,I,g,123,3,3348.7000000476837,235434.5,8092,WL,A,12.0
2,38.020999908447266,learn,21979.000091552734,Tue Aug 04 2026 09:13:05 GMT-0500 (Central Daylight Time),238999.79999995232,A,finge,I,e,205,3,3565.2999999523163,235434.5,8092,WL,A,12.0
2,38.187000036239624,learn,21812.999963760376,Tue Aug 04 2026 09:13:05 GMT-0500 (Central Daylight Time),239166.20000004768,A,finger,I,r,149,3,3731.7000000476837,235434.5,8092,WL,A,12.0
2,38.520999908447266,learn,21479.000091552734,Tue Aug 04 2026 09:13:05 GMT-0500 (Central Daylight Time),239499.5,A,fingerenter,I,enter,317,3,4065.0,235434.5,8092,WL,A,12.0
2,38.75399994850159,learn,21246.000051498413,Tue Aug 04 2026 09:13:05 GMT-0500 (Central Daylight Time),239732.79999995232,A,s,I,s,224,3,232.79999995231628,239500.0,8092,WL,A,13.0
2,38.88700008392334,learn,21112.99991607666,Tue Aug 04 2026 09:13:05 GMT-0500 (Central Daylight Time),239866.0,A,sa,I,a,128,3,366.0,239500.0,8092,WL,A,13.0
2,39.15499997138977,learn,20845.00002861023,Tue Aug 04 2026 09:13:05 GMT-0500 (Central Daylight Time),240133.79999995232,A,sal,I,l,257,3,633.7999999523163,239500.0,8092,WL,A,13.0
2,39.47099995613098,learn,20529.00004386902,Tue Aug 04 2026 09:13:05 GMT-0500 (Central Daylight Time),240450.20000004768,A,salt,I,t,309,3,950.2000000476837,239500.0,8092,WL,A,13.0
2,39.72000002861023,learn,20279.99997138977,Tue Aug 04 2026 09:13:05 GMT-0500 (Central Daylight Time),240699.20000004768,A,saltenter,I,enter,242,3,1199.2000000476837,239500.0,8092,WL,A,13.0
2,40.65300011634827,learn,19346.999883651733,Tue Aug 04 2026 09:13:05 GMT-0500 (Central Daylight Time),241632.10000002384,A,enter,I,enter,921,3,932.6000000238419,240699.5,8092,WL,A,14.0
2,40.80299997329712,learn,19197.00002670288,Tue Aug 04 2026 09:13:05 GMT-0500 (Central Daylight Time),241782.0,A,enter,I,enter,139,3,149.60000002384186,241632.39999997616,8092,WL,A,15.0
3,1.0160000324249268,learn,58983.99996757507,Tue Aug 04 2026 09:13:05 GMT-0500 (Central Daylight Time),308694.60000002384,A,a,I,a,1007,3,1016.3000000715256,307678.2999999523,8092,WL,A,1.0
3,1.1660001277923584,learn,58833.99987220764,Tue Aug 04 2026 09:13:05 GMT-0500 (Central Daylight Time),308844.60000002384,A,ap,I,p,132,3,1166.3000000715256,307678.2999999523,8092,WL,A,1.0
3,1.3500001430511475,learn,58649.99985694885,Tue Aug 04 2026 09:13:05 GMT-0500 (Central Daylight Time),309027.7000000477,A,app,I,p,175,3,1349.4000000953674,307678.2999999523,8092,WL,A,1.0
3,1.684000015258789,learn,58315.99998474121,Tue Aug 04 2026 09:13:05 GMT-0500 (Central Daylight Time),309361.89999997616,A,appl,I,l,328,3,1683.6000000238419,307678.2999999523,8092,WL,A,1.0
3,1.815999984741211,learn,58184.00001525879,Tue Aug 04 2026 09:13:05 GMT-0500 (Central Daylight Time),309494.2000000477,A,apple,I,e,114,3,1815.9000000953674,307678.2999999523,8092,WL,A,1.0
3,2.549999952316284,learn,57450.000047683716,Tue Aug 04 2026 09:13:05 GMT-0500 (Central Daylight Time),310228.2000000477,A,appleenter,I,enter,726,3,2549.9000000953674,307678.2999999523,8092,WL,A,1.0
3,3.2990000247955322,learn,56700.99997520447,Tue Aug 04 2026 09:13:05 GMT-0500 (Central Daylight Time),310977.0,A,h,I,h,736,3,748.6000000238419,310228.39999997616,8092,WL,A,2.0
3,3.449000120162964,learn,56550.999879837036,Tue Aug 04 2026 09:13:05 GMT-0500 (Central Daylight Time),311127.10000002384,A,ha,I,a,130,3,898.7000000476837,310228.39999997616,8092,WL,A,2.0
3,3.615999937057495,learn,56384.000062942505,Tue Aug 04 2026 09:13:05 GMT-0500 (Central Daylight Time),311293.7999999523,A,har,I,r,148,3,1065.3999999761581,310228.39999997616,8092,WL,A,2.0
3,3.9820001125335693,learn,56017.99988746643,Tue Aug 04 2026 09:13:05 GMT-0500 (Central Daylight Time),311660.2999999523,A,harp,I,p,358,3,1431.8999999761581,310228.39999997616,8092,WL,A,2.0
3,4.398000001907349,learn,55601.99999809265,Tue Aug 04 2026 09:13:05 GMT-0500 (Central Daylight Time),312076.5,A,harpenter,I,enter,407,3,1848.1000000238419,310228.39999997616,8092,WL,A,2.0
3,5.315000057220459,learn,54684.99994277954,Tue Aug 04 2026 09:13:05 GMT-0500 (Central Daylight Time),312993.0,A,t,I,t,912,3,916.2000000476837,312076.7999999523,8092,WL,A,3.0
3,5.54800009727478,learn,54451.99990272522,Tue Aug 04 2026 09:13:05 GMT-0500 (Central Daylight Time),313226.39999997616,A,tr,I,r,219,3,1149.6000000238419,312076.7999999523,8092,WL,A,3.0
3,5.648999929428101,learn,54351.0000705719,Tue Aug 04 2026 09:13:05 GMT-0500 (Central Daylight Time),313326.7000000477,A,tra,I,a,80,3,1249.9000000953674,312076.7999999523,8092,WL,A,3.0
3,5.898000001907349,learn,54101.99999809265,Tue Aug 04 2026 09:13:05 GMT-0500 (Central Daylight Time),313576.2000000477,A,trai,I,i,238,3,1499.4000000953674,312076.7999999523,8092,WL,A,3.0
3,6.04800009727478,learn,53951.99990272522,Tue Aug 04 2026 09:13:05 GMT-0500 (Central Daylight Time),313726.2999999523,A,train,I,n,140,3,1649.5,312076.7999999523,8092,WL,A,3.0
3,6.29800009727478,learn,53701.99990272522,Tue Aug 04 2026 09:13:05 GMT-0500 (Central Daylight Time),313976.10000002384,A,trainenter,I,enter,238,3,1899.3000000715256,312076.7999999523,8092,WL,A,3.0
3,6.565000057220459,learn,53434.99994277954,Tue Aug 04 2026 09:13:05 GMT-0500 (Central Daylight Time),314242.7999999523,A,r,I,r,260,3,266.39999997615814,313976.39999997616,8092,WL,A,4.0
3,6.680999994277954,learn,53319.000005722046,Tue Aug 04 2026 09:13:05 GMT-0500 (Central Daylight Time),314359.5,A,ra,I,a,97,3,383.10000002384186,313976.39999997616,8092,WL,A,4.0
3,6.916000127792358,learn,53083.99987220764,Tue Aug 04 2026 09:13:05 GMT-0500 (Central Daylight Time),314593.89999997616,A,ral,I,l,221,3,617.5,313976.39999997616,8092,WL,A,4.0
3,7.564000129699707,learn,52435.99987030029,Tue Aug 04 2026 09:13:05 GMT-0500 (Central Daylight Time),315242.5,A,ra,I,backspace,633,3,1266.1000000238419,313976.39999997616,8092,WL,A,4.0
3,7.648000001907349,learn,52351.99999809265,Tue Aug 04 2026 09:13:05 GMT-0500 (Central Daylight Time),315326.60000002384,A,rat,I,t,74,3,1350.2000000476837,313976.39999997616,8092,WL,A,4.0
3,7.864000082015991,learn,52135.99991798401,Tue Aug 04 2026 09:13:05 GMT-0500 (Central Daylight Time),315542.39999997616,A,ratt,I,t,205,3,1566.0,313976.39999997616,8092,WL,A,4.0
3,7.980999946594238,learn,52019.00005340576,Tue Aug 04 2026 09:13:05 GMT-0500 (Central Daylight Time),315659.10000002384,A,rattl,I,l,109,3,1682.7000000476837,313976.39999997616,8092,WL,A,4.0
3,8.180999994277954,learn,51819.000005722046,Tue Aug 04 2026 09:13:05 GMT-0500 (Central Daylight Time),315858.7999999523,A,rattle,I,e,185,3,1882.3999999761581,313976.39999997616,8092,WL,A,4.0
3,8.480999946594238,learn,51519.00005340576,Tue Aug 04 2026 09:13:05 GMT-0500 (Central Daylight Time),316158.89999997616,A,rattleenter,I,enter,288,3,2182.5,313976.39999997616,8092,WL,A,4.0
3,9.414000034332275,learn,50585.999965667725,Tue Aug 04 2026 09:13:05 GMT-0500 (Central Daylight Time),317091.89999997616,A,b,I,b,926,3,932.6999999284744,316159.2000000477,8092,WL,A,5.0
3,9.562999963760376,learn,50437.000036239624,Tue Aug 04 2026 09:13:05 GMT-0500 (Central Daylight Time),317241.60000002384,A,bo,I,o,136,3,1082.3999999761581,316159.2000000477,8092,WL,A,5.0
3,9.730000019073486,learn,50269.999980926514,Tue Aug 04 2026 09:13:05 GMT-0500 (Central Daylight Time),317408.2999999523,A,boo,I,o,155,3,1249.0999999046326,316159.2000000477,8092,WL,A,5.0
3,9.94700002670288,learn,50052.99997329712,Tue Aug 04 2026 09:13:05 GMT-0500 (Central Daylight Time),317625.10000002384,A,book,I,k,204,3,1465.8999999761581,316159.2000000477,8092,WL,A,5.0
3,10.230000019073486,learn,49769.999980926514,Tue Aug 04 2026 09:13:05 GMT-0500 (Central Daylight Time),317908.2000000477,A,bookenter,I,enter,276,3,1749.0,316159.2000000477,8092,WL,A,5.0
3,10.647000074386597,learn,49352.9999256134,Tue Aug 04 2026 09:13:05 GMT-0500 (Central Daylight Time),318324.89999997616,A,g,I,g,407,3,416.2999999523163,317908.60000002384,8092,WL,A,6.0
3,10.713000059127808,learn,49286.99994087219,Tue Aug 04 2026 09:13:05 GMT-0500 (Central Daylight Time),318391.5,A,go,I,o,46,3,482.89999997615814,317908.60000002384,8092,WL,A,6.0
3,11.345999956130981,learn,48654.00004386902,Tue Aug 04 2026 09:13:05 GMT-0500 (Central Daylight Time),319024.5,A,gol,I,l,612,3,1115.8999999761581,317908.60000002384,8092,WL,A,6.0
3,11.597000122070312,learn,48402.99987792969,Tue Aug 04 2026 09:13:05 GMT-0500 (Central Daylight Time),319275.60000002384,A,gold,I,d,244,3,1367.0,317908.60000002384,8092,WL,A,6.0
3,11.763000011444092,learn,48236.99998855591,Tue Aug 04 2026 09:13:05 GMT-0500 (Central Daylight Time),319441.0,A,goldenter,I,enter,153,3,1532.3999999761581,317908.60000002384,8092,WL,A,6.0
3,13.146000146865845,learn,46853.999853134155,Tue Aug 04 2026 09:13:05 GMT-0500 (Central Daylight Time),320824.2999999523,A,f,I,f,1371,3,1383.0,319441.2999999523,8092,WL,A,7.0
3,13.246000051498413,learn,46753.99994850159,Tue Aug 04 2026 09:13:05 GMT-0500 (Central Daylight Time),320924.10000002384,A,fi,I,i,92,3,1482.8000000715256,319441.2999999523,8092,WL,A,7.0
3,13.396000146865845,learn,46603.999853134155,Tue Aug 04 2026 09:13:05 GMT-0500 (Central Daylight Time),321073.89999997616,A,fin,I,n,136,3,1632.6000000238419,319441.2999999523,8092,WL,A,7.0
3,13.595999956130981,learn,46404.00004386902,Tue Aug 04 2026 09:13:05 GMT-0500 (Central Daylight Time),321273.7000000477,A,fing,I,g,178,3,1832.4000000953674,319441.2999999523,8092,WL,A,7.0
3,13.86300015449524,learn,46136.99984550476,Tue Aug 04 2026 09:13:05 GMT-0500 (Central Daylight Time),321540.60000002384,A,finge,I,e,251,3,2099.3000000715256,319441.2999999523,8092,WL,A,7.0
3,13.944999933242798,learn,46055.0000667572,Tue Aug 04 2026 09:13:05 GMT-0500 (Central Daylight Time),321623.5,A,finger,I,r,71,3,2182.2000000476837,319441.2999999523,8092,WL,A,7.0
3,14.062000036239624,learn,45937.999963760376,Tue Aug 04 2026 09:13:05 GMT-0500 (Central Daylight Time),321740.39999997616,A,fingerenter,I,enter,109,3,2299.100000023842,319441.2999999523,8092,WL,A,7.0
3,15.67799997329712,learn,44322.00002670288,Tue Aug 04 2026 09:13:05 GMT-0500 (Central Daylight Time),323356.5,A,m,I,m,1608,3,1615.7999999523163,321740.7000000477,8092,WL,A,8.0
3,15.778000116348267,learn,44221.99988365173,Tue Aug 04 2026 09:13:05 GMT-0500 (Central Daylight Time),323456.60000002384,A,me,I,e,88,3,1715.8999999761581,321740.7000000477,8092,WL,A,8.0
3,15.92799997329712,learn,44072.00002670288,Tue Aug 04 2026 09:13:05 GMT-0500 (Central Daylight Time),323606.39999997616,A,mea,I,a,140,3,1865.6999999284744,321740.7000000477,8092,WL,A,8.0
3,16.17799997329712,learn,43822.00002670288,Tue Aug 04 2026 09:13:05 GMT-0500 (Central Daylight Time),323856.5,A,mead,I,d,228,3,2115.7999999523163,321740.7000000477,8092,WL,A,8.0
3,16.27900004386902,learn,43720.99995613098,Tue Aug 04 2026 09:13:05 GMT-0500 (Central Daylight Time),323957.39999997616,A,meado,I,o,84,3,2216.6999999284744,321740.7000000477,8092,WL,A,8.0
3,16.394999980926514,learn,43605.000019073486,Tue Aug 04 2026 09:13:05 GMT-0500 (Central Daylight Time),324072.89999997616,A,meadow,I,w,111,3,2332.1999999284744,321740.7000000477,8092,WL,A,8.0
3,16.59599995613098,learn,43404.00004386902,Tue Aug 04 2026 09:13:05 GMT-0500 (Central Daylight Time),324273.89999997616,A,meadowenter,I,enter,187,3,2533.1999999284744,321740.7000000477,8092,WL,A,8.0
3,17.295000076293945,learn,42704.999923706055,Tue Aug 04 2026 09:13:05 GMT-0500 (Central Daylight Time),324972.7000000477,A,l,I,l,691,3,698.6000000238419,324274.10000002384,8092,WL,A,9.0
3,17.477999925613403,learn,42522.0000743866,Tue Aug 04 2026 09:13:05 GMT-0500 (Central Daylight Time),325156.0,A,lo,I,o,175,3,881.8999999761581,324274.10000002384,8092,WL,A,9.0
3,17.628000020980835,learn,42371.999979019165,Tue Aug 04 2026 09:13:05 GMT-0500 (Central Daylight Time),325305.7999999523,A,log,I,g,135,3,1031.6999999284744,324274.10000002384,8092,WL,A,9.0
3,17.894999980926514,learn,42105.000019073486,Tue Aug 04 2026 09:13:05 GMT-0500 (Central Daylight Time),325572.7000000477,A,logenter,I,enter,251,3,1298.6000000238419,324274.10000002384,8092,WL,A,9.0
3,18.210999965667725,learn,41789.000034332275,Tue Aug 04 2026 09:13:05 GMT-0500 (Central Daylight Time),325889.0,A,k,I,k,303,3,316.0,325573.0,8092,WL,A,10.0
3,18.311000108718872,learn,41688.99989128113,Tue Aug 04 2026 09:13:05 GMT-0500 (Central Daylight Time),325989.0,A,ke,I,e,83,3,416.0,325573.0,8092,WL,A,10.0
3,18.526999950408936,learn,41473.000049591064,Tue Aug 04 2026 09:13:05 GMT-0500 (Central Daylight Time),326205.60000002384,A,key,I,y,199,3,632.6000000238419,325573.0,8092,WL,A,10.0
3,18.778000116348267,learn,41221.99988365173,Tue Aug 04 2026 09:13:05 GMT-0500 (Central Daylight Time),326455.7000000477,A,keyenter,I,enter,239,3,882.7000000476837,325573.0,8092,WL,A,10.0
3,19.361000061035156,learn,40638.999938964844,Tue Aug 04 2026 09:13:05 GMT-0500 (Central Daylight Time),327038.7000000477,A,s,I,s,572,3,582.7000000476837,326456.0,8092,WL,A,11.0
3,19.460000038146973,learn,40539.99996185303,Tue Aug 04 2026 09:13:05 GMT-0500 (Central Daylight Time),327138.5,A,sa,I,a,84,3,682.5,326456.0,8092,WL,A,11.0
3,19.611000061035156,learn,40388.999938964844,Tue Aug 04 2026 09:13:05 GMT-0500 (Central Daylight Time),327288.7999999523,A,sal,I,l,146,3,832.7999999523163,326456.0,8092,WL,A,11.0
3,19.811000108718872,learn,40188.99989128113,Tue Aug 04 2026 09:13:05 GMT-0500 (Central Daylight Time),327488.7000000477,A,salt,I,t,188,3,1032.7000000476837,326456.0,8092,WL,A,11.0
3,20.210999965667725,learn,39789.000034332275,Tue Aug 04 2026 09:13:05 GMT-0500 (Central Daylight Time),327888.7000000477,A,saltenter,I,enter,389,3,1432.7000000476837,326456.0,8092,WL,A,11.0
3,22.009999990463257,learn,37990.00000953674,Tue Aug 04 2026 09:13:05 GMT-0500 (Central Daylight Time),329688.10000002384,A,t,I,t,1779,3,1799.1000000238419,327889.0,8092,WL,A,12.0
3,22.2260000705719,learn,37773.9999294281,Tue Aug 04 2026 09:13:05 GMT-0500 (Central Daylight Time),329904.5,A,tr,I,r,211,3,2015.5,327889.0,8092,WL,A,12.0
3,22.342999935150146,learn,37657.00006484985,Tue Aug 04 2026 09:13:05 GMT-0500 (Central Daylight Time),330021.2000000477,A,tra,I,a,99,3,2132.2000000476837,327889.0,8092,WL,A,12.0
3,22.443000078201294,learn,37556.999921798706,Tue Aug 04 2026 09:13:05 GMT-0500 (Central Daylight Time),330120.7999999523,A,trai,I,i,94,3,2231.7999999523163,327889.0,8092,WL,A,12.0
3,22.542999982833862,learn,37457.00001716614,Tue Aug 04 2026 09:13:05 GMT-0500 (Central Daylight Time),330221.0,A,train,I,n,92,3,2332.0,327889.0,8092,WL,A,12.0
3,22.91000008583069,learn,37089.99991416931,Tue Aug 04 2026 09:13:05 GMT-0500 (Central Daylight Time),330587.7999999523,A,trainenter,I,enter,351,3,2698.7999999523163,327889.0,8092,WL,A,12.0
3,25.54200005531311,learn,34457.99994468689,Tue Aug 04 2026 09:13:05 GMT-0500 (Central Daylight Time),333219.89999997616,A,f,I,f,2624,3,2631.7999999523163,330588.10000002384,8092,WL,A,13.0
3,25.657999992370605,learn,34342.000007629395,Tue Aug 04 2026 09:13:05 GMT-0500 (Central Daylight Time),333336.60000002384,A,fl,I,l,96,3,2748.5,330588.10000002384,8092,WL,A,13.0
3,25.858999967575073,learn,34141.00003242493,Tue Aug 04 2026 09:13:05 GMT-0500 (Central Daylight Time),333536.7000000477,A,flo,I,o,180,3,2948.600000023842,330588.10000002384,8092,WL,A,13.0
3,25.942000150680542,learn,34057.99984931946,Tue Aug 04 2026 09:13:05 GMT-0500 (Central Daylight Time),333620.2000000477,A,flow,I,w,66,3,3032.100000023842,330588.10000002384,8092,WL,A,13.0
3,26.075999975204468,learn,33924.00002479553,Tue Aug 04 2026 09:13:05 GMT-0500 (Central Daylight Time),333754.2000000477,A,flowe,I,e,127,3,3166.100000023842,330588.10000002384,8092,WL,A,13.0
3,26.29200005531311,learn,33707.99994468689,Tue Aug 04 2026 09:13:05 GMT-0500 (Central Daylight Time),333969.7000000477,A,flower,I,r,210,3,3381.600000023842,330588.10000002384,8092,WL,A,13.0
3,26.841000080108643,learn,33158.99991989136,Tue Aug 04 2026 09:13:05 GMT-0500 (Central Daylight Time),334519.39999997616,A,flowerenter,I,enter,530,3,3931.2999999523163,330588.10000002384,8092,WL,A,13.0
3,27.157999992370605,learn,32842.000007629395,Tue Aug 04 2026 09:13:05 GMT-0500 (Central Daylight Time),334836.2999999523,A,h,I,h,301,3,316.5,334519.7999999523,8092,WL,A,14.0
3,27.240999937057495,learn,32759.000062942505,Tue Aug 04 2026 09:13:05 GMT-0500 (Central Daylight Time),334919.5,A,ha,I,a,63,3,399.7000000476837,334519.7999999523,8092,WL,A,14.0
3,27.375,learn,32625.0,Tue Aug 04 2026 09:13:05 GMT-0500 (Central Daylight Time),335052.89999997616,A,har,I,r,125,3,533.1000000238419,334519.7999999523,8092,WL,A,14.0
3,27.825000047683716,learn,32174.999952316284,Tue Aug 04 2026 09:13:05 GMT-0500 (Central Daylight Time),335502.7000000477,A,harp,I,p,440,3,982.9000000953674,334519.7999999523,8092,WL,A,14.0
3,28.240999937057495,learn,31759.000062942505,Tue Aug 04 2026 09:13:05 GMT-0500 (Central Daylight Time),335919.39999997616,A,harpenter,I,enter,406,3,1399.6000000238419,334519.7999999523,8092,WL,A,14.0
3,32.390000104904175,learn,27609.999895095825,Tue Aug 04 2026 09:13:05 GMT-0500 (Central Daylight Time),340068.0,A,enter,I,enter,4141,3,4148.200000047684,335919.7999999523,8092,WL,A,15.0
4,0.6649999618530273,learn,59335.00003814697,Tue Aug 04 2026 09:13:05 GMT-0500 (Central Daylight Time),406230.39999997616,A,b,I,b,657,3,666.1999999284744,405564.2000000477,8092,WL,A,1.0
4,0.7820000648498535,learn,59217.99993515015,Tue Aug 04 2026 09:13:05 GMT-0500 (Central Daylight Time),406347.2999999523,A,bu,I,u,109,3,783.0999999046326,405564.2000000477,8092,WL,A,1.0
4,0.9820001125335693,learn,59017.99988746643,Tue Aug 04 2026 09:13:05 GMT-0500 (Central Daylight Time),406547.2000000477,A,but,I,t,185,3,983.0,405564.2000000477,8092,WL,A,1.0
4,1.1649999618530273,learn,58835.00003814697,Tue Aug 04 2026 09:13:05 GMT-0500 (Central Daylight Time),406730.39999997616,A,butt,I,t,168,3,1166.1999999284744,405564.2000000477,8092,WL,A,1.0
4,1.315000057220459,learn,58684.99994277954,Tue Aug 04 2026 09:13:05 GMT-0500 (Central Daylight Time),406880.5,A,butto,I,o,138,3,1316.2999999523163,405564.2000000477,8092,WL,A,1.0
4,1.4149999618530273,learn,58585.00003814697,Tue Aug 04 2026 09:13:05 GMT-0500 (Central Daylight Time),406980.39999997616,A,button,I,n,92,3,1416.1999999284744,405564.2000000477,8092,WL,A,1.0
4,1.748000144958496,learn,58251.999855041504,Tue Aug 04 2026 09:13:05 GMT-0500 (Central Daylight Time),407313.39999997616,A,buttonenter,I,enter,328,3,1749.1999999284744,405564.2000000477,8092,WL,A,1.0
4,2.7980000972747803,learn,57201.99990272522,Tue Aug 04 2026 09:13:05 GMT-0500 (Central Daylight Time),408363.39999997616,A,t,I,t,1035,3,1049.7999999523163,407313.60000002384,8092,WL,A,2.0
4,3.015000104904175,learn,56984.999895095825,Tue Aug 04 2026 09:13:05 GMT-0500 (Central Daylight Time),408579.7000000477,A,tr,I,r,201,3,1266.1000000238419,407313.60000002384,8092,WL,A,2.0
4,3.115000009536743,learn,56884.99999046326,Tue Aug 04 2026 09:13:05 GMT-0500 (Central Daylight Time),408680.0,A,tra,I,a,80,3,1366.3999999761581,407313.60000002384,8092,WL,A,2.0
4,3.265000104904175,learn,56734.999895095825,Tue Aug 04 2026 09:13:05 GMT-0500 (Central Daylight Time),408829.7999999523,A,trai,I,i,140,3,1516.1999999284744,407313.60000002384,8092,WL,A,2.0
4,3.3480000495910645,learn,56651.999950408936,Tue Aug 04 2026 09:13:05 GMT-0500 (Central Daylight Time),408912.7999999523,A,train,I,n,78,3,1599.1999999284744,407313.60000002384,8092,WL,A,2.0
4,3.680999994277954,learn,56319.000005722046,Tue Aug 04 2026 09:13:05 GMT-0500 (Central Daylight Time),409246.2999999523,A,trainenter,I,enter,323,3,1932.6999999284744,407313.60000002384,8092,WL,A,2.0
4,3.9809999465942383,learn,56019.00005340576,Tue Aug 04 2026 09:13:05 GMT-0500 (Central Daylight Time),409546.2000000477,A,r,I,r,286,3,299.5,409246.7000000477,8092,WL,A,3.0
4,4.081000089645386,learn,55918.999910354614,Tue Aug 04 2026 09:13:05 GMT-0500 (Central Daylight Time),409646.2000000477,A,ra,I,a,90,3,399.5,409246.7000000477,8092,WL,A,3.0
4,4.38100004196167,learn,55618.99995803833,Tue Aug 04 2026 09:13:05 GMT-0500 (Central Daylight Time),409945.7999999523,A,rat,I,t,294,3,699.0999999046326,409246.7000000477,8092,WL,A,3.0
4,4.5970001220703125,learn,55402.99987792969,Tue Aug 04 2026 09:13:05 GMT-0500 (Central Daylight Time),410162.5,A,ratt,I,t,203,3,915.7999999523163,409246.7000000477,8092,WL,A,3.0
4,4.730999946594238,learn,55269.00005340576,Tue Aug 04 2026 09:13:05 GMT-0500 (Central Daylight Time),410295.7999999523,A,rattl,I,l,113,3,1049.0999999046326,409246.7000000477,8092,WL,A,3.0
4,4.864000082015991,learn,55135.99991798401,Tue Aug 04 2026 09:13:05 GMT-0500 (Central Daylight Time),410429.10000002384,A,rattle,I,e,116,3,1182.3999999761581,409246.7000000477,8092,WL,A,3.0
4,5.480999946594238,learn,54519.00005340576,Tue Aug 04 2026 09:13:05 GMT-0500 (Central Daylight Time),411045.89999997616,A,rattleenter,I,enter,599,3,1799.1999999284744,409246.7000000477,8092,WL,A,3.0
4,5.730999946594238,learn,54269.00005340576,Tue Aug 04 2026 09:13:05 GMT-0500 (Central Daylight Time),411295.60000002384,A,g,I,g,239,3,249.5,411046.10000002384,8092,WL,A,4.0
4,6.013999938964844,learn,53986.000061035156,Tue Aug 04 2026 09:13:05 GMT-0500 (Central Daylight Time),411578.89999997616,A,go,I,o,275,3,532.7999999523163,411046.10000002384,8092,WL,A,4.0
4,6.246999979019165,learn,53753.000020980835,Tue Aug 04 2026 09:13:05 GMT-0500 (Central Daylight Time),411812.2000000477,A,gol,I,l,225,3,766.1000000238419,411046.10000002384,8092,WL,A,4.0
4,6.398000001907349,learn,53601.99999809265,Tue Aug 04 2026 09:13:05 GMT-0500 (Central Daylight Time),411963.10000002384,A,gold,I,d,144,3,917.0,411046.10000002384,8092,WL,A,4.0
4,6.547000169754028,learn,53452.99983024597,Tue Aug 04 2026 09:13:05 GMT-0500 (Central Daylight Time),412112.10000002384,A,goldenter,I,enter,128,3,1066.0,411046.10000002384,8092,WL,A,4.0
4,7.080000162124634,learn,52919.999837875366,Tue Aug 04 2026 09:13:05 GMT-0500 (Central Daylight Time),412645.60000002384,A,b,I,b,516,3,533.2000000476837,412112.39999997616,8092,WL,A,5.0
4,7.312999963760376,learn,52687.000036239624,Tue Aug 04 2026 09:13:05 GMT-0500 (Central Daylight Time),412878.39999997616,A,bo,I,o,221,3,766.0,412112.39999997616,8092,WL,A,5.0
4,7.496999979019165,learn,52503.000020980835,Tue Aug 04 2026 09:13:05 GMT-0500 (Central Daylight Time),413061.89999997616,A,boo,I,o,174,3,949.5,412112.39999997616,8092,WL,A,5.0
4,7.730000019073486,learn,52269.999980926514,Tue Aug 04 2026 09:13:05 GMT-0500 (Central Daylight Time),413295.10000002384,A,book,I,k,222,3,1182.7000000476837,412112.39999997616,8092,WL,A,5.0
4,7.980999946594238,learn,52019.00005340576,Tue Aug 04 2026 09:13:05 GMT-0500 (Central Daylight Time),413545.7999999523,A,bookenter,I,enter,237,3,1433.3999999761581,412112.39999997616,8092,WL,A,5.0
4,9.196000099182129,learn,50803.99990081787,Tue Aug 04 2026 09:13:05 GMT-0500 (Central Daylight Time),414761.2999999523,A,f,I,f,1203,3,1215.3999999761581,413545.89999997616,8092,WL,A,6.0
4,9.27999997138977,learn,50720.00002861023,Tue Aug 04 2026 09:13:05 GMT-0500 (Central Daylight Time),414844.60000002384,A,fl,I,l,67,3,1298.7000000476837,413545.89999997616,8092,WL,A,6.0
4,9.463000059127808,learn,50536.99994087219,Tue Aug 04 2026 09:13:05 GMT-0500 (Central Daylight Time),415027.7000000477,A,flo,I,o,175,3,1481.8000000715256,413545.89999997616,8092,WL,A,6.0
4,9.580000162124634,learn,50419.999837875366,Tue Aug 04 2026 09:13:05 GMT-0500 (Central Daylight Time),415144.60000002384,A,flow,I,w,95,3,1598.7000000476837,413545.89999997616,8092,WL,A,6.0
4,9.730000019073486,learn,50269.999980926514,Tue Aug 04 2026 09:13:05 GMT-0500 (Central Daylight Time),415294.7000000477,A,flowe,I,e,132,3,1748.8000000715256,413545.89999997616,8092,WL,A,6.0
4,9.896000146865845,learn,50103.999853134155,Tue Aug 04 2026 09:13:05 GMT-0500 (Central Daylight Time),415460.89999997616,A,flower,I,r,150,3,1915.0,413545.89999997616,8092,WL,A,6.0
4,10.062000036239624,learn,49937.999963760376,Tue Aug 04 2026 09:13:05 GMT-0500 (Central Daylight Time),415627.5,A,flowerenter,I,enter,158,3,2081.600000023842,413545.89999997616,8092,WL,A,6.0
4,10.496000051498413,learn,49503.99994850159,Tue Aug 04 2026 09:13:05 GMT-0500 (Central Daylight Time),416060.89999997616,A,k,I,k,417,3,433.0,415627.89999997616,8092,WL,A,7.0
4,10.59500002861023,learn,49404.99997138977,Tue Aug 04 2026 09:13:05 GMT-0500 (Central Daylight Time),416160.5,A,ke,I,e,79,3,532.6000000238419,415627.89999997616,8092,WL,A,7.0
4,10.76200008392334,learn,49237.99991607666,Tue Aug 04 2026 09:13:05 GMT-0500 (Central Daylight Time),416327.5,A,key,I,y,148,3,699.6000000238419,415627.89999997616,8092,WL,A,7.0
4,11.11300015449524,learn,48886.99984550476,Tue Aug 04 2026 09:13:05 GMT-0500 (Central Daylight Time),416677.60000002384,A,keyenter,I,enter,333,3,1049.7000000476837,415627.89999997616,8092,WL,A,7.0
4,11.980000019073486,learn,48019.999980926514,Tue Aug 04 2026 09:13:05 GMT-0500 (Central Daylight Time),417544.60000002384,A,l,I,l,853,3,866.7000000476837,416677.89999997616,8092,WL,A,8.0
4,12.144999980926514,learn,47855.000019073486,Tue Aug 04 2026 09:13:05 GMT-0500 (Central Daylight Time),417710.10000002384,A,lo,I,o,155,3,1032.2000000476837,416677.89999997616,8092,WL,A,8.0
4,12.378999948501587,learn,47621.00005149841,Tue Aug 04 2026 09:13:05 GMT-0500 (Central Daylight Time),417943.7999999523,A,log,I,g,222,3,1265.8999999761581,416677.89999997616,8092,WL,A,8.0
4,12.628000020980835,learn,47371.999979019165,Tue Aug 04 2026 09:13:05 GMT-0500 (Central Daylight Time),418193.39999997616,A,logenter,I,enter,236,3,1515.5,416677.89999997616,8092,WL,A,8.0
4,14.59500002861023,learn,45404.99997138977,Tue Aug 04 2026 09:13:05 GMT-0500 (Central Daylight Time),420159.60000002384,A,h,I,h,1954,3,1965.8000000715256,418193.7999999523,8092,WL,A,9.0
4,14.695000171661377,learn,45304.99982833862,Tue Aug 04 2026 09:13:05 GMT-0500 (Central Daylight Time),420259.5,A,ha,I,a,83,3,2065.7000000476837,418193.7999999523,8092,WL,A,9.0
4,14.894000053405762,learn,45105.99994659424,Tue Aug 04 2026 09:13:05 GMT-0500 (Central Daylight Time),420459.5,A,har,I,r,193,3,2265.7000000476837,418193.7999999523,8092,WL,A,9.0
4,15.361000061035156,learn,44638.999938964844,Tue Aug 04 2026 09:13:05 GMT-0500 (Central Daylight Time),420926.0,A,harp,I,p,449,3,2732.2000000476837,418193.7999999523,8092,WL,A,9.0
4,15.894000053405762,learn,44105.99994659424,Tue Aug 04 2026 09:13:05 GMT-0500 (Central Daylight Time),421459.2000000477,A,harpenter,I,enter,527,3,3265.4000000953674,418193.7999999523,8092,WL,A,9.0
4,16.3270001411438,learn,43672.9998588562,Tue Aug 04 2026 09:13:05 GMT-0500 (Central Daylight Time),421892.2999999523,A,a,I,a,425,3,432.7999999523163,421459.5,8092,WL,A,10.0
4,16.460999965667725,learn,43539.000034332275,Tue Aug 04 2026 09:13:05 GMT-0500 (Central Daylight Time),422025.7000000477,A,ap,I,p,119,3,566.2000000476837,421459.5,8092,WL,A,10.0
4,17.776999950408936,learn,42223.000049591064,Tue Aug 04 2026 09:13:05 GMT-0500 (Central Daylight Time),423341.7000000477,A,app,I,p,1305,3,1882.2000000476837,421459.5,8092,WL,A,10.0
4,17.99399995803833,learn,42006.00004196167,Tue Aug 04 2026 09:13:05 GMT-0500 (Central Daylight Time),423559.5,A,appl,I,l,207,3,2100.0,421459.5,8092,WL,A,10.0
4,18.110000133514404,learn,41889.999866485596,Tue Aug 04 2026 09:13:05 GMT-0500 (Central Daylight Time),423675.10000002384,A,apple,I,e,108,3,2215.600000023842,421459.5,8092,WL,A,10.0
4,18.542999982833862,learn,41457.00001716614,Tue Aug 04 2026 09:13:05 GMT-0500 (Central Daylight Time),424108.2999999523,A,appleenter,I,enter,424,3,2648.7999999523163,421459.5,8092,WL,A,10.0
4,20.092999935150146,learn,39907.00006484985,Tue Aug 04 2026 09:13:05 GMT-0500 (Central Daylight Time),425657.89999997616,A,f,I,f,1536,3,1549.2999999523163,424108.60000002384,8092,WL,A,11.0
4,20.358999967575073,learn,39641.00003242493,Tue Aug 04 2026 09:13:05 GMT-0500 (Central Daylight Time),425924.5,A,fl,I,l,258,3,1815.8999999761581,424108.60000002384,8092,WL,A,11.0
4,20.55900001525879,learn,39440.99998474121,Tue Aug 04 2026 09:13:05 GMT-0500 (Central Daylight Time),426124.2999999523,A,flo,I,o,184,3,2015.6999999284744,424108.60000002384,8092,WL,A,11.0
4,20.743000030517578,learn,39256.99996948242,Tue Aug 04 2026 09:13:05 GMT-0500 (Central Daylight Time),426307.60000002384,A,floe,I,e,168,3,2199.0,424108.60000002384,8092,WL,A,11.0
4,20.9760000705719,learn,39023.9999294281,Tue Aug 04 2026 09:13:05 GMT-0500 (Central Daylight Time),426540.7999999523,A,floer,I,r,225,3,2432.1999999284744,424108.60000002384,8092,WL,A,11.0
4,21.659000158309937,learn,38340.99984169006,Tue Aug 04 2026 09:13:05 GMT-0500 (Central Daylight Time),427223.89999997616,A,floe,I,backspace,671,3,3115.2999999523163,424108.60000002384,8092,WL,A,11.0
4,21.858999967575073,learn,38141.00003242493,Tue Aug 04 2026 09:13:05 GMT-0500 (Central Daylight Time),427423.7999999523,A,flo,I,backspace,188,3,3315.1999999284744,424108.60000002384,8092,WL,A,11.0
4,22.009000062942505,learn,37990.999937057495,Tue Aug 04 2026 09:13:05 GMT-0500 (Central Daylight Time),427573.7999999523,A,flow,I,w,132,3,3465.1999999284744,424108.60000002384,8092,WL,A,11.0
4,22.174999952316284,learn,37825.000047683716,Tue Aug 04 2026 09:13:05 GMT-0500 (Central Daylight Time),427740.5,A,flowe,I,e,151,3,3631.899999976158,424108.60000002384,8092,WL,A,11.0
4,22.30900001525879,learn,37690.99998474121,Tue Aug 04 2026 09:13:05 GMT-0500 (Central Daylight Time),427873.7000000477,A,flower,I,r,119,3,3765.100000023842,424108.60000002384,8092,WL,A,11.0
4,22.858999967575073,learn,37141.00003242493,Tue Aug 04 2026 09:13:05 GMT-0500 (Central Daylight Time),428423.60000002384,A,flowerenter,I,enter,539,3,4315.0,424108.60000002384,8092,WL,A,11.0
4,23.258000135421753,learn,36741.99986457825,Tue Aug 04 2026 09:13:05 GMT-0500 (Central Daylight Time),428823.5,A,s,I,s,389,3,399.60000002384186,428423.89999997616,8092,WL,A,12.0
4,23.375,learn,36625.0,Tue Aug 04 2026 09:13:05 GMT-0500 (Central Daylight Time),428940.2000000477,A,sa,I,a,101,3,516.3000000715256,428423.89999997616,8092,WL,A,12.0
4,24.391000032424927,learn,35608.99996757507,Tue Aug 04 2026 09:13:05 GMT-0500 (Central Daylight Time),429956.60000002384,A,sal,I,l,1007,3,1532.7000000476837,428423.89999997616,8092,WL,A,12.0
4,24.490999937057495,learn,35509.000062942505,Tue Aug 04 2026 09:13:05 GMT-0500 (Central Daylight Time),430056.2999999523,A,salt,I,t,79,3,1632.3999999761581,428423.89999997616,8092,WL,A,12.0
4,25.374000072479248,learn,34625.99992752075,Tue Aug 04 2026 09:13:05 GMT-0500 (Central Daylight Time),430939.2999999523,A,saltenter,I,enter,867,3,2515.399999976158,428423.89999997616,8092,WL,A,12.0
4,28.957000017166138,learn,31042.999982833862,Tue Aug 04 2026 09:13:05 GMT-0500 (Central Daylight Time),434521.7000000477,A,r,I,r,3576,3,3582.100000023842,430939.60000002384,8092,WL,A,13.0
4,29.09000015258789,learn,30909.99984741211,Tue Aug 04 2026 09:13:05 GMT-0500 (Central Daylight Time),434655.0,A,ra,I,a,123,3,3715.399999976158,430939.60000002384,8092,WL,A,13.0
4,29.307000160217285,learn,30692.999839782715,Tue Aug 04 2026 09:13:05 GMT-0500 (Central Daylight Time),434871.60000002384,A,rat,I,t,205,3,3932.0,430939.60000002384,8092,WL,A,13.0
4,29.52400016784668,learn,30475.99983215332,Tue Aug 04 2026 09:13:05 GMT-0500 (Central Daylight Time),435089.2999999523,A,ratt,I,t,196,3,4149.699999928474,430939.60000002384,8092,WL,A,13.0
4,29.92300009727478,learn,30076.99990272522,Tue Aug 04 2026 09:13:05 GMT-0500 (Central Daylight Time),435488.2000000477,A,rattl,I,l,387,3,4548.600000023842,430939.60000002384,8092,WL,A,13.0
4,30.039999961853027,learn,29960.000038146973,Tue Aug 04 2026 09:13:05 GMT-0500 (Central Daylight Time),435604.7999999523,A,rattle,I,e,99,3,4665.199999928474,430939.60000002384,8092,WL,A,13.0
4,30.25600004196167,learn,29743.99995803833,Tue Aug 04 2026 09:13:05 GMT-0500 (Central Daylight Time),435821.39999997616,A,rattleenter,I,enter,208,3,4881.799999952316,430939.60000002384,8092,WL,A,13.0
4,33.75500011444092,learn,26244.999885559082,Tue Aug 04 2026 09:13:05 GMT-0500 (Central Daylight Time),439320.0,A,b,I,b,3478,3,3498.2999999523163,435821.7000000477,8092,WL,A,14.0
4,33.83800005912781,learn,26161.999940872192,Tue Aug 04 2026 09:13:05 GMT-0500 (Central Daylight Time),439403.5,A,bu,I,u,76,3,3581.7999999523163,435821.7000000477,8092,WL,A,14.0
4,34.5220000743866,learn,25477.999925613403,Tue Aug 04 2026 09:13:05 GMT-0500 (Central Daylight Time),440086.60000002384,A,b,I,backspace,664,3,4264.899999976158,435821.7000000477,8092,WL,A,14.0
4,34.687999963760376,learn,25312.000036239624,Tue Aug 04 2026 09:13:05 GMT-0500 (Central Daylight Time),440253.2000000477,A,,I,backspace,150,3,4431.5,435821.7000000477,8092,WL,A,14.0
4,36.187999963760376,learn,23812.000036239624,Tue Aug 04 2026 09:13:05 GMT-0500 (Central Daylight Time),441752.60000002384,A,enter,I,enter,1494,3,5930.899999976158,435821.7000000477,8092,WL,A,14.0
4,36.55400013923645,learn,23445.99986076355,Tue Aug 04 2026 09:13:05 GMT-0500 (Central Daylight Time),442119.39999997616,A,enter,I,enter,355,3,366.60000002384186,441752.7999999523,8092,WL,A,15.0
5,1.1329998970031738,learn,60000.0,Tue Aug 04 2026 09:13:05 GMT-0500 (Central Daylight Time),508048.7999999523,A,t,I,t,1128,3,1132.7999999523163,506916.0,8092,WL,A,1.0
5,1.366999864578247,learn,60000.0,Tue Aug 04 2026 09:13:05 GMT-0500 (Central Daylight Time),508282.5,A,tr,I,r,218,3,1366.5,506916.0,8092,WL,A,1.0
5,1.4659998416900635,learn,60000.0,Tue Aug 04 2026 09:13:05 GMT-0500 (Central Daylight Time),508382.0,A,tra,I,a,90,3,1466.0,506916.0,8092,WL,A,1.0
5,1.5999999046325684,learn,60000.0,Tue Aug 04 2026 09:13:05 GMT-0500 (Central Daylight Time),508515.2999999523,A,trai,I,i,118,3,1599.2999999523163,506916.0,8092,WL,A,1.0
5,1.7159998416900635,learn,60000.0,Tue Aug 04 2026 09:13:05 GMT-0500 (Central Daylight Time),508632.0,A,train,I,n,105,3,1716.0,506916.0,8092,WL,A,1.0
5,1.9659998416900635,learn,60000.0,Tue Aug 04 2026 09:13:05 GMT-0500 (Central Daylight Time),508881.89999997616,A,trainenter,I,enter,236,3,1965.8999999761581,506916.0,8092,WL,A,1.0
5,2.182999849319458,learn,60000.0,Tue Aug 04 2026 09:13:05 GMT-0500 (Central Daylight Time),509098.39999997616,A,r,I,r,201,3,216.10000002384186,508882.2999999523,8092,WL,A,2.0
5,2.2990000247955322,learn,60000.0,Tue Aug 04 2026 09:13:05 GMT-0500 (Central Daylight Time),509214.89999997616,A,ra,I,a,97,3,332.60000002384186,508882.2999999523,8092,WL,A,2.0
5,2.5829999446868896,learn,60000.0,Tue Aug 04 2026 09:13:05 GMT-0500 (Central Daylight Time),509498.10000002384,A,rat,I,t,268,3,615.8000000715256,508882.2999999523,8092,WL,A,2.0
5,2.7659997940063477,learn,60000.0,Tue Aug 04 2026 09:13:05 GMT-0500 (Central Daylight Time),509681.60000002384,A,ratt,I,t,170,3,799.3000000715256,508882.2999999523,8092,WL,A,2.0
5,2.882999897003174,learn,60000.0,Tue Aug 04 2026 09:13:05 GMT-0500 (Central Daylight Time),509798.5,A,rattl,I,l,106,3,916.2000000476837,508882.2999999523,8092,WL,A,2.0
5,3.0159997940063477,learn,60000.0,Tue Aug 04 2026 09:13:05 GMT-0500 (Central Daylight Time),509931.89999997616,A,rattle,I,e,126,3,1049.6000000238419,508882.2999999523,8092,WL,A,2.0
5,3.3489999771118164,learn,60000.0,Tue Aug 04 2026 09:13:05 GMT-0500 (Central Daylight Time),510264.39999997616,A,rattleb,I,b,320,3,1382.1000000238419,508882.2999999523,8092,WL,A,2.0
5,3.4159998893737793,learn,60000.0,Tue Aug 04 2026 09:13:05 GMT-0500 (Central Daylight Time),510331.0,A,rattlebo,I,o,59,3,1448.7000000476837,508882.2999999523,8092,WL,A,2.0
5,3.5820000171661377,learn,60000.0,Tue Aug 04 2026 09:13:05 GMT-0500 (Central Daylight Time),510497.39999997616,A,rattleboo,I,o,160,3,1615.1000000238419,508882.2999999523,8092,WL,A,2.0
5,4.197999954223633,learn,60000.0,Tue Aug 04 2026 09:13:05 GMT-0500 (Central Daylight Time),511114.0,A,rattlebo,I,backspace,610,3,2231.7000000476837,508882.2999999523,8092,WL,A,2.0
5,4.365000009536743,learn,60000.0,Tue Aug 04 2026 09:13:05 GMT-0500 (Central Daylight Time),511280.7999999523,A,rattleb,I,backspace,153,3,2398.5,508882.2999999523,8092,WL,A,2.0
5,4.531999826431274,learn,60000.0,Tue Aug 04 2026 09:13:05 GMT-0500 (Central Daylight Time),511447.2999999523,A,rattle,I,backspace,154,3,2565.0,508882.2999999523,8092,WL,A,2.0
5,5.365000009536743,learn,60000.0,Tue Aug 04 2026 09:13:05 GMT-0500 (Central Daylight Time),512280.7999999523,A,rattleenter,I,enter,821,3,3398.5,508882.2999999523,8092,WL,A,2.0
5,6.259999990463257,learn,60000.0,Tue Aug 04 2026 09:13:05 GMT-0500 (Central Daylight Time),513175.10000002384,A,b,I,b,743,3,894.0,512281.10000002384,8092,WL,A,3.0
5,6.264999866485596,learn,60000.0,Tue Aug 04 2026 09:13:05 GMT-0500 (Central Daylight Time),513180.7999999523,A,bo,I,o,0,3,899.6999999284744,512281.10000002384,8092,WL,A,3.0
5,6.297999858856201,learn,60000.0,Tue Aug 04 2026 09:13:05 GMT-0500 (Central Daylight Time),513213.39999997616,A,boo,I,o,20,3,932.2999999523163,512281.10000002384,8092,WL,A,3.0
5,6.48199987411499,learn,60000.0,Tue Aug 04 2026 09:13:05 GMT-0500 (Central Daylight Time),513397.0,A,book,I,k,175,3,1115.8999999761581,512281.10000002384,8092,WL,A,3.0
5,6.914999961853027,learn,60000.0,Tue Aug 04 2026 09:13:05 GMT-0500 (Central Daylight Time),513830.10000002384,A,bookenter,I,enter,414,3,1549.0,512281.10000002384,8092,WL,A,3.0
5,8.930999994277954,learn,60000.0,Tue Aug 04 2026 09:13:05 GMT-0500 (Central Daylight Time),515846.2000000477,A,g,I,g,1998,3,2015.8000000715256,513830.39999997616,8092,WL,A,4.0
5,9.013999938964844,learn,60000.0,Tue Aug 04 2026 09:13:05 GMT-0500 (Central Daylight Time),515929.5,A,go,I,o,62,3,2099.100000023842,513830.39999997616,8092,WL,A,4.0
5,9.23199987411499,learn,60000.0,Tue Aug 04 2026 09:13:05 GMT-0500 (Central Daylight Time),516147.2000000477,A,gol,I,l,211,3,2316.8000000715256,513830.39999997616,8092,WL,A,4.0
5,9.396999835968018,learn,60000.0,Tue Aug 04 2026 09:13:05 GMT-0500 (Central Daylight Time),516312.7999999523,A,gold,I,d,160,3,2482.399999976158,513830.39999997616,8092,WL,A,4.0
5,10.014999866485596,learn,60000.0,Tue Aug 04 2026 09:13:05 GMT-0500 (Central Daylight Time),516930.2000000477,A,goldenter,I,enter,610,3,3099.8000000715256,513830.39999997616,8092,WL,A,4.0
5,10.662999868392944,learn,60000.0,Tue Aug 04 2026 09:13:05 GMT-0500 (Central Daylight Time),517578.89999997616,A,h,I,h,634,3,648.2999999523163,516930.60000002384,8092,WL,A,5.0
5,10.69700002670288,learn,60000.0,Tue Aug 04 2026 09:13:05 GMT-0500 (Central Daylight Time),517612.60000002384,A,ha,I,a,18,3,682.0,516930.60000002384,8092,WL,A,5.0
5,10.879999876022339,learn,60000.0,Tue Aug 04 2026 09:13:05 GMT-0500 (Central Daylight Time),517795.5,A,har,I,r,176,3,864.8999999761581,516930.60000002384,8092,WL,A,5.0
5,11.247999906539917,learn,60000.0,Tue Aug 04 2026 09:13:05 GMT-0500 (Central Daylight Time),518163.0,A,harp,I,p,361,3,1232.3999999761581,516930.60000002384,8092,WL,A,5.0
5,11.54699993133545,learn,60000.0,Tue Aug 04 2026 09:13:05 GMT-0500 (Central Daylight Time),518462.10000002384,A,harpenter,I,enter,288,3,1531.5,516930.60000002384,8092,WL,A,5.0
5,11.863999843597412,learn,60000.0,Tue Aug 04 2026 09:13:05 GMT-0500 (Central Daylight Time),518779.7000000477,A,k,I,k,311,3,317.3000000715256,518462.39999997616,8092,WL,A,6.0
5,12.013999938964844,learn,60000.0,Tue Aug 04 2026 09:13:05 GMT-0500 (Central Daylight Time),518929.60000002384,A,ke,I,e,137,3,467.2000000476837,518462.39999997616,8092,WL,A,6.0
5,12.19599986076355,learn,60000.0,Tue Aug 04 2026 09:13:05 GMT-0500 (Central Daylight Time),519111.89999997616,A,key,I,y,170,3,649.5,518462.39999997616,8092,WL,A,6.0
5,12.462999820709229,learn,60000.0,Tue Aug 04 2026 09:13:05 GMT-0500 (Central Daylight Time),519378.2999999523,A,keyenter,I,enter,259,3,915.8999999761581,518462.39999997616,8092,WL,A,6.0
5,13.078999996185303,learn,60000.0,Tue Aug 04 2026 09:13:05 GMT-0500 (Central Daylight Time),519994.89999997616,A,l,I,l,602,3,616.2999999523163,519378.60000002384,8092,WL,A,7.0
5,13.245999813079834,learn,60000.0,Tue Aug 04 2026 09:13:05 GMT-0500 (Central Daylight Time),520161.39999997616,A,lo,I,o,161,3,782.7999999523163,519378.60000002384,8092,WL,A,7.0
5,13.428999900817871,learn,60000.0,Tue Aug 04 2026 09:13:05 GMT-0500 (Central Daylight Time),520344.60000002384,A,log,I,g,171,3,966.0,519378.60000002384,8092,WL,A,7.0
5,13.746999979019165,learn,60000.0,Tue Aug 04 2026 09:13:05 GMT-0500 (Central Daylight Time),520662.7000000477,A,logenter,I,enter,308,3,1284.1000000238419,519378.60000002384,8092,WL,A,7.0
5,15.111999988555908,learn,60000.0,Tue Aug 04 2026 09:13:05 GMT-0500 (Central Daylight Time),522027.5,A,c,I,c,1356,3,1364.3999999761581,520663.10000002384,8092,WL,A,8.0
5,15.244999885559082,learn,60000.0,Tue Aug 04 2026 09:13:05 GMT-0500 (Central Daylight Time),522160.7999999523,A,ch,I,h,112,3,1497.6999999284744,520663.10000002384,8092,WL,A,8.0
5,15.461999893188477,learn,60000.0,Tue Aug 04 2026 09:13:05 GMT-0500 (Central Daylight Time),522377.2000000477,A,che,I,e,212,3,1714.1000000238419,520663.10000002384,8092,WL,A,8.0
5,15.644999980926514,learn,60000.0,Tue Aug 04 2026 09:13:05 GMT-0500 (Central Daylight Time),522560.7999999523,A,chem,I,m,171,3,1897.6999999284744,520663.10000002384,8092,WL,A,8.0
5,16.194999933242798,learn,60000.0,Tue Aug 04 2026 09:13:05 GMT-0500 (Central Daylight Time),523110.39999997616,A,che,I,backspace,531,3,2447.2999999523163,520663.10000002384,8092,WL,A,8.0
5,16.34500002861023,learn,60000.0,Tue Aug 04 2026 09:13:05 GMT-0500 (Central Daylight Time),523260.60000002384,A,ch,I,backspace,142,3,2597.5,520663.10000002384,8092,WL,A,8.0
5,16.644999980926514,learn,60000.0,Tue Aug 04 2026 09:13:05 GMT-0500 (Central Daylight Time),523560.7000000477,A,chi,I,i,287,3,2897.600000023842,520663.10000002384,8092,WL,A,8.0
5,16.911999940872192,learn,60000.0,Tue Aug 04 2026 09:13:05 GMT-0500 (Central Daylight Time),523827.10000002384,A,chim,I,m,260,3,3164.0,520663.10000002384,8092,WL,A,8.0
5,17.110999822616577,learn,60000.0,Tue Aug 04 2026 09:13:05 GMT-0500 (Central Daylight Time),524026.89999997616,A,chime,I,e,184,3,3363.7999999523163,520663.10000002384,8092,WL,A,8.0
5,18.227999925613403,learn,60000.0,Tue Aug 04 2026 09:13:05 GMT-0500 (Central Daylight Time),525143.2999999523,A,chim,I,backspace,1097,3,4480.199999928474,520663.10000002384,8092,WL,A,8.0
5,18.694000005722046,learn,60000.0,Tue Aug 04 2026 09:13:05 GMT-0500 (Central Daylight Time),525609.6000000238,A,chimn,I,n,453,3,4946.5,520663.10000002384,8092,WL,A,8.0
5,19.293999910354614,learn,60000.0,Tue Aug 04 2026 09:13:05 GMT-0500 (Central Daylight Time),526209.6000000238,A,chimne,I,e,587,3,5546.5,520663.10000002384,8092,WL,A,8.0
5,19.459999799728394,learn,60000.0,Tue Aug 04 2026 09:13:05 GMT-0500 (Central Daylight Time),526376.2000000477,A,chimney,I,y,146,3,5713.100000023842,520663.10000002384,8092,WL,A,8.0
5,19.47699999809265,learn,60000.0,Tue Aug 04 2026 09:13:05 GMT-0500 (Central Daylight Time),526392.8999999762,A,chimneyu,I,u,0,3,5729.799999952316,520663.10000002384,8092,WL,A,8.0
5,20.526000022888184,learn,60000.0,Tue Aug 04 2026 09:13:05 GMT-0500 (Central Daylight Time),527442.1000000238,A,chimney,I,backspace,1044,3,6779.0,520663.10000002384,8092,WL,A,8.0
5,21.425999879837036,learn,60000.0,Tue Aug 04 2026 09:13:05 GMT-0500 (Central Daylight Time),528342.3999999762,A,chimneyenter,I,enter,890,3,7679.299999952316,520663.10000002384,8092,WL,A,8.0
5,24.508999824523926,learn,60000.0,Tue Aug 04 2026 09:13:05 GMT-0500 (Central Daylight Time),531424.7999999523,A,m,I,m,3062,3,3081.899999976158,528342.8999999762,8092,WL,A,9.0
5,24.608999967575073,learn,60000.0,Tue Aug 04 2026 09:13:05 GMT-0500 (Central Daylight Time),531524.7000000477,A,me,I,e,83,3,3181.8000000715256,528342.8999999762,8092,WL,A,9.0
5,24.70899987220764,learn,60000.0,Tue Aug 04 2026 09:13:05 GMT-0500 (Central Daylight Time),531624.7999999523,A,mea,I,a,88,3,3281.899999976158,528342.8999999762,8092,WL,A,9.0
5,25.008999824523926,learn,60000.0,Tue Aug 04 2026 09:13:05 GMT-0500 (Central Daylight Time),531924.5,A,mead,I,d,284,3,3581.600000023842,528342.8999999762,8092,WL,A,9.0
5,25.125999927520752,learn,60000.0,Tue Aug 04 2026 09:13:05 GMT-0500 (Central Daylight Time),532042.2000000477,A,meado,I,o,96,3,3699.3000000715256,528342.8999999762,8092,WL,A,9.0
5,25.22499990463257,learn,60000.0,Tue Aug 04 2026 09:13:05 GMT-0500 (Central Daylight Time),532141.2000000477,A,meadow,I,w,90,3,3798.3000000715256,528342.8999999762,8092,WL,A,9.0
5,25.55999994277954,learn,60000.0,Tue Aug 04 2026 09:13:05 GMT-0500 (Central Daylight Time),532475.5,A,meadowenter,I,enter,327,3,4132.600000023842,528342.8999999762,8092,WL,A,9.0
5,25.774999856948853,learn,60000.0,Tue Aug 04 2026 09:13:05 GMT-0500 (Central Daylight Time),532691.0,A,f,I,f,209,3,215.20000004768372,532475.7999999523,8092,WL,A,10.0
5,25.907999992370605,learn,60000.0,Tue Aug 04 2026 09:13:05 GMT-0500 (Central Daylight Time),532824.1000000238,A,fi,I,i,122,3,348.3000000715256,532475.7999999523,8092,WL,A,10.0
5,26.090999841690063,learn,60000.0,Tue Aug 04 2026 09:13:05 GMT-0500 (Central Daylight Time),533007.5,A,fin,I,n,163,3,531.7000000476837,532475.7999999523,8092,WL,A,10.0
5,26.174999952316284,learn,60000.0,Tue Aug 04 2026 09:13:05 GMT-0500 (Central Daylight Time),533090.8999999762,A,fing,I,g,77,3,615.1000000238419,532475.7999999523,8092,WL,A,10.0
5,26.39199995994568,learn,60000.0,Tue Aug 04 2026 09:13:05 GMT-0500 (Central Daylight Time),533307.5,A,finge,I,e,202,3,831.7000000476837,532475.7999999523,8092,WL,A,10.0
5,26.491999864578247,learn,60000.0,Tue Aug 04 2026 09:13:05 GMT-0500 (Central Daylight Time),533407.7000000477,A,finger,I,r,89,3,931.9000000953674,532475.7999999523,8092,WL,A,10.0
5,26.625,learn,60000.0,Tue Aug 04 2026 09:13:05 GMT-0500 (Central Daylight Time),533540.7999999523,A,fingerenter,I,enter,125,3,1065.0,532475.7999999523,8092,WL,A,10.0
5,27.107999801635742,learn,60000.0,Tue Aug 04 2026 09:13:05 GMT-0500 (Central Daylight Time),534023.8999999762,A,s,I,s,472,3,482.7999999523163,533541.1000000238,8092,WL,A,11.0
5,27.22499990463257,learn,60000.0,Tue Aug 04 2026 09:13:05 GMT-0500 (Central Daylight Time),534140.7000000477,A,sa,I,a,108,3,599.6000000238419,533541.1000000238,8092,WL,A,11.0
5,27.45799994468689,learn,60000.0,Tue Aug 04 2026 09:13:05 GMT-0500 (Central Daylight Time),534374.0,A,sal,I,l,216,3,832.8999999761581,533541.1000000238,8092,WL,A,11.0
5,27.757999897003174,learn,60000.0,Tue Aug 04 2026 09:13:05 GMT-0500 (Central Daylight Time),534673.6000000238,A,salt,I,t,287,3,1132.5,533541.1000000238,8092,WL,A,11.0
5,27.973999977111816,learn,60000.0,Tue Aug 04 2026 09:13:05 GMT-0500 (Central Daylight Time),534890.2999999523,A,saltenter,I,enter,210,3,1349.1999999284744,533541.1000000238,8092,WL,A,11.0
5,32.25599980354309,learn,60000.0,Tue Aug 04 2026 09:13:05 GMT-0500 (Central Daylight Time),539172.2999999523,A,a,I,a,4266,3,4281.799999952316,534890.5,8092,WL,A,12.0
5,32.35599994659424,learn,60000.0,Tue Aug 04 2026 09:13:05 GMT-0500 (Central Daylight Time),539272.3999999762,A,ap,I,p,88,3,4381.899999976158,534890.5,8092,WL,A,12.0
5,32.538999795913696,learn,60000.0,Tue Aug 04 2026 09:13:05 GMT-0500 (Central Daylight Time),539455.5,A,app,I,p,163,3,4565.0,534890.5,8092,WL,A,12.0
5,32.73899984359741,learn,60000.0,Tue Aug 04 2026 09:13:05 GMT-0500 (Central Daylight Time),539655.2999999523,A,appl,I,l,189,3,4764.799999952316,534890.5,8092,WL,A,12.0
5,32.85599994659424,learn,60000.0,Tue Aug 04 2026 09:13:05 GMT-0500 (Central Daylight Time),539771.8999999762,A,apple,I,e,101,3,4881.399999976158,534890.5,8092,WL,A,12.0
5,33.038999795913696,learn,60000.0,Tue Aug 04 2026 09:13:05 GMT-0500 (Central Daylight Time),539955.2999999523,A,appleenter,I,enter,176,3,5064.799999952316,534890.5,8092,WL,A,12.0
5,37.50499987602234,learn,60000.0,Tue Aug 04 2026 09:13:05 GMT-0500 (Central Daylight Time),544420.7000000477,A,l,I,l,4457,3,4465.100000023842,539955.6000000238,8092,WL,A,13.0
5,37.72199988365173,learn,60000.0,Tue Aug 04 2026 09:13:05 GMT-0500 (Central Daylight Time),544638.2999999523,A,lo,I,o,200,3,4682.699999928474,539955.6000000238,8092,WL,A,13.0
5,37.82099986076355,learn,60000.0,Tue Aug 04 2026 09:13:05 GMT-0500 (Central Daylight Time),544737.3999999762,A,lob,I,b,85,3,4781.799999952316,539955.6000000238,8092,WL,A,13.0
5,38.33699989318848,learn,60000.0,Tue Aug 04 2026 09:13:05 GMT-0500 (Central Daylight Time),545253.5,A,lo,I,backspace,505,3,5297.899999976158,539955.6000000238,8092,WL,A,13.0
5,38.4210000038147,learn,60000.0,Tue Aug 04 2026 09:13:05 GMT-0500 (Central Daylight Time),545336.8999999762,A,log,I,g,79,3,5381.299999952316,539955.6000000238,8092,WL,A,13.0
5,38.6710000038147,learn,60000.0,Tue Aug 04 2026 09:13:05 GMT-0500 (Central Daylight Time),545586.7999999523,A,logenter,I,enter,244,3,5631.199999928474,539955.6000000238,8092,WL,A,13.0
5,39.603999853134155,learn,60000.0,Tue Aug 04 2026 09:13:05 GMT-0500 (Central Daylight Time),546519.8999999762,A,enter,I,enter,913,3,932.6999999284744,545587.2000000477,8092,WL,A,14.0
5,39.75399994850159,learn,60000.0,Tue Aug 04 2026 09:13:05 GMT-0500 (Central Daylight Time),546669.8999999762,A,enter,I,enter,131,3,149.69999992847443,546520.2000000477,8092,WL,A,15.0
6,0.7829999923706055,distr,59217.000007629395,Tue Aug 04 2026 09:13:05 GMT-0500 (Central Daylight Time),612066.1000000238,B,c,I,c,770,3,783.0,611283.1000000238,8092,WL,A,1.0
6,0.8830001354217529,distr,59116.99986457825,Tue Aug 04 2026 09:13:05 GMT-0500 (Central Daylight Time),612166.2999999523,B,co,I,o,90,3,883.1999999284744,611283.1000000238,8092,WL,A,1.0
6,0.9839999675750732,distr,59016.00003242493,Tue Aug 04 2026 09:13:05 GMT-0500 (Central Daylight Time),612267.1000000238,B,cou,I,u,86,3,984.0,611283.1000000238,8092,WL,A,1.0
6,1.2170000076293945,distr,58782.999992370605,Tue Aug 04 2026 09:13:05 GMT-0500 (Central Daylight Time),612500.5,B,coun,I,n,224,3,1217.3999999761581,611283.1000000238,8092,WL,A,1.0
6,1.2660000324249268,distr,58733.99996757507,Tue Aug 04 2026 09:13:05 GMT-0500 (Central Daylight Time),612549.7000000477,B,count,I,t,40,3,1266.6000000238419,611283.1000000238,8092,WL,A,1.0
6,1.4820001125335693,distr,58517.99988746643,Tue Aug 04 2026 09:13:05 GMT-0500 (Central Daylight Time),612765.8999999762,B,county,I,y,198,3,1482.7999999523163,611283.1000000238,8092,WL,A,1.0
6,1.815999984741211,distr,58184.00001525879,Tue Aug 04 2026 09:13:05 GMT-0500 (Central Daylight Time),613099.1000000238,B,countyenter,I,enter,326,3,1816.0,611283.1000000238,8092,WL,A,1.0
6,3.315999984741211,distr,56684.00001525879,Tue Aug 04 2026 09:13:05 GMT-0500 (Central Daylight Time),614599.6000000238,B,p,I,p,1481,3,1500.2000000476837,613099.3999999762,8092,WL,A,2.0
6,3.4650001525878906,distr,56534.99984741211,Tue Aug 04 2026 09:13:05 GMT-0500 (Central Daylight Time),614748.5,B,pe,I,e,131,3,1649.1000000238419,613099.3999999762,8092,WL,A,2.0
6,3.631999969482422,distr,56368.00003051758,Tue Aug 04 2026 09:13:05 GMT-0500 (Central Daylight Time),614915.1000000238,B,pea,I,a,152,3,1815.7000000476837,613099.3999999762,8092,WL,A,2.0
6,3.998000144958496,distr,56001.999855041504,Tue Aug 04 2026 09:13:05 GMT-0500 (Central Daylight Time),615282.0,B,peac,I,c,353,3,2182.600000023842,613099.3999999762,8092,WL,A,2.0
6,4.0980000495910645,distr,55901.999950408936,Tue Aug 04 2026 09:13:05 GMT-0500 (Central Daylight Time),615381.6000000238,B,peach,I,h,90,3,2282.2000000476837,613099.3999999762,8092,WL,A,2.0
6,4.465000152587891,distr,55534.99984741211,Tue Aug 04 2026 09:13:05 GMT-0500 (Central Daylight Time),615748.2999999523,B,peachenter,I,enter,350,3,2648.899999976158,613099.3999999762,8092,WL,A,2.0
6,6.364000082015991,distr,53635.99991798401,Tue Aug 04 2026 09:13:05 GMT-0500 (Central Daylight Time),617647.7000000477,B,b,I,b,1879,3,1898.9000000953674,615748.7999999523,8092,WL,A,3.0
6,6.449000120162964,distr,53550.999879837036,Tue Aug 04 2026 09:13:05 GMT-0500 (Central Daylight Time),617732.1000000238,B,bo,I,o,68,3,1983.3000000715256,615748.7999999523,8092,WL,A,3.0
6,6.614000082015991,distr,53385.99991798401,Tue Aug 04 2026 09:13:05 GMT-0500 (Central Daylight Time),617897.7000000477,B,bow,I,w,151,3,2148.9000000953674,615748.7999999523,8092,WL,A,3.0
6,6.897000074386597,distr,53102.9999256134,Tue Aug 04 2026 09:13:05 GMT-0500 (Central Daylight Time),618180.7999999523,B,bowl,I,l,275,3,2432.0,615748.7999999523,8092,WL,A,3.0
6,7.147000074386597,distr,52852.9999256134,Tue Aug 04 2026 09:13:05 GMT-0500 (Central Daylight Time),618430.8999999762,B,bowlenter,I,enter,232,3,2682.100000023842,615748.7999999523,8092,WL,A,3.0
6,12.746000051498413,distr,47253.99994850159,Tue Aug 04 2026 09:13:05 GMT-0500 (Central Daylight Time),624029.0,B,i,I,i,5580,3,5597.700000047684,618431.2999999523,8092,WL,A,4.0
6,12.896000146865845,distr,47103.999853134155,Tue Aug 04 2026 09:13:05 GMT-0500 (Central Daylight Time),624179.0,B,in,I,n,142,3,5747.700000047684,618431.2999999523,8092,WL,A,4.0
6,13.045000076293945,distr,46954.999923706055,Tue Aug 04 2026 09:13:05 GMT-0500 (Central Daylight Time),624328.7999999523,B,inc,I,c,137,3,5897.5,618431.2999999523,8092,WL,A,4.0
6,13.661999940872192,distr,46338.00005912781,Tue Aug 04 2026 09:13:05 GMT-0500 (Central Daylight Time),624945.2999999523,B,in,I,backspace,603,3,6514.0,618431.2999999523,8092,WL,A,4.0
6,13.76200008392334,distr,46237.99991607666,Tue Aug 04 2026 09:13:05 GMT-0500 (Central Daylight Time),625045.3999999762,B,ins,I,s,91,3,6614.100000023842,618431.2999999523,8092,WL,A,4.0
6,13.944999933242798,distr,46055.0000667572,Tue Aug 04 2026 09:13:05 GMT-0500 (Central Daylight Time),625228.3999999762,B,inse,I,e,168,3,6797.100000023842,618431.2999999523,8092,WL,A,4.0
6,14.261000156402588,distr,45738.99984359741,Tue Aug 04 2026 09:13:05 GMT-0500 (Central Daylight Time),625544.8999999762,B,insec,I,c,296,3,7113.600000023842,618431.2999999523,8092,WL,A,4.0
6,14.496000051498413,distr,45503.99994850159,Tue Aug 04 2026 09:13:05 GMT-0500 (Central Daylight Time),625779.2000000477,B,insect,I,t,227,3,7347.900000095367,618431.2999999523,8092,WL,A,4.0
6,14.712000131607056,distr,45287.999868392944,Tue Aug 04 2026 09:13:05 GMT-0500 (Central Daylight Time),625995.0,B,insectenter,I,enter,209,3,7563.700000047684,618431.2999999523,8092,WL,A,4.0
6,19.706000089645386,distr,40293.999910354614,Tue Aug 04 2026 09:13:05 GMT-0500 (Central Daylight Time),630989.8999999762,B,enter,I,enter,4991,3,4994.600000023842,625995.2999999523,8092,WL,A,5.0
6,19.875999927520752,distr,40124.00007247925,Tue Aug 04 2026 09:13:05 GMT-0500 (Central Daylight Time),631159.7000000477,B,enter,I,enter,148,3,169.60000002384186,630990.1000000238,8092,WL,A,6.0
6,20.042999982833862,distr,39957.00001716614,Tue Aug 04 2026 09:13:05 GMT-0500 (Central Daylight Time),631326.7000000477,B,enter,I,enter,148,3,166.70000004768372,631160.0,8092,WL,A,7.0
6,20.377000093460083,distr,39622.99990653992,Tue Aug 04 2026 09:13:05 GMT-0500 (Central Daylight Time),631660.3999999762,B,enter,I,enter,318,3,333.39999997615814,631327.0,8092,WL,A,8.0
6,20.542999982833862,distr,39457.00001716614,Tue Aug 04 2026 09:13:05 GMT-0500 (Central Daylight Time),631826.3999999762,B,enter,I,enter,151,3,165.69999992847443,631660.7000000477,8092,WL,A,9.0
6,20.91000008583069,distr,39089.99991416931,Tue Aug 04 2026 09:13:05 GMT-0500 (Central Daylight Time),632193.0,B,enter,I,enter,362,3,366.2000000476837,631826.7999999523,8092,WL,A,10.0
6,21.276000022888184,distr,38723.99997711182,Tue Aug 04 2026 09:13:05 GMT-0500 (Central Daylight Time),632559.6000000238,B,enter,I,enter,355,3,366.39999997615814,632193.2000000477,8092,WL,A,11.0
6,21.592999935150146,distr,38407.00006484985,Tue Aug 04 2026 09:13:05 GMT-0500 (Central Daylight Time),632876.2000000477,B,enter,I,enter,309,3,316.2000000476837,632560.0,8092,WL,A,12.0
6,21.993000030517578,distr,38006.99996948242,Tue Aug 04 2026 09:13:05 GMT-0500 (Central Daylight Time),633276.1000000238,B,enter,I,enter,392,3,399.60000002384186,632876.5,8092,WL,A,13.0
6,22.426000118255615,distr,37573.999881744385,Tue Aug 04 2026 09:13:05 GMT-0500 (Central Daylight Time),633709.2000000477,B,enter,I,enter,416,3,432.7000000476837,633276.5,8092,WL,A,14.0
6,24.225000143051147,distr,35774.99985694885,Tue Aug 04 2026 09:13:05 GMT-0500 (Central Daylight Time),635508.8999999762,B,enter,I,enter,1783,3,1799.2999999523163,633709.6000000238,8092,WL,A,15.0
7,2.5820000171661377,immed,57417.99998283386,Tue Aug 04 2026 09:13:05 GMT-0500 (Central Daylight Time),644372.7000000477,A,b,I,b,2566,3,2582.5,641790.2000000477,8092,WL,A,1.0
7,2.6670000553131104,immed,57332.99994468689,Tue Aug 04 2026 09:13:05 GMT-0500 (Central Daylight Time),644457.0,A,bo,I,o,62,3,2666.7999999523163,641790.2000000477,8092,WL,A,1.0
7,2.815000057220459,immed,57184.99994277954,Tue Aug 04 2026 09:13:05 GMT-0500 (Central Daylight Time),644605.7000000477,A,boo,I,o,139,3,2815.5,641790.2000000477,8092,WL,A,1.0
7,3.0160000324249268,immed,56983.99996757507,Tue Aug 04 2026 09:13:05 GMT-0500 (Central Daylight Time),644806.0,A,book,I,k,182,3,3015.7999999523163,641790.2000000477,8092,WL,A,1.0
7,3.2990000247955322,immed,56700.99997520447,Tue Aug 04 2026 09:13:05 GMT-0500 (Central Daylight Time),645089.0,A,bookenter,I,enter,262,3,3298.7999999523163,641790.2000000477,8092,WL,A,1.0
7,4.098999977111816,immed,55901.00002288818,Tue Aug 04 2026 09:13:05 GMT-0500 (Central Daylight Time),645889.6000000238,A,m,I,m,780,3,800.2000000476837,645089.3999999762,8092,WL,A,2.0
7,4.198000192642212,immed,55801.99980735779,Tue Aug 04 2026 09:13:05 GMT-0500 (Central Daylight Time),645988.8999999762,A,me,I,e,91,3,899.5,645089.3999999762,8092,WL,A,2.0
7,4.29800009727478,immed,55701.99990272522,Tue Aug 04 2026 09:13:05 GMT-0500 (Central Daylight Time),646088.6000000238,A,mea,I,a,87,3,999.2000000476837,645089.3999999762,8092,WL,A,2.0
7,4.831000089645386,immed,55168.999910354614,Tue Aug 04 2026 09:13:05 GMT-0500 (Central Daylight Time),646621.8999999762,A,mead,I,d,523,3,1532.5,645089.3999999762,8092,WL,A,2.0
7,4.981000185012817,immed,55018.99981498718,Tue Aug 04 2026 09:13:05 GMT-0500 (Central Daylight Time),646771.7000000477,A,meado,I,o,143,3,1682.3000000715256,645089.3999999762,8092,WL,A,2.0
7,5.231000185012817,immed,54768.99981498718,Tue Aug 04 2026 09:13:05 GMT-0500 (Central Daylight Time),647021.8999999762,A,meadow,I,w,241,3,1932.5,645089.3999999762,8092,WL,A,2.0
7,5.496999979019165,immed,54503.000020980835,Tue Aug 04 2026 09:13:05 GMT-0500 (Central Daylight Time),647288.3999999762,A,meadowenter,I,enter,245,3,2199.0,645089.3999999762,8092,WL,A,2.0
7,7.230000019073486,immed,52769.999980926514,Tue Aug 04 2026 09:13:05 GMT-0500 (Central Daylight Time),649021.2000000477,A,r,I,r,1716,3,1732.5,647288.7000000477,8092,WL,A,3.0
7,7.330000162124634,immed,52669.999837875366,Tue Aug 04 2026 09:13:05 GMT-0500 (Central Daylight Time),649121.2000000477,A,ra,I,a,87,3,1832.5,647288.7000000477,8092,WL,A,3.0
7,7.5299999713897705,immed,52470.00002861023,Tue Aug 04 2026 09:13:05 GMT-0500 (Central Daylight Time),649321.2000000477,A,rat,I,t,187,3,2032.5,647288.7000000477,8092,WL,A,3.0
7,7.680000066757202,immed,52319.9999332428,Tue Aug 04 2026 09:13:05 GMT-0500 (Central Daylight Time),649471.1000000238,A,ratl,I,l,130,3,2182.399999976158,647288.7000000477,8092,WL,A,3.0
7,7.797000169754028,immed,52202.99983024597,Tue Aug 04 2026 09:13:05 GMT-0500 (Central Daylight Time),649587.7999999523,A,ratll,I,l,100,3,2299.0999999046326,647288.7000000477,8092,WL,A,3.0
7,8.080000162124634,immed,51919.999837875366,Tue Aug 04 2026 09:13:05 GMT-0500 (Central Daylight Time),649870.8999999762,A,ratlle,I,e,273,3,2582.1999999284744,647288.7000000477,8092,WL,A,3.0
7,8.230000019073486,immed,51769.999980926514,Tue Aug 04 2026 09:13:05 GMT-0500 (Central Daylight Time),650020.8999999762,A,ratlleenter,I,enter,140,3,2732.1999999284744,647288.7000000477,8092,WL,A,3.0
7,9.580000162124634,immed,50419.999837875366,Tue Aug 04 2026 09:13:05 GMT-0500 (Central Daylight Time),651370.6000000238,A,g,I,g,1336,3,1349.3999999761581,650021.2000000477,8092,WL,A,4.0
7,9.828999996185303,immed,50171.0000038147,Tue Aug 04 2026 09:13:05 GMT-0500 (Central Daylight Time),651620.2999999523,A,go,I,o,233,3,1599.0999999046326,650021.2000000477,8092,WL,A,4.0
7,10.029000043869019,immed,49970.99995613098,Tue Aug 04 2026 09:13:05 GMT-0500 (Central Daylight Time),651820.1000000238,A,gol,I,l,192,3,1798.8999999761581,650021.2000000477,8092,WL,A,4.0
7,10.279000043869019,immed,49720.99995613098,Tue Aug 04 2026 09:13:05 GMT-0500 (Central Daylight Time),652070.2000000477,A,gold,I,d,240,3,2049.0,650021.2000000477,8092,WL,A,4.0
7,10.396000146865845,immed,49603.999853134155,Tue Aug 04 2026 09:13:05 GMT-0500 (Central Daylight Time),652186.7999999523,A,goldenter,I,enter,110,3,2165.5999999046326,650021.2000000477,8092,WL,A,4.0
7,11.379000186920166,immed,48620.999813079834,Tue Aug 04 2026 09:13:05 GMT-0500 (Central Daylight Time),653169.7000000477,A,f,I,f,978,3,982.6000000238419,652187.1000000238,8092,WL,A,5.0
7,11.479000091552734,immed,48520.999908447266,Tue Aug 04 2026 09:13:05 GMT-0500 (Central Daylight Time),653269.7999999523,A,fi,I,i,91,3,1082.6999999284744,652187.1000000238,8092,WL,A,5.0
7,11.59500002861023,immed,48404.99997138977,Tue Aug 04 2026 09:13:05 GMT-0500 (Central Daylight Time),653386.3999999762,A,fin,I,n,111,3,1199.2999999523163,652187.1000000238,8092,WL,A,5.0
7,11.778000116348267,immed,48221.99988365173,Tue Aug 04 2026 09:13:05 GMT-0500 (Central Daylight Time),653569.5,A,fing,I,g,178,3,1382.3999999761581,652187.1000000238,8092,WL,A,5.0
7,11.978000164031982,immed,48021.99983596802,Tue Aug 04 2026 09:13:05 GMT-0500 (Central Daylight Time),653769.3999999762,A,finge,I,e,195,3,1582.2999999523163,652187.1000000238,8092,WL,A,5.0
7,12.078999996185303,immed,47921.0000038147,Tue Aug 04 2026 09:13:05 GMT-0500 (Central Daylight Time),653869.5,A,finger,I,r,90,3,1682.3999999761581,652187.1000000238,8092,WL,A,5.0
7,12.146000146865845,immed,47853.999853134155,Tue Aug 04 2026 09:13:05 GMT-0500 (Central Daylight Time),653936.6000000238,A,fingerenter,I,enter,46,3,1749.5,652187.1000000238,8092,WL,A,5.0
7,13.67799997329712,immed,46322.00002670288,Tue Aug 04 2026 09:13:05 GMT-0500 (Central Daylight Time),655469.2000000477,A,s,I,s,1524,3,1532.2000000476837,653937.0,8092,WL,A,6.0
7,13.761000156402588,immed,46238.99984359741,Tue Aug 04 2026 09:13:05 GMT-0500 (Central Daylight Time),655552.2999999523,A,sa,I,a,70,3,1615.2999999523163,653937.0,8092,WL,A,6.0
7,13.978000164031982,immed,46021.99983596802,Tue Aug 04 2026 09:13:05 GMT-0500 (Central Daylight Time),655769.1000000238,A,sal,I,l,204,3,1832.1000000238419,653937.0,8092,WL,A,6.0
7,14.261000156402588,immed,45738.99984359741,Tue Aug 04 2026 09:13:05 GMT-0500 (Central Daylight Time),656052.2000000477,A,salt,I,t,267,3,2115.2000000476837,653937.0,8092,WL,A,6.0
7,14.412000179290771,immed,45587.99982070923,Tue Aug 04 2026 09:13:05 GMT-0500 (Central Daylight Time),656203.2999999523,A,saltenter,I,enter,144,3,2266.2999999523163,653937.0,8092,WL,A,6.0
7,18.792999982833862,immed,41207.00001716614,Tue Aug 04 2026 09:13:05 GMT-0500 (Central Daylight Time),660584.2999999523,A,c,I,c,4360,3,4380.599999904633,656203.7000000477,8092,WL,A,7.0
7,18.877000093460083,immed,41122.99990653992,Tue Aug 04 2026 09:13:05 GMT-0500 (Central Daylight Time),660667.6000000238,A,ch,I,h,68,3,4463.899999976158,656203.7000000477,8092,WL,A,7.0
7,19.39300012588501,immed,40606.99987411499,Tue Aug 04 2026 09:13:05 GMT-0500 (Central Daylight Time),661184.2999999523,A,che,I,e,497,3,4980.599999904633,656203.7000000477,8092,WL,A,7.0
7,19.542999982833862,immed,40457.00001716614,Tue Aug 04 2026 09:13:05 GMT-0500 (Central Daylight Time),661334.1000000238,A,chem,I,m,140,3,5130.399999976158,656203.7000000477,8092,WL,A,7.0
7,20.094000101089478,immed,39905.99989891052,Tue Aug 04 2026 09:13:05 GMT-0500 (Central Daylight Time),661885.1000000238,A,che,I,backspace,543,3,5681.399999976158,656203.7000000477,8092,WL,A,7.0
7,20.24399995803833,immed,39756.00004196167,Tue Aug 04 2026 09:13:05 GMT-0500 (Central Daylight Time),662034.8999999762,A,ch,I,backspace,142,3,5831.199999928474,656203.7000000477,8092,WL,A,7.0
7,20.526000022888184,immed,39473.99997711182,Tue Aug 04 2026 09:13:05 GMT-0500 (Central Daylight Time),662317.2000000477,A,chi,I,i,265,3,6113.5,656203.7000000477,8092,WL,A,7.0
7,20.792999982833862,immed,39207.00001716614,Tue Aug 04 2026 09:13:05 GMT-0500 (Central Daylight Time),662583.7000000477,A,chim,I,m,246,3,6380.0,656203.7000000477,8092,WL,A,7.0
7,21.193000078201294,immed,38806.999921798706,Tue Aug 04 2026 09:13:05 GMT-0500 (Central Daylight Time),662983.3999999762,A,chime,I,e,380,3,6779.699999928474,656203.7000000477,8092,WL,A,7.0
7,21.8270001411438,immed,38172.9998588562,Tue Aug 04 2026 09:13:05 GMT-0500 (Central Daylight Time),663617.6000000238,A,chim,I,backspace,613,3,7413.899999976158,656203.7000000477,8092,WL,A,7.0
7,22.075999975204468,immed,37924.00002479553,Tue Aug 04 2026 09:13:05 GMT-0500 (Central Daylight Time),663866.5,A,chimn,I,n,242,3,7662.799999952316,656203.7000000477,8092,WL,A,7.0
7,22.45800018310547,immed,37541.99981689453,Tue Aug 04 2026 09:13:05 GMT-0500 (Central Daylight Time),664249.2999999523,A,chimne,I,e,377,3,8045.599999904633,656203.7000000477,8092,WL,A,7.0
7,22.592000007629395,immed,37407.999992370605,Tue Aug 04 2026 09:13:05 GMT-0500 (Central Daylight Time),664382.6000000238,A,chimney,I,y,122,3,8178.899999976158,656203.7000000477,8092,WL,A,7.0
7,23.108999967575073,immed,36891.00003242493,Tue Aug 04 2026 09:13:05 GMT-0500 (Central Daylight Time),664899.6000000238,A,chimneyenter,I,enter,510,3,8695.899999976158,656203.7000000477,8092,WL,A,7.0
7,28.157000064849854,immed,31842.999935150146,Tue Aug 04 2026 09:13:05 GMT-0500 (Central Daylight Time),669948.0,A,a,I,a,5041,3,5048.100000023842,664899.8999999762,8092,WL,A,8.0
7,28.324000120162964,immed,31675.999879837036,Tue Aug 04 2026 09:13:05 GMT-0500 (Central Daylight Time),670114.6000000238,A,ap,I,p,151,3,5214.700000047684,664899.8999999762,8092,WL,A,8.0
7,28.490000009536743,immed,31509.999990463257,Tue Aug 04 2026 09:13:05 GMT-0500 (Central Daylight Time),670281.2000000477,A,app,I,p,145,3,5381.300000071526,664899.8999999762,8092,WL,A,8.0
7,28.707000017166138,immed,31292.999982833862,Tue Aug 04 2026 09:13:05 GMT-0500 (Central Daylight Time),670497.6000000238,A,appl,I,l,203,3,5597.700000047684,664899.8999999762,8092,WL,A,8.0
7,28.807000160217285,immed,31192.999839782715,Tue Aug 04 2026 09:13:05 GMT-0500 (Central Daylight Time),670597.7000000477,A,apple,I,e,90,3,5697.800000071526,664899.8999999762,8092,WL,A,8.0
7,29.006999969482422,immed,30993.000030517578,Tue Aug 04 2026 09:13:05 GMT-0500 (Central Daylight Time),670797.7000000477,A,appleenter,I,enter,183,3,5897.800000071526,664899.8999999762,8092,WL,A,8.0
7,29.289999961853027,immed,30710.000038146973,Tue Aug 04 2026 09:13:05 GMT-0500 (Central Daylight Time),671080.6000000238,A,h,I,h,278,3,282.60000002384186,670798.0,8092,WL,A,9.0
7,29.407000064849854,immed,30592.999935150146,Tue Aug 04 2026 09:13:05 GMT-0500 (Central Daylight Time),671197.5,A,ha,I,a,108,3,399.5,670798.0,8092,WL,A,9.0
7,29.539999961853027,immed,30460.000038146973,Tue Aug 04 2026 09:13:05 GMT-0500 (Central Daylight Time),671330.5,A,har,I,r,127,3,532.5,670798.0,8092,WL,A,9.0
7,30.305999994277954,immed,29694.000005722046,Tue Aug 04 2026 09:13:05 GMT-0500 (Central Daylight Time),672097.2999999523,A,harp,I,p,746,3,1299.2999999523163,670798.0,8092,WL,A,9.0
7,30.606000185012817,immed,29393.999814987183,Tue Aug 04 2026 09:13:05 GMT-0500 (Central Daylight Time),672397.1000000238,A,harpenter,I,enter,291,3,1599.1000000238419,670798.0,8092,WL,A,9.0
7,31.23900008201599,immed,28760.99991798401,Tue Aug 04 2026 09:13:05 GMT-0500 (Central Daylight Time),673030.3999999762,A,m,I,m,623,3,633.0,672397.3999999762,8092,WL,A,10.0
7,31.305999994277954,immed,28694.000005722046,Tue Aug 04 2026 09:13:05 GMT-0500 (Central Daylight Time),673096.8999999762,A,me,I,e,54,3,699.5,672397.3999999762,8092,WL,A,10.0
7,31.456000089645386,immed,28543.999910354614,Tue Aug 04 2026 09:13:05 GMT-0500 (Central Daylight Time),673246.7000000477,A,mea,I,a,130,3,849.3000000715256,672397.3999999762,8092,WL,A,10.0
7,31.689000129699707,immed,28310.999870300293,Tue Aug 04 2026 09:13:05 GMT-0500 (Central Daylight Time),673480.1000000238,A,mead,I,d,222,3,1082.7000000476837,672397.3999999762,8092,WL,A,10.0
7,31.805999994277954,immed,28194.000005722046,Tue Aug 04 2026 09:13:05 GMT-0500 (Central Daylight Time),673596.6000000238,A,meado,I,o,101,3,1199.2000000476837,672397.3999999762,8092,WL,A,10.0
7,31.92300009727478,immed,28076.99990272522,Tue Aug 04 2026 09:13:05 GMT-0500 (Central Daylight Time),673713.5,A,meadow,I,w,96,3,1316.1000000238419,672397.3999999762,8092,WL,A,10.0
7,32.10600018501282,immed,27893.999814987183,Tue Aug 04 2026 09:13:05 GMT-0500 (Central Daylight Time),673896.6000000238,A,meadowenter,I,enter,178,3,1499.2000000476837,672397.3999999762,8092,WL,A,10.0
7,34.33800005912781,immed,25661.999940872192,Tue Aug 04 2026 09:13:05 GMT-0500 (Central Daylight Time),676129.2999999523,A,l,I,l,2228,3,2232.5,673896.7999999523,8092,WL,A,11.0
7,34.5220000743866,immed,25477.999925613403,Tue Aug 04 2026 09:13:05 GMT-0500 (Central Daylight Time),676312.6000000238,A,lo,I,o,170,3,2415.8000000715256,673896.7999999523,8092,WL,A,11.0
7,34.73800015449524,immed,25261.99984550476,Tue Aug 04 2026 09:13:05 GMT-0500 (Central Daylight Time),676528.8999999762,A,log,I,g,211,3,2632.100000023842,673896.7999999523,8092,WL,A,11.0
7,34.88800001144409,immed,25111.99998855591,Tue Aug 04 2026 09:13:05 GMT-0500 (Central Daylight Time),676679.1000000238,A,logenter,I,enter,140,3,2782.3000000715256,673896.7999999523,8092,WL,A,11.0
7,36.9539999961853,immed,23046.000003814697,Tue Aug 04 2026 09:13:05 GMT-0500 (Central Daylight Time),678745.2999999523,A,s,I,s,2053,3,2065.899999976158,676679.3999999762,8092,WL,A,12.0
7,37.05400013923645,immed,22945.99986076355,Tue Aug 04 2026 09:13:05 GMT-0500 (Central Daylight Time),678845.2999999523,A,sa,I,a,83,3,2165.899999976158,676679.3999999762,8092,WL,A,12.0
7,37.23699998855591,immed,22763.00001144409,Tue Aug 04 2026 09:13:05 GMT-0500 (Central Daylight Time),679028.3999999762,A,sal,I,l,167,3,2349.0,676679.3999999762,8092,WL,A,12.0
7,37.4210000038147,immed,22578.999996185303,Tue Aug 04 2026 09:13:05 GMT-0500 (Central Daylight Time),679211.3999999762,A,salt,I,t,168,3,2532.0,676679.3999999762,8092,WL,A,12.0
7,37.604000091552734,immed,22395.999908447266,Tue Aug 04 2026 09:13:05 GMT-0500 (Central Daylight Time),679395.2000000477,A,saltenter,I,enter,169,3,2715.8000000715256,676679.3999999762,8092,WL,A,12.0
7,38.8050000667572,immed,21194.999933242798,Tue Aug 04 2026 09:13:05 GMT-0500 (Central Daylight Time),680595.6000000238,A,enter,I,enter,1193,3,1200.1000000238419,679395.5,8092,WL,A,13.0
7,38.98699998855591,immed,21013.00001144409,Tue Aug 04 2026 09:13:05 GMT-0500 (Central Daylight Time),680777.8999999762,A,enter,I,enter,161,3,181.89999997615814,680596.0,8092,WL,A,14.0
7,39.32000017166138,immed,20679.999828338623,Tue Aug 04 2026 09:13:05 GMT-0500 (Central Daylight Time),681111.1000000238,A,enter,I,enter,314,3,332.89999997615814,680778.2000000477,8092,WL,A,15.0
