block_c,block_dur,condition,countdown,datetime,endtime,list,multichar_response,project,response,response_time,session_number,start_end,starttime,subject_id,task,task_vers,trial
,,,,Tue Mar 03 2026 16:52:15 GMT-0600 (Central Standard Time),,,,O,space,644,1,,,7766,WL,C,
prac,,0,,Tue Mar 03 2026 16:52:15 GMT-0600 (Central Standard Time),,,b,O,b,6708,1,,,7766,WL,C,1.0
prac,,0,,Tue Mar 03 2026 16:52:15 GMT-0600 (Central Standard Time),,,bo,O,o,480,1,,,7766,WL,C,1.0
prac,,0,,Tue Mar 03 2026 16:52:15 GMT-0600 (Central Standard Time),,,boo,O,o,159,1,,,7766,WL,C,1.0
prac,,0,,Tue Mar 03 2026 16:52:15 GMT-0600 (Central Standard Time),,,boos,O,s,192,1,,,7766,WL,C,1.0
prac,,0,,Tue Mar 03 2026 16:52:15 GMT-0600 (Central Standard Time),,,boost,O,t,296,1,,,7766,WL,C,1.0
prac,,0,,Tue Mar 03 2026 16:52:15 GMT-0600 (Central Standard Time),,,boostenter,O,enter,403,1,,,7766,WL,C,1.0
1,1.8489999771118164,learn,58151.00002288818,Tue Mar 03 2026 16:52:15 GMT-0600 (Central Standard Time),175755.69999999923,A,t,O,t,1843,1,1848.7999999988824,173906.90000000037,7766,WL,C,1.0
1,2.151000022888184,learn,57848.99997711182,Tue Mar 03 2026 16:52:15 GMT-0600 (Central Standard Time),176057.09999999963,A,to,O,o,281,1,2150.199999999255,173906.90000000037,7766,WL,C,1.0
1,2.3000001907348637,learn,57699.99980926514,Tue Mar 03 2026 16:52:15 GMT-0600 (Central Standard Time),176206.40000000037,A,tow,O,w,132,1,2299.5,173906.90000000037,7766,WL,C,1.0
1,2.432000160217285,learn,57567.99983978272,Tue Mar 03 2026 16:52:15 GMT-0600 (Central Standard Time),176338.19999999923,A,towe,O,e,117,1,2431.2999999988824,173906.90000000037,7766,WL,C,1.0
1,2.569000005722046,learn,57430.999994277954,Tue Mar 03 2026 16:52:15 GMT-0600 (Central Standard Time),176475.09999999963,A,tower,O,r,115,1,2568.199999999255,173906.90000000037,7766,WL,C,1.0
1,3.0980000495910645,learn,56901.999950408936,Tue Mar 03 2026 16:52:15 GMT-0600 (Central Standard Time),177005.5,A,towerenter,O,enter,520,1,3098.5999999996275,173906.90000000037,7766,WL,C,1.0
1,4.999000072479248,learn,55000.99992752075,Tue Mar 03 2026 16:52:15 GMT-0600 (Central Standard Time),178906.69999999923,A,w,O,w,1885,1,1900.9000000003723,177005.79999999888,7766,WL,C,2.0
1,5.14900016784668,learn,54850.99983215332,Tue Mar 03 2026 16:52:15 GMT-0600 (Central Standard Time),179056.40000000037,A,wh,O,h,137,1,2050.60000000149,177005.79999999888,7766,WL,C,2.0
1,5.448000192642212,learn,54551.99980735779,Tue Mar 03 2026 16:52:15 GMT-0600 (Central Standard Time),179354.90000000037,A,whe,O,e,284,1,2349.10000000149,177005.79999999888,7766,WL,C,2.0
1,5.5980000495910645,learn,54401.999950408936,Tue Mar 03 2026 16:52:15 GMT-0600 (Central Standard Time),179504.90000000037,A,whea,O,a,136,1,2499.10000000149,177005.79999999888,7766,WL,C,2.0
1,5.88100004196167,learn,54118.99995803833,Tue Mar 03 2026 16:52:15 GMT-0600 (Central Standard Time),179788.19999999923,A,wheat,O,t,266,1,2782.4000000003725,177005.79999999888,7766,WL,C,2.0
1,6.864000082015991,learn,53135.99991798401,Tue Mar 03 2026 16:52:15 GMT-0600 (Central Standard Time),180771.4000000004,A,wheatenter,O,enter,966,1,3765.60000000149,177005.79999999888,7766,WL,C,2.0
1,14.295000076293944,learn,45704.999923706055,Tue Mar 03 2026 16:52:15 GMT-0600 (Central Standard Time),188202.4000000004,A,q,O,q,7415,1,7430.60000000149,180771.79999999888,7766,WL,C,3.0
1,14.580000162124634,learn,45419.999837875366,Tue Mar 03 2026 16:52:15 GMT-0600 (Central Standard Time),188487.4000000004,A,qu,O,u,270,1,7715.60000000149,180771.79999999888,7766,WL,C,3.0
1,15.062999963760376,learn,44937.00003623962,Tue Mar 03 2026 16:52:15 GMT-0600 (Central Standard Time),188970.29999999888,A,que,O,e,476,1,8198.5,180771.79999999888,7766,WL,C,3.0
1,15.228000164031982,learn,44771.99983596802,Tue Mar 03 2026 16:52:15 GMT-0600 (Central Standard Time),189135.0,A,quee,O,e,153,1,8363.200000001118,180771.79999999888,7766,WL,C,3.0
1,15.629000186920166,learn,44370.99981307984,Tue Mar 03 2026 16:52:15 GMT-0600 (Central Standard Time),189536.0,A,queen,O,n,387,1,8764.200000001118,180771.79999999888,7766,WL,C,3.0
1,16.66000008583069,learn,43339.99991416931,Tue Mar 03 2026 16:52:15 GMT-0600 (Central Standard Time),190567.69999999923,A,queenenter,O,enter,1010,1,9795.900000000373,180771.79999999888,7766,WL,C,3.0
1,17.814000129699707,learn,42185.99987030029,Tue Mar 03 2026 16:52:15 GMT-0600 (Central Standard Time),191721.0,A,c,O,c,1140,1,1153.0,190568.0,7766,WL,C,4.0
1,17.944000005722046,learn,42055.999994277954,Tue Mar 03 2026 16:52:15 GMT-0600 (Central Standard Time),191851.69999999923,A,co,O,o,111,1,1283.699999999255,190568.0,7766,WL,C,4.0
1,18.22699999809265,learn,41773.00000190735,Tue Mar 03 2026 16:52:15 GMT-0600 (Central Standard Time),192134.0,A,cor,O,r,271,1,1566.0,190568.0,7766,WL,C,4.0
1,18.460000038146973,learn,41539.99996185303,Tue Mar 03 2026 16:52:15 GMT-0600 (Central Standard Time),192367.29999999888,A,corn,O,n,212,1,1799.2999999988824,190568.0,7766,WL,C,4.0
1,20.17600011825561,learn,39823.99988174439,Tue Mar 03 2026 16:52:15 GMT-0600 (Central Standard Time),194082.9000000004,A,cornenter,O,enter,1706,1,3514.9000000003725,190568.0,7766,WL,C,4.0
1,21.05900001525879,learn,38940.99998474121,Tue Mar 03 2026 16:52:15 GMT-0600 (Central Standard Time),194966.69999999923,A,b,O,b,865,1,883.5,194083.19999999923,7766,WL,C,5.0
1,21.259000062942505,learn,38740.999937057495,Tue Mar 03 2026 16:52:15 GMT-0600 (Central Standard Time),195166.0,A,bo,O,o,189,1,1082.800000000745,194083.19999999923,7766,WL,C,5.0
1,21.7260000705719,learn,38273.9999294281,Tue Mar 03 2026 16:52:15 GMT-0600 (Central Standard Time),195633.69999999923,A,boy,O,y,452,1,1550.5,194083.19999999923,7766,WL,C,5.0
1,22.276000022888184,learn,37723.99997711182,Tue Mar 03 2026 16:52:15 GMT-0600 (Central Standard Time),196183.4000000004,A,boyenter,O,enter,534,1,2100.2000000011176,194083.19999999923,7766,WL,C,5.0
1,22.992000102996823,learn,37007.99989700317,Tue Mar 03 2026 16:52:15 GMT-0600 (Central Standard Time),196899.59999999963,A,d,O,d,696,1,715.5999999996275,196184.0,7766,WL,C,6.0
1,23.108999967575077,learn,36891.00003242493,Tue Mar 03 2026 16:52:15 GMT-0600 (Central Standard Time),197016.0,A,do,O,o,103,1,832.0,196184.0,7766,WL,C,6.0
1,23.358999967575077,learn,36641.00003242493,Tue Mar 03 2026 16:52:15 GMT-0600 (Central Standard Time),197266.4000000004,A,doc,O,c,239,1,1082.4000000003723,196184.0,7766,WL,C,6.0
1,23.942000150680546,learn,36057.99984931946,Tue Mar 03 2026 16:52:15 GMT-0600 (Central Standard Time),197849.0,A,doct,O,t,567,1,1665.0,196184.0,7766,WL,C,6.0
1,24.223999977111816,learn,35776.00002288818,Tue Mar 03 2026 16:52:15 GMT-0600 (Central Standard Time),198131.59999999963,A,docto,O,o,262,1,1947.5999999996277,196184.0,7766,WL,C,6.0
1,24.52500009536743,learn,35474.99990463257,Tue Mar 03 2026 16:52:15 GMT-0600 (Central Standard Time),198432.0,A,doctor,O,r,278,1,2248.0,196184.0,7766,WL,C,6.0
1,25.591000080108643,learn,34408.99991989136,Tue Mar 03 2026 16:52:15 GMT-0600 (Central Standard Time),199498.69999999923,A,doctorenter,O,enter,1053,1,3314.699999999255,196184.0,7766,WL,C,6.0
1,41.354000091552734,learn,18645.999908447266,Tue Mar 03 2026 16:52:15 GMT-0600 (Central Standard Time),215261.0,A,b,O,b,15739,1,15762.0,199499.0,7766,WL,C,7.0
1,41.48699998855591,learn,18513.00001144409,Tue Mar 03 2026 16:52:15 GMT-0600 (Central Standard Time),215394.29999999888,A,bo,O,o,117,1,15895.299999998882,199499.0,7766,WL,C,7.0
1,41.92300009727478,learn,18076.99990272522,Tue Mar 03 2026 16:52:15 GMT-0600 (Central Standard Time),215830.09999999963,A,bod,O,d,429,1,16331.099999999627,199499.0,7766,WL,C,7.0
1,42.337000131607056,learn,17662.999868392944,Tue Mar 03 2026 16:52:15 GMT-0600 (Central Standard Time),216243.9000000004,A,body,O,y,406,1,16744.900000000373,199499.0,7766,WL,C,7.0
1,43.46900010108948,learn,16530.999898910522,Tue Mar 03 2026 16:52:15 GMT-0600 (Central Standard Time),217376.0,A,bodyenter,O,enter,1111,1,17877.0,199499.0,7766,WL,C,7.0
1,44.80200004577637,learn,15197.999954223633,Tue Mar 03 2026 16:52:15 GMT-0600 (Central Standard Time),218709.59999999963,A,l,O,l,1316,1,1333.300000000745,217376.29999999888,7766,WL,C,8.0
1,45.01800012588501,learn,14981.99987411499,Tue Mar 03 2026 16:52:15 GMT-0600 (Central Standard Time),218925.0,A,le,O,e,204,1,1548.7000000011176,217376.29999999888,7766,WL,C,8.0
1,45.3510000705719,learn,14648.9999294281,Tue Mar 03 2026 16:52:15 GMT-0600 (Central Standard Time),219258.79999999888,A,let,O,t,329,1,1882.5,217376.29999999888,7766,WL,C,8.0
1,45.569000005722046,learn,14430.999994277954,Tue Mar 03 2026 16:52:15 GMT-0600 (Central Standard Time),219476.69999999923,A,lett,O,t,207,1,2100.4000000003725,217376.29999999888,7766,WL,C,8.0
1,45.782999992370605,learn,14217.000007629396,Tue Mar 03 2026 16:52:15 GMT-0600 (Central Standard Time),219690.5,A,lette,O,e,186,1,2314.2000000011176,217376.29999999888,7766,WL,C,8.0
1,45.91700005531311,learn,14082.99994468689,Tue Mar 03 2026 16:52:15 GMT-0600 (Central Standard Time),219824.4000000004,A,letter,O,r,130,1,2448.10000000149,217376.29999999888,7766,WL,C,8.0
1,46.50300002098084,learn,13496.999979019163,Tue Mar 03 2026 16:52:15 GMT-0600 (Central Standard Time),220410.5,A,letterenter,O,enter,582,1,3034.2000000011176,217376.29999999888,7766,WL,C,8.0
1,47.218000173568726,learn,12781.999826431274,Tue Mar 03 2026 16:52:15 GMT-0600 (Central Standard Time),221124.9000000004,A,n,O,n,705,1,714.1000000014901,220410.79999999888,7766,WL,C,9.0
1,47.519999980926514,learn,12480.000019073486,Tue Mar 03 2026 16:52:15 GMT-0600 (Central Standard Time),221427.09999999963,A,na,O,a,280,1,1016.3000000007452,220410.79999999888,7766,WL,C,9.0
1,47.75200009346008,learn,12247.999906539915,Tue Mar 03 2026 16:52:15 GMT-0600 (Central Standard Time),221659.09999999963,A,nai,O,i,218,1,1248.300000000745,220410.79999999888,7766,WL,C,9.0
1,48.1010000705719,learn,11898.9999294281,Tue Mar 03 2026 16:52:15 GMT-0600 (Central Standard Time),222007.9000000004,A,nail,O,l,329,1,1597.10000000149,220410.79999999888,7766,WL,C,9.0
1,48.55200004577637,learn,11447.999954223633,Tue Mar 03 2026 16:52:15 GMT-0600 (Central Standard Time),222459.19999999923,A,nailenter,O,enter,437,1,2048.4000000003725,220410.79999999888,7766,WL,C,9.0
1,52.28400015830994,learn,7715.999841690063,Tue Mar 03 2026 16:52:15 GMT-0600 (Central Standard Time),226191.09999999963,A,c,O,c,3713,1,3731.599999999628,222459.5,7766,WL,C,10.0
1,52.5,learn,7500.0,Tue Mar 03 2026 16:52:15 GMT-0600 (Central Standard Time),226406.9000000004,A,ca,O,a,205,1,3947.400000000373,222459.5,7766,WL,C,10.0
1,52.66700005531311,learn,7332.99994468689,Tue Mar 03 2026 16:52:15 GMT-0600 (Central Standard Time),226574.4000000004,A,cam,O,m,156,1,4114.9000000003725,222459.5,7766,WL,C,10.0
1,53.13300013542175,learn,6866.999864578247,Tue Mar 03 2026 16:52:15 GMT-0600 (Central Standard Time),227040.59999999963,A,camp,O,p,446,1,4581.099999999628,222459.5,7766,WL,C,10.0
1,54.14800000190735,learn,5851.999998092651,Tue Mar 03 2026 16:52:15 GMT-0600 (Central Standard Time),228055.69999999923,A,campenter,O,enter,993,1,5596.199999999255,222459.5,7766,WL,C,10.0
1,54.848999977111816,learn,5151.000022888184,Tue Mar 03 2026 16:52:15 GMT-0600 (Central Standard Time),228756.19999999923,A,f,O,f,680,1,700.1999999992549,228056.0,7766,WL,C,11.0
1,54.98200011253357,learn,5017.999887466431,Tue Mar 03 2026 16:52:15 GMT-0600 (Central Standard Time),228890.0,A,fl,O,l,128,1,834.0,228056.0,7766,WL,C,11.0
1,55.23200011253357,learn,4767.999887466431,Tue Mar 03 2026 16:52:15 GMT-0600 (Central Standard Time),229139.19999999923,A,fla,O,a,241,1,1083.199999999255,228056.0,7766,WL,C,11.0
1,55.58400011062622,learn,4415.999889373779,Tue Mar 03 2026 16:52:15 GMT-0600 (Central Standard Time),229490.9000000004,A,flag,O,g,345,1,1434.9000000003723,228056.0,7766,WL,C,11.0
1,56.13100004196167,learn,3868.99995803833,Tue Mar 03 2026 16:52:15 GMT-0600 (Central Standard Time),230038.79999999888,A,flagenter,O,enter,537,1,1982.7999999988824,228056.0,7766,WL,C,11.0
1,60.01300001144409,learn,-13.000011444091797,Tue Mar 03 2026 16:52:15 GMT-0600 (Central Standard Time),233920.29999999888,A,,O,,3876,1,3881.199999999255,230039.09999999963,7766,WL,C,12.0
2,1.5169999599456787,learn,58483.00004005432,Tue Mar 03 2026 16:52:15 GMT-0600 (Central Standard Time),318894.7999999989,A,t,O,t,1508,1,1517.199999999255,317377.5999999996,7766,WL,C,1.0
2,1.6989998817443848,learn,58301.000118255615,Tue Mar 03 2026 16:52:15 GMT-0600 (Central Standard Time),319076.69999999925,A,to,O,o,173,1,1699.0999999996277,317377.5999999996,7766,WL,C,1.0
2,1.900000095367432,learn,58099.99990463257,Tue Mar 03 2026 16:52:15 GMT-0600 (Central Standard Time),319277.69999999925,A,tow,O,w,190,1,1900.0999999996277,317377.5999999996,7766,WL,C,1.0
2,2.066999912261963,learn,57933.00008773804,Tue Mar 03 2026 16:52:15 GMT-0600 (Central Standard Time),319445.0999999996,A,towe,O,e,161,1,2067.5,317377.5999999996,7766,WL,C,1.0
2,2.1659998893737797,learn,57834.00011062622,Tue Mar 03 2026 16:52:15 GMT-0600 (Central Standard Time),319543.4000000004,A,tower,O,r,76,1,2165.800000000745,317377.5999999996,7766,WL,C,1.0
2,3.032000064849853,learn,56967.99993515015,Tue Mar 03 2026 16:52:15 GMT-0600 (Central Standard Time),320409.9000000004,A,towerenter,O,enter,851,1,3032.300000000745,317377.5999999996,7766,WL,C,1.0
2,4.2829999923706055,learn,55717.0000076294,Tue Mar 03 2026 16:52:15 GMT-0600 (Central Standard Time),321660.5999999996,A,w,O,w,1235,1,1250.300000000745,320410.2999999989,7766,WL,C,2.0
2,4.415999889373779,learn,55584.00011062622,Tue Mar 03 2026 16:52:15 GMT-0600 (Central Standard Time),321793.5,A,wh,O,h,116,1,1383.2000000011176,320410.2999999989,7766,WL,C,2.0
2,4.881999969482422,learn,55118.00003051758,Tue Mar 03 2026 16:52:15 GMT-0600 (Central Standard Time),322259.5999999996,A,whe,O,e,449,1,1849.300000000745,320410.2999999989,7766,WL,C,2.0
2,5.101000070571899,learn,54898.9999294281,Tue Mar 03 2026 16:52:15 GMT-0600 (Central Standard Time),322478.5999999996,A,whea,O,a,194,1,2068.300000000745,320410.2999999989,7766,WL,C,2.0
2,5.83299994468689,learn,54167.00005531311,Tue Mar 03 2026 16:52:15 GMT-0600 (Central Standard Time),323210.4000000004,A,wheat,O,t,717,1,2800.10000000149,320410.2999999989,7766,WL,C,2.0
2,6.497999906539917,learn,53502.00009346008,Tue Mar 03 2026 16:52:15 GMT-0600 (Central Standard Time),323875.5999999996,A,wheatenter,O,enter,649,1,3465.300000000745,320410.2999999989,7766,WL,C,2.0
2,7.148000001907349,learn,52851.99999809265,Tue Mar 03 2026 16:52:15 GMT-0600 (Central Standard Time),324525.19999999925,A,q,O,q,640,1,649.4000000003725,323875.7999999989,7766,WL,C,3.0
2,7.38100004196167,learn,52618.99995803833,Tue Mar 03 2026 16:52:15 GMT-0600 (Central Standard Time),324759.0999999996,A,qu,O,u,223,1,883.3000000007451,323875.7999999989,7766,WL,C,3.0
2,7.763999938964844,learn,52236.00006103516,Tue Mar 03 2026 16:52:15 GMT-0600 (Central Standard Time),325141.5999999996,A,que,O,e,363,1,1265.800000000745,323875.7999999989,7766,WL,C,3.0
2,7.930999994277954,learn,52069.000005722046,Tue Mar 03 2026 16:52:15 GMT-0600 (Central Standard Time),325308.4000000004,A,quee,O,e,156,1,1432.60000000149,323875.7999999989,7766,WL,C,3.0
2,8.115000009536743,learn,51884.99999046326,Tue Mar 03 2026 16:52:15 GMT-0600 (Central Standard Time),325493.0,A,queen,O,n,166,1,1617.2000000011176,323875.7999999989,7766,WL,C,3.0
2,9.430999994277954,learn,50569.000005722046,Tue Mar 03 2026 16:52:15 GMT-0600 (Central Standard Time),326808.5999999996,A,queenc,O,c,1302,1,2932.800000000745,323875.7999999989,7766,WL,C,3.0
2,10.180999994277954,learn,49819.000005722046,Tue Mar 03 2026 16:52:15 GMT-0600 (Central Standard Time),327558.2999999989,A,queen,O,backspace,744,1,3682.5,323875.7999999989,7766,WL,C,3.0
2,10.8989999294281,learn,49101.0000705719,Tue Mar 03 2026 16:52:15 GMT-0600 (Central Standard Time),328277.0,A,queenenter,O,enter,704,1,4401.200000001118,323875.7999999989,7766,WL,C,3.0
2,11.86299991607666,learn,48137.00008392334,Tue Mar 03 2026 16:52:15 GMT-0600 (Central Standard Time),329240.69999999925,A,c,O,c,951,1,963.5,328277.19999999925,7766,WL,C,4.0
2,12.046000003814695,learn,47953.9999961853,Tue Mar 03 2026 16:52:15 GMT-0600 (Central Standard Time),329423.7999999989,A,co,O,o,162,1,1146.5999999996277,328277.19999999925,7766,WL,C,4.0
2,12.329999923706056,learn,47670.000076293945,Tue Mar 03 2026 16:52:15 GMT-0600 (Central Standard Time),329707.7999999989,A,cor,O,r,259,1,1430.5999999996277,328277.19999999925,7766,WL,C,4.0
2,12.628999948501589,learn,47371.00005149841,Tue Mar 03 2026 16:52:15 GMT-0600 (Central Standard Time),330006.7999999989,A,corn,O,n,278,1,1729.5999999996277,328277.19999999925,7766,WL,C,4.0
2,13.01200008392334,learn,46987.99991607666,Tue Mar 03 2026 16:52:15 GMT-0600 (Central Standard Time),330389.4000000004,A,cornenter,O,enter,371,1,2112.2000000011176,328277.19999999925,7766,WL,C,4.0
2,13.59599995613098,learn,46404.00004386902,Tue Mar 03 2026 16:52:15 GMT-0600 (Central Standard Time),330973.2999999989,A,b,O,b,575,1,583.5999999996275,330389.69999999925,7766,WL,C,5.0
2,13.812999963760376,learn,46187.00003623962,Tue Mar 03 2026 16:52:15 GMT-0600 (Central Standard Time),331190.4000000004,A,bo,O,o,200,1,800.7000000011176,330389.69999999925,7766,WL,C,5.0
2,14.181999921798706,learn,45818.000078201294,Tue Mar 03 2026 16:52:15 GMT-0600 (Central Standard Time),331559.5,A,boy,O,y,357,1,1169.800000000745,330389.69999999925,7766,WL,C,5.0
2,14.661999940872192,learn,45338.00005912781,Tue Mar 03 2026 16:52:15 GMT-0600 (Central Standard Time),332039.2999999989,A,boyenter,O,enter,461,1,1649.5999999996277,330389.69999999925,7766,WL,C,5.0
2,15.513000011444092,learn,44486.99998855591,Tue Mar 03 2026 16:52:15 GMT-0600 (Central Standard Time),332891.0,A,d,O,d,837,1,851.4000000003725,332039.5999999996,7766,WL,C,6.0
2,15.730999946594238,learn,44269.00005340576,Tue Mar 03 2026 16:52:15 GMT-0600 (Central Standard Time),333108.19999999925,A,do,O,o,208,1,1068.5999999996277,332039.5999999996,7766,WL,C,6.0
2,15.944999933242798,learn,44055.0000667572,Tue Mar 03 2026 16:52:15 GMT-0600 (Central Standard Time),333322.69999999925,A,doc,O,c,209,1,1283.0999999996277,332039.5999999996,7766,WL,C,6.0
2,16.312000036239624,learn,43687.999963760376,Tue Mar 03 2026 16:52:15 GMT-0600 (Central Standard Time),333689.9000000004,A,doct,O,t,350,1,1650.300000000745,332039.5999999996,7766,WL,C,6.0
2,16.513000011444092,learn,43486.99998855591,Tue Mar 03 2026 16:52:15 GMT-0600 (Central Standard Time),333891.0,A,docto,O,o,185,1,1851.4000000003723,332039.5999999996,7766,WL,C,6.0
2,16.796000003814697,learn,43203.9999961853,Tue Mar 03 2026 16:52:15 GMT-0600 (Central Standard Time),334173.4000000004,A,doctor,O,r,274,1,2133.800000000745,332039.5999999996,7766,WL,C,6.0
2,17.42899990081787,learn,42571.00009918213,Tue Mar 03 2026 16:52:15 GMT-0600 (Central Standard Time),334806.5,A,doctorenter,O,enter,623,1,2766.9000000003725,332039.5999999996,7766,WL,C,6.0
2,17.828999996185303,learn,42171.0000038147,Tue Mar 03 2026 16:52:15 GMT-0600 (Central Standard Time),335207.0999999996,A,b,O,b,391,1,400.30000000074506,334806.7999999989,7766,WL,C,7.0
2,18.060999870300293,learn,41939.00012969971,Tue Mar 03 2026 16:52:15 GMT-0600 (Central Standard Time),335439.0999999996,A,bo,O,o,222,1,632.3000000007451,334806.7999999989,7766,WL,C,7.0
2,18.34599995613098,learn,41654.00004386902,Tue Mar 03 2026 16:52:15 GMT-0600 (Central Standard Time),335723.69999999925,A,bod,O,d,261,1,916.9000000003724,334806.7999999989,7766,WL,C,7.0
2,18.89400005340576,learn,41105.99994659424,Tue Mar 03 2026 16:52:15 GMT-0600 (Central Standard Time),336271.2999999989,A,body,O,y,523,1,1464.5,334806.7999999989,7766,WL,C,7.0
2,21.64299988746643,learn,38357.00011253357,Tue Mar 03 2026 16:52:15 GMT-0600 (Central Standard Time),339020.69999999925,A,bodyenter,O,enter,2738,1,4213.9000000003725,334806.7999999989,7766,WL,C,7.0
2,24.19099998474121,learn,35809.00001525879,Tue Mar 03 2026 16:52:15 GMT-0600 (Central Standard Time),341568.7999999989,A,c,O,c,2544,1,2547.89999999851,339020.9000000004,7766,WL,C,8.0
2,24.45899987220764,learn,35541.00012779236,Tue Mar 03 2026 16:52:15 GMT-0600 (Central Standard Time),341836.5999999996,A,ca,O,a,259,1,2815.699999999255,339020.9000000004,7766,WL,C,8.0
2,24.680999994277958,learn,35319.000005722046,Tue Mar 03 2026 16:52:15 GMT-0600 (Central Standard Time),342058.4000000004,A,cam,O,m,208,1,3037.5,339020.9000000004,7766,WL,C,8.0
2,25.009999990463257,learn,34990.00000953674,Tue Mar 03 2026 16:52:15 GMT-0600 (Central Standard Time),342387.5999999996,A,camp,O,p,305,1,3366.699999999255,339020.9000000004,7766,WL,C,8.0
2,25.64199995994568,learn,34358.00004005432,Tue Mar 03 2026 16:52:15 GMT-0600 (Central Standard Time),343019.2999999989,A,campenter,O,enter,624,1,3998.39999999851,339020.9000000004,7766,WL,C,8.0
2,26.49099993705749,learn,33509.000062942505,Tue Mar 03 2026 16:52:15 GMT-0600 (Central Standard Time),343869.0,A,f,O,f,833,1,849.5,343019.5,7766,WL,C,9.0
2,26.657999992370605,learn,33342.000007629395,Tue Mar 03 2026 16:52:15 GMT-0600 (Central Standard Time),344036.0,A,fl,O,l,160,1,1016.5,343019.5,7766,WL,C,9.0
2,26.924999952316284,learn,33075.00004768372,Tue Mar 03 2026 16:52:15 GMT-0600 (Central Standard Time),344303.19999999925,A,fla,O,a,253,1,1283.699999999255,343019.5,7766,WL,C,9.0
2,27.241999864578247,learn,32758.000135421757,Tue Mar 03 2026 16:52:15 GMT-0600 (Central Standard Time),344619.69999999925,A,flag,O,g,301,1,1600.199999999255,343019.5,7766,WL,C,9.0
2,27.657999992370605,learn,32342.000007629395,Tue Mar 03 2026 16:52:15 GMT-0600 (Central Standard Time),345035.2999999989,A,flagenter,O,enter,409,1,2015.7999999988824,343019.5,7766,WL,C,9.0
2,28.306999921798703,learn,31693.00007820129,Tue Mar 03 2026 16:52:15 GMT-0600 (Central Standard Time),345685.0,A,l,O,l,642,1,649.5,345035.5,7766,WL,C,10.0
2,28.60800004005432,learn,31391.99995994568,Tue Mar 03 2026 16:52:15 GMT-0600 (Central Standard Time),345985.5999999996,A,le,O,e,296,1,950.0999999996276,345035.5,7766,WL,C,10.0
2,28.9760000705719,learn,31023.9999294281,Tue Mar 03 2026 16:52:15 GMT-0600 (Central Standard Time),346353.19999999925,A,let,O,t,347,1,1317.699999999255,345035.5,7766,WL,C,10.0
2,29.174999952316284,learn,30825.00004768372,Tue Mar 03 2026 16:52:15 GMT-0600 (Central Standard Time),346552.2999999989,A,lett,O,t,178,1,1516.7999999988824,345035.5,7766,WL,C,10.0
2,29.341000080108643,learn,30658.99991989136,Tue Mar 03 2026 16:52:15 GMT-0600 (Central Standard Time),346718.9000000004,A,lette,O,e,147,1,1683.4000000003723,345035.5,7766,WL,C,10.0
2,29.50799989700317,learn,30492.000102996823,Tue Mar 03 2026 16:52:15 GMT-0600 (Central Standard Time),346885.9000000004,A,letter,O,r,157,1,1850.4000000003723,345035.5,7766,WL,C,10.0
2,30.22499990463257,learn,29775.00009536743,Tue Mar 03 2026 16:52:15 GMT-0600 (Central Standard Time),347602.5,A,letterenter,O,enter,708,1,2567.0,345035.5,7766,WL,C,10.0
2,30.973000049591064,learn,29026.999950408936,Tue Mar 03 2026 16:52:15 GMT-0600 (Central Standard Time),348350.2999999989,A,n,O,n,738,1,747.5999999996275,347602.69999999925,7766,WL,C,11.0
2,31.241999864578247,learn,28758.000135421757,Tue Mar 03 2026 16:52:15 GMT-0600 (Central Standard Time),348619.4000000004,A,na,O,a,263,1,1016.7000000011176,347602.69999999925,7766,WL,C,11.0
2,31.539999961853027,learn,28460.000038146973,Tue Mar 03 2026 16:52:15 GMT-0600 (Central Standard Time),348917.2999999989,A,nai,O,i,285,1,1314.5999999996277,347602.69999999925,7766,WL,C,11.0
2,31.90599989891052,learn,28094.00010108948,Tue Mar 03 2026 16:52:15 GMT-0600 (Central Standard Time),349283.7999999989,A,nail,O,l,353,1,1681.0999999996277,347602.69999999925,7766,WL,C,11.0
2,33.32299995422363,learn,26677.000045776367,Tue Mar 03 2026 16:52:15 GMT-0600 (Central Standard Time),350701.0999999996,A,nailenter,O,enter,1407,1,3098.4000000003725,347602.69999999925,7766,WL,C,11.0
2,45.401999950408936,learn,14598.000049591064,Tue Mar 03 2026 16:52:15 GMT-0600 (Central Standard Time),362780.69999999925,A,s,O,s,12063,1,12079.299999998882,350701.4000000004,7766,WL,C,12.0
2,45.58500003814697,learn,14414.999961853027,Tue Mar 03 2026 16:52:15 GMT-0600 (Central Standard Time),362962.9000000004,A,su,O,u,167,1,12261.5,350701.4000000004,7766,WL,C,12.0
2,46.03500008583069,learn,13964.999914169312,Tue Mar 03 2026 16:52:15 GMT-0600 (Central Standard Time),363412.9000000004,A,sug,O,g,441,1,12711.5,350701.4000000004,7766,WL,C,12.0
2,46.32100009918213,learn,13678.999900817871,Tue Mar 03 2026 16:52:15 GMT-0600 (Central Standard Time),363699.19999999925,A,suga,O,a,282,1,12997.799999998882,350701.4000000004,7766,WL,C,12.0
2,46.634000062942505,learn,13365.999937057495,Tue Mar 03 2026 16:52:15 GMT-0600 (Central Standard Time),364012.5999999996,A,sugar,O,r,304,1,13311.199999999257,350701.4000000004,7766,WL,C,12.0
2,47.43400001525879,learn,12565.999984741213,Tue Mar 03 2026 16:52:15 GMT-0600 (Central Standard Time),364812.0,A,sugarenter,O,enter,791,1,14110.599999999627,350701.4000000004,7766,WL,C,12.0
2,60.01200008392334,learn,-12.000083923339844,Tue Mar 03 2026 16:52:15 GMT-0600 (Central Standard Time),377390.5999999996,A,,O,,12573,1,12578.400000000373,364812.19999999925,7766,WL,C,13.0
3,1.3339998722076416,learn,58666.00012779236,Tue Mar 03 2026 16:52:15 GMT-0600 (Central Standard Time),453518.9000000004,A,t,O,t,1313,1,1333.5,452185.4000000004,7766,WL,C,1.0
3,1.5490000247955322,learn,58450.99997520447,Tue Mar 03 2026 16:52:15 GMT-0600 (Central Standard Time),453734.2999999989,A,to,O,o,197,1,1548.89999999851,452185.4000000004,7766,WL,C,1.0
3,1.8499999046325684,learn,58150.00009536743,Tue Mar 03 2026 16:52:15 GMT-0600 (Central Standard Time),454035.19999999925,A,tow,O,w,286,1,1849.7999999988824,452185.4000000004,7766,WL,C,1.0
3,2.065999984741211,learn,57934.00001525879,Tue Mar 03 2026 16:52:15 GMT-0600 (Central Standard Time),454251.2999999989,A,towe,O,e,200,1,2065.89999999851,452185.4000000004,7766,WL,C,1.0
3,2.2330000400543213,learn,57766.99995994568,Tue Mar 03 2026 16:52:15 GMT-0600 (Central Standard Time),454418.0,A,tower,O,r,161,1,2232.5999999996275,452185.4000000004,7766,WL,C,1.0
3,2.999000072479248,learn,57000.99992752075,Tue Mar 03 2026 16:52:15 GMT-0600 (Central Standard Time),455183.5999999996,A,towerenter,O,enter,753,1,2998.199999999255,452185.4000000004,7766,WL,C,1.0
3,4.766000032424927,learn,55233.99996757507,Tue Mar 03 2026 16:52:15 GMT-0600 (Central Standard Time),456950.9000000004,A,w,O,w,1749,1,1767.0,455183.9000000004,7766,WL,C,2.0
3,4.98199987411499,learn,55018.00012588501,Tue Mar 03 2026 16:52:15 GMT-0600 (Central Standard Time),457166.5999999996,A,wh,O,h,196,1,1982.699999999255,455183.9000000004,7766,WL,C,2.0
3,5.131999969482422,learn,54868.00003051758,Tue Mar 03 2026 16:52:15 GMT-0600 (Central Standard Time),457316.5,A,whe,O,e,141,1,2132.5999999996275,455183.9000000004,7766,WL,C,2.0
3,5.2820000648498535,learn,54717.99993515015,Tue Mar 03 2026 16:52:15 GMT-0600 (Central Standard Time),457467.0999999996,A,whea,O,a,137,1,2283.199999999255,455183.9000000004,7766,WL,C,2.0
3,5.515000104904175,learn,54484.99989509583,Tue Mar 03 2026 16:52:15 GMT-0600 (Central Standard Time),457700.0,A,wheat,O,t,227,1,2516.0999999996275,455183.9000000004,7766,WL,C,2.0
3,6.214999914169312,learn,53785.00008583069,Tue Mar 03 2026 16:52:15 GMT-0600 (Central Standard Time),458400.2999999989,A,wheatenter,O,enter,687,1,3216.39999999851,455183.9000000004,7766,WL,C,2.0
3,7.63100004196167,learn,52368.99995803833,Tue Mar 03 2026 16:52:15 GMT-0600 (Central Standard Time),459815.69999999925,A,q,O,q,1396,1,1415.199999999255,458400.5,7766,WL,C,3.0
3,7.796999931335449,learn,52203.00006866455,Tue Mar 03 2026 16:52:15 GMT-0600 (Central Standard Time),459982.5999999996,A,qu,O,u,149,1,1582.0999999996277,458400.5,7766,WL,C,3.0
3,8.098000049591064,learn,51901.999950408936,Tue Mar 03 2026 16:52:15 GMT-0600 (Central Standard Time),460283.0,A,que,O,e,283,1,1882.5,458400.5,7766,WL,C,3.0
3,8.313999891281128,learn,51686.00010871887,Tue Mar 03 2026 16:52:15 GMT-0600 (Central Standard Time),460498.69999999925,A,quee,O,e,202,1,2098.199999999255,458400.5,7766,WL,C,3.0
3,8.628999948501587,learn,51371.00005149841,Tue Mar 03 2026 16:52:15 GMT-0600 (Central Standard Time),460813.9000000004,A,queen,O,n,298,1,2413.4000000003725,458400.5,7766,WL,C,3.0
3,9.21399998664856,learn,50786.00001335144,Tue Mar 03 2026 16:52:15 GMT-0600 (Central Standard Time),461398.7999999989,A,queenenter,O,enter,568,1,2998.2999999988824,458400.5,7766,WL,C,3.0
3,10.263000011444092,learn,49736.99998855591,Tue Mar 03 2026 16:52:15 GMT-0600 (Central Standard Time),462447.5999999996,A,s,O,s,1029,1,1048.5999999996277,461399.0,7766,WL,C,4.0
3,10.46399998664856,learn,49536.00001335144,Tue Mar 03 2026 16:52:15 GMT-0600 (Central Standard Time),462649.2999999989,A,su,O,u,191,1,1250.2999999988824,461399.0,7766,WL,C,4.0
3,10.799000024795532,learn,49200.99997520447,Tue Mar 03 2026 16:52:15 GMT-0600 (Central Standard Time),462983.4000000004,A,sug,O,g,323,1,1584.4000000003723,461399.0,7766,WL,C,4.0
3,11.12999987602234,learn,48870.00012397766,Tue Mar 03 2026 16:52:15 GMT-0600 (Central Standard Time),463315.2999999989,A,suga,O,a,318,1,1916.2999999988824,461399.0,7766,WL,C,4.0
3,11.513000011444092,learn,48486.99998855591,Tue Mar 03 2026 16:52:15 GMT-0600 (Central Standard Time),463697.9000000004,A,sugar,O,r,376,1,2298.9000000003725,461399.0,7766,WL,C,4.0
3,12.430000066757202,learn,47569.9999332428,Tue Mar 03 2026 16:52:15 GMT-0600 (Central Standard Time),464614.4000000004,A,sugarenter,O,enter,900,1,3215.4000000003725,461399.0,7766,WL,C,4.0
3,13.796000003814695,learn,46203.9999961853,Tue Mar 03 2026 16:52:15 GMT-0600 (Central Standard Time),465981.4000000004,A,h,O,h,1358,1,1366.7000000011176,464614.69999999925,7766,WL,C,5.0
3,14.01200008392334,learn,45987.99991607666,Tue Mar 03 2026 16:52:15 GMT-0600 (Central Standard Time),466197.0999999996,A,ho,O,o,195,1,1582.4000000003723,464614.69999999925,7766,WL,C,5.0
3,14.26200008392334,learn,45737.99991607666,Tue Mar 03 2026 16:52:15 GMT-0600 (Central Standard Time),466447.2999999989,A,hom,O,m,229,1,1832.5999999996277,464614.69999999925,7766,WL,C,5.0
3,14.611000061035156,learn,45388.99993896485,Tue Mar 03 2026 16:52:15 GMT-0600 (Central Standard Time),466796.2999999989,A,home,O,e,340,1,2181.5999999996275,464614.69999999925,7766,WL,C,5.0
3,15.046000003814695,learn,44953.9999961853,Tue Mar 03 2026 16:52:15 GMT-0600 (Central Standard Time),467231.19999999925,A,homeenter,O,enter,418,1,2616.5,464614.69999999925,7766,WL,C,5.0
3,16.210999965667725,learn,43789.00003433228,Tue Mar 03 2026 16:52:15 GMT-0600 (Central Standard Time),468396.2999999989,A,b,O,b,1144,1,1164.89999999851,467231.4000000004,7766,WL,C,6.0
3,16.461999893188477,learn,43538.00010681152,Tue Mar 03 2026 16:52:15 GMT-0600 (Central Standard Time),468647.0999999996,A,bo,O,o,239,1,1415.699999999255,467231.4000000004,7766,WL,C,6.0
3,16.746000051498413,learn,43253.99994850159,Tue Mar 03 2026 16:52:15 GMT-0600 (Central Standard Time),468931.0,A,boy,O,y,261,1,1699.5999999996277,467231.4000000004,7766,WL,C,6.0
3,17.227999925613403,learn,42772.0000743866,Tue Mar 03 2026 16:52:15 GMT-0600 (Central Standard Time),469412.69999999925,A,boyenter,O,enter,474,1,2181.2999999988824,467231.4000000004,7766,WL,C,6.0
3,18.045000076293945,learn,41954.999923706055,Tue Mar 03 2026 16:52:15 GMT-0600 (Central Standard Time),470230.2999999989,A,d,O,d,802,1,817.5,469412.7999999989,7766,WL,C,7.0
3,18.22699999809265,learn,41773.00000190735,Tue Mar 03 2026 16:52:15 GMT-0600 (Central Standard Time),470411.7999999989,A,do,O,o,163,1,999.0,469412.7999999989,7766,WL,C,7.0
3,18.477999925613403,learn,41522.0000743866,Tue Mar 03 2026 16:52:15 GMT-0600 (Central Standard Time),470662.7999999989,A,doc,O,c,243,1,1250.0,469412.7999999989,7766,WL,C,7.0
3,18.796000003814697,learn,41203.9999961853,Tue Mar 03 2026 16:52:15 GMT-0600 (Central Standard Time),470981.2999999989,A,doct,O,t,303,1,1568.5,469412.7999999989,7766,WL,C,7.0
3,19.060999870300293,learn,40939.00012969971,Tue Mar 03 2026 16:52:15 GMT-0600 (Central Standard Time),471246.0,A,docto,O,o,246,1,1833.2000000011176,469412.7999999989,7766,WL,C,7.0
3,19.394999980926517,learn,40605.000019073486,Tue Mar 03 2026 16:52:15 GMT-0600 (Central Standard Time),471579.5,A,doctor,O,r,318,1,2166.7000000011176,469412.7999999989,7766,WL,C,7.0
3,20.39400005340576,learn,39605.99994659424,Tue Mar 03 2026 16:52:15 GMT-0600 (Central Standard Time),472578.5,A,doctorenter,O,enter,994,1,3165.7000000011176,469412.7999999989,7766,WL,C,7.0
3,23.65899991989136,learn,36341.00008010864,Tue Mar 03 2026 16:52:15 GMT-0600 (Central Standard Time),475844.19999999925,A,c,O,c,3249,1,3265.5,472578.69999999925,7766,WL,C,8.0
3,23.960000038146973,learn,36039.99996185303,Tue Mar 03 2026 16:52:15 GMT-0600 (Central Standard Time),476144.69999999925,A,ca,O,a,288,1,3566.0,472578.69999999925,7766,WL,C,8.0
3,24.25799989700317,learn,35742.000102996826,Tue Mar 03 2026 16:52:15 GMT-0600 (Central Standard Time),476443.4000000004,A,cam,O,m,282,1,3864.7000000011176,472578.69999999925,7766,WL,C,8.0
3,26.2739999294281,learn,33726.0000705719,Tue Mar 03 2026 16:52:15 GMT-0600 (Central Standard Time),478459.7999999989,A,camp,O,p,2008,1,5881.099999999628,472578.69999999925,7766,WL,C,8.0
3,28.49099993705749,learn,31509.000062942505,Tue Mar 03 2026 16:52:15 GMT-0600 (Central Standard Time),480676.4000000004,A,campenter,O,enter,2199,1,8097.700000001118,472578.69999999925,7766,WL,C,8.0
3,29.27300000190735,learn,30726.99999809265,Tue Mar 03 2026 16:52:15 GMT-0600 (Central Standard Time),481458.9000000004,A,c,O,c,768,1,782.2000000011176,480676.69999999925,7766,WL,C,9.0
3,29.506999969482425,learn,30493.000030517574,Tue Mar 03 2026 16:52:15 GMT-0600 (Central Standard Time),481692.69999999925,A,co,O,o,212,1,1016.0,480676.69999999925,7766,WL,C,9.0
3,29.806999921798703,learn,30193.00007820129,Tue Mar 03 2026 16:52:15 GMT-0600 (Central Standard Time),481992.19999999925,A,cor,O,r,279,1,1315.5,480676.69999999925,7766,WL,C,9.0
3,30.10599994659424,learn,29894.00005340576,Tue Mar 03 2026 16:52:15 GMT-0600 (Central Standard Time),482292.0,A,corn,O,n,287,1,1615.300000000745,480676.69999999925,7766,WL,C,9.0
3,30.572999954223636,learn,29427.000045776367,Tue Mar 03 2026 16:52:15 GMT-0600 (Central Standard Time),482758.5,A,cornenter,O,enter,448,1,2081.800000000745,480676.69999999925,7766,WL,C,9.0
3,31.48900008201599,learn,28510.99991798401,Tue Mar 03 2026 16:52:15 GMT-0600 (Central Standard Time),483674.9000000004,A,f,O,f,903,1,916.10000000149,482758.7999999989,7766,WL,C,10.0
3,31.688999891281128,learn,28311.000108718872,Tue Mar 03 2026 16:52:15 GMT-0600 (Central Standard Time),483874.4000000004,A,fl,O,l,185,1,1115.60000000149,482758.7999999989,7766,WL,C,10.0
3,32.0220000743866,learn,27977.999925613403,Tue Mar 03 2026 16:52:15 GMT-0600 (Central Standard Time),484208.0,A,fla,O,a,322,1,1449.2000000011176,482758.7999999989,7766,WL,C,10.0
3,32.32299995422363,learn,27677.000045776367,Tue Mar 03 2026 16:52:15 GMT-0600 (Central Standard Time),484508.7999999989,A,flag,O,g,295,1,1750.0,482758.7999999989,7766,WL,C,10.0
3,33.187999963760376,learn,26812.000036239624,Tue Mar 03 2026 16:52:15 GMT-0600 (Central Standard Time),485373.4000000004,A,flagenter,O,enter,855,1,2614.60000000149,482758.7999999989,7766,WL,C,10.0
3,35.687000036239624,learn,24312.999963760376,Tue Mar 03 2026 16:52:15 GMT-0600 (Central Standard Time),487873.0,A,n,O,n,2487,1,2499.4000000003725,485373.5999999996,7766,WL,C,11.0
3,36.40499997138977,learn,23595.00002861023,Tue Mar 03 2026 16:52:15 GMT-0600 (Central Standard Time),488590.5,A,na,O,a,708,1,3216.9000000003725,485373.5999999996,7766,WL,C,11.0
3,36.62100005149841,learn,23378.999948501587,Tue Mar 03 2026 16:52:15 GMT-0600 (Central Standard Time),488806.69999999925,A,nai,O,i,197,1,3433.0999999996275,485373.5999999996,7766,WL,C,11.0
3,36.8199999332428,learn,23180.0000667572,Tue Mar 03 2026 16:52:15 GMT-0600 (Central Standard Time),489006.0999999996,A,nail,O,l,189,1,3632.5,485373.5999999996,7766,WL,C,11.0
3,37.604000091552734,learn,22395.999908447266,Tue Mar 03 2026 16:52:15 GMT-0600 (Central Standard Time),489789.2999999989,A,naill,O,l,766,1,4415.699999999255,485373.5999999996,7766,WL,C,11.0
3,37.8199999332428,learn,22180.0000667572,Tue Mar 03 2026 16:52:15 GMT-0600 (Central Standard Time),490006.0,A,naille,O,e,208,1,4632.4000000003725,485373.5999999996,7766,WL,C,11.0
3,38.437999963760376,learn,21562.000036239624,Tue Mar 03 2026 16:52:15 GMT-0600 (Central Standard Time),490623.5999999996,A,naill,O,backspace,609,1,5250.0,485373.5999999996,7766,WL,C,11.0
3,38.65499997138977,learn,21345.00002861023,Tue Mar 03 2026 16:52:15 GMT-0600 (Central Standard Time),490840.0999999996,A,nail,O,backspace,196,1,5466.5,485373.5999999996,7766,WL,C,11.0
3,39.93599987030029,learn,20064.000129699707,Tue Mar 03 2026 16:52:15 GMT-0600 (Central Standard Time),492121.0999999996,A,nailenter,O,enter,1268,1,6747.5,485373.5999999996,7766,WL,C,11.0
3,40.88700008392334,learn,19112.99991607666,Tue Mar 03 2026 16:52:15 GMT-0600 (Central Standard Time),493072.7999999989,A,l,O,l,931,1,951.39999999851,492121.4000000004,7766,WL,C,12.0
3,41.11999988555908,learn,18880.00011444092,Tue Mar 03 2026 16:52:15 GMT-0600 (Central Standard Time),493305.69999999925,A,le,O,e,220,1,1184.2999999988824,492121.4000000004,7766,WL,C,12.0
3,41.43499994277954,learn,18565.00005722046,Tue Mar 03 2026 16:52:15 GMT-0600 (Central Standard Time),493620.9000000004,A,let,O,t,299,1,1499.5,492121.4000000004,7766,WL,C,12.0
3,41.65299987792969,learn,18347.000122070312,Tue Mar 03 2026 16:52:15 GMT-0600 (Central Standard Time),493838.69999999925,A,lett,O,t,198,1,1717.2999999988824,492121.4000000004,7766,WL,C,12.0
3,41.80200004577637,learn,18197.999954223636,Tue Mar 03 2026 16:52:15 GMT-0600 (Central Standard Time),493987.7999999989,A,lette,O,e,141,1,1866.3999999985097,492121.4000000004,7766,WL,C,12.0
3,41.97000002861023,learn,18029.99997138977,Tue Mar 03 2026 16:52:15 GMT-0600 (Central Standard Time),494156.0,A,letter,O,r,163,1,2034.5999999996277,492121.4000000004,7766,WL,C,12.0
3,42.76799988746643,learn,17232.00011253357,Tue Mar 03 2026 16:52:15 GMT-0600 (Central Standard Time),494953.69999999925,A,letterenter,O,enter,783,1,2832.2999999988824,492121.4000000004,7766,WL,C,12.0
3,44.91799998283386,learn,15082.000017166138,Tue Mar 03 2026 16:52:15 GMT-0600 (Central Standard Time),497104.0,A,c,O,c,2140,1,2150.0999999996275,494953.9000000004,7766,WL,C,13.0
3,45.25200009346008,learn,14747.999906539915,Tue Mar 03 2026 16:52:15 GMT-0600 (Central Standard Time),497437.0999999996,A,ca,O,a,324,1,2483.199999999255,494953.9000000004,7766,WL,C,13.0
3,45.568000078201294,learn,14431.999921798706,Tue Mar 03 2026 16:52:15 GMT-0600 (Central Standard Time),497753.69999999925,A,cat,O,t,295,1,2799.7999999988824,494953.9000000004,7766,WL,C,13.0
3,45.73499989509583,learn,14265.000104904177,Tue Mar 03 2026 16:52:15 GMT-0600 (Central Standard Time),497920.9000000004,A,catt,O,t,152,1,2967.0,494953.9000000004,7766,WL,C,13.0
3,45.96900010108948,learn,14030.999898910522,Tue Mar 03 2026 16:52:15 GMT-0600 (Central Standard Time),498154.5999999996,A,cattl,O,l,226,1,3200.699999999255,494953.9000000004,7766,WL,C,13.0
3,46.20199990272522,learn,13798.00009727478,Tue Mar 03 2026 16:52:15 GMT-0600 (Central Standard Time),498387.0999999996,A,cattle,O,e,217,1,3433.199999999255,494953.9000000004,7766,WL,C,13.0
3,46.96799993515015,learn,13032.000064849854,Tue Mar 03 2026 16:52:15 GMT-0600 (Central Standard Time),499153.5999999996,A,cattleenter,O,enter,752,1,4199.699999999255,494953.9000000004,7766,WL,C,13.0
3,47.68499994277954,learn,12315.00005722046,Tue Mar 03 2026 16:52:15 GMT-0600 (Central Standard Time),499870.0999999996,A,s,O,s,698,1,716.1999999992549,499153.9000000004,7766,WL,C,14.0
3,47.93400001525879,learn,12065.999984741213,Tue Mar 03 2026 16:52:15 GMT-0600 (Central Standard Time),500119.5999999996,A,sh,O,h,238,1,965.6999999992548,499153.9000000004,7766,WL,C,14.0
3,48.20099997520447,learn,11799.000024795532,Tue Mar 03 2026 16:52:15 GMT-0600 (Central Standard Time),500386.19999999925,A,sho,O,o,252,1,1232.2999999988824,499153.9000000004,7766,WL,C,14.0
3,48.5,learn,11500.0,Tue Mar 03 2026 16:52:15 GMT-0600 (Central Standard Time),500686.0,A,shor,O,r,291,1,1532.0999999996277,499153.9000000004,7766,WL,C,14.0
3,48.7170000076294,learn,11282.999992370604,Tue Mar 03 2026 16:52:15 GMT-0600 (Central Standard Time),500903.0,A,shore,O,e,197,1,1749.0999999996277,499153.9000000004,7766,WL,C,14.0
3,49.23399996757507,learn,10766.000032424929,Tue Mar 03 2026 16:52:15 GMT-0600 (Central Standard Time),501419.69999999925,A,shoreenter,O,enter,501,1,2265.7999999988824,499153.9000000004,7766,WL,C,14.0
3,49.84999990463257,learn,10150.000095367432,Tue Mar 03 2026 16:52:15 GMT-0600 (Central Standard Time),502035.9000000004,A,b,O,b,600,1,616.0,501419.9000000004,7766,WL,C,15.0
3,50.05099987983704,learn,9949.000120162964,Tue Mar 03 2026 16:52:15 GMT-0600 (Central Standard Time),502236.19999999925,A,bo,O,o,195,1,816.2999999988824,501419.9000000004,7766,WL,C,15.0
3,50.28399991989136,learn,9716.000080108644,Tue Mar 03 2026 16:52:15 GMT-0600 (Central Standard Time),502469.2999999989,A,bod,O,d,222,1,1049.39999999851,501419.9000000004,7766,WL,C,15.0
3,50.63899993896485,learn,9361.000061035156,Tue Mar 03 2026 16:52:15 GMT-0600 (Central Standard Time),502824.4000000004,A,body,O,y,334,1,1404.5,501419.9000000004,7766,WL,C,15.0
3,50.95000004768372,learn,9049.999952316284,Tue Mar 03 2026 16:52:15 GMT-0600 (Central Standard Time),503135.5,A,bodyenter,O,enter,300,1,1715.5999999996277,501419.9000000004,7766,WL,C,15.0
4,0.999000072479248,learn,59000.99992752075,Tue Mar 03 2026 16:52:15 GMT-0600 (Central Standard Time),576594.4000000004,A,t,O,t,992,1,999.4000000003724,575595.0,7766,WL,C,1.0
4,1.199000120162964,learn,58800.99987983704,Tue Mar 03 2026 16:52:15 GMT-0600 (Central Standard Time),576794.4000000004,A,to,O,o,193,1,1199.4000000003723,575595.0,7766,WL,C,1.0
4,1.383000135421753,learn,58616.99986457825,Tue Mar 03 2026 16:52:15 GMT-0600 (Central Standard Time),576978.4000000004,A,tow,O,w,176,1,1383.4000000003723,575595.0,7766,WL,C,1.0
4,1.6160001754760742,learn,58383.999824523926,Tue Mar 03 2026 16:52:15 GMT-0600 (Central Standard Time),577211.5,A,towe,O,e,213,1,1616.5,575595.0,7766,WL,C,1.0
4,1.7850000858306885,learn,58214.99991416931,Tue Mar 03 2026 16:52:15 GMT-0600 (Central Standard Time),577379.7999999989,A,tower,O,r,160,1,1784.7999999988824,575595.0,7766,WL,C,1.0
4,2.450000047683716,learn,57549.99995231629,Tue Mar 03 2026 16:52:15 GMT-0600 (Central Standard Time),578045.0999999996,A,towerenter,O,enter,647,1,2450.0999999996275,575595.0,7766,WL,C,1.0
4,2.9820001125335693,learn,57017.99988746643,Tue Mar 03 2026 16:52:15 GMT-0600 (Central Standard Time),578577.0999999996,A,w,O,w,511,1,531.6999999992549,578045.4000000004,7766,WL,C,2.0
4,3.1679999828338623,learn,56832.00001716614,Tue Mar 03 2026 16:52:15 GMT-0600 (Central Standard Time),578763.1999999993,A,wh,O,h,182,1,717.7999999988824,578045.4000000004,7766,WL,C,2.0
4,3.449000120162964,learn,56550.99987983704,Tue Mar 03 2026 16:52:15 GMT-0600 (Central Standard Time),579044.2999999989,A,whe,O,e,265,1,998.89999999851,578045.4000000004,7766,WL,C,2.0
4,3.64900016784668,learn,56350.99983215332,Tue Mar 03 2026 16:52:15 GMT-0600 (Central Standard Time),579244.1999999993,A,whea,O,a,178,1,1198.7999999988824,578045.4000000004,7766,WL,C,2.0
4,3.8320000171661377,learn,56167.99998283386,Tue Mar 03 2026 16:52:15 GMT-0600 (Central Standard Time),579427.5,A,wheat,O,t,167,1,1382.0999999996277,578045.4000000004,7766,WL,C,2.0
4,4.332000017166138,learn,55667.99998283386,Tue Mar 03 2026 16:52:15 GMT-0600 (Central Standard Time),579927.4000000004,A,wheatenter,O,enter,479,1,1882.0,578045.4000000004,7766,WL,C,2.0
4,5.249000072479248,learn,54750.99992752075,Tue Mar 03 2026 16:52:15 GMT-0600 (Central Standard Time),580844.5,A,q,O,q,902,1,916.8000000007452,579927.6999999993,7766,WL,C,3.0
4,5.416000127792358,learn,54583.99987220764,Tue Mar 03 2026 16:52:15 GMT-0600 (Central Standard Time),581011.1999999993,A,qu,O,u,159,1,1083.5,579927.6999999993,7766,WL,C,3.0
4,5.732000112533569,learn,54267.99988746643,Tue Mar 03 2026 16:52:15 GMT-0600 (Central Standard Time),581327.0999999996,A,que,O,e,297,1,1399.4000000003723,579927.6999999993,7766,WL,C,3.0
4,5.930999994277954,learn,54069.000005722046,Tue Mar 03 2026 16:52:15 GMT-0600 (Central Standard Time),581525.6999999993,A,quee,O,e,181,1,1598.0,579927.6999999993,7766,WL,C,3.0
4,6.115000009536743,learn,53884.99999046326,Tue Mar 03 2026 16:52:15 GMT-0600 (Central Standard Time),581709.5999999996,A,queen,O,n,175,1,1781.9000000003723,579927.6999999993,7766,WL,C,3.0
4,6.598999977111816,learn,53401.00002288818,Tue Mar 03 2026 16:52:15 GMT-0600 (Central Standard Time),582194.2999999989,A,queenenter,O,enter,481,1,2266.5999999996275,579927.6999999993,7766,WL,C,3.0
4,7.098999977111816,learn,52901.00002288818,Tue Mar 03 2026 16:52:15 GMT-0600 (Central Standard Time),582694.2999999989,A,s,O,s,478,1,499.7999999988824,582194.5,7766,WL,C,4.0
4,7.265000104904175,learn,52734.99989509583,Tue Mar 03 2026 16:52:15 GMT-0600 (Central Standard Time),582859.6999999993,A,su,O,u,159,1,665.1999999992549,582194.5,7766,WL,C,4.0
4,7.514000177383423,learn,52485.99982261658,Tue Mar 03 2026 16:52:15 GMT-0600 (Central Standard Time),583109.4000000004,A,sug,O,g,230,1,914.9000000003724,582194.5,7766,WL,C,4.0
4,7.782000064849853,learn,52217.99993515015,Tue Mar 03 2026 16:52:15 GMT-0600 (Central Standard Time),583377.4000000004,A,suga,O,a,255,1,1182.9000000003723,582194.5,7766,WL,C,4.0
4,8.065000057220459,learn,51934.99994277954,Tue Mar 03 2026 16:52:15 GMT-0600 (Central Standard Time),583660.1999999993,A,sugar,O,r,267,1,1465.699999999255,582194.5,7766,WL,C,4.0
4,8.88100004196167,learn,51118.99995803833,Tue Mar 03 2026 16:52:15 GMT-0600 (Central Standard Time),584475.9000000004,A,sugarenter,O,enter,800,1,2281.4000000003725,582194.5,7766,WL,C,4.0
4,10.115000009536743,learn,49884.99999046326,Tue Mar 03 2026 16:52:15 GMT-0600 (Central Standard Time),585709.5999999996,A,h,O,h,1225,1,1233.5,584476.0999999996,7766,WL,C,5.0
4,10.299000024795532,learn,49700.99997520447,Tue Mar 03 2026 16:52:15 GMT-0600 (Central Standard Time),585893.6999999993,A,ho,O,o,177,1,1417.5999999996277,584476.0999999996,7766,WL,C,5.0
4,10.562999963760376,learn,49437.00003623962,Tue Mar 03 2026 16:52:15 GMT-0600 (Central Standard Time),586158.2999999989,A,hom,O,m,247,1,1682.199999999255,584476.0999999996,7766,WL,C,5.0
4,11.180999994277954,learn,48819.000005722046,Tue Mar 03 2026 16:52:15 GMT-0600 (Central Standard Time),586776.0,A,home,O,e,605,1,2299.9000000003725,584476.0999999996,7766,WL,C,5.0
4,12.02900004386902,learn,47970.99995613098,Tue Mar 03 2026 16:52:15 GMT-0600 (Central Standard Time),587624.4000000004,A,homeenter,O,enter,828,1,3148.300000000745,584476.0999999996,7766,WL,C,5.0
4,13.46399998664856,learn,46536.00001335144,Tue Mar 03 2026 16:52:15 GMT-0600 (Central Standard Time),589059.5,A,b,O,b,1429,1,1434.9000000003723,587624.5999999996,7766,WL,C,6.0
4,13.730000019073486,learn,46269.999980926514,Tue Mar 03 2026 16:52:15 GMT-0600 (Central Standard Time),589324.9000000004,A,bo,O,o,248,1,1700.300000000745,587624.5999999996,7766,WL,C,6.0
4,13.980000019073486,learn,46019.999980926514,Tue Mar 03 2026 16:52:15 GMT-0600 (Central Standard Time),589575.2999999989,A,boy,O,y,239,1,1950.699999999255,587624.5999999996,7766,WL,C,6.0
4,14.59599995613098,learn,45404.00004386902,Tue Mar 03 2026 16:52:15 GMT-0600 (Central Standard Time),590191.0999999996,A,boyenter,O,enter,604,1,2566.5,587624.5999999996,7766,WL,C,6.0
4,15.162000179290771,learn,44837.99982070923,Tue Mar 03 2026 16:52:15 GMT-0600 (Central Standard Time),590757.5,A,d,O,d,558,1,566.0999999996275,590191.4000000004,7766,WL,C,7.0
4,15.34599995613098,learn,44654.00004386902,Tue Mar 03 2026 16:52:15 GMT-0600 (Central Standard Time),590940.7999999989,A,do,O,o,161,1,749.3999999985099,590191.4000000004,7766,WL,C,7.0
4,15.578999996185305,learn,44421.0000038147,Tue Mar 03 2026 16:52:15 GMT-0600 (Central Standard Time),591174.0,A,doc,O,c,215,1,982.5999999996276,590191.4000000004,7766,WL,C,7.0
4,16.062999963760376,learn,43937.00003623962,Tue Mar 03 2026 16:52:15 GMT-0600 (Central Standard Time),591657.7999999989,A,doct,O,t,470,1,1466.39999999851,590191.4000000004,7766,WL,C,7.0
4,16.263000011444092,learn,43736.99998855591,Tue Mar 03 2026 16:52:15 GMT-0600 (Central Standard Time),591857.6999999993,A,docto,O,o,195,1,1666.2999999988824,590191.4000000004,7766,WL,C,7.0
4,17.062000036239624,learn,42937.999963760376,Tue Mar 03 2026 16:52:15 GMT-0600 (Central Standard Time),592657.5,A,doctor,O,r,795,1,2466.0999999996275,590191.4000000004,7766,WL,C,7.0
4,18.312000036239624,learn,41687.999963760376,Tue Mar 03 2026 16:52:15 GMT-0600 (Central Standard Time),593906.5999999996,A,doctorenter,O,enter,1234,1,3715.199999999255,590191.4000000004,7766,WL,C,7.0
4,19.278000116348267,learn,40721.99988365173,Tue Mar 03 2026 16:52:15 GMT-0600 (Central Standard Time),594873.0999999996,A,c,O,c,953,1,966.1999999992548,593906.9000000004,7766,WL,C,8.0
4,19.59500002861023,learn,40404.99997138977,Tue Mar 03 2026 16:52:15 GMT-0600 (Central Standard Time),595189.9000000004,A,ca,O,a,294,1,1283.0,593906.9000000004,7766,WL,C,8.0
4,19.811000108718872,learn,40188.99989128113,Tue Mar 03 2026 16:52:15 GMT-0600 (Central Standard Time),595406.0999999996,A,cam,O,m,207,1,1499.199999999255,593906.9000000004,7766,WL,C,8.0
4,20.061000108718872,learn,39938.99989128113,Tue Mar 03 2026 16:52:15 GMT-0600 (Central Standard Time),595655.6999999993,A,camp,O,p,238,1,1748.7999999988824,593906.9000000004,7766,WL,C,8.0
4,20.526999950408936,learn,39473.00004959106,Tue Mar 03 2026 16:52:15 GMT-0600 (Central Standard Time),596122.5,A,campenter,O,enter,446,1,2215.5999999996275,593906.9000000004,7766,WL,C,8.0
4,21.52900004386902,learn,38470.99995613098,Tue Mar 03 2026 16:52:15 GMT-0600 (Central Standard Time),597124.0999999996,A,c,O,c,985,1,1001.3000000007452,596122.7999999989,7766,WL,C,9.0
4,21.664000034332275,learn,38335.999965667725,Tue Mar 03 2026 16:52:15 GMT-0600 (Central Standard Time),597259.9000000004,A,co,O,o,128,1,1137.10000000149,596122.7999999989,7766,WL,C,9.0
4,21.927000045776367,learn,38072.99995422363,Tue Mar 03 2026 16:52:15 GMT-0600 (Central Standard Time),597523.0,A,cor,O,r,251,1,1400.2000000011176,596122.7999999989,7766,WL,C,9.0
4,22.276999950408936,learn,37723.00004959106,Tue Mar 03 2026 16:52:15 GMT-0600 (Central Standard Time),597872.0999999996,A,corn,O,n,338,1,1749.300000000745,596122.7999999989,7766,WL,C,9.0
4,22.84300017356873,learn,37156.99982643128,Tue Mar 03 2026 16:52:15 GMT-0600 (Central Standard Time),598438.0999999996,A,cornenter,O,enter,556,1,2315.300000000745,596122.7999999989,7766,WL,C,9.0
4,23.659000158309937,learn,36340.99984169006,Tue Mar 03 2026 16:52:15 GMT-0600 (Central Standard Time),599254.2999999989,A,f,O,f,798,1,815.8999999985099,598438.4000000004,7766,WL,C,10.0
4,23.842000007629395,learn,36157.999992370605,Tue Mar 03 2026 16:52:15 GMT-0600 (Central Standard Time),599437.7999999989,A,fl,O,l,163,1,999.39999999851,598438.4000000004,7766,WL,C,10.0
4,24.16100001335144,learn,35838.99998664856,Tue Mar 03 2026 16:52:15 GMT-0600 (Central Standard Time),599756.5,A,fla,O,a,311,1,1318.0999999996277,598438.4000000004,7766,WL,C,10.0
4,24.409000158309937,learn,35590.99984169006,Tue Mar 03 2026 16:52:15 GMT-0600 (Central Standard Time),600004.0999999996,A,flag,O,g,232,1,1565.699999999255,598438.4000000004,7766,WL,C,10.0
4,25.110000133514404,learn,34889.9998664856,Tue Mar 03 2026 16:52:15 GMT-0600 (Central Standard Time),600705.5,A,flagenter,O,enter,694,1,2267.0999999996275,598438.4000000004,7766,WL,C,10.0
4,25.725000143051147,learn,34274.99985694885,Tue Mar 03 2026 16:52:15 GMT-0600 (Central Standard Time),601321.0,A,l,O,l,603,1,615.2000000011176,600705.7999999989,7766,WL,C,11.0
4,26.16000008583069,learn,33839.99991416931,Tue Mar 03 2026 16:52:15 GMT-0600 (Central Standard Time),601755.4000000004,A,le,O,e,415,1,1049.60000000149,600705.7999999989,7766,WL,C,11.0
4,26.64199995994568,learn,33358.00004005432,Tue Mar 03 2026 16:52:15 GMT-0600 (Central Standard Time),602237.2999999989,A,let,O,t,463,1,1531.5,600705.7999999989,7766,WL,C,11.0
4,26.858999967575077,learn,33141.00003242493,Tue Mar 03 2026 16:52:15 GMT-0600 (Central Standard Time),602454.5999999996,A,lett,O,t,200,1,1748.800000000745,600705.7999999989,7766,WL,C,11.0
4,27.04100012779236,learn,32958.99987220764,Tue Mar 03 2026 16:52:15 GMT-0600 (Central Standard Time),602636.9000000004,A,lette,O,e,174,1,1931.10000000149,600705.7999999989,7766,WL,C,11.0
4,27.19300007820129,learn,32806.999921798706,Tue Mar 03 2026 16:52:15 GMT-0600 (Central Standard Time),602788.7999999989,A,letter,O,r,148,1,2083.0,600705.7999999989,7766,WL,C,11.0
4,28.10700011253357,learn,31892.99988746643,Tue Mar 03 2026 16:52:15 GMT-0600 (Central Standard Time),603702.5,A,letterenter,O,enter,903,1,2996.7000000011176,600705.7999999989,7766,WL,C,11.0
4,28.759000062942505,learn,31240.99993705749,Tue Mar 03 2026 16:52:15 GMT-0600 (Central Standard Time),604354.2999999989,A,n,O,n,637,1,651.5,603702.7999999989,7766,WL,C,12.0
4,28.991000175476078,learn,31008.99982452393,Tue Mar 03 2026 16:52:15 GMT-0600 (Central Standard Time),604586.9000000004,A,na,O,a,228,1,884.1000000014901,603702.7999999989,7766,WL,C,12.0
4,29.242000102996823,learn,30757.99989700317,Tue Mar 03 2026 16:52:15 GMT-0600 (Central Standard Time),604837.2999999989,A,nai,O,i,246,1,1134.5,603702.7999999989,7766,WL,C,12.0
4,30.10800004005432,learn,29891.99995994568,Tue Mar 03 2026 16:52:15 GMT-0600 (Central Standard Time),605703.4000000004,A,nail,O,l,856,1,2000.60000000149,603702.7999999989,7766,WL,C,12.0
4,30.789999961853027,learn,29210.000038146973,Tue Mar 03 2026 16:52:15 GMT-0600 (Central Standard Time),606385.4000000004,A,nailenter,O,enter,662,1,2682.60000000149,603702.7999999989,7766,WL,C,12.0
4,31.557000160217285,learn,28442.999839782715,Tue Mar 03 2026 16:52:15 GMT-0600 (Central Standard Time),607152.4000000004,A,c,O,c,749,1,766.9000000003725,606385.5,7766,WL,C,13.0
4,31.856000185012817,learn,28143.999814987183,Tue Mar 03 2026 16:52:15 GMT-0600 (Central Standard Time),607451.5999999996,A,ca,O,a,284,1,1066.0999999996277,606385.5,7766,WL,C,13.0
4,32.15700006484985,learn,27842.999935150143,Tue Mar 03 2026 16:52:15 GMT-0600 (Central Standard Time),607752.1999999993,A,cat,O,t,290,1,1366.699999999255,606385.5,7766,WL,C,13.0
4,32.35700011253357,learn,27642.99988746643,Tue Mar 03 2026 16:52:15 GMT-0600 (Central Standard Time),607952.0999999996,A,catt,O,t,188,1,1566.5999999996277,606385.5,7766,WL,C,13.0
4,32.57200002670288,learn,27427.99997329712,Tue Mar 03 2026 16:52:15 GMT-0600 (Central Standard Time),608168.0,A,cattl,O,l,204,1,1782.5,606385.5,7766,WL,C,13.0
4,32.84000015258789,learn,27159.99984741211,Tue Mar 03 2026 16:52:15 GMT-0600 (Central Standard Time),608435.5,A,cattle,O,e,255,1,2050.0,606385.5,7766,WL,C,13.0
4,33.57100009918213,learn,26428.99990081787,Tue Mar 03 2026 16:52:15 GMT-0600 (Central Standard Time),609166.7999999989,A,cattleenter,O,enter,721,1,2781.2999999988824,606385.5,7766,WL,C,13.0
4,34.223000049591064,learn,25776.999950408936,Tue Mar 03 2026 16:52:15 GMT-0600 (Central Standard Time),609818.6999999993,A,c,O,c,646,1,651.6999999992549,609167.0,7766,WL,C,14.0
4,34.79100012779236,learn,25208.99987220764,Tue Mar 03 2026 16:52:15 GMT-0600 (Central Standard Time),610386.9000000004,A,,O,backspace,547,1,1219.9000000003723,609167.0,7766,WL,C,14.0
4,35.08899998664856,learn,24911.00001335144,Tue Mar 03 2026 16:52:15 GMT-0600 (Central Standard Time),610684.0,A,s,O,s,289,1,1517.0,609167.0,7766,WL,C,14.0
4,35.58899998664856,learn,24411.00001335144,Tue Mar 03 2026 16:52:15 GMT-0600 (Central Standard Time),611184.4000000004,A,sh,O,h,481,1,2017.4000000003723,609167.0,7766,WL,C,14.0
4,35.807000160217285,learn,24192.999839782715,Tue Mar 03 2026 16:52:15 GMT-0600 (Central Standard Time),611402.4000000004,A,sho,O,o,194,1,2235.4000000003725,609167.0,7766,WL,C,14.0
4,36.02300000190735,learn,23976.99999809265,Tue Mar 03 2026 16:52:15 GMT-0600 (Central Standard Time),611619.0,A,shor,O,r,211,1,2452.0,609167.0,7766,WL,C,14.0
4,36.355000019073486,learn,23644.999980926517,Tue Mar 03 2026 16:52:15 GMT-0600 (Central Standard Time),611950.1999999993,A,shore,O,e,321,1,2783.199999999255,609167.0,7766,WL,C,14.0
4,36.83899998664856,learn,23161.00001335144,Tue Mar 03 2026 16:52:15 GMT-0600 (Central Standard Time),612434.9000000004,A,shoreenter,O,enter,479,1,3267.9000000003725,609167.0,7766,WL,C,14.0
4,37.33800005912781,learn,22661.999940872192,Tue Mar 03 2026 16:52:15 GMT-0600 (Central Standard Time),612933.9000000004,A,b,O,b,481,1,498.7000000011176,612435.1999999993,7766,WL,C,15.0
4,37.58800005912781,learn,22411.999940872192,Tue Mar 03 2026 16:52:15 GMT-0600 (Central Standard Time),613183.5,A,bo,O,o,238,1,748.3000000007451,612435.1999999993,7766,WL,C,15.0
4,37.99000000953674,learn,22009.999990463257,Tue Mar 03 2026 16:52:15 GMT-0600 (Central Standard Time),613585.6999999993,A,bod,O,d,381,1,1150.5,612435.1999999993,7766,WL,C,15.0
4,38.23900008201599,learn,21760.99991798401,Tue Mar 03 2026 16:52:15 GMT-0600 (Central Standard Time),613834.4000000004,A,body,O,y,235,1,1399.2000000011176,612435.1999999993,7766,WL,C,15.0
4,38.53700017929077,learn,21462.99982070923,Tue Mar 03 2026 16:52:15 GMT-0600 (Central Standard Time),614132.5,A,bodyenter,O,enter,290,1,1697.300000000745,612435.1999999993,7766,WL,C,15.0
5,0.8669998645782471,learn,60000.0,Tue Mar 03 2026 16:52:15 GMT-0600 (Central Standard Time),685427.6999999993,A,t,O,t,841,1,866.5,684561.1999999993,7766,WL,C,1.0
5,1.0339999198913574,learn,60000.0,Tue Mar 03 2026 16:52:15 GMT-0600 (Central Standard Time),685595.0999999996,A,to,O,o,162,1,1033.9000000003723,684561.1999999993,7766,WL,C,1.0
5,1.1999998092651367,learn,60000.0,Tue Mar 03 2026 16:52:15 GMT-0600 (Central Standard Time),685761.4000000004,A,tow,O,w,150,1,1200.2000000011176,684561.1999999993,7766,WL,C,1.0
5,1.4159998893737793,learn,60000.0,Tue Mar 03 2026 16:52:15 GMT-0600 (Central Standard Time),685976.6999999993,A,towe,O,e,204,1,1415.5,684561.1999999993,7766,WL,C,1.0
5,1.5499999523162842,learn,60000.0,Tue Mar 03 2026 16:52:15 GMT-0600 (Central Standard Time),686110.7999999989,A,tower,O,r,115,1,1549.5999999996277,684561.1999999993,7766,WL,C,1.0
5,2.382999897003174,learn,60000.0,Tue Mar 03 2026 16:52:15 GMT-0600 (Central Standard Time),686943.5999999996,A,towerenter,O,enter,811,1,2382.4000000003725,684561.1999999993,7766,WL,C,1.0
5,2.931999921798706,learn,60000.0,Tue Mar 03 2026 16:52:15 GMT-0600 (Central Standard Time),687493.1999999993,A,w,O,w,542,1,549.5,686943.6999999993,7766,WL,C,2.0
5,3.134999990463257,learn,60000.0,Tue Mar 03 2026 16:52:15 GMT-0600 (Central Standard Time),687695.5999999996,A,wh,O,h,182,1,751.9000000003725,686943.6999999993,7766,WL,C,2.0
5,3.2660000324249268,learn,60000.0,Tue Mar 03 2026 16:52:15 GMT-0600 (Central Standard Time),687827.5,A,whe,O,e,115,1,883.8000000007451,686943.6999999993,7766,WL,C,2.0
5,3.4659998416900635,learn,60000.0,Tue Mar 03 2026 16:52:15 GMT-0600 (Central Standard Time),688026.5999999996,A,whea,O,a,176,1,1082.9000000003723,686943.6999999993,7766,WL,C,2.0
5,3.6649999618530273,learn,60000.0,Tue Mar 03 2026 16:52:15 GMT-0600 (Central Standard Time),688226.0999999996,A,wheat,O,t,184,1,1282.4000000003723,686943.6999999993,7766,WL,C,2.0
5,4.332000017166138,learn,60000.0,Tue Mar 03 2026 16:52:15 GMT-0600 (Central Standard Time),688892.5999999996,A,wheatenter,O,enter,657,1,1948.9000000003723,686943.6999999993,7766,WL,C,2.0
5,5.380999803543091,learn,60000.0,Tue Mar 03 2026 16:52:15 GMT-0600 (Central Standard Time),689942.2999999989,A,q,O,q,1033,1,1049.5,688892.7999999989,7766,WL,C,3.0
5,5.56499981880188,learn,60000.0,Tue Mar 03 2026 16:52:15 GMT-0600 (Central Standard Time),690126.0,A,qu,O,u,164,1,1233.2000000011176,688892.7999999989,7766,WL,C,3.0
5,5.865000009536743,learn,60000.0,Tue Mar 03 2026 16:52:15 GMT-0600 (Central Standard Time),690426.4000000004,A,que,O,e,284,1,1533.60000000149,688892.7999999989,7766,WL,C,3.0
5,6.06499981880188,learn,60000.0,Tue Mar 03 2026 16:52:15 GMT-0600 (Central Standard Time),690626.1999999993,A,quee,O,e,194,1,1733.4000000003723,688892.7999999989,7766,WL,C,3.0
5,6.615000009536743,learn,60000.0,Tue Mar 03 2026 16:52:15 GMT-0600 (Central Standard Time),691175.6999999993,A,queen,O,n,537,1,2282.9000000003725,688892.7999999989,7766,WL,C,3.0
5,7.102999925613403,learn,60000.0,Tue Mar 03 2026 16:52:15 GMT-0600 (Central Standard Time),691664.2999999989,A,queenenter,O,enter,466,1,2771.5,688892.7999999989,7766,WL,C,3.0
5,7.532999992370605,learn,60000.0,Tue Mar 03 2026 16:52:15 GMT-0600 (Central Standard Time),692093.5,A,s,O,s,424,1,429.0999999996274,691664.4000000004,7766,WL,C,4.0
5,7.730000019073486,learn,60000.0,Tue Mar 03 2026 16:52:15 GMT-0600 (Central Standard Time),692291.2999999989,A,su,O,u,183,1,626.8999999985099,691664.4000000004,7766,WL,C,4.0
5,8.02999997138977,learn,60000.0,Tue Mar 03 2026 16:52:15 GMT-0600 (Central Standard Time),692590.7999999989,A,sug,O,g,277,1,926.39999999851,691664.4000000004,7766,WL,C,4.0
5,8.312999963760376,learn,60000.0,Tue Mar 03 2026 16:52:15 GMT-0600 (Central Standard Time),692874.2999999989,A,suga,O,a,271,1,1209.89999999851,691664.4000000004,7766,WL,C,4.0
5,8.596999883651733,learn,60000.0,Tue Mar 03 2026 16:52:15 GMT-0600 (Central Standard Time),693158.0999999996,A,sugar,O,r,264,1,1493.699999999255,691664.4000000004,7766,WL,C,4.0
5,9.082000017166138,learn,60000.0,Tue Mar 03 2026 16:52:15 GMT-0600 (Central Standard Time),693642.5,A,sugarenter,O,enter,470,1,1978.0999999996277,691664.4000000004,7766,WL,C,4.0
5,9.5479998588562,learn,60000.0,Tue Mar 03 2026 16:52:15 GMT-0600 (Central Standard Time),694109.0999999996,A,h,O,h,462,1,466.4000000003725,693642.6999999993,7766,WL,C,5.0
5,9.763000011444092,learn,60000.0,Tue Mar 03 2026 16:52:15 GMT-0600 (Central Standard Time),694324.0,A,ho,O,o,206,1,681.3000000007451,693642.6999999993,7766,WL,C,5.0
5,9.997999906539915,learn,60000.0,Tue Mar 03 2026 16:52:15 GMT-0600 (Central Standard Time),694558.7999999989,A,hom,O,m,221,1,916.0999999996276,693642.6999999993,7766,WL,C,5.0
5,10.329999923706056,learn,60000.0,Tue Mar 03 2026 16:52:15 GMT-0600 (Central Standard Time),694891.0999999996,A,home,O,e,319,1,1248.4000000003723,693642.6999999993,7766,WL,C,5.0
5,10.69700002670288,learn,60000.0,Tue Mar 03 2026 16:52:15 GMT-0600 (Central Standard Time),695257.6999999993,A,homeenter,O,enter,353,1,1615.0,693642.6999999993,7766,WL,C,5.0
5,13.02899980545044,learn,60000.0,Tue Mar 03 2026 16:52:15 GMT-0600 (Central Standard Time),697589.6999999993,A,b,O,b,2315,1,2331.7999999988824,695257.9000000004,7766,WL,C,6.0
5,13.311999797821043,learn,60000.0,Tue Mar 03 2026 16:52:15 GMT-0600 (Central Standard Time),697873.0,A,bo,O,o,258,1,2615.0999999996275,695257.9000000004,7766,WL,C,6.0
5,13.561999797821043,learn,60000.0,Tue Mar 03 2026 16:52:15 GMT-0600 (Central Standard Time),698123.1999999993,A,boy,O,y,245,1,2865.2999999988824,695257.9000000004,7766,WL,C,6.0
5,14.26199984550476,learn,60000.0,Tue Mar 03 2026 16:52:15 GMT-0600 (Central Standard Time),698823.0,A,boyenter,O,enter,682,1,3565.0999999996275,695257.9000000004,7766,WL,C,6.0
5,15.046000003814695,learn,60000.0,Tue Mar 03 2026 16:52:15 GMT-0600 (Central Standard Time),699606.6999999993,A,d,O,d,774,1,783.5,698823.1999999993,7766,WL,C,7.0
5,15.19599986076355,learn,60000.0,Tue Mar 03 2026 16:52:15 GMT-0600 (Central Standard Time),699756.5,A,do,O,o,133,1,933.3000000007452,698823.1999999993,7766,WL,C,7.0
5,15.444999933242798,learn,60000.0,Tue Mar 03 2026 16:52:15 GMT-0600 (Central Standard Time),700005.7999999989,A,doc,O,c,230,1,1182.5999999996277,698823.1999999993,7766,WL,C,7.0
5,15.84500002861023,learn,60000.0,Tue Mar 03 2026 16:52:15 GMT-0600 (Central Standard Time),700405.6999999993,A,doct,O,t,380,1,1582.5,698823.1999999993,7766,WL,C,7.0
5,16.09599995613098,learn,60000.0,Tue Mar 03 2026 16:52:15 GMT-0600 (Central Standard Time),700657.2999999989,A,docto,O,o,229,1,1834.0999999996277,698823.1999999993,7766,WL,C,7.0
5,16.67799997329712,learn,60000.0,Tue Mar 03 2026 16:52:15 GMT-0600 (Central Standard Time),701238.7999999989,A,doctor,O,r,565,1,2415.5999999996275,698823.1999999993,7766,WL,C,7.0
5,17.527999877929688,learn,60000.0,Tue Mar 03 2026 16:52:15 GMT-0600 (Central Standard Time),702089.0999999996,A,doctorenter,O,enter,838,1,3265.9000000003725,698823.1999999993,7766,WL,C,7.0
5,19.01099991798401,learn,60000.0,Tue Mar 03 2026 16:52:15 GMT-0600 (Central Standard Time),703571.9000000004,A,c,O,c,1468,1,1482.60000000149,702089.2999999989,7766,WL,C,8.0
5,19.27899980545044,learn,60000.0,Tue Mar 03 2026 16:52:15 GMT-0600 (Central Standard Time),703840.1999999993,A,ca,O,a,248,1,1750.9000000003723,702089.2999999989,7766,WL,C,8.0
5,19.527999877929688,learn,60000.0,Tue Mar 03 2026 16:52:15 GMT-0600 (Central Standard Time),704088.6999999993,A,cam,O,m,235,1,1999.4000000003723,702089.2999999989,7766,WL,C,8.0
5,20.042999982833862,learn,60000.0,Tue Mar 03 2026 16:52:15 GMT-0600 (Central Standard Time),704604.4000000004,A,camp,O,p,496,1,2515.10000000149,702089.2999999989,7766,WL,C,8.0
5,20.55900001525879,learn,60000.0,Tue Mar 03 2026 16:52:15 GMT-0600 (Central Standard Time),705120.4000000004,A,campenter,O,enter,495,1,3031.10000000149,702089.2999999989,7766,WL,C,8.0
5,20.960999965667725,learn,60000.0,Tue Mar 03 2026 16:52:15 GMT-0600 (Central Standard Time),705521.7999999989,A,c,O,c,389,1,401.0999999996274,705120.6999999993,7766,WL,C,9.0
5,21.176999807357788,learn,60000.0,Tue Mar 03 2026 16:52:15 GMT-0600 (Central Standard Time),705737.6999999993,A,co,O,o,195,1,617.0,705120.6999999993,7766,WL,C,9.0
5,21.40999984741211,learn,60000.0,Tue Mar 03 2026 16:52:15 GMT-0600 (Central Standard Time),705970.6999999993,A,cor,O,r,219,1,850.0,705120.6999999993,7766,WL,C,9.0
5,21.876999855041504,learn,60000.0,Tue Mar 03 2026 16:52:15 GMT-0600 (Central Standard Time),706438.0,A,corn,O,n,449,1,1317.300000000745,705120.6999999993,7766,WL,C,9.0
5,22.375999927520752,learn,60000.0,Tue Mar 03 2026 16:52:15 GMT-0600 (Central Standard Time),706936.9000000004,A,cornenter,O,enter,485,1,1816.2000000011176,705120.6999999993,7766,WL,C,9.0
5,22.893999814987183,learn,60000.0,Tue Mar 03 2026 16:52:15 GMT-0600 (Central Standard Time),707454.7999999989,A,f,O,f,507,1,517.6999999992549,706937.0999999996,7766,WL,C,10.0
5,23.126999855041504,learn,60000.0,Tue Mar 03 2026 16:52:15 GMT-0600 (Central Standard Time),707687.6999999993,A,fl,O,l,220,1,750.5999999996275,706937.0999999996,7766,WL,C,10.0
5,23.342999935150143,learn,60000.0,Tue Mar 03 2026 16:52:15 GMT-0600 (Central Standard Time),707903.9000000004,A,fla,O,a,196,1,966.8000000007452,706937.0999999996,7766,WL,C,10.0
5,23.74099993705749,learn,60000.0,Tue Mar 03 2026 16:52:15 GMT-0600 (Central Standard Time),708302.5,A,flag,O,g,381,1,1365.4000000003723,706937.0999999996,7766,WL,C,10.0
5,24.25799989700317,learn,60000.0,Tue Mar 03 2026 16:52:15 GMT-0600 (Central Standard Time),708819.4000000004,A,flagenter,O,enter,513,1,1882.300000000745,706937.0999999996,7766,WL,C,10.0
5,24.741999864578247,learn,60000.0,Tue Mar 03 2026 16:52:15 GMT-0600 (Central Standard Time),709302.7999999989,A,l,O,l,475,1,483.0999999996274,708819.6999999993,7766,WL,C,11.0
5,25.042999982833862,learn,60000.0,Tue Mar 03 2026 16:52:15 GMT-0600 (Central Standard Time),709604.0,A,le,O,e,294,1,784.3000000007451,708819.6999999993,7766,WL,C,11.0
5,25.50899982452393,learn,60000.0,Tue Mar 03 2026 16:52:15 GMT-0600 (Central Standard Time),710070.0,A,let,O,t,448,1,1250.300000000745,708819.6999999993,7766,WL,C,11.0
5,25.759999990463257,learn,60000.0,Tue Mar 03 2026 16:52:15 GMT-0600 (Central Standard Time),710320.5999999996,A,lett,O,t,230,1,1500.9000000003723,708819.6999999993,7766,WL,C,11.0
5,25.95899987220764,learn,60000.0,Tue Mar 03 2026 16:52:15 GMT-0600 (Central Standard Time),710520.2999999989,A,lette,O,e,179,1,1700.5999999996277,708819.6999999993,7766,WL,C,11.0
5,26.22499990463257,learn,60000.0,Tue Mar 03 2026 16:52:15 GMT-0600 (Central Standard Time),710786.5,A,letter,O,r,243,1,1966.800000000745,708819.6999999993,7766,WL,C,11.0
5,26.774999856948853,learn,60000.0,Tue Mar 03 2026 16:52:15 GMT-0600 (Central Standard Time),711336.0999999996,A,letterenter,O,enter,536,1,2516.4000000003725,708819.6999999993,7766,WL,C,11.0
5,27.491999864578247,learn,60000.0,Tue Mar 03 2026 16:52:15 GMT-0600 (Central Standard Time),712053.2999999989,A,n,O,n,713,1,717.0,711336.2999999989,7766,WL,C,12.0
5,27.691999912261963,learn,60000.0,Tue Mar 03 2026 16:52:15 GMT-0600 (Central Standard Time),712253.5,A,na,O,a,193,1,917.2000000011176,711336.2999999989,7766,WL,C,12.0
5,27.891000032424927,learn,60000.0,Tue Mar 03 2026 16:52:15 GMT-0600 (Central Standard Time),712452.4000000004,A,nai,O,i,181,1,1116.10000000149,711336.2999999989,7766,WL,C,12.0
5,28.391000032424927,learn,60000.0,Tue Mar 03 2026 16:52:15 GMT-0600 (Central Standard Time),712952.0999999996,A,nail,O,l,479,1,1615.800000000745,711336.2999999989,7766,WL,C,12.0
5,29.43999981880188,learn,60000.0,Tue Mar 03 2026 16:52:15 GMT-0600 (Central Standard Time),714001.2999999989,A,nailc,O,c,1035,1,2665.0,711336.2999999989,7766,WL,C,12.0
5,29.72499990463257,learn,60000.0,Tue Mar 03 2026 16:52:15 GMT-0600 (Central Standard Time),714286.0,A,nailca,O,a,261,1,2949.7000000011176,711336.2999999989,7766,WL,C,12.0
5,30.27300000190735,learn,60000.0,Tue Mar 03 2026 16:52:15 GMT-0600 (Central Standard Time),714834.5,A,nailcat,O,t,543,1,3498.2000000011176,711336.2999999989,7766,WL,C,12.0
5,30.472999811172485,learn,60000.0,Tue Mar 03 2026 16:52:15 GMT-0600 (Central Standard Time),715033.6999999993,A,nailcatt,O,t,175,1,3697.400000000373,711336.2999999989,7766,WL,C,12.0
5,30.688999891281128,learn,60000.0,Tue Mar 03 2026 16:52:15 GMT-0600 (Central Standard Time),715249.5999999996,A,nailcattl,O,l,208,1,3913.300000000745,711336.2999999989,7766,WL,C,12.0
5,31.14199995994568,learn,60000.0,Tue Mar 03 2026 16:52:15 GMT-0600 (Central Standard Time),715702.7999999989,A,nailcattle,O,e,437,1,4366.5,711336.2999999989,7766,WL,C,12.0
5,32.924999952316284,learn,60000.0,Tue Mar 03 2026 16:52:15 GMT-0600 (Central Standard Time),717486.2999999989,A,nailcattles,O,s,1765,1,6150.0,711336.2999999989,7766,WL,C,12.0
5,33.08899998664856,learn,60000.0,Tue Mar 03 2026 16:52:15 GMT-0600 (Central Standard Time),717650.9000000004,A,nailcattlesh,O,h,148,1,6314.60000000149,711336.2999999989,7766,WL,C,12.0
5,33.27300000190735,learn,60000.0,Tue Mar 03 2026 16:52:15 GMT-0600 (Central Standard Time),717834.6999999993,A,nailcattlesho,O,o,176,1,6498.4000000003725,711336.2999999989,7766,WL,C,12.0
5,33.49000000953674,learn,60000.0,Tue Mar 03 2026 16:52:15 GMT-0600 (Central Standard Time),718051.6999999993,A,nailcattleshor,O,r,210,1,6715.4000000003725,711336.2999999989,7766,WL,C,12.0
5,33.70599985122681,learn,60000.0,Tue Mar 03 2026 16:52:15 GMT-0600 (Central Standard Time),718267.0999999996,A,nailcattleshore,O,e,200,1,6930.800000000745,711336.2999999989,7766,WL,C,12.0
5,34.65399980545044,learn,60000.0,Tue Mar 03 2026 16:52:15 GMT-0600 (Central Standard Time),719215.1999999993,A,nailcattleshor,O,backspace,930,1,7878.900000000372,711336.2999999989,7766,WL,C,12.0
5,34.8899998664856,learn,60000.0,Tue Mar 03 2026 16:52:15 GMT-0600 (Central Standard Time),719451.6999999993,A,nailcattlesho,O,backspace,214,1,8115.400000000372,711336.2999999989,7766,WL,C,12.0
5,35.08699989318848,learn,60000.0,Tue Mar 03 2026 16:52:15 GMT-0600 (Central Standard Time),719648.0999999996,A,nailcattlesh,O,backspace,185,1,8311.800000000745,711336.2999999989,7766,WL,C,12.0
5,35.30399990081787,learn,60000.0,Tue Mar 03 2026 16:52:15 GMT-0600 (Central Standard Time),719865.0,A,nailcattles,O,backspace,206,1,8528.700000001118,711336.2999999989,7766,WL,C,12.0
5,35.50399994850159,learn,60000.0,Tue Mar 03 2026 16:52:15 GMT-0600 (Central Standard Time),720065.4000000004,A,nailcattle,O,backspace,197,1,8729.10000000149,711336.2999999989,7766,WL,C,12.0
5,35.75399994850159,learn,60000.0,Tue Mar 03 2026 16:52:15 GMT-0600 (Central Standard Time),720315.0,A,nailcattl,O,backspace,235,1,8978.700000001118,711336.2999999989,7766,WL,C,12.0
5,35.97000002861023,learn,60000.0,Tue Mar 03 2026 16:52:15 GMT-0600 (Central Standard Time),720531.5,A,nailcatt,O,backspace,203,1,9195.200000001118,711336.2999999989,7766,WL,C,12.0
5,36.1710000038147,learn,60000.0,Tue Mar 03 2026 16:52:15 GMT-0600 (Central Standard Time),720732.1999999993,A,nailcat,O,backspace,194,1,9395.900000000373,711336.2999999989,7766,WL,C,12.0
5,36.37099981307984,learn,60000.0,Tue Mar 03 2026 16:52:15 GMT-0600 (Central Standard Time),720932.6999999993,A,nailca,O,backspace,194,1,9596.400000000373,711336.2999999989,7766,WL,C,12.0
5,36.60399985313416,learn,60000.0,Tue Mar 03 2026 16:52:15 GMT-0600 (Central Standard Time),721165.4000000004,A,nailc,O,backspace,214,1,9829.10000000149,711336.2999999989,7766,WL,C,12.0
5,36.80399990081787,learn,60000.0,Tue Mar 03 2026 16:52:15 GMT-0600 (Central Standard Time),721365.5999999996,A,nail,O,backspace,190,1,10029.300000000743,711336.2999999989,7766,WL,C,12.0
5,37.58699989318848,learn,60000.0,Tue Mar 03 2026 16:52:15 GMT-0600 (Central Standard Time),722148.7999999989,A,nailenter,O,enter,774,1,10812.5,711336.2999999989,7766,WL,C,12.0
5,38.60399985313416,learn,60000.0,Tue Mar 03 2026 16:52:15 GMT-0600 (Central Standard Time),723165.5,A,f,O,f,1009,1,1016.4000000003724,722149.0999999996,7766,WL,C,13.0
5,38.77199983596802,learn,60000.0,Tue Mar 03 2026 16:52:15 GMT-0600 (Central Standard Time),723333.0999999996,A,fl,O,l,159,1,1184.0,722149.0999999996,7766,WL,C,13.0
5,39.60399985313416,learn,60000.0,Tue Mar 03 2026 16:52:15 GMT-0600 (Central Standard Time),724165.0999999996,A,f,O,backspace,814,1,2016.0,722149.0999999996,7766,WL,C,13.0
5,39.87099981307984,learn,60000.0,Tue Mar 03 2026 16:52:15 GMT-0600 (Central Standard Time),724432.0999999996,A,,O,backspace,253,1,2283.0,722149.0999999996,7766,WL,C,13.0
5,42.47000002861023,learn,60000.0,Tue Mar 03 2026 16:52:15 GMT-0600 (Central Standard Time),727031.6999999993,A,c,O,c,2590,1,4882.599999999628,722149.0999999996,7766,WL,C,13.0
5,42.77099990844727,learn,60000.0,Tue Mar 03 2026 16:52:15 GMT-0600 (Central Standard Time),727331.9000000004,A,ca,O,a,287,1,5182.800000000745,722149.0999999996,7766,WL,C,13.0
5,43.151999950408936,learn,60000.0,Tue Mar 03 2026 16:52:15 GMT-0600 (Central Standard Time),727713.7999999989,A,cat,O,t,369,1,5564.699999999255,722149.0999999996,7766,WL,C,13.0
5,43.30199980735779,learn,60000.0,Tue Mar 03 2026 16:52:15 GMT-0600 (Central Standard Time),727863.5,A,catt,O,t,130,1,5714.4000000003725,722149.0999999996,7766,WL,C,13.0
5,43.651999950408936,learn,60000.0,Tue Mar 03 2026 16:52:15 GMT-0600 (Central Standard Time),728213.5999999996,A,cattl,O,l,332,1,6064.5,722149.0999999996,7766,WL,C,13.0
5,43.8349997997284,learn,60000.0,Tue Mar 03 2026 16:52:15 GMT-0600 (Central Standard Time),728396.7999999989,A,cattle,O,e,174,1,6247.699999999255,722149.0999999996,7766,WL,C,13.0
5,44.45199990272522,learn,60000.0,Tue Mar 03 2026 16:52:15 GMT-0600 (Central Standard Time),729013.5,A,cattleenter,O,enter,601,1,6864.4000000003725,722149.0999999996,7766,WL,C,13.0
5,44.98599982261658,learn,60000.0,Tue Mar 03 2026 16:52:15 GMT-0600 (Central Standard Time),729547.1999999993,A,s,O,s,528,1,533.5,729013.6999999993,7766,WL,C,14.0
5,45.20299983024597,learn,60000.0,Tue Mar 03 2026 16:52:15 GMT-0600 (Central Standard Time),729764.5,A,sh,O,h,211,1,750.8000000007451,729013.6999999993,7766,WL,C,14.0
5,45.48599982261658,learn,60000.0,Tue Mar 03 2026 16:52:15 GMT-0600 (Central Standard Time),730047.0,A,sho,O,o,264,1,1033.300000000745,729013.6999999993,7766,WL,C,14.0
5,46.38499999046326,learn,60000.0,Tue Mar 03 2026 16:52:15 GMT-0600 (Central Standard Time),730946.6999999993,A,shor,O,r,894,1,1933.0,729013.6999999993,7766,WL,C,14.0
5,46.61800003051758,learn,60000.0,Tue Mar 03 2026 16:52:15 GMT-0600 (Central Standard Time),731179.4000000004,A,shore,O,e,219,1,2165.7000000011176,729013.6999999993,7766,WL,C,14.0
5,46.98499989509583,learn,60000.0,Tue Mar 03 2026 16:52:15 GMT-0600 (Central Standard Time),731546.5,A,shoreenter,O,enter,350,1,2532.800000000745,729013.6999999993,7766,WL,C,14.0
5,47.28600001335144,learn,60000.0,Tue Mar 03 2026 16:52:15 GMT-0600 (Central Standard Time),731847.2999999989,A,b,O,b,282,1,300.59999999962747,731546.6999999993,7766,WL,C,15.0
5,47.51899981498718,learn,60000.0,Tue Mar 03 2026 16:52:15 GMT-0600 (Central Standard Time),732080.5999999996,A,bo,O,o,213,1,533.9000000003725,731546.6999999993,7766,WL,C,15.0
5,47.83399987220764,learn,60000.0,Tue Mar 03 2026 16:52:15 GMT-0600 (Central Standard Time),732395.0999999996,A,bod,O,d,309,1,848.4000000003725,731546.6999999993,7766,WL,C,15.0
5,48.08399987220764,learn,60000.0,Tue Mar 03 2026 16:52:15 GMT-0600 (Central Standard Time),732645.9000000004,A,body,O,y,243,1,1099.2000000011176,731546.6999999993,7766,WL,C,15.0
5,48.38499999046326,learn,60000.0,Tue Mar 03 2026 16:52:15 GMT-0600 (Central Standard Time),732946.7999999989,A,bodyenter,O,enter,280,1,1400.0999999996277,731546.6999999993,7766,WL,C,15.0
6,1.1989998817443848,distr,58801.000118255615,Tue Mar 03 2026 16:52:15 GMT-0600 (Central Standard Time),819934.9000000004,B,s,O,s,1182,1,1198.5,818736.4000000004,7766,WL,C,1.0
6,1.364999771118164,distr,58635.00022888184,Tue Mar 03 2026 16:52:15 GMT-0600 (Central Standard Time),820100.6999999993,B,sk,O,k,156,1,1364.2999999988824,818736.4000000004,7766,WL,C,1.0
6,1.7989997863769531,distr,58201.00021362305,Tue Mar 03 2026 16:52:15 GMT-0600 (Central Standard Time),820534.7999999989,B,sky,O,y,421,1,1798.39999999851,818736.4000000004,7766,WL,C,1.0
6,2.2149999141693115,distr,57785.00008583069,Tue Mar 03 2026 16:52:15 GMT-0600 (Central Standard Time),820950.6999999993,B,skyenter,O,enter,399,1,2214.2999999988824,818736.4000000004,7766,WL,C,1.0
6,2.6669998168945312,distr,57333.00018310547,Tue Mar 03 2026 16:52:15 GMT-0600 (Central Standard Time),821402.5999999996,B,d,O,d,432,1,451.6999999992549,820950.9000000004,7766,WL,C,2.0
6,2.8999998569488525,distr,57100.00014305115,Tue Mar 03 2026 16:52:15 GMT-0600 (Central Standard Time),821635.5,B,do,O,o,224,1,684.5999999996275,820950.9000000004,7766,WL,C,2.0
6,3.25,distr,56750.0,Tue Mar 03 2026 16:52:15 GMT-0600 (Central Standard Time),821985.6999999993,B,dol,O,l,335,1,1034.7999999988824,820950.9000000004,7766,WL,C,2.0
6,3.4659998416900635,distr,56534.00015830994,Tue Mar 03 2026 16:52:15 GMT-0600 (Central Standard Time),822201.5,B,doll,O,l,203,1,1250.5999999996277,820950.9000000004,7766,WL,C,2.0
6,3.81499981880188,distr,56185.00018119812,Tue Mar 03 2026 16:52:15 GMT-0600 (Central Standard Time),822551.0,B,dolla,O,a,339,1,1600.0999999996277,820950.9000000004,7766,WL,C,2.0
6,4.797999858856201,distr,55202.0001411438,Tue Mar 03 2026 16:52:15 GMT-0600 (Central Standard Time),823534.2999999989,B,dollar,O,r,967,1,2583.39999999851,820950.9000000004,7766,WL,C,2.0
6,5.946999788284302,distr,54053.0002117157,Tue Mar 03 2026 16:52:15 GMT-0600 (Central Standard Time),824683.0,B,dollarenter,O,enter,1144,1,3732.099999999628,820950.9000000004,7766,WL,C,2.0
6,7.130999803543091,distr,52869.00019645691,Tue Mar 03 2026 16:52:15 GMT-0600 (Central Standard Time),825867.0,B,b,O,b,1162,1,1183.7000000011176,824683.2999999989,7766,WL,C,3.0
6,7.345999956130981,distr,52654.00004386902,Tue Mar 03 2026 16:52:15 GMT-0600 (Central Standard Time),826082.2999999989,B,bu,O,u,200,1,1399.0,824683.2999999989,7766,WL,C,3.0
6,7.762999773025513,distr,52237.00022697449,Tue Mar 03 2026 16:52:15 GMT-0600 (Central Standard Time),826498.7999999989,B,but,O,t,403,1,1815.5,824683.2999999989,7766,WL,C,3.0
6,7.944999933242798,distr,52055.0000667572,Tue Mar 03 2026 16:52:15 GMT-0600 (Central Standard Time),826681.1999999993,B,butt,O,t,176,1,1997.9000000003723,824683.2999999989,7766,WL,C,3.0
6,8.146999835968018,distr,51853.00016403198,Tue Mar 03 2026 16:52:15 GMT-0600 (Central Standard Time),826883.0999999996,B,butte,O,e,190,1,2199.800000000745,824683.2999999989,7766,WL,C,3.0
6,8.34499979019165,distr,51655.00020980835,Tue Mar 03 2026 16:52:15 GMT-0600 (Central Standard Time),827081.0,B,butter,O,r,185,1,2397.7000000011176,824683.2999999989,7766,WL,C,3.0
6,8.918999910354614,distr,51081.000089645386,Tue Mar 03 2026 16:52:15 GMT-0600 (Central Standard Time),827654.5999999996,B,butterenter,O,enter,549,1,2971.300000000745,824683.2999999989,7766,WL,C,3.0
6,9.394999980926514,distr,50605.000019073486,Tue Mar 03 2026 16:52:15 GMT-0600 (Central Standard Time),828130.6999999993,B,h,O,h,462,1,475.7999999988824,827654.9000000004,7766,WL,C,4.0
6,9.560999870300291,distr,50439.00012969971,Tue Mar 03 2026 16:52:15 GMT-0600 (Central Standard Time),828297.0999999996,B,ha,O,a,163,1,642.1999999992549,827654.9000000004,7766,WL,C,4.0
6,9.896999835968018,distr,50103.00016403198,Tue Mar 03 2026 16:52:15 GMT-0600 (Central Standard Time),828633.0999999996,B,hal,O,l,317,1,978.1999999992548,827654.9000000004,7766,WL,C,4.0
6,10.09599995613098,distr,49904.00004386902,Tue Mar 03 2026 16:52:15 GMT-0600 (Central Standard Time),828832.1999999993,B,hall,O,l,189,1,1177.2999999988824,827654.9000000004,7766,WL,C,4.0
6,10.87999987602234,distr,49120.00012397766,Tue Mar 03 2026 16:52:15 GMT-0600 (Central Standard Time),829615.5999999996,B,hallenter,O,enter,772,1,1960.699999999255,827654.9000000004,7766,WL,C,4.0
6,11.626999855041504,distr,48373.000144958496,Tue Mar 03 2026 16:52:15 GMT-0600 (Central Standard Time),830362.9000000004,B,m,O,m,742,1,747.2000000011176,829615.6999999993,7766,WL,C,5.0
6,11.91099977493286,distr,48089.00022506714,Tue Mar 03 2026 16:52:15 GMT-0600 (Central Standard Time),830647.0,B,mo,O,o,266,1,1031.300000000745,829615.6999999993,7766,WL,C,5.0
6,12.161999940872192,distr,47838.00005912781,Tue Mar 03 2026 16:52:15 GMT-0600 (Central Standard Time),830897.5999999996,B,mot,O,t,232,1,1281.9000000003723,829615.6999999993,7766,WL,C,5.0
6,12.330999851226808,distr,47669.00014877319,Tue Mar 03 2026 16:52:15 GMT-0600 (Central Standard Time),831067.0,B,moth,O,h,156,1,1451.300000000745,829615.6999999993,7766,WL,C,5.0
6,12.544999837875366,distr,47455.00016212464,Tue Mar 03 2026 16:52:15 GMT-0600 (Central Standard Time),831281.1999999993,B,mothe,O,e,191,1,1665.5,829615.6999999993,7766,WL,C,5.0
6,12.711999893188477,distr,47288.00010681152,Tue Mar 03 2026 16:52:15 GMT-0600 (Central Standard Time),831447.5,B,mother,O,r,146,1,1831.800000000745,829615.6999999993,7766,WL,C,5.0
6,13.176999807357788,distr,46823.00019264221,Tue Mar 03 2026 16:52:15 GMT-0600 (Central Standard Time),831912.6999999993,B,motherenter,O,enter,451,1,2297.0,829615.6999999993,7766,WL,C,5.0
6,14.049999952316284,distr,45950.00004768372,Tue Mar 03 2026 16:52:15 GMT-0600 (Central Standard Time),832786.1999999993,B,d,O,d,870,1,873.2999999988824,831912.9000000004,7766,WL,C,6.0
6,14.299999952316284,distr,45700.00004768372,Tue Mar 03 2026 16:52:15 GMT-0600 (Central Standard Time),833035.7999999989,B,di,O,i,235,1,1122.89999999851,831912.9000000004,7766,WL,C,6.0
6,14.494999885559082,distr,45505.00011444092,Tue Mar 03 2026 16:52:15 GMT-0600 (Central Standard Time),833230.6999999993,B,dia,O,a,178,1,1317.7999999988824,831912.9000000004,7766,WL,C,6.0
6,14.777999877929688,distr,45222.00012207031,Tue Mar 03 2026 16:52:15 GMT-0600 (Central Standard Time),833514.4000000004,B,diam,O,m,261,1,1601.5,831912.9000000004,7766,WL,C,6.0
6,14.994999885559082,distr,45005.00011444092,Tue Mar 03 2026 16:52:15 GMT-0600 (Central Standard Time),833730.6999999993,B,diamo,O,o,200,1,1817.7999999988824,831912.9000000004,7766,WL,C,6.0
6,15.178999900817873,distr,44821.00009918213,Tue Mar 03 2026 16:52:15 GMT-0600 (Central Standard Time),833914.5,B,diamon,O,n,169,1,2001.5999999996277,831912.9000000004,7766,WL,C,6.0
6,15.65999984741211,distr,44340.00015258789,Tue Mar 03 2026 16:52:15 GMT-0600 (Central Standard Time),834396.1999999993,B,diamond,O,d,473,1,2483.2999999988824,831912.9000000004,7766,WL,C,6.0
6,15.944000005722046,distr,44055.999994277954,Tue Mar 03 2026 16:52:15 GMT-0600 (Central Standard Time),834679.9000000004,B,diamondenter,O,enter,264,1,2767.0,831912.9000000004,7766,WL,C,6.0
6,16.32699990272522,distr,43673.00009727478,Tue Mar 03 2026 16:52:15 GMT-0600 (Central Standard Time),835062.7999999989,B,w,O,w,373,1,382.5999999996274,834680.1999999993,7766,WL,C,7.0
6,16.543999910354614,distr,43456.000089645386,Tue Mar 03 2026 16:52:15 GMT-0600 (Central Standard Time),835279.7999999989,B,wi,O,i,196,1,599.5999999996275,834680.1999999993,7766,WL,C,7.0
6,16.709999799728394,distr,43290.00020027161,Tue Mar 03 2026 16:52:15 GMT-0600 (Central Standard Time),835446.5,B,win,O,n,148,1,766.3000000007451,834680.1999999993,7766,WL,C,7.0
6,17.043999910354614,distr,42956.000089645386,Tue Mar 03 2026 16:52:15 GMT-0600 (Central Standard Time),835779.9000000004,B,wint,O,t,318,1,1099.7000000011176,834680.1999999993,7766,WL,C,7.0
6,17.244999885559082,distr,42755.00011444092,Tue Mar 03 2026 16:52:15 GMT-0600 (Central Standard Time),835980.6999999993,B,winte,O,e,196,1,1300.5,834680.1999999993,7766,WL,C,7.0
6,17.47599983215332,distr,42524.00016784668,Tue Mar 03 2026 16:52:15 GMT-0600 (Central Standard Time),836212.2999999989,B,winter,O,r,215,1,1532.0999999996277,834680.1999999993,7766,WL,C,7.0
6,17.777999877929688,distr,42222.00012207031,Tue Mar 03 2026 16:52:15 GMT-0600 (Central Standard Time),836513.7999999989,B,winterenter,O,enter,277,1,1833.5999999996277,834680.1999999993,7766,WL,C,7.0
6,18.241999864578247,distr,41758.00013542175,Tue Mar 03 2026 16:52:15 GMT-0600 (Central Standard Time),836978.6999999993,B,c,O,c,450,1,464.7999999988824,836513.9000000004,7766,WL,C,8.0
6,18.473999977111816,distr,41526.00002288818,Tue Mar 03 2026 16:52:15 GMT-0600 (Central Standard Time),837210.1999999993,B,ch,O,h,225,1,696.2999999988824,836513.9000000004,7766,WL,C,8.0
6,18.692999839782715,distr,41307.000160217285,Tue Mar 03 2026 16:52:15 GMT-0600 (Central Standard Time),837429.1999999993,B,chr,O,r,212,1,915.2999999988824,836513.9000000004,7766,WL,C,8.0
6,18.90999984741211,distr,41090.00015258789,Tue Mar 03 2026 16:52:15 GMT-0600 (Central Standard Time),837646.0,B,chri,O,i,199,1,1132.0999999996277,836513.9000000004,7766,WL,C,8.0
6,19.061999797821045,distr,40938.00020217896,Tue Mar 03 2026 16:52:15 GMT-0600 (Central Standard Time),837798.0,B,chris,O,s,135,1,1284.0999999996277,836513.9000000004,7766,WL,C,8.0
6,19.292999982833862,distr,40707.00001716614,Tue Mar 03 2026 16:52:15 GMT-0600 (Central Standard Time),838028.9000000004,B,christ,O,t,218,1,1515.0,836513.9000000004,7766,WL,C,8.0
6,19.50899982452393,distr,40491.00017547608,Tue Mar 03 2026 16:52:15 GMT-0600 (Central Standard Time),838245.4000000004,B,christm,O,m,207,1,1731.5,836513.9000000004,7766,WL,C,8.0
6,19.85699987411499,distr,40143.00012588501,Tue Mar 03 2026 16:52:15 GMT-0600 (Central Standard Time),838593.5,B,christma,O,a,341,1,2079.5999999996275,836513.9000000004,7766,WL,C,8.0
6,20.525999784469604,distr,39474.0002155304,Tue Mar 03 2026 16:52:15 GMT-0600 (Central Standard Time),839261.7999999989,B,christmas,O,s,661,1,2747.89999999851,836513.9000000004,7766,WL,C,8.0
6,20.941999912261963,distr,39058.00008773804,Tue Mar 03 2026 16:52:15 GMT-0600 (Central Standard Time),839678.4000000004,B,christmasenter,O,enter,407,1,3164.5,836513.9000000004,7766,WL,C,8.0
6,24.52300000190735,distr,35476.99999809265,Tue Mar 03 2026 16:52:15 GMT-0600 (Central Standard Time),843259.4000000004,B,m,O,m,3574,1,3580.60000000149,839678.7999999989,7766,WL,C,9.0
6,24.75799989700317,distr,35242.000102996826,Tue Mar 03 2026 16:52:15 GMT-0600 (Central Standard Time),843493.7999999989,B,me,O,e,219,1,3815.0,839678.7999999989,7766,WL,C,9.0
6,24.94099998474121,distr,35059.00001525879,Tue Mar 03 2026 16:52:15 GMT-0600 (Central Standard Time),843677.6999999993,B,mea,O,a,175,1,3998.900000000373,839678.7999999989,7766,WL,C,9.0
6,25.140999794006348,distr,34859.00020599365,Tue Mar 03 2026 16:52:15 GMT-0600 (Central Standard Time),843877.5,B,meat,O,t,184,1,4198.700000001118,839678.7999999989,7766,WL,C,9.0
6,25.60699987411499,distr,34393.00012588501,Tue Mar 03 2026 16:52:15 GMT-0600 (Central Standard Time),844343.6999999993,B,meatenter,O,enter,446,1,4664.9000000003725,839678.7999999989,7766,WL,C,9.0
6,26.1399998664856,distr,33860.000133514404,Tue Mar 03 2026 16:52:15 GMT-0600 (Central Standard Time),844876.7999999989,B,t,O,t,517,1,532.7999999988824,844344.0,7766,WL,C,10.0
6,26.607999801635746,distr,33392.00019836426,Tue Mar 03 2026 16:52:15 GMT-0600 (Central Standard Time),845344.5,B,to,O,o,455,1,1000.5,844344.0,7766,WL,C,10.0
6,26.822999954223636,distr,33177.00004577637,Tue Mar 03 2026 16:52:15 GMT-0600 (Central Standard Time),845559.7999999989,B,too,O,o,197,1,1215.7999999988824,844344.0,7766,WL,C,10.0
6,27.3899998664856,distr,32610.000133514404,Tue Mar 03 2026 16:52:15 GMT-0600 (Central Standard Time),846126.5,B,tool,O,l,548,1,1782.5,844344.0,7766,WL,C,10.0
6,28.58899998664856,distr,31411.00001335144,Tue Mar 03 2026 16:52:15 GMT-0600 (Central Standard Time),847325.0999999996,B,toolenter,O,enter,1190,1,2981.0999999996275,844344.0,7766,WL,C,10.0
6,29.354999780654907,distr,30645.000219345093,Tue Mar 03 2026 16:52:15 GMT-0600 (Central Standard Time),848091.4000000004,B,p,O,p,751,1,766.1000000014901,847325.2999999989,7766,WL,C,11.0
6,29.60699987411499,distr,30393.00012588501,Tue Mar 03 2026 16:52:15 GMT-0600 (Central Standard Time),848343.1999999993,B,pl,O,l,243,1,1017.9000000003724,847325.2999999989,7766,WL,C,11.0
6,29.8899998664856,distr,30110.000133514404,Tue Mar 03 2026 16:52:15 GMT-0600 (Central Standard Time),848626.5999999996,B,pla,O,a,260,1,1301.300000000745,847325.2999999989,7766,WL,C,11.0
6,30.271999835968018,distr,29728.000164031982,Tue Mar 03 2026 16:52:15 GMT-0600 (Central Standard Time),849008.4000000004,B,plan,O,n,369,1,1683.10000000149,847325.2999999989,7766,WL,C,11.0
6,30.87399983406067,distr,29126.00016593933,Tue Mar 03 2026 16:52:15 GMT-0600 (Central Standard Time),849610.0999999996,B,plant,O,t,583,1,2284.800000000745,847325.2999999989,7766,WL,C,11.0
6,31.90599989891052,distr,28094.00010108948,Tue Mar 03 2026 16:52:15 GMT-0600 (Central Standard Time),850642.6999999993,B,plantenter,O,enter,1026,1,3317.4000000003725,847325.2999999989,7766,WL,C,11.0
6,56.53099989891052,distr,3469.000101089477,Tue Mar 03 2026 16:52:15 GMT-0600 (Central Standard Time),875267.5,B,enter,O,enter,24610,1,24624.599999999627,850642.9000000004,7766,WL,C,12.0
6,57.22999978065491,distr,2770.000219345093,Tue Mar 03 2026 16:52:15 GMT-0600 (Central Standard Time),875966.1999999993,B,enter,O,enter,688,1,698.5,875267.6999999993,7766,WL,C,13.0
6,57.86199998855591,distr,2138.000011444092,Tue Mar 03 2026 16:52:15 GMT-0600 (Central Standard Time),876598.5,B,enter,O,enter,615,1,632.0,875966.5,7766,WL,C,14.0
6,58.51399993896485,distr,1486.0000610351562,Tue Mar 03 2026 16:52:15 GMT-0600 (Central Standard Time),877250.0,B,enter,O,enter,639,1,651.2000000011176,876598.7999999989,7766,WL,C,15.0
7,5.483000040054321,immed,54516.99995994568,Tue Mar 03 2026 16:52:15 GMT-0600 (Central Standard Time),903393.2999999988,A,t,O,t,5461,1,5482.199999999255,897911.0999999996,7766,WL,C,1.0
7,5.732000112533569,immed,54267.99988746643,Tue Mar 03 2026 16:52:15 GMT-0600 (Central Standard Time),903642.7999999988,A,to,O,o,233,1,5731.699999999255,897911.0999999996,7766,WL,C,1.0
7,5.985000133514404,immed,54014.9998664856,Tue Mar 03 2026 16:52:15 GMT-0600 (Central Standard Time),903895.2999999988,A,tow,O,w,243,1,5984.199999999255,897911.0999999996,7766,WL,C,1.0
7,6.13100004196167,immed,53868.99995803833,Tue Mar 03 2026 16:52:15 GMT-0600 (Central Standard Time),904041.2999999988,A,towe,O,e,135,1,6130.199999999255,897911.0999999996,7766,WL,C,1.0
7,6.332000017166138,immed,53667.99998283386,Tue Mar 03 2026 16:52:15 GMT-0600 (Central Standard Time),904242.4000000004,A,tower,O,r,186,1,6331.300000000745,897911.0999999996,7766,WL,C,1.0
7,6.914000034332275,immed,53085.999965667725,Tue Mar 03 2026 16:52:15 GMT-0600 (Central Standard Time),904824.2999999988,A,towerenter,O,enter,557,1,6913.199999999255,897911.0999999996,7766,WL,C,1.0
7,7.297000169754028,immed,52702.99983024597,Tue Mar 03 2026 16:52:15 GMT-0600 (Central Standard Time),905207.2999999988,A,w,O,w,364,1,382.7999999988824,904824.5,7766,WL,C,2.0
7,7.46399998664856,immed,52536.00001335144,Tue Mar 03 2026 16:52:15 GMT-0600 (Central Standard Time),905374.6999999993,A,wh,O,h,155,1,550.1999999992549,904824.5,7766,WL,C,2.0
7,7.63100004196167,immed,52368.99995803833,Tue Mar 03 2026 16:52:15 GMT-0600 (Central Standard Time),905541.4000000004,A,whe,O,e,160,1,716.9000000003725,904824.5,7766,WL,C,2.0
7,7.830000162124634,immed,52169.999837875366,Tue Mar 03 2026 16:52:15 GMT-0600 (Central Standard Time),905740.4000000004,A,whea,O,a,182,1,915.9000000003724,904824.5,7766,WL,C,2.0
7,8.046000003814697,immed,51953.9999961853,Tue Mar 03 2026 16:52:15 GMT-0600 (Central Standard Time),905957.0999999996,A,wheat,O,t,198,1,1132.5999999996277,904824.5,7766,WL,C,2.0
7,8.53000020980835,immed,51469.99979019165,Tue Mar 03 2026 16:52:15 GMT-0600 (Central Standard Time),906440.4000000004,A,wheatenter,O,enter,469,1,1615.9000000003723,904824.5,7766,WL,C,2.0
7,9.747000217437744,immed,50252.999782562256,Tue Mar 03 2026 16:52:15 GMT-0600 (Central Standard Time),907657.7999999988,A,q,O,q,1195,1,1217.0999999996277,906440.6999999993,7766,WL,C,3.0
7,9.896000146865845,immed,50103.99985313416,Tue Mar 03 2026 16:52:15 GMT-0600 (Central Standard Time),907806.5,A,qu,O,u,128,1,1365.800000000745,906440.6999999993,7766,WL,C,3.0
7,10.146000146865845,immed,49853.99985313416,Tue Mar 03 2026 16:52:15 GMT-0600 (Central Standard Time),908056.4000000004,A,que,O,e,239,1,1615.7000000011176,906440.6999999993,7766,WL,C,3.0
7,10.314000129699709,immed,49685.99987030029,Tue Mar 03 2026 16:52:15 GMT-0600 (Central Standard Time),908224.2999999988,A,quee,O,e,152,1,1783.5999999996277,906440.6999999993,7766,WL,C,3.0
7,10.59600019454956,immed,49403.99980545044,Tue Mar 03 2026 16:52:15 GMT-0600 (Central Standard Time),908506.0999999996,A,queen,O,n,265,1,2065.4000000003725,906440.6999999993,7766,WL,C,3.0
7,11.01200008392334,immed,48987.99991607666,Tue Mar 03 2026 16:52:15 GMT-0600 (Central Standard Time),908922.9000000004,A,queenenter,O,enter,400,1,2482.2000000011176,906440.6999999993,7766,WL,C,3.0
7,11.398000001907349,immed,48601.99999809265,Tue Mar 03 2026 16:52:15 GMT-0600 (Central Standard Time),909308.1999999993,A,s,O,s,379,1,385.0,908923.1999999993,7766,WL,C,4.0
7,11.57800006866455,immed,48421.99993133545,Tue Mar 03 2026 16:52:15 GMT-0600 (Central Standard Time),909489.0,A,su,O,u,157,1,565.8000000007451,908923.1999999993,7766,WL,C,4.0
7,11.812000036239624,immed,48187.999963760376,Tue Mar 03 2026 16:52:15 GMT-0600 (Central Standard Time),909722.6999999993,A,sug,O,g,210,1,799.5,908923.1999999993,7766,WL,C,4.0
7,12.062000036239624,immed,47937.999963760376,Tue Mar 03 2026 16:52:15 GMT-0600 (Central Standard Time),909972.5,A,suga,O,a,238,1,1049.300000000745,908923.1999999993,7766,WL,C,4.0
7,12.312000036239624,immed,47687.999963760376,Tue Mar 03 2026 16:52:15 GMT-0600 (Central Standard Time),910222.1999999993,A,sugar,O,r,232,1,1299.0,908923.1999999993,7766,WL,C,4.0
7,12.795000076293944,immed,47204.999923706055,Tue Mar 03 2026 16:52:15 GMT-0600 (Central Standard Time),910705.5999999996,A,sugarenter,O,enter,466,1,1782.4000000003723,908923.1999999993,7766,WL,C,4.0
7,13.313000202178957,immed,46686.999797821045,Tue Mar 03 2026 16:52:15 GMT-0600 (Central Standard Time),911223.1999999993,A,h,O,h,507,1,517.4000000003725,910705.7999999988,7766,WL,C,5.0
7,13.562000036239624,immed,46437.999963760376,Tue Mar 03 2026 16:52:15 GMT-0600 (Central Standard Time),911472.2999999988,A,ho,O,o,235,1,766.5,910705.7999999988,7766,WL,C,5.0
7,13.795000076293944,immed,46204.999923706055,Tue Mar 03 2026 16:52:15 GMT-0600 (Central Standard Time),911706.0,A,hom,O,m,214,1,1000.2000000011176,910705.7999999988,7766,WL,C,5.0
7,14.196000099182127,immed,45803.99990081787,Tue Mar 03 2026 16:52:15 GMT-0600 (Central Standard Time),912106.7999999988,A,home,O,e,385,1,1401.0,910705.7999999988,7766,WL,C,5.0
7,14.66100001335144,immed,45338.99998664856,Tue Mar 03 2026 16:52:15 GMT-0600 (Central Standard Time),912571.5,A,homeenter,O,enter,443,1,1865.7000000011176,910705.7999999988,7766,WL,C,5.0
7,15.09500002861023,immed,44904.99997138977,Tue Mar 03 2026 16:52:15 GMT-0600 (Central Standard Time),913005.0999999996,A,b,O,b,426,1,433.30000000074506,912571.7999999988,7766,WL,C,6.0
7,15.3270001411438,immed,44672.9998588562,Tue Mar 03 2026 16:52:15 GMT-0600 (Central Standard Time),913238.0999999996,A,bo,O,o,213,1,666.3000000007451,912571.7999999988,7766,WL,C,6.0
7,15.627000093460085,immed,44372.99990653992,Tue Mar 03 2026 16:52:15 GMT-0600 (Central Standard Time),913537.9000000004,A,boy,O,y,291,1,966.10000000149,912571.7999999988,7766,WL,C,6.0
7,16.061000108718872,immed,43938.99989128113,Tue Mar 03 2026 16:52:15 GMT-0600 (Central Standard Time),913971.4000000004,A,boyenter,O,enter,416,1,1399.60000000149,912571.7999999988,7766,WL,C,6.0
7,16.711000204086304,immed,43288.999795913696,Tue Mar 03 2026 16:52:15 GMT-0600 (Central Standard Time),914621.9000000004,A,d,O,d,642,1,650.3000000007451,913971.5999999996,7766,WL,C,7.0
7,16.861000061035156,immed,43138.99993896485,Tue Mar 03 2026 16:52:15 GMT-0600 (Central Standard Time),914771.1999999993,A,do,O,o,133,1,799.5999999996275,913971.5999999996,7766,WL,C,7.0
7,17.110000133514404,immed,42889.9998664856,Tue Mar 03 2026 16:52:15 GMT-0600 (Central Standard Time),915020.6999999993,A,doc,O,c,232,1,1049.0999999996277,913971.5999999996,7766,WL,C,7.0
7,17.461000204086304,immed,42538.999795913696,Tue Mar 03 2026 16:52:15 GMT-0600 (Central Standard Time),915371.4000000004,A,doct,O,t,342,1,1399.800000000745,913971.5999999996,7766,WL,C,7.0
7,17.610000133514404,immed,42389.9998664856,Tue Mar 03 2026 16:52:15 GMT-0600 (Central Standard Time),915521.0999999996,A,docto,O,o,128,1,1549.5,913971.5999999996,7766,WL,C,7.0
7,17.91100001335144,immed,42088.99998664856,Tue Mar 03 2026 16:52:15 GMT-0600 (Central Standard Time),915821.5,A,doctor,O,r,281,1,1849.9000000003723,913971.5999999996,7766,WL,C,7.0
7,18.460000038146973,immed,41539.99996185303,Tue Mar 03 2026 16:52:15 GMT-0600 (Central Standard Time),916370.4000000004,A,doctorenter,O,enter,541,1,2398.800000000745,913971.5999999996,7766,WL,C,7.0
7,19.192000150680546,immed,40807.99984931946,Tue Mar 03 2026 16:52:15 GMT-0600 (Central Standard Time),917102.7999999988,A,c,O,c,716,1,732.0999999996275,916370.6999999993,7766,WL,C,8.0
7,19.44400000572205,immed,40555.999994277954,Tue Mar 03 2026 16:52:15 GMT-0600 (Central Standard Time),917354.5999999996,A,ca,O,a,248,1,983.9000000003724,916370.6999999993,7766,WL,C,8.0
7,19.60900020599365,immed,40390.99979400635,Tue Mar 03 2026 16:52:15 GMT-0600 (Central Standard Time),917520.0,A,cam,O,m,154,1,1149.300000000745,916370.6999999993,7766,WL,C,8.0
7,19.909000158309937,immed,40090.99984169006,Tue Mar 03 2026 16:52:15 GMT-0600 (Central Standard Time),917819.7999999988,A,camp,O,p,287,1,1449.0999999996277,916370.6999999993,7766,WL,C,8.0
7,20.9760000705719,immed,39023.9999294281,Tue Mar 03 2026 16:52:15 GMT-0600 (Central Standard Time),918886.0999999996,A,campenter,O,enter,1047,1,2515.4000000003725,916370.6999999993,7766,WL,C,8.0
7,21.45900011062622,immed,38540.99988937378,Tue Mar 03 2026 16:52:15 GMT-0600 (Central Standard Time),919369.9000000004,A,c,O,c,464,1,483.4000000003725,918886.5,7766,WL,C,9.0
7,21.60900020599365,immed,38390.99979400635,Tue Mar 03 2026 16:52:15 GMT-0600 (Central Standard Time),919519.5999999996,A,co,O,o,130,1,633.0999999996275,918886.5,7766,WL,C,9.0
7,21.81000018119812,immed,38189.99981880188,Tue Mar 03 2026 16:52:15 GMT-0600 (Central Standard Time),919720.4000000004,A,cor,O,r,183,1,833.9000000003725,918886.5,7766,WL,C,9.0
7,22.05800008773804,immed,37941.99991226196,Tue Mar 03 2026 16:52:15 GMT-0600 (Central Standard Time),919968.9000000004,A,corn,O,n,227,1,1082.4000000003723,918886.5,7766,WL,C,9.0
7,23.04200005531311,immed,36957.99994468689,Tue Mar 03 2026 16:52:15 GMT-0600 (Central Standard Time),920952.7999999988,A,cornf,O,f,965,1,2066.2999999988824,918886.5,7766,WL,C,9.0
7,23.70800018310547,immed,36291.99981689453,Tue Mar 03 2026 16:52:15 GMT-0600 (Central Standard Time),921618.6999999993,A,corn,O,backspace,651,1,2732.199999999255,918886.5,7766,WL,C,9.0
7,24.509000062942505,immed,35490.999937057495,Tue Mar 03 2026 16:52:15 GMT-0600 (Central Standard Time),922419.2999999988,A,cornenter,O,enter,789,1,3532.7999999988824,918886.5,7766,WL,C,9.0
7,25.574000120162964,immed,34425.99987983704,Tue Mar 03 2026 16:52:15 GMT-0600 (Central Standard Time),923484.5999999996,A,f,O,f,1046,1,1065.0999999996277,922419.5,7766,WL,C,10.0
7,25.758000135421756,immed,34241.99986457825,Tue Mar 03 2026 16:52:15 GMT-0600 (Central Standard Time),923668.1999999993,A,fl,O,l,177,1,1248.699999999255,922419.5,7766,WL,C,10.0
7,25.992000102996823,immed,34007.999897003174,Tue Mar 03 2026 16:52:15 GMT-0600 (Central Standard Time),923902.5,A,fla,O,a,214,1,1483.0,922419.5,7766,WL,C,10.0
7,26.475000143051147,immed,33524.99985694885,Tue Mar 03 2026 16:52:15 GMT-0600 (Central Standard Time),924385.4000000004,A,flag,O,g,462,1,1965.9000000003723,922419.5,7766,WL,C,10.0
7,27.5220000743866,immed,32477.999925613403,Tue Mar 03 2026 16:52:15 GMT-0600 (Central Standard Time),925433.0999999996,A,flagenter,O,enter,1027,1,3013.5999999996275,922419.5,7766,WL,C,10.0
7,28.35700011253357,immed,31642.99988746643,Tue Mar 03 2026 16:52:15 GMT-0600 (Central Standard Time),926268.0,A,n,O,n,828,1,834.7000000011176,925433.2999999988,7766,WL,C,11.0
7,28.623000144958496,immed,31376.999855041504,Tue Mar 03 2026 16:52:15 GMT-0600 (Central Standard Time),926533.9000000004,A,na,O,a,247,1,1100.60000000149,925433.2999999988,7766,WL,C,11.0
7,28.824000120162964,immed,31175.99987983704,Tue Mar 03 2026 16:52:15 GMT-0600 (Central Standard Time),926734.2999999988,A,nai,O,i,180,1,1301.0,925433.2999999988,7766,WL,C,11.0
7,29.1560001373291,immed,30843.9998626709,Tue Mar 03 2026 16:52:15 GMT-0600 (Central Standard Time),927066.9000000004,A,nail,O,l,317,1,1633.60000000149,925433.2999999988,7766,WL,C,11.0
7,29.55800008773804,immed,30441.999912261963,Tue Mar 03 2026 16:52:15 GMT-0600 (Central Standard Time),927469.0,A,nailenter,O,enter,382,1,2035.7000000011176,925433.2999999988,7766,WL,C,11.0
7,30.0550000667572,immed,29944.9999332428,Tue Mar 03 2026 16:52:15 GMT-0600 (Central Standard Time),927965.6999999993,A,l,O,l,486,1,496.1999999992549,927469.5,7766,WL,C,12.0
7,30.324000120162964,immed,29675.99987983704,Tue Mar 03 2026 16:52:15 GMT-0600 (Central Standard Time),928234.1999999993,A,le,O,e,255,1,764.6999999992549,927469.5,7766,WL,C,12.0
7,30.689000129699707,immed,29310.999870300293,Tue Mar 03 2026 16:52:15 GMT-0600 (Central Standard Time),928599.7999999988,A,let,O,t,347,1,1130.2999999988824,927469.5,7766,WL,C,12.0
7,30.907999992370605,immed,29092.000007629395,Tue Mar 03 2026 16:52:15 GMT-0600 (Central Standard Time),928818.2999999988,A,lett,O,t,204,1,1348.7999999988824,927469.5,7766,WL,C,12.0
7,31.206000089645386,immed,28793.99991035461,Tue Mar 03 2026 16:52:15 GMT-0600 (Central Standard Time),929116.2999999988,A,lette,O,e,292,1,1646.7999999988824,927469.5,7766,WL,C,12.0
7,31.356000185012817,immed,28643.999814987183,Tue Mar 03 2026 16:52:15 GMT-0600 (Central Standard Time),929266.2999999988,A,letter,O,r,143,1,1796.7999999988824,927469.5,7766,WL,C,12.0
7,31.82200002670288,immed,28177.99997329712,Tue Mar 03 2026 16:52:15 GMT-0600 (Central Standard Time),929732.6999999993,A,letterenter,O,enter,455,1,2263.199999999255,927469.5,7766,WL,C,12.0
7,32.68900012969971,immed,27310.999870300293,Tue Mar 03 2026 16:52:15 GMT-0600 (Central Standard Time),930599.5999999996,A,c,O,c,856,1,866.6999999992549,929732.9000000004,7766,WL,C,13.0
7,33.039000034332275,immed,26960.999965667725,Tue Mar 03 2026 16:52:15 GMT-0600 (Central Standard Time),930949.4000000004,A,ca,O,a,331,1,1216.5,929732.9000000004,7766,WL,C,13.0
7,33.37400007247925,immed,26625.999927520752,Tue Mar 03 2026 16:52:15 GMT-0600 (Central Standard Time),931284.5999999996,A,cat,O,t,330,1,1551.699999999255,929732.9000000004,7766,WL,C,13.0
7,33.57200002670288,immed,26427.99997329712,Tue Mar 03 2026 16:52:15 GMT-0600 (Central Standard Time),931483.0,A,catt,O,t,183,1,1750.0999999996277,929732.9000000004,7766,WL,C,13.0
7,33.83800005912781,immed,26161.999940872192,Tue Mar 03 2026 16:52:15 GMT-0600 (Central Standard Time),931748.5999999996,A,cattl,O,l,257,1,2015.699999999255,929732.9000000004,7766,WL,C,13.0
7,34.105000019073486,immed,25894.999980926517,Tue Mar 03 2026 16:52:15 GMT-0600 (Central Standard Time),932015.5,A,cattle,O,e,248,1,2282.5999999996275,929732.9000000004,7766,WL,C,13.0
7,34.58800005912781,immed,25411.999940872192,Tue Mar 03 2026 16:52:15 GMT-0600 (Central Standard Time),932498.9000000004,A,cattleenter,O,enter,467,1,2766.0,929732.9000000004,7766,WL,C,13.0
7,35.004000186920166,immed,24995.999813079838,Tue Mar 03 2026 16:52:15 GMT-0600 (Central Standard Time),932914.9000000004,A,s,O,s,409,1,415.7000000011176,932499.1999999993,7766,WL,C,14.0
7,35.22100019454956,immed,24778.99980545044,Tue Mar 03 2026 16:52:15 GMT-0600 (Central Standard Time),933131.9000000004,A,sh,O,h,210,1,632.7000000011176,932499.1999999993,7766,WL,C,14.0
7,35.47000002861023,immed,24529.99997138977,Tue Mar 03 2026 16:52:15 GMT-0600 (Central Standard Time),933381.0,A,sho,O,o,238,1,881.8000000007451,932499.1999999993,7766,WL,C,14.0
7,35.77300000190735,immed,24226.99999809265,Tue Mar 03 2026 16:52:15 GMT-0600 (Central Standard Time),933683.0999999996,A,shor,O,r,281,1,1183.9000000003723,932499.1999999993,7766,WL,C,14.0
7,35.98900008201599,immed,24010.99991798401,Tue Mar 03 2026 16:52:15 GMT-0600 (Central Standard Time),933899.5999999996,A,shore,O,e,209,1,1400.4000000003723,932499.1999999993,7766,WL,C,14.0
7,36.70500016212464,immed,23294.999837875366,Tue Mar 03 2026 16:52:15 GMT-0600 (Central Standard Time),934615.5999999996,A,shoreenter,O,enter,697,1,2116.4000000003725,932499.1999999993,7766,WL,C,14.0
7,37.87000012397766,immed,22129.99987602234,Tue Mar 03 2026 16:52:15 GMT-0600 (Central Standard Time),935780.1999999993,A,b,O,b,1149,1,1164.4000000003723,934615.7999999988,7766,WL,C,15.0
7,38.0530002117157,immed,21946.9997882843,Tue Mar 03 2026 16:52:15 GMT-0600 (Central Standard Time),935964.0999999996,A,bo,O,o,177,1,1348.300000000745,934615.7999999988,7766,WL,C,15.0
7,38.254000186920166,immed,21745.999813079838,Tue Mar 03 2026 16:52:15 GMT-0600 (Central Standard Time),936164.1999999993,A,bod,O,d,196,1,1548.4000000003723,934615.7999999988,7766,WL,C,15.0
7,38.52000021934509,immed,21479.999780654907,Tue Mar 03 2026 16:52:15 GMT-0600 (Central Standard Time),936430.4000000004,A,body,O,y,255,1,1814.60000000149,934615.7999999988,7766,WL,C,15.0
7,38.82100009918213,immed,21178.99990081787,Tue Mar 03 2026 16:52:15 GMT-0600 (Central Standard Time),936731.1999999993,A,bodyenter,O,enter,288,1,2115.4000000003725,934615.7999999988,7766,WL,C,15.0
