block_c,block_dur,condition,countdown,datetime,endtime,list,multichar_response,project,response,response_time,session_number,start_end,starttime,subject_id,task,task_vers,trial
,,,,Tue Aug 25 2026 18:01:19 GMT-0500 (Central Daylight Time),,,,I,space,915,1,,,8149,WL,B,
prac,,0,,Tue Aug 25 2026 18:01:19 GMT-0500 (Central Daylight Time),,NA,b,I,b,2260,1,,,8149,WL,B,1.0
prac,,0,,Tue Aug 25 2026 18:01:19 GMT-0500 (Central Daylight Time),,NA,bo,I,o,358,1,,,8149,WL,B,1.0
prac,,0,,Tue Aug 25 2026 18:01:19 GMT-0500 (Central Daylight Time),,NA,boo,I,o,167,1,,,8149,WL,B,1.0
prac,,0,,Tue Aug 25 2026 18:01:19 GMT-0500 (Central Daylight Time),,NA,boos,I,s,112,1,,,8149,WL,B,1.0
prac,,0,,Tue Aug 25 2026 18:01:19 GMT-0500 (Central Daylight Time),,NA,boost,I,t,203,1,,,8149,WL,B,1.0
prac,,0,,Tue Aug 25 2026 18:01:19 GMT-0500 (Central Daylight Time),,NA,boostenter,I,enter,2803,1,,,8149,WL,B,1.0
1,3.4820001125335693,learn,56517.99988746643,Tue Aug 25 2026 18:01:19 GMT-0500 (Central Daylight Time),136371.5,A,f,I,f,3463,1,3481.7000000178814,132889.79999998212,8149,WL,B,1.0
1,3.56600022315979,learn,56433.99977684021,Tue Aug 25 2026 18:01:19 GMT-0500 (Central Daylight Time),136454.69999998808,A,fi,I,i,69,1,3564.9000000059605,132889.79999998212,8149,WL,B,1.0
1,3.7320001125335693,learn,56267.99988746643,Tue Aug 25 2026 18:01:19 GMT-0500 (Central Daylight Time),136621.59999999404,A,fir,I,r,148,1,3731.800000011921,132889.79999998212,8149,WL,B,1.0
1,3.8320000171661377,learn,56167.99998283386,Tue Aug 25 2026 18:01:19 GMT-0500 (Central Daylight Time),136721.5,A,fire,I,e,78,1,3831.7000000178814,132889.79999998212,8149,WL,B,1.0
1,4.449000120162964,learn,55550.999879837036,Tue Aug 25 2026 18:01:19 GMT-0500 (Central Daylight Time),137338.0,A,fireenter,I,enter,601,1,4448.200000017881,132889.79999998212,8149,WL,B,1.0
1,6.5320000648498535,learn,53467.99993515015,Tue Aug 25 2026 18:01:19 GMT-0500 (Central Daylight Time),139420.89999997616,A,w,I,w,2072,1,2082.5,137338.39999997616,8149,WL,B,2.0
1,6.715000152587891,learn,53284.99984741211,Tue Aug 25 2026 18:01:19 GMT-0500 (Central Daylight Time),139603.79999998212,A,wi,I,i,174,1,2265.4000000059605,137338.39999997616,8149,WL,B,2.0
1,7.015000104904175,learn,52984.999895095825,Tue Aug 25 2026 18:01:19 GMT-0500 (Central Daylight Time),139903.79999998212,A,wif,I,f,278,1,2565.4000000059605,137338.39999997616,8149,WL,B,2.0
1,7.181000232696533,learn,52818.99976730347,Tue Aug 25 2026 18:01:19 GMT-0500 (Central Daylight Time),140070.5,A,wife,I,e,146,1,2732.100000023842,137338.39999997616,8149,WL,B,2.0
1,7.382000207901001,learn,52617.999792099,Tue Aug 25 2026 18:01:19 GMT-0500 (Central Daylight Time),140270.79999998212,A,wifeenter,I,enter,180,1,2932.4000000059605,137338.39999997616,8149,WL,B,2.0
1,8.064000129699707,learn,51935.99987030029,Tue Aug 25 2026 18:01:19 GMT-0500 (Central Daylight Time),140953.5,A,a,I,a,668,1,682.3000000119209,140271.19999998808,8149,WL,B,3.0
1,8.214000225067139,learn,51785.99977493286,Tue Aug 25 2026 18:01:19 GMT-0500 (Central Daylight Time),141103.39999997616,A,ar,I,r,135,1,832.1999999880791,140271.19999998808,8149,WL,B,3.0
1,8.38100004196167,learn,51618.99995803833,Tue Aug 25 2026 18:01:19 GMT-0500 (Central Daylight Time),141270.0,A,arm,I,m,147,1,998.8000000119209,140271.19999998808,8149,WL,B,3.0
1,8.581000089645386,learn,51418.999910354614,Tue Aug 25 2026 18:01:19 GMT-0500 (Central Daylight Time),141470.29999998212,A,armenter,I,enter,181,1,1199.0999999940395,140271.19999998808,8149,WL,B,3.0
1,8.981000185012817,learn,51018.99981498718,Tue Aug 25 2026 18:01:19 GMT-0500 (Central Daylight Time),141870.09999999404,A,g,I,g,388,1,399.30000001192093,141470.79999998212,8149,WL,B,4.0
1,9.19700002670288,learn,50802.99997329712,Tue Aug 25 2026 18:01:19 GMT-0500 (Central Daylight Time),142086.5,A,gr,I,r,196,1,615.7000000178814,141470.79999998212,8149,WL,B,4.0
1,9.331000089645386,learn,50668.999910354614,Tue Aug 25 2026 18:01:19 GMT-0500 (Central Daylight Time),142219.79999998212,A,gra,I,a,115,1,749.0,141470.79999998212,8149,WL,B,4.0
1,9.44700002670288,learn,50552.99997329712,Tue Aug 25 2026 18:01:19 GMT-0500 (Central Daylight Time),142336.19999998808,A,gras,I,s,110,1,865.4000000059605,141470.79999998212,8149,WL,B,4.0
1,9.647000074386597,learn,50352.9999256134,Tue Aug 25 2026 18:01:19 GMT-0500 (Central Daylight Time),142536.39999997616,A,grass,I,s,194,1,1065.5999999940395,141470.79999998212,8149,WL,B,4.0
1,9.814000129699707,learn,50185.99987030029,Tue Aug 25 2026 18:01:19 GMT-0500 (Central Daylight Time),142702.79999998212,A,grassenter,I,enter,146,1,1232.0,141470.79999998212,8149,WL,B,4.0
1,10.114000082015991,learn,49885.99991798401,Tue Aug 25 2026 18:01:19 GMT-0500 (Central Daylight Time),143003.19999998808,A,c,I,c,291,1,299.90000000596046,142703.29999998212,8149,WL,B,5.0
1,10.198000192642212,learn,49801.99980735779,Tue Aug 25 2026 18:01:19 GMT-0500 (Central Daylight Time),143086.69999998808,A,ci,I,i,72,1,383.40000000596046,142703.29999998212,8149,WL,B,5.0
1,10.380000114440918,learn,49619.99988555908,Tue Aug 25 2026 18:01:19 GMT-0500 (Central Daylight Time),143269.39999997616,A,cit,I,t,165,1,566.0999999940395,142703.29999998212,8149,WL,B,5.0
1,10.463000059127808,learn,49536.99994087219,Tue Aug 25 2026 18:01:19 GMT-0500 (Central Daylight Time),143352.5,A,city,I,y,73,1,649.2000000178814,142703.29999998212,8149,WL,B,5.0
1,10.680000066757202,learn,49319.9999332428,Tue Aug 25 2026 18:01:19 GMT-0500 (Central Daylight Time),143569.09999999404,A,cityenter,I,enter,210,1,865.8000000119209,142703.29999998212,8149,WL,B,5.0
1,11.097000122070312,learn,48902.99987792969,Tue Aug 25 2026 18:01:19 GMT-0500 (Central Daylight Time),143985.79999998212,A,s,I,s,410,1,416.40000000596046,143569.39999997616,8149,WL,B,6.0
1,11.28000020980835,learn,48719.99979019165,Tue Aug 25 2026 18:01:19 GMT-0500 (Central Daylight Time),144169.19999998808,A,st,I,t,162,1,599.8000000119209,143569.39999997616,8149,WL,B,6.0
1,11.497000217437744,learn,48502.999782562256,Tue Aug 25 2026 18:01:19 GMT-0500 (Central Daylight Time),144385.69999998808,A,str,I,r,209,1,816.3000000119209,143569.39999997616,8149,WL,B,6.0
1,11.747000217437744,learn,48252.999782562256,Tue Aug 25 2026 18:01:19 GMT-0500 (Central Daylight Time),144635.59999999404,A,stre,I,e,239,1,1066.2000000178814,143569.39999997616,8149,WL,B,6.0
1,11.896000146865845,learn,48103.999853134155,Tue Aug 25 2026 18:01:19 GMT-0500 (Central Daylight Time),144785.59999999404,A,stree,I,e,143,1,1216.2000000178814,143569.39999997616,8149,WL,B,6.0
1,12.046000003814697,learn,47953.9999961853,Tue Aug 25 2026 18:01:19 GMT-0500 (Central Daylight Time),144935.39999997616,A,street,I,t,137,1,1366.0,143569.39999997616,8149,WL,B,6.0
1,12.213000059127808,learn,47786.99994087219,Tue Aug 25 2026 18:01:19 GMT-0500 (Central Daylight Time),145102.59999999404,A,streetenter,I,enter,148,1,1533.2000000178814,143569.39999997616,8149,WL,B,6.0
1,12.597000122070312,learn,47402.99987792969,Tue Aug 25 2026 18:01:19 GMT-0500 (Central Daylight Time),145485.69999998808,A,c,I,c,373,1,382.59999999403954,145103.09999999404,8149,WL,B,7.0
1,12.746000051498413,learn,47253.99994850159,Tue Aug 25 2026 18:01:19 GMT-0500 (Central Daylight Time),145635.29999998212,A,ca,I,a,133,1,532.1999999880791,145103.09999999404,8149,WL,B,7.0
1,12.92900013923645,learn,47070.99986076355,Tue Aug 25 2026 18:01:19 GMT-0500 (Central Daylight Time),145818.59999999404,A,cab,I,b,173,1,715.5,145103.09999999404,8149,WL,B,7.0
1,13.09600019454956,learn,46903.99980545044,Tue Aug 25 2026 18:01:19 GMT-0500 (Central Daylight Time),145985.09999999404,A,cabi,I,i,159,1,882.0,145103.09999999404,8149,WL,B,7.0
1,13.213000059127808,learn,46786.99994087219,Tue Aug 25 2026 18:01:19 GMT-0500 (Central Daylight Time),146101.79999998212,A,cabin,I,n,98,1,998.6999999880791,145103.09999999404,8149,WL,B,7.0
1,13.446000099182129,learn,46553.99990081787,Tue Aug 25 2026 18:01:19 GMT-0500 (Central Daylight Time),146335.5,A,cabinenter,I,enter,213,1,1232.4000000059605,145103.09999999404,8149,WL,B,7.0
1,13.930000066757202,learn,46069.9999332428,Tue Aug 25 2026 18:01:19 GMT-0500 (Central Daylight Time),146818.59999999404,A,w,I,w,468,1,482.80000001192093,146335.79999998212,8149,WL,B,8.0
1,14.013000011444092,learn,45986.99998855591,Tue Aug 25 2026 18:01:19 GMT-0500 (Central Daylight Time),146901.69999998808,A,wi,I,i,72,1,565.9000000059605,146335.79999998212,8149,WL,B,8.0
1,14.129000186920166,learn,45870.999813079834,Tue Aug 25 2026 18:01:19 GMT-0500 (Central Daylight Time),147018.29999998212,A,win,I,n,101,1,682.5,146335.79999998212,8149,WL,B,8.0
1,14.279000043869019,learn,45720.99995613098,Tue Aug 25 2026 18:01:19 GMT-0500 (Central Daylight Time),147168.19999998808,A,wind,I,d,128,1,832.4000000059605,146335.79999998212,8149,WL,B,8.0
1,14.547000169754028,learn,45452.99983024597,Tue Aug 25 2026 18:01:19 GMT-0500 (Central Daylight Time),147436.19999998808,A,windo,I,o,252,1,1100.4000000059605,146335.79999998212,8149,WL,B,8.0
1,14.712000131607056,learn,45287.999868392944,Tue Aug 25 2026 18:01:19 GMT-0500 (Central Daylight Time),147601.59999999404,A,window,I,w,144,1,1265.800000011921,146335.79999998212,8149,WL,B,8.0
1,14.862000226974487,learn,45137.99977302551,Tue Aug 25 2026 18:01:19 GMT-0500 (Central Daylight Time),147751.59999999404,A,windowenter,I,enter,130,1,1415.800000011921,146335.79999998212,8149,WL,B,8.0
1,15.78000020980835,learn,44219.99979019165,Tue Aug 25 2026 18:01:19 GMT-0500 (Central Daylight Time),148668.79999998212,A,s,I,s,908,1,916.6999999880791,147752.09999999404,8149,WL,B,9.0
1,15.945000171661377,learn,44054.99982833862,Tue Aug 25 2026 18:01:19 GMT-0500 (Central Daylight Time),148834.59999999404,A,st,I,t,151,1,1082.5,147752.09999999404,8149,WL,B,9.0
1,16.112000226974487,learn,43887.99977302551,Tue Aug 25 2026 18:01:19 GMT-0500 (Central Daylight Time),149001.59999999404,A,sta,I,a,154,1,1249.5,147752.09999999404,8149,WL,B,9.0
1,16.195000171661377,learn,43804.99982833862,Tue Aug 25 2026 18:01:19 GMT-0500 (Central Daylight Time),149084.5,A,star,I,r,74,1,1332.4000000059605,147752.09999999404,8149,WL,B,9.0
1,16.66200017929077,learn,43337.99982070923,Tue Aug 25 2026 18:01:19 GMT-0500 (Central Daylight Time),149550.79999998212,A,starenter,I,enter,455,1,1798.699999988079,147752.09999999404,8149,WL,B,9.0
1,25.426000118255615,learn,34573.999881744385,Tue Aug 25 2026 18:01:19 GMT-0500 (Central Daylight Time),158315.09999999404,A,a,I,a,8757,1,8764.0,149551.09999999404,8149,WL,B,10.0
1,27.991000175476074,learn,32008.999824523926,Tue Aug 25 2026 18:01:19 GMT-0500 (Central Daylight Time),160880.59999999404,A,ar,I,r,2543,1,11329.5,149551.09999999404,8149,WL,B,10.0
1,28.908000230789185,learn,31091.999769210815,Tue Aug 25 2026 18:01:19 GMT-0500 (Central Daylight Time),161797.09999999404,A,arm,I,m,906,1,12246.0,149551.09999999404,8149,WL,B,10.0
1,29.60700011253357,learn,30392.99988746643,Tue Aug 25 2026 18:01:19 GMT-0500 (Central Daylight Time),162496.59999999404,A,armenter,I,enter,686,1,12945.5,149551.09999999404,8149,WL,B,10.0
1,32.10700011253357,learn,27892.99988746643,Tue Aug 25 2026 18:01:19 GMT-0500 (Central Daylight Time),164996.0,A,p,I,p,2482,1,2499.100000023842,162496.89999997616,8149,WL,B,11.0
1,32.223000049591064,learn,27776.999950408936,Tue Aug 25 2026 18:01:19 GMT-0500 (Central Daylight Time),165112.89999997616,A,pu,I,u,94,1,2616.0,162496.89999997616,8149,WL,B,11.0
1,32.390000104904175,learn,27609.999895095825,Tue Aug 25 2026 18:01:19 GMT-0500 (Central Daylight Time),165279.79999998212,A,pup,I,p,154,1,2782.9000000059605,162496.89999997616,8149,WL,B,11.0
1,32.77300000190735,learn,27226.99999809265,Tue Aug 25 2026 18:01:19 GMT-0500 (Central Daylight Time),165662.39999997616,A,pu,I,backspace,371,1,3165.5,162496.89999997616,8149,WL,B,11.0
1,33.290000200271606,learn,26709.999799728394,Tue Aug 25 2026 18:01:19 GMT-0500 (Central Daylight Time),166178.89999997616,A,pup,I,p,508,1,3682.0,162496.89999997616,8149,WL,B,11.0
1,33.473000049591064,learn,26526.999950408936,Tue Aug 25 2026 18:01:19 GMT-0500 (Central Daylight Time),166362.39999997616,A,pupi,I,i,168,1,3865.5,162496.89999997616,8149,WL,B,11.0
1,33.6560001373291,learn,26343.9998626709,Tue Aug 25 2026 18:01:19 GMT-0500 (Central Daylight Time),166545.79999998212,A,pupil,I,l,170,1,4048.9000000059605,162496.89999997616,8149,WL,B,11.0
1,33.873000144958496,learn,26126.999855041504,Tue Aug 25 2026 18:01:19 GMT-0500 (Central Daylight Time),166762.19999998808,A,pupilenter,I,enter,202,1,4265.300000011921,162496.89999997616,8149,WL,B,11.0
1,34.206000089645386,learn,25793.999910354614,Tue Aug 25 2026 18:01:19 GMT-0500 (Central Daylight Time),167095.29999998212,A,f,I,f,321,1,332.69999998807907,166762.59999999404,8149,WL,B,12.0
1,34.2720000743866,learn,25727.999925613403,Tue Aug 25 2026 18:01:19 GMT-0500 (Central Daylight Time),167161.89999997616,A,fi,I,i,52,1,399.2999999821186,166762.59999999404,8149,WL,B,12.0
1,34.4060001373291,learn,25593.9998626709,Tue Aug 25 2026 18:01:19 GMT-0500 (Central Daylight Time),167295.19999998808,A,fir,I,r,120,1,532.5999999940395,166762.59999999404,8149,WL,B,12.0
1,34.48900008201599,learn,25510.99991798401,Tue Aug 25 2026 18:01:19 GMT-0500 (Central Daylight Time),167378.69999998808,A,fire,I,e,67,1,616.0999999940395,166762.59999999404,8149,WL,B,12.0
1,34.73900008201599,learn,25260.99991798401,Tue Aug 25 2026 18:01:19 GMT-0500 (Central Daylight Time),167628.79999998212,A,fireenter,I,enter,241,1,866.1999999880791,166762.59999999404,8149,WL,B,12.0
1,35.206000089645386,learn,24793.999910354614,Tue Aug 25 2026 18:01:19 GMT-0500 (Central Daylight Time),168095.09999999404,A,p,I,p,447,1,465.90000000596046,167629.19999998808,8149,WL,B,13.0
1,35.32200002670288,learn,24677.99997329712,Tue Aug 25 2026 18:01:19 GMT-0500 (Central Daylight Time),168211.5,A,pi,I,i,99,1,582.3000000119209,167629.19999998808,8149,WL,B,13.0
1,35.455000162124634,learn,24544.999837875366,Tue Aug 25 2026 18:01:19 GMT-0500 (Central Daylight Time),168344.79999998212,A,pip,I,p,127,1,715.5999999940395,167629.19999998808,8149,WL,B,13.0
1,35.623000144958496,learn,24376.999855041504,Tue Aug 25 2026 18:01:19 GMT-0500 (Central Daylight Time),168512.79999998212,A,pipe,I,e,146,1,883.5999999940395,167629.19999998808,8149,WL,B,13.0
1,35.7720000743866,learn,24227.999925613403,Tue Aug 25 2026 18:01:19 GMT-0500 (Central Daylight Time),168661.89999997616,A,pipeenter,I,enter,138,1,1032.699999988079,167629.19999998808,8149,WL,B,13.0
1,39.15500020980835,learn,20844.99979019165,Tue Aug 25 2026 18:01:19 GMT-0500 (Central Daylight Time),172044.09999999404,A,d,I,d,3366,1,3381.7000000178814,168662.39999997616,8149,WL,B,14.0
1,39.23900008201599,learn,20760.99991798401,Tue Aug 25 2026 18:01:19 GMT-0500 (Central Daylight Time),172128.39999997616,A,do,I,o,72,1,3466.0,168662.39999997616,8149,WL,B,14.0
1,39.38800001144409,learn,20611.99998855591,Tue Aug 25 2026 18:01:19 GMT-0500 (Central Daylight Time),172277.29999998212,A,doo,I,o,140,1,3614.9000000059605,168662.39999997616,8149,WL,B,14.0
1,39.48800015449524,learn,20511.99984550476,Tue Aug 25 2026 18:01:19 GMT-0500 (Central Daylight Time),172377.29999998212,A,door,I,r,79,1,3714.9000000059605,168662.39999997616,8149,WL,B,14.0
1,39.62100005149841,learn,20378.999948501587,Tue Aug 25 2026 18:01:19 GMT-0500 (Central Daylight Time),172510.29999998212,A,doorenter,I,enter,123,1,3847.9000000059605,168662.39999997616,8149,WL,B,14.0
1,44.402000188827515,learn,15597.999811172485,Tue Aug 25 2026 18:01:19 GMT-0500 (Central Daylight Time),177291.89999997616,A,s,I,s,4773,1,4781.399999976158,172510.5,8149,WL,B,15.0
1,45.902000188827515,learn,14097.999811172485,Tue Aug 25 2026 18:01:19 GMT-0500 (Central Daylight Time),178791.59999999404,A,st,I,t,1479,1,6281.0999999940395,172510.5,8149,WL,B,15.0
1,46.11900019645691,learn,13880.99980354309,Tue Aug 25 2026 18:01:19 GMT-0500 (Central Daylight Time),179008.0,A,str,I,r,203,1,6497.5,172510.5,8149,WL,B,15.0
1,46.2020001411438,learn,13797.999858856201,Tue Aug 25 2026 18:01:19 GMT-0500 (Central Daylight Time),179091.5,A,stre,I,e,66,1,6581.0,172510.5,8149,WL,B,15.0
1,46.36900019645691,learn,13630.99980354309,Tue Aug 25 2026 18:01:19 GMT-0500 (Central Daylight Time),179258.19999998808,A,stree,I,e,161,1,6747.699999988079,172510.5,8149,WL,B,15.0
1,46.60199999809265,learn,13398.000001907349,Tue Aug 25 2026 18:01:19 GMT-0500 (Central Daylight Time),179491.69999998808,A,street,I,t,217,1,6981.199999988079,172510.5,8149,WL,B,15.0
1,47.135000228881836,learn,12864.999771118164,Tue Aug 25 2026 18:01:19 GMT-0500 (Central Daylight Time),180024.59999999404,A,streetenter,I,enter,511,1,7514.0999999940395,172510.5,8149,WL,B,15.0
2,0.7990000247955322,learn,59200.99997520447,Tue Aug 25 2026 18:01:19 GMT-0500 (Central Daylight Time),252151.89999997616,A,f,I,f,780,1,799.1999999880791,251352.69999998808,8149,WL,B,1.0
2,0.8819999694824219,learn,59118.00003051758,Tue Aug 25 2026 18:01:19 GMT-0500 (Central Daylight Time),252235.19999998808,A,fi,I,i,75,1,882.5,251352.69999998808,8149,WL,B,1.0
2,1.0820000171661377,learn,58917.99998283386,Tue Aug 25 2026 18:01:19 GMT-0500 (Central Daylight Time),252435.29999998212,A,fir,I,r,184,1,1082.5999999940395,251352.69999998808,8149,WL,B,1.0
2,1.1660001277923584,learn,58833.99987220764,Tue Aug 25 2026 18:01:19 GMT-0500 (Central Daylight Time),252518.39999997616,A,fire,I,e,72,1,1165.699999988079,251352.69999998808,8149,WL,B,1.0
2,1.7150001525878906,learn,58284.99984741211,Tue Aug 25 2026 18:01:19 GMT-0500 (Central Daylight Time),253068.29999998212,A,fireenter,I,enter,532,1,1715.5999999940395,251352.69999998808,8149,WL,B,1.0
2,2.199000120162964,learn,57800.999879837036,Tue Aug 25 2026 18:01:19 GMT-0500 (Central Daylight Time),253551.5,A,s,I,s,468,1,482.90000000596046,253068.59999999404,8149,WL,B,2.0
2,2.365000009536743,learn,57634.99999046326,Tue Aug 25 2026 18:01:19 GMT-0500 (Central Daylight Time),253718.0,A,st,I,t,146,1,649.4000000059605,253068.59999999404,8149,WL,B,2.0
2,2.565999984741211,learn,57434.00001525879,Tue Aug 25 2026 18:01:19 GMT-0500 (Central Daylight Time),253918.29999998212,A,str,I,r,182,1,849.6999999880791,253068.59999999404,8149,WL,B,2.0
2,2.631999969482422,learn,57368.00003051758,Tue Aug 25 2026 18:01:19 GMT-0500 (Central Daylight Time),253985.19999998808,A,stre,I,e,54,1,916.5999999940395,253068.59999999404,8149,WL,B,2.0
2,3.0820000171661377,learn,56917.99998283386,Tue Aug 25 2026 18:01:19 GMT-0500 (Central Daylight Time),254434.59999999404,A,stree,I,e,434,1,1366.0,253068.59999999404,8149,WL,B,2.0
2,3.2820000648498535,learn,56717.99993515015,Tue Aug 25 2026 18:01:19 GMT-0500 (Central Daylight Time),254635.0,A,street,I,t,185,1,1566.4000000059605,253068.59999999404,8149,WL,B,2.0
2,3.4820001125335693,learn,56517.99988746643,Tue Aug 25 2026 18:01:19 GMT-0500 (Central Daylight Time),254834.79999998212,A,streetenter,I,enter,185,1,1766.199999988079,253068.59999999404,8149,WL,B,2.0
2,5.54800009727478,learn,54451.99990272522,Tue Aug 25 2026 18:01:19 GMT-0500 (Central Daylight Time),256900.5,A,l,I,l,2048,1,2065.300000011921,254835.19999998808,8149,WL,B,3.0
2,5.664000034332275,learn,54335.999965667725,Tue Aug 25 2026 18:01:19 GMT-0500 (Central Daylight Time),257017.29999998212,A,la,I,a,103,1,2182.0999999940395,254835.19999998808,8149,WL,B,3.0
2,5.781000137329102,learn,54218.9998626709,Tue Aug 25 2026 18:01:19 GMT-0500 (Central Daylight Time),257133.89999997616,A,lak,I,k,107,1,2298.699999988079,254835.19999998808,8149,WL,B,3.0
2,5.930999994277954,learn,54069.000005722046,Tue Aug 25 2026 18:01:19 GMT-0500 (Central Daylight Time),257283.89999997616,A,lake,I,e,134,1,2448.699999988079,254835.19999998808,8149,WL,B,3.0
2,6.064000129699707,learn,53935.99987030029,Tue Aug 25 2026 18:01:19 GMT-0500 (Central Daylight Time),257417.19999998808,A,lakeenter,I,enter,112,1,2582.0,254835.19999998808,8149,WL,B,3.0
2,7.314000129699707,learn,52685.99987030029,Tue Aug 25 2026 18:01:19 GMT-0500 (Central Daylight Time),258666.79999998212,A,p,I,p,1242,1,1249.199999988079,257417.59999999404,8149,WL,B,4.0
2,7.480000019073486,learn,52519.999980926514,Tue Aug 25 2026 18:01:19 GMT-0500 (Central Daylight Time),258833.0,A,pi,I,i,160,1,1415.4000000059605,257417.59999999404,8149,WL,B,4.0
2,7.63100004196167,learn,52368.99995803833,Tue Aug 25 2026 18:01:19 GMT-0500 (Central Daylight Time),258983.5,A,pip,I,p,138,1,1565.9000000059605,257417.59999999404,8149,WL,B,4.0
2,7.96399998664856,learn,52036.00001335144,Tue Aug 25 2026 18:01:19 GMT-0500 (Central Daylight Time),259316.69999998808,A,pipe,I,e,316,1,1899.0999999940395,257417.59999999404,8149,WL,B,4.0
2,8.230999946594238,learn,51769.00005340576,Tue Aug 25 2026 18:01:19 GMT-0500 (Central Daylight Time),259583.29999998212,A,pipeenter,I,enter,246,1,2165.699999988079,257417.59999999404,8149,WL,B,4.0
2,8.69700002670288,learn,51302.99997329712,Tue Aug 25 2026 18:01:19 GMT-0500 (Central Daylight Time),260049.39999997616,A,c,I,c,451,1,465.69999998807907,259583.69999998808,8149,WL,B,5.0
2,8.812999963760376,learn,51187.000036239624,Tue Aug 25 2026 18:01:19 GMT-0500 (Central Daylight Time),260166.0,A,cl,I,l,97,1,582.3000000119209,259583.69999998808,8149,WL,B,5.0
2,8.996000051498413,learn,51003.99994850159,Tue Aug 25 2026 18:01:19 GMT-0500 (Central Daylight Time),260349.29999998212,A,clo,I,o,165,1,765.5999999940395,259583.69999998808,8149,WL,B,5.0
2,9.163000106811523,learn,50836.99989318848,Tue Aug 25 2026 18:01:19 GMT-0500 (Central Daylight Time),260516.0,A,cloc,I,c,158,1,932.3000000119209,259583.69999998808,8149,WL,B,5.0
2,9.248000144958496,learn,50751.999855041504,Tue Aug 25 2026 18:01:19 GMT-0500 (Central Daylight Time),260600.39999997616,A,clock,I,k,63,1,1016.6999999880791,259583.69999998808,8149,WL,B,5.0
2,9.44700002670288,learn,50552.99997329712,Tue Aug 25 2026 18:01:19 GMT-0500 (Central Daylight Time),260799.59999999404,A,clockenter,I,enter,179,1,1215.9000000059605,259583.69999998808,8149,WL,B,5.0
2,11.11300015449524,learn,48886.99984550476,Tue Aug 25 2026 18:01:19 GMT-0500 (Central Daylight Time),262465.39999997616,A,s,I,s,1660,1,1665.5,260799.89999997616,8149,WL,B,6.0
2,11.229000091552734,learn,48770.999908447266,Tue Aug 25 2026 18:01:19 GMT-0500 (Central Daylight Time),262581.89999997616,A,sk,I,k,95,1,1782.0,260799.89999997616,8149,WL,B,6.0
2,11.411999940872192,learn,48588.00005912781,Tue Aug 25 2026 18:01:19 GMT-0500 (Central Daylight Time),262765.1999999881,A,ski,I,i,173,1,1965.300000011921,260799.89999997616,8149,WL,B,6.0
2,11.546000003814697,learn,48453.9999961853,Tue Aug 25 2026 18:01:19 GMT-0500 (Central Daylight Time),262898.89999997616,A,skin,I,n,127,1,2099.0,260799.89999997616,8149,WL,B,6.0
2,11.796000003814697,learn,48203.9999961853,Tue Aug 25 2026 18:01:19 GMT-0500 (Central Daylight Time),263148.89999997616,A,skinenter,I,enter,233,1,2349.0,260799.89999997616,8149,WL,B,6.0
2,13.34500002861023,learn,46654.99997138977,Tue Aug 25 2026 18:01:19 GMT-0500 (Central Daylight Time),264697.89999997616,A,s,I,s,1542,1,1548.699999988079,263149.1999999881,8149,WL,B,7.0
2,13.51200008392334,learn,46487.99991607666,Tue Aug 25 2026 18:01:19 GMT-0500 (Central Daylight Time),264864.59999999404,A,st,I,t,160,1,1715.4000000059605,263149.1999999881,8149,WL,B,7.0
2,13.76200008392334,learn,46237.99991607666,Tue Aug 25 2026 18:01:19 GMT-0500 (Central Daylight Time),265114.5,A,str,I,r,234,1,1965.300000011921,263149.1999999881,8149,WL,B,7.0
2,13.861999988555908,learn,46138.00001144409,Tue Aug 25 2026 18:01:19 GMT-0500 (Central Daylight Time),265214.89999997616,A,stre,I,e,82,1,2065.699999988079,263149.1999999881,8149,WL,B,7.0
2,14.029000043869019,learn,45970.99995613098,Tue Aug 25 2026 18:01:19 GMT-0500 (Central Daylight Time),265381.39999997616,A,stree,I,e,150,1,2232.199999988079,263149.1999999881,8149,WL,B,7.0
2,14.161999940872192,learn,45838.00005912781,Tue Aug 25 2026 18:01:19 GMT-0500 (Central Daylight Time),265514.5,A,street,I,t,127,1,2365.300000011921,263149.1999999881,8149,WL,B,7.0
2,14.312000036239624,learn,45687.999963760376,Tue Aug 25 2026 18:01:19 GMT-0500 (Central Daylight Time),265664.7999999821,A,streetenter,I,enter,145,1,2515.5999999940395,263149.1999999881,8149,WL,B,7.0
2,14.91100001335144,learn,45088.99998664856,Tue Aug 25 2026 18:01:19 GMT-0500 (Central Daylight Time),266264.1999999881,A,d,I,d,586,1,599.0999999940395,265665.09999999404,8149,WL,B,8.0
2,15.01200008392334,learn,44987.99991607666,Tue Aug 25 2026 18:01:19 GMT-0500 (Central Daylight Time),266364.59999999404,A,do,I,o,91,1,699.5,265665.09999999404,8149,WL,B,8.0
2,15.16100001335144,learn,44838.99998664856,Tue Aug 25 2026 18:01:19 GMT-0500 (Central Daylight Time),266514.1999999881,A,doo,I,o,143,1,849.0999999940395,265665.09999999404,8149,WL,B,8.0
2,15.26200008392334,learn,44737.99991607666,Tue Aug 25 2026 18:01:19 GMT-0500 (Central Daylight Time),266614.39999997616,A,door,I,r,82,1,949.2999999821186,265665.09999999404,8149,WL,B,8.0
2,15.445000171661377,learn,44554.99982833862,Tue Aug 25 2026 18:01:19 GMT-0500 (Central Daylight Time),266797.39999997616,A,doorenter,I,enter,166,1,1132.2999999821186,265665.09999999404,8149,WL,B,8.0
2,16.09500002861023,learn,43904.99997138977,Tue Aug 25 2026 18:01:19 GMT-0500 (Central Daylight Time),267447.59999999404,A,g,I,g,639,1,650.0,266797.59999999404,8149,WL,B,9.0
2,16.32800006866455,learn,43671.99993133545,Tue Aug 25 2026 18:01:19 GMT-0500 (Central Daylight Time),267680.89999997616,A,gr,I,r,212,1,883.2999999821186,266797.59999999404,8149,WL,B,9.0
2,16.49399995803833,learn,43506.00004196167,Tue Aug 25 2026 18:01:19 GMT-0500 (Central Daylight Time),267847.2999999821,A,gra,I,a,147,1,1049.699999988079,266797.59999999404,8149,WL,B,9.0
2,16.611000061035156,learn,43388.999938964844,Tue Aug 25 2026 18:01:19 GMT-0500 (Central Daylight Time),267963.7999999821,A,gras,I,s,100,1,1166.199999988079,266797.59999999404,8149,WL,B,9.0
2,16.811000108718872,learn,43188.99989128113,Tue Aug 25 2026 18:01:19 GMT-0500 (Central Daylight Time),268163.59999999404,A,grass,I,s,184,1,1366.0,266797.59999999404,8149,WL,B,9.0
2,16.927000045776367,learn,43072.99995422363,Tue Aug 25 2026 18:01:19 GMT-0500 (Central Daylight Time),268280.09999999404,A,grassenter,I,enter,103,1,1482.5,266797.59999999404,8149,WL,B,9.0
2,17.094000101089478,learn,42905.99989891052,Tue Aug 25 2026 18:01:19 GMT-0500 (Central Daylight Time),268446.7999999821,A,a,I,a,155,1,166.40000000596046,268280.39999997616,8149,WL,B,10.0
2,17.24399995803833,learn,42756.00004196167,Tue Aug 25 2026 18:01:19 GMT-0500 (Central Daylight Time),268596.7999999821,A,ar,I,r,141,1,316.40000000596046,268280.39999997616,8149,WL,B,10.0
2,17.41100001335144,learn,42588.99998664856,Tue Aug 25 2026 18:01:19 GMT-0500 (Central Daylight Time),268763.5,A,arm,I,m,151,1,483.10000002384186,268280.39999997616,8149,WL,B,10.0
2,17.66100001335144,learn,42338.99998664856,Tue Aug 25 2026 18:01:19 GMT-0500 (Central Daylight Time),269014.1999999881,A,armenter,I,enter,241,1,733.8000000119209,268280.39999997616,8149,WL,B,10.0
2,18.47699999809265,learn,41523.00000190735,Tue Aug 25 2026 18:01:19 GMT-0500 (Central Daylight Time),269830.1999999881,A,s,I,s,798,1,815.6999999880791,269014.5,8149,WL,B,11.0
2,18.594000101089478,learn,41405.99989891052,Tue Aug 25 2026 18:01:19 GMT-0500 (Central Daylight Time),269946.5,A,st,I,t,110,1,932.0,269014.5,8149,WL,B,11.0
2,18.776999950408936,learn,41223.000049591064,Tue Aug 25 2026 18:01:19 GMT-0500 (Central Daylight Time),270130.09999999404,A,sta,I,a,170,1,1115.5999999940395,269014.5,8149,WL,B,11.0
2,18.89400005340576,learn,41105.99994659424,Tue Aug 25 2026 18:01:19 GMT-0500 (Central Daylight Time),270246.5,A,star,I,r,97,1,1232.0,269014.5,8149,WL,B,11.0
2,19.110000133514404,learn,40889.999866485596,Tue Aug 25 2026 18:01:19 GMT-0500 (Central Daylight Time),270463.0,A,starenter,I,enter,197,1,1448.5,269014.5,8149,WL,B,11.0
2,19.74399995803833,learn,40256.00004196167,Tue Aug 25 2026 18:01:19 GMT-0500 (Central Daylight Time),271096.39999997616,A,w,I,w,609,1,632.7999999821186,270463.59999999404,8149,WL,B,12.0
2,19.943000078201294,learn,40056.999921798706,Tue Aug 25 2026 18:01:19 GMT-0500 (Central Daylight Time),271296.1999999881,A,wi,I,i,179,1,832.5999999940395,270463.59999999404,8149,WL,B,12.0
2,20.05999994277954,learn,39940.00005722046,Tue Aug 25 2026 18:01:19 GMT-0500 (Central Daylight Time),271412.7999999821,A,win,I,n,100,1,949.1999999880791,270463.59999999404,8149,WL,B,12.0
2,20.22699999809265,learn,39773.00000190735,Tue Aug 25 2026 18:01:19 GMT-0500 (Central Daylight Time),271579.59999999404,A,wind,I,d,152,1,1116.0,270463.59999999404,8149,WL,B,12.0
2,20.360000133514404,learn,39639.999866485596,Tue Aug 25 2026 18:01:19 GMT-0500 (Central Daylight Time),271712.39999997616,A,windo,I,o,128,1,1248.7999999821186,270463.59999999404,8149,WL,B,12.0
2,20.593000173568726,learn,39406.999826431274,Tue Aug 25 2026 18:01:19 GMT-0500 (Central Daylight Time),271945.7999999821,A,window,I,w,217,1,1482.199999988079,270463.59999999404,8149,WL,B,12.0
2,20.743000030517578,learn,39256.99996948242,Tue Aug 25 2026 18:01:19 GMT-0500 (Central Daylight Time),272095.6999999881,A,windowenter,I,enter,138,1,1632.0999999940395,270463.59999999404,8149,WL,B,12.0
2,22.026000022888184,learn,37973.99997711182,Tue Aug 25 2026 18:01:19 GMT-0500 (Central Daylight Time),273378.59999999404,A,c,I,c,1275,1,1282.5999999940395,272096.0,8149,WL,B,13.0
2,22.092000007629395,learn,37907.999992370605,Tue Aug 25 2026 18:01:19 GMT-0500 (Central Daylight Time),273445.09999999404,A,ci,I,i,57,1,1349.0999999940395,272096.0,8149,WL,B,13.0
2,22.242000102996826,learn,37757.999897003174,Tue Aug 25 2026 18:01:19 GMT-0500 (Central Daylight Time),273595.09999999404,A,cit,I,t,142,1,1499.0999999940395,272096.0,8149,WL,B,13.0
2,22.3270001411438,learn,37672.9998588562,Tue Aug 25 2026 18:01:19 GMT-0500 (Central Daylight Time),273679.2999999821,A,city,I,y,64,1,1583.2999999821186,272096.0,8149,WL,B,13.0
2,22.493000030517578,learn,37506.99996948242,Tue Aug 25 2026 18:01:19 GMT-0500 (Central Daylight Time),273845.59999999404,A,cityenter,I,enter,156,1,1749.5999999940395,272096.0,8149,WL,B,13.0
2,22.825999975204468,learn,37174.00002479553,Tue Aug 25 2026 18:01:19 GMT-0500 (Central Daylight Time),274178.6999999881,A,c,I,c,318,1,332.80000001192093,273845.89999997616,8149,WL,B,14.0
2,22.942000150680542,learn,37057.99984931946,Tue Aug 25 2026 18:01:19 GMT-0500 (Central Daylight Time),274295.0,A,ca,I,a,97,1,449.10000002384186,273845.89999997616,8149,WL,B,14.0
2,23.14199995994568,learn,36858.00004005432,Tue Aug 25 2026 18:01:19 GMT-0500 (Central Daylight Time),274495.0,A,cab,I,b,179,1,649.1000000238419,273845.89999997616,8149,WL,B,14.0
2,23.242000102996826,learn,36757.999897003174,Tue Aug 25 2026 18:01:19 GMT-0500 (Central Daylight Time),274595.0,A,cabi,I,i,91,1,749.1000000238419,273845.89999997616,8149,WL,B,14.0
2,23.358999967575073,learn,36641.00003242493,Tue Aug 25 2026 18:01:19 GMT-0500 (Central Daylight Time),274711.39999997616,A,cabin,I,n,104,1,865.5,273845.89999997616,8149,WL,B,14.0
2,23.592000007629395,learn,36407.999992370605,Tue Aug 25 2026 18:01:19 GMT-0500 (Central Daylight Time),274945.2999999821,A,cabinenter,I,enter,220,1,1099.4000000059605,273845.89999997616,8149,WL,B,14.0
2,26.026000022888184,learn,33973.99997711182,Tue Aug 25 2026 18:01:19 GMT-0500 (Central Daylight Time),277378.6999999881,A,w,I,w,2427,1,2433.0999999940395,274945.59999999404,8149,WL,B,15.0
2,26.125,learn,33875.0,Tue Aug 25 2026 18:01:19 GMT-0500 (Central Daylight Time),277477.59999999404,A,wi,I,i,89,1,2532.0,274945.59999999404,8149,WL,B,15.0
2,26.325000047683716,learn,33674.999952316284,Tue Aug 25 2026 18:01:19 GMT-0500 (Central Daylight Time),277678.0,A,wif,I,f,183,1,2732.4000000059605,274945.59999999404,8149,WL,B,15.0
2,26.407999992370605,learn,33592.000007629395,Tue Aug 25 2026 18:01:19 GMT-0500 (Central Daylight Time),277760.5,A,wife,I,e,76,1,2814.9000000059605,274945.59999999404,8149,WL,B,15.0
2,26.558000087738037,learn,33441.99991226196,Tue Aug 25 2026 18:01:19 GMT-0500 (Central Daylight Time),277910.39999997616,A,wifeenter,I,enter,138,1,2964.7999999821186,274945.59999999404,8149,WL,B,15.0
3,0.43400001525878906,learn,59565.99998474121,Tue Aug 25 2026 18:01:19 GMT-0500 (Central Daylight Time),348938.39999997616,A,s,I,s,427,1,433.19999998807907,348505.1999999881,8149,WL,B,1.0
3,0.6670000553131104,learn,59332.99994468689,Tue Aug 25 2026 18:01:19 GMT-0500 (Central Daylight Time),349171.5,A,st,I,t,216,1,666.3000000119209,348505.1999999881,8149,WL,B,1.0
3,0.8670001029968262,learn,59132.999897003174,Tue Aug 25 2026 18:01:19 GMT-0500 (Central Daylight Time),349371.39999997616,A,str,I,r,183,1,866.1999999880791,348505.1999999881,8149,WL,B,1.0
3,1.0329999923706055,learn,58967.000007629395,Tue Aug 25 2026 18:01:19 GMT-0500 (Central Daylight Time),349537.7999999821,A,stre,I,e,150,1,1032.5999999940395,348505.1999999881,8149,WL,B,1.0
3,1.2339999675750732,learn,58766.00003242493,Tue Aug 25 2026 18:01:19 GMT-0500 (Central Daylight Time),349738.5,A,stree,I,e,186,1,1233.300000011921,348505.1999999881,8149,WL,B,1.0
3,1.4000000953674316,learn,58599.99990463257,Tue Aug 25 2026 18:01:19 GMT-0500 (Central Daylight Time),349904.6999999881,A,street,I,t,154,1,1399.5,348505.1999999881,8149,WL,B,1.0
3,1.567000150680542,learn,58432.99984931946,Tue Aug 25 2026 18:01:19 GMT-0500 (Central Daylight Time),350071.39999997616,A,streetenter,I,enter,155,1,1566.199999988079,348505.1999999881,8149,WL,B,1.0
3,2.0329999923706055,learn,57967.000007629395,Tue Aug 25 2026 18:01:19 GMT-0500 (Central Daylight Time),350537.6999999881,A,c,I,c,452,1,465.90000000596046,350071.7999999821,8149,WL,B,2.0
3,2.1670000553131104,learn,57832.99994468689,Tue Aug 25 2026 18:01:19 GMT-0500 (Central Daylight Time),350671.0,A,ca,I,a,121,1,599.2000000178814,350071.7999999821,8149,WL,B,2.0
3,2.4830000400543213,learn,57516.99995994568,Tue Aug 25 2026 18:01:19 GMT-0500 (Central Daylight Time),350987.7999999821,A,cab,I,b,308,1,916.0,350071.7999999821,8149,WL,B,2.0
3,2.617000102996826,learn,57382.999897003174,Tue Aug 25 2026 18:01:19 GMT-0500 (Central Daylight Time),351121.2999999821,A,cabi,I,i,120,1,1049.5,350071.7999999821,8149,WL,B,2.0
3,2.7330000400543213,learn,57266.99995994568,Tue Aug 25 2026 18:01:19 GMT-0500 (Central Daylight Time),351237.7999999821,A,cabin,I,n,98,1,1166.0,350071.7999999821,8149,WL,B,2.0
3,2.933000087738037,learn,57066.99991226196,Tue Aug 25 2026 18:01:19 GMT-0500 (Central Daylight Time),351437.5,A,cabinenter,I,enter,182,1,1365.7000000178814,350071.7999999821,8149,WL,B,2.0
3,3.1489999294281006,learn,56851.0000705719,Tue Aug 25 2026 18:01:19 GMT-0500 (Central Daylight Time),351654.0,A,c,I,c,206,1,216.30000001192093,351437.6999999881,8149,WL,B,3.0
3,3.365999937057495,learn,56634.000062942505,Tue Aug 25 2026 18:01:19 GMT-0500 (Central Daylight Time),351870.5,A,ci,I,i,197,1,432.80000001192093,351437.6999999881,8149,WL,B,3.0
3,3.4830000400543213,learn,56516.99995994568,Tue Aug 25 2026 18:01:19 GMT-0500 (Central Daylight Time),351987.1999999881,A,cit,I,t,109,1,549.5,351437.6999999881,8149,WL,B,3.0
3,3.949000120162964,learn,56050.999879837036,Tue Aug 25 2026 18:01:19 GMT-0500 (Central Daylight Time),352453.89999997616,A,city,I,y,457,1,1016.1999999880791,351437.6999999881,8149,WL,B,3.0
3,4.181999921798706,learn,55818.000078201294,Tue Aug 25 2026 18:01:19 GMT-0500 (Central Daylight Time),352687.0,A,cityenter,I,enter,222,1,1249.300000011921,351437.6999999881,8149,WL,B,3.0
3,4.631999969482422,learn,55368.00003051758,Tue Aug 25 2026 18:01:19 GMT-0500 (Central Daylight Time),353136.89999997616,A,c,I,c,443,1,449.69999998807907,352687.1999999881,8149,WL,B,4.0
3,4.999000072479248,learn,55000.99992752075,Tue Aug 25 2026 18:01:19 GMT-0500 (Central Daylight Time),353503.7999999821,A,,I,backspace,355,1,816.5999999940395,352687.1999999881,8149,WL,B,4.0
3,5.115999937057495,learn,54884.000062942505,Tue Aug 25 2026 18:01:19 GMT-0500 (Central Daylight Time),353620.5,A,g,I,g,101,1,933.3000000119209,352687.1999999881,8149,WL,B,4.0
3,5.332000017166138,learn,54667.99998283386,Tue Aug 25 2026 18:01:19 GMT-0500 (Central Daylight Time),353836.89999997616,A,gr,I,r,196,1,1149.699999988079,352687.1999999881,8149,WL,B,4.0
3,5.4649999141693115,learn,54535.00008583069,Tue Aug 25 2026 18:01:19 GMT-0500 (Central Daylight Time),353969.89999997616,A,gra,I,a,124,1,1282.699999988079,352687.1999999881,8149,WL,B,4.0
3,5.582000017166138,learn,54417.99998283386,Tue Aug 25 2026 18:01:19 GMT-0500 (Central Daylight Time),354086.59999999404,A,gras,I,s,97,1,1399.4000000059605,352687.1999999881,8149,WL,B,4.0
3,5.799000024795532,learn,54200.99997520447,Tue Aug 25 2026 18:01:19 GMT-0500 (Central Daylight Time),354303.2999999821,A,grass,I,s,197,1,1616.0999999940395,352687.1999999881,8149,WL,B,4.0
3,5.949000120162964,learn,54050.999879837036,Tue Aug 25 2026 18:01:19 GMT-0500 (Central Daylight Time),354453.39999997616,A,grassenter,I,enter,132,1,1766.199999988079,352687.1999999881,8149,WL,B,4.0
3,6.5320000648498535,learn,53467.99993515015,Tue Aug 25 2026 18:01:19 GMT-0500 (Central Daylight Time),355036.2999999821,A,a,I,a,574,1,582.5999999940395,354453.6999999881,8149,WL,B,5.0
3,6.648000001907349,learn,53351.99999809265,Tue Aug 25 2026 18:01:19 GMT-0500 (Central Daylight Time),355153.0,A,ar,I,r,101,1,699.3000000119209,354453.6999999881,8149,WL,B,5.0
3,6.832000017166138,learn,53167.99998283386,Tue Aug 25 2026 18:01:19 GMT-0500 (Central Daylight Time),355336.0,A,arm,I,m,162,1,882.3000000119209,354453.6999999881,8149,WL,B,5.0
3,7.015000104904175,learn,52984.999895095825,Tue Aug 25 2026 18:01:19 GMT-0500 (Central Daylight Time),355519.5,A,armenter,I,enter,163,1,1065.800000011921,354453.6999999881,8149,WL,B,5.0
3,7.680999994277954,learn,52319.000005722046,Tue Aug 25 2026 18:01:19 GMT-0500 (Central Daylight Time),356185.89999997616,A,w,I,w,652,1,666.0,355519.89999997616,8149,WL,B,6.0
3,7.781000137329102,learn,52218.9998626709,Tue Aug 25 2026 18:01:19 GMT-0500 (Central Daylight Time),356286.0,A,wi,I,i,80,1,766.1000000238419,355519.89999997616,8149,WL,B,6.0
3,7.88100004196167,learn,52118.99995803833,Tue Aug 25 2026 18:01:19 GMT-0500 (Central Daylight Time),356385.89999997616,A,win,I,n,85,1,866.0,355519.89999997616,8149,WL,B,6.0
3,7.998000144958496,learn,52001.999855041504,Tue Aug 25 2026 18:01:19 GMT-0500 (Central Daylight Time),356502.2999999821,A,wind,I,d,105,1,982.4000000059605,355519.89999997616,8149,WL,B,6.0
3,8.115000009536743,learn,51884.99999046326,Tue Aug 25 2026 18:01:19 GMT-0500 (Central Daylight Time),356619.09999999404,A,windo,I,o,109,1,1099.2000000178814,355519.89999997616,8149,WL,B,6.0
3,8.248000144958496,learn,51751.999855041504,Tue Aug 25 2026 18:01:19 GMT-0500 (Central Daylight Time),356752.7999999821,A,window,I,w,129,1,1232.9000000059605,355519.89999997616,8149,WL,B,6.0
3,8.365000009536743,learn,51634.99999046326,Tue Aug 25 2026 18:01:19 GMT-0500 (Central Daylight Time),356869.2999999821,A,windowenter,I,enter,108,1,1349.4000000059605,355519.89999997616,8149,WL,B,6.0
3,8.680999994277954,learn,51319.000005722046,Tue Aug 25 2026 18:01:19 GMT-0500 (Central Daylight Time),357186.0,A,d,I,d,310,1,316.2000000178814,356869.7999999821,8149,WL,B,7.0
3,8.781000137329102,learn,51218.9998626709,Tue Aug 25 2026 18:01:19 GMT-0500 (Central Daylight Time),357285.6999999881,A,do,I,o,89,1,415.90000000596046,356869.7999999821,8149,WL,B,7.0
3,8.96399998664856,learn,51036.00001335144,Tue Aug 25 2026 18:01:19 GMT-0500 (Central Daylight Time),357468.89999997616,A,doo,I,o,173,1,599.0999999940395,356869.7999999821,8149,WL,B,7.0
3,9.098000049591064,learn,50901.999950408936,Tue Aug 25 2026 18:01:19 GMT-0500 (Central Daylight Time),357602.09999999404,A,door,I,r,117,1,732.3000000119209,356869.7999999821,8149,WL,B,7.0
3,9.398000001907349,learn,50601.99999809265,Tue Aug 25 2026 18:01:19 GMT-0500 (Central Daylight Time),357902.1999999881,A,doorenter,I,enter,289,1,1032.4000000059605,356869.7999999821,8149,WL,B,7.0
3,9.6489999294281,learn,50351.0000705719,Tue Aug 25 2026 18:01:19 GMT-0500 (Central Daylight Time),358153.09999999404,A,s,I,s,246,1,250.5,357902.59999999404,8149,WL,B,8.0
3,9.781000137329102,learn,50218.9998626709,Tue Aug 25 2026 18:01:19 GMT-0500 (Central Daylight Time),358285.6999999881,A,st,I,t,123,1,383.09999999403954,357902.59999999404,8149,WL,B,8.0
3,9.980999946594238,learn,50019.00005340576,Tue Aug 25 2026 18:01:19 GMT-0500 (Central Daylight Time),358485.09999999404,A,sta,I,a,190,1,582.5,357902.59999999404,8149,WL,B,8.0
3,10.097000122070312,learn,49902.99987792969,Tue Aug 25 2026 18:01:19 GMT-0500 (Central Daylight Time),358601.89999997616,A,star,I,r,102,1,699.2999999821186,357902.59999999404,8149,WL,B,8.0
3,10.579999923706055,learn,49420.000076293945,Tue Aug 25 2026 18:01:19 GMT-0500 (Central Daylight Time),359085.0,A,starenter,I,enter,465,1,1182.4000000059605,357902.59999999404,8149,WL,B,8.0
3,11.031000137329102,learn,48968.9998626709,Tue Aug 25 2026 18:01:19 GMT-0500 (Central Daylight Time),359535.39999997616,A,s,I,s,430,1,450.19999998807907,359085.1999999881,8149,WL,B,9.0
3,11.114000082015991,learn,48885.99991798401,Tue Aug 25 2026 18:01:19 GMT-0500 (Central Daylight Time),359618.5,A,sk,I,k,69,1,533.3000000119209,359085.1999999881,8149,WL,B,9.0
3,11.314000129699707,learn,48685.99987030029,Tue Aug 25 2026 18:01:19 GMT-0500 (Central Daylight Time),359818.2999999821,A,ski,I,i,184,1,733.0999999940395,359085.1999999881,8149,WL,B,9.0
3,11.414000034332275,learn,48585.999965667725,Tue Aug 25 2026 18:01:19 GMT-0500 (Central Daylight Time),359918.09999999404,A,skin,I,n,81,1,832.9000000059605,359085.1999999881,8149,WL,B,9.0
3,11.61299991607666,learn,48387.00008392334,Tue Aug 25 2026 18:01:19 GMT-0500 (Central Daylight Time),360117.89999997616,A,skinenter,I,enter,189,1,1032.699999988079,359085.1999999881,8149,WL,B,9.0
3,12.013999938964844,learn,47986.000061035156,Tue Aug 25 2026 18:01:19 GMT-0500 (Central Daylight Time),360518.09999999404,A,p,I,p,382,1,400.0,360118.09999999404,8149,WL,B,10.0
3,12.115000009536743,learn,47884.99999046326,Tue Aug 25 2026 18:01:19 GMT-0500 (Central Daylight Time),360619.5,A,pi,I,i,85,1,501.40000000596046,360118.09999999404,8149,WL,B,10.0
3,12.27999997138977,learn,47720.00002861023,Tue Aug 25 2026 18:01:19 GMT-0500 (Central Daylight Time),360784.6999999881,A,pip,I,p,153,1,666.5999999940395,360118.09999999404,8149,WL,B,10.0
3,12.77999997138977,learn,47220.00002861023,Tue Aug 25 2026 18:01:19 GMT-0500 (Central Daylight Time),361284.1999999881,A,pipe,I,e,483,1,1166.0999999940395,360118.09999999404,8149,WL,B,10.0
3,12.930000066757202,learn,47069.9999332428,Tue Aug 25 2026 18:01:19 GMT-0500 (Central Daylight Time),361434.59999999404,A,pipeenter,I,enter,143,1,1316.5,360118.09999999404,8149,WL,B,10.0
3,13.230000019073486,learn,46769.999980926514,Tue Aug 25 2026 18:01:19 GMT-0500 (Central Daylight Time),361734.2999999821,A,l,I,l,281,1,299.2999999821186,361435.0,8149,WL,B,11.0
3,13.329999923706055,learn,46670.000076293945,Tue Aug 25 2026 18:01:19 GMT-0500 (Central Daylight Time),361834.59999999404,A,la,I,a,86,1,399.59999999403954,361435.0,8149,WL,B,11.0
3,13.463000059127808,learn,46536.99994087219,Tue Aug 25 2026 18:01:19 GMT-0500 (Central Daylight Time),361967.7999999821,A,lak,I,k,121,1,532.7999999821186,361435.0,8149,WL,B,11.0
3,13.61299991607666,learn,46387.00008392334,Tue Aug 25 2026 18:01:19 GMT-0500 (Central Daylight Time),362117.39999997616,A,lake,I,e,132,1,682.3999999761581,361435.0,8149,WL,B,11.0
3,13.696000099182129,learn,46303.99990081787,Tue Aug 25 2026 18:01:19 GMT-0500 (Central Daylight Time),362200.6999999881,A,lakeenter,I,enter,77,1,765.6999999880791,361435.0,8149,WL,B,11.0
3,16.59500002861023,learn,43404.99997138977,Tue Aug 25 2026 18:01:19 GMT-0500 (Central Daylight Time),365099.89999997616,A,p,I,p,2892,1,2898.899999976158,362201.0,8149,WL,B,12.0
3,16.712000131607056,learn,43287.999868392944,Tue Aug 25 2026 18:01:19 GMT-0500 (Central Daylight Time),365216.89999997616,A,pu,I,u,103,1,3015.899999976158,362201.0,8149,WL,B,12.0
3,16.878999948501587,learn,43121.00005149841,Tue Aug 25 2026 18:01:19 GMT-0500 (Central Daylight Time),365383.1999999881,A,pup,I,p,154,1,3182.199999988079,362201.0,8149,WL,B,12.0
3,17.09500002861023,learn,42904.99997138977,Tue Aug 25 2026 18:01:19 GMT-0500 (Central Daylight Time),365599.7999999821,A,pupi,I,i,196,1,3398.7999999821186,362201.0,8149,WL,B,12.0
3,17.378000020980835,learn,42621.999979019165,Tue Aug 25 2026 18:01:19 GMT-0500 (Central Daylight Time),365882.7999999821,A,pupil,I,l,275,1,3681.7999999821186,362201.0,8149,WL,B,12.0
3,17.611999988555908,learn,42388.00001144409,Tue Aug 25 2026 18:01:19 GMT-0500 (Central Daylight Time),366116.59999999404,A,pupilenter,I,enter,225,1,3915.5999999940395,362201.0,8149,WL,B,12.0
3,18.09500002861023,learn,41904.99997138977,Tue Aug 25 2026 18:01:19 GMT-0500 (Central Daylight Time),366599.2999999821,A,w,I,w,463,1,482.5,366116.7999999821,8149,WL,B,13.0
3,18.144999980926514,learn,41855.000019073486,Tue Aug 25 2026 18:01:19 GMT-0500 (Central Daylight Time),366649.2999999821,A,wi,I,i,44,1,532.5,366116.7999999821,8149,WL,B,13.0
3,18.32800006866455,learn,41671.99993133545,Tue Aug 25 2026 18:01:19 GMT-0500 (Central Daylight Time),366832.5,A,wif,I,f,162,1,715.7000000178814,366116.7999999821,8149,WL,B,13.0
3,18.42799997329712,learn,41572.00002670288,Tue Aug 25 2026 18:01:19 GMT-0500 (Central Daylight Time),366932.5,A,wife,I,e,82,1,815.7000000178814,366116.7999999821,8149,WL,B,13.0
3,18.64300012588501,learn,41356.99987411499,Tue Aug 25 2026 18:01:19 GMT-0500 (Central Daylight Time),367147.39999997616,A,wifeenter,I,enter,103,1,1030.5999999940395,366116.7999999821,8149,WL,B,13.0
3,19.74399995803833,learn,40256.00004196167,Tue Aug 25 2026 18:01:19 GMT-0500 (Central Daylight Time),368248.59999999404,A,f,I,f,1095,1,1100.9000000059605,367147.6999999881,8149,WL,B,14.0
3,19.844000101089478,learn,40155.99989891052,Tue Aug 25 2026 18:01:19 GMT-0500 (Central Daylight Time),368348.89999997616,A,fi,I,i,82,1,1201.199999988079,367147.6999999881,8149,WL,B,14.0
3,19.960999965667725,learn,40039.000034332275,Tue Aug 25 2026 18:01:19 GMT-0500 (Central Daylight Time),368465.89999997616,A,fir,I,r,103,1,1318.199999988079,367147.6999999881,8149,WL,B,14.0
3,20.07800006866455,learn,39921.99993133545,Tue Aug 25 2026 18:01:19 GMT-0500 (Central Daylight Time),368582.2999999821,A,fire,I,e,107,1,1434.5999999940395,367147.6999999881,8149,WL,B,14.0
3,20.210999965667725,learn,39789.000034332275,Tue Aug 25 2026 18:01:19 GMT-0500 (Central Daylight Time),368715.59999999404,A,fireenter,I,enter,126,1,1567.9000000059605,367147.6999999881,8149,WL,B,14.0
3,20.861000061035156,learn,39138.999938964844,Tue Aug 25 2026 18:01:19 GMT-0500 (Central Daylight Time),369365.1999999881,A,c,I,c,640,1,649.1999999880791,368716.0,8149,WL,B,15.0
3,20.97699999809265,learn,39023.00000190735,Tue Aug 25 2026 18:01:19 GMT-0500 (Central Daylight Time),369481.6999999881,A,cl,I,l,102,1,765.6999999880791,368716.0,8149,WL,B,15.0
3,21.17799997329712,learn,38822.00002670288,Tue Aug 25 2026 18:01:19 GMT-0500 (Central Daylight Time),369682.2999999821,A,clo,I,o,186,1,966.2999999821186,368716.0,8149,WL,B,15.0
3,21.51099991798401,learn,38489.00008201599,Tue Aug 25 2026 18:01:19 GMT-0500 (Central Daylight Time),370015.5,A,cloc,I,c,313,1,1299.5,368716.0,8149,WL,B,15.0
3,21.611000061035156,learn,38388.999938964844,Tue Aug 25 2026 18:01:19 GMT-0500 (Central Daylight Time),370115.2999999821,A,clock,I,k,93,1,1399.2999999821186,368716.0,8149,WL,B,15.0
3,21.844000101089478,learn,38155.99989891052,Tue Aug 25 2026 18:01:19 GMT-0500 (Central Daylight Time),370348.2999999821,A,clockenter,I,enter,224,1,1632.2999999821186,368716.0,8149,WL,B,15.0
4,0.6009998321533203,learn,59399.00016784668,Tue Aug 25 2026 18:01:19 GMT-0500 (Central Daylight Time),438861.1999999881,A,f,I,f,592,1,600.8000000119209,438260.39999997616,8149,WL,B,1.0
4,0.6999998092651367,learn,59300.00019073486,Tue Aug 25 2026 18:01:19 GMT-0500 (Central Daylight Time),438960.1999999881,A,fi,I,i,76,1,699.8000000119209,438260.39999997616,8149,WL,B,1.0
4,0.8499999046325684,learn,59150.00009536743,Tue Aug 25 2026 18:01:19 GMT-0500 (Central Daylight Time),439110.0,A,fir,I,r,131,1,849.6000000238419,438260.39999997616,8149,WL,B,1.0
4,0.932999849319458,learn,59067.00015068054,Tue Aug 25 2026 18:01:19 GMT-0500 (Central Daylight Time),439193.1999999881,A,fire,I,e,77,1,932.8000000119209,438260.39999997616,8149,WL,B,1.0
4,1.25,learn,58750.0,Tue Aug 25 2026 18:01:19 GMT-0500 (Central Daylight Time),439509.7999999821,A,firec,I,c,306,1,1249.4000000059605,438260.39999997616,8149,WL,B,1.0
4,1.2999999523162842,learn,58700.000047683716,Tue Aug 25 2026 18:01:19 GMT-0500 (Central Daylight Time),439559.7999999821,A,firecl,I,l,29,1,1299.4000000059605,438260.39999997616,8149,WL,B,1.0
4,1.8999998569488525,learn,58100.00014305115,Tue Aug 25 2026 18:01:19 GMT-0500 (Central Daylight Time),440159.6999999881,A,firec,I,backspace,587,1,1899.300000011921,438260.39999997616,8149,WL,B,1.0
4,2.365999937057495,learn,57634.000062942505,Tue Aug 25 2026 18:01:19 GMT-0500 (Central Daylight Time),440626.09999999404,A,fire,I,backspace,459,1,2365.7000000178814,438260.39999997616,8149,WL,B,1.0
4,2.6999998092651367,learn,57300.00019073486,Tue Aug 25 2026 18:01:19 GMT-0500 (Central Daylight Time),440959.39999997616,A,fireenter,I,enter,313,1,2699.0,438260.39999997616,8149,WL,B,1.0
4,3.115999937057495,learn,56884.000062942505,Tue Aug 25 2026 18:01:19 GMT-0500 (Central Daylight Time),441375.7999999821,A,c,I,c,396,1,416.09999999403954,440959.6999999881,8149,WL,B,2.0
4,3.1999998092651367,learn,56800.00019073486,Tue Aug 25 2026 18:01:19 GMT-0500 (Central Daylight Time),441459.7999999821,A,cl,I,l,68,1,500.09999999403954,440959.6999999881,8149,WL,B,2.0
4,3.432999849319458,learn,56567.00015068054,Tue Aug 25 2026 18:01:19 GMT-0500 (Central Daylight Time),441692.5,A,clo,I,o,224,1,732.8000000119209,440959.6999999881,8149,WL,B,2.0
4,3.615999937057495,learn,56384.000062942505,Tue Aug 25 2026 18:01:19 GMT-0500 (Central Daylight Time),441875.89999997616,A,cloc,I,c,165,1,916.1999999880791,440959.6999999881,8149,WL,B,2.0
4,3.7159998416900635,learn,56284.00015830994,Tue Aug 25 2026 18:01:19 GMT-0500 (Central Daylight Time),441975.5,A,clock,I,k,86,1,1015.8000000119209,440959.6999999881,8149,WL,B,2.0
4,3.9159998893737793,learn,56084.00011062622,Tue Aug 25 2026 18:01:19 GMT-0500 (Central Daylight Time),442176.09999999404,A,clockenter,I,enter,189,1,1216.4000000059605,440959.6999999881,8149,WL,B,2.0
4,4.764999866485596,learn,55235.000133514404,Tue Aug 25 2026 18:01:19 GMT-0500 (Central Daylight Time),443025.1999999881,A,s,I,s,835,1,848.6999999880791,442176.5,8149,WL,B,3.0
4,4.931999921798706,learn,55068.000078201294,Tue Aug 25 2026 18:01:19 GMT-0500 (Central Daylight Time),443191.89999997616,A,st,I,t,146,1,1015.3999999761581,442176.5,8149,WL,B,3.0
4,5.115999937057495,learn,54884.000062942505,Tue Aug 25 2026 18:01:19 GMT-0500 (Central Daylight Time),443375.5,A,str,I,r,171,1,1199.0,442176.5,8149,WL,B,3.0
4,5.2159998416900635,learn,54784.00015830994,Tue Aug 25 2026 18:01:19 GMT-0500 (Central Daylight Time),443475.5,A,stre,I,e,84,1,1299.0,442176.5,8149,WL,B,3.0
4,5.381999969482422,learn,54618.00003051758,Tue Aug 25 2026 18:01:19 GMT-0500 (Central Daylight Time),443642.09999999404,A,stree,I,e,153,1,1465.5999999940395,442176.5,8149,WL,B,3.0
4,5.516000032424927,learn,54483.99996757507,Tue Aug 25 2026 18:01:19 GMT-0500 (Central Daylight Time),443775.5,A,street,I,t,113,1,1599.0,442176.5,8149,WL,B,3.0
4,5.631999969482422,learn,54368.00003051758,Tue Aug 25 2026 18:01:19 GMT-0500 (Central Daylight Time),443891.6999999881,A,streetenter,I,enter,100,1,1715.199999988079,442176.5,8149,WL,B,3.0
4,5.98199987411499,learn,54018.00012588501,Tue Aug 25 2026 18:01:19 GMT-0500 (Central Daylight Time),444241.5,A,c,I,c,341,1,349.5,443892.0,8149,WL,B,4.0
4,6.082000017166138,learn,53917.99998283386,Tue Aug 25 2026 18:01:19 GMT-0500 (Central Daylight Time),444341.59999999404,A,ci,I,i,90,1,449.59999999403954,443892.0,8149,WL,B,4.0
4,6.264999866485596,learn,53735.000133514404,Tue Aug 25 2026 18:01:19 GMT-0500 (Central Daylight Time),444525.1999999881,A,cit,I,t,167,1,633.1999999880791,443892.0,8149,WL,B,4.0
4,6.332000017166138,learn,53667.99998283386,Tue Aug 25 2026 18:01:19 GMT-0500 (Central Daylight Time),444592.0,A,city,I,y,46,1,700.0,443892.0,8149,WL,B,4.0
4,6.531999826431274,learn,53468.000173568726,Tue Aug 25 2026 18:01:19 GMT-0500 (Central Daylight Time),444791.7999999821,A,cityenter,I,enter,179,1,899.7999999821186,443892.0,8149,WL,B,4.0
4,6.881999969482422,learn,53118.00003051758,Tue Aug 25 2026 18:01:19 GMT-0500 (Central Daylight Time),445141.39999997616,A,c,I,c,340,1,349.19999998807907,444792.1999999881,8149,WL,B,5.0
4,7.06499981880188,learn,52935.00018119812,Tue Aug 25 2026 18:01:19 GMT-0500 (Central Daylight Time),445324.5,A,ca,I,a,174,1,532.3000000119209,444792.1999999881,8149,WL,B,5.0
4,7.180999994277954,learn,52819.000005722046,Tue Aug 25 2026 18:01:19 GMT-0500 (Central Daylight Time),445441.09999999404,A,cab,I,b,102,1,648.9000000059605,444792.1999999881,8149,WL,B,5.0
4,7.31499981880188,learn,52685.00018119812,Tue Aug 25 2026 18:01:19 GMT-0500 (Central Daylight Time),445574.59999999404,A,cabi,I,i,123,1,782.4000000059605,444792.1999999881,8149,WL,B,5.0
4,7.414999961853027,learn,52585.00003814697,Tue Aug 25 2026 18:01:19 GMT-0500 (Central Daylight Time),445674.89999997616,A,cabin,I,n,86,1,882.6999999880791,444792.1999999881,8149,WL,B,5.0
4,7.597999811172485,learn,52402.000188827515,Tue Aug 25 2026 18:01:19 GMT-0500 (Central Daylight Time),445858.09999999404,A,cabinenter,I,enter,169,1,1065.9000000059605,444792.1999999881,8149,WL,B,5.0
4,7.880999803543091,learn,52119.00019645691,Tue Aug 25 2026 18:01:19 GMT-0500 (Central Daylight Time),446141.1999999881,A,g,I,g,265,1,282.69999998807907,445858.5,8149,WL,B,6.0
4,8.080999851226807,learn,51919.00014877319,Tue Aug 25 2026 18:01:19 GMT-0500 (Central Daylight Time),446341.0,A,gr,I,r,188,1,482.5,445858.5,8149,WL,B,6.0
4,8.230999946594238,learn,51769.00005340576,Tue Aug 25 2026 18:01:19 GMT-0500 (Central Daylight Time),446490.89999997616,A,gra,I,a,134,1,632.3999999761581,445858.5,8149,WL,B,6.0
4,8.365000009536743,learn,51634.99999046326,Tue Aug 25 2026 18:01:19 GMT-0500 (Central Daylight Time),446624.5,A,gras,I,s,128,1,766.0,445858.5,8149,WL,B,6.0
4,8.547999858856201,learn,51452.0001411438,Tue Aug 25 2026 18:01:19 GMT-0500 (Central Daylight Time),446807.7999999821,A,grass,I,s,163,1,949.2999999821186,445858.5,8149,WL,B,6.0
4,8.697999954223633,learn,51302.00004577637,Tue Aug 25 2026 18:01:19 GMT-0500 (Central Daylight Time),446957.59999999404,A,grassenter,I,enter,132,1,1099.0999999940395,445858.5,8149,WL,B,6.0
4,8.947999954223633,learn,51052.00004577637,Tue Aug 25 2026 18:01:19 GMT-0500 (Central Daylight Time),447207.59999999404,A,a,I,a,239,1,249.59999999403954,446958.0,8149,WL,B,7.0
4,9.097999811172485,learn,50902.000188827515,Tue Aug 25 2026 18:01:19 GMT-0500 (Central Daylight Time),447357.39999997616,A,ar,I,r,133,1,399.39999997615814,446958.0,8149,WL,B,7.0
4,9.280999898910522,learn,50719.00010108948,Tue Aug 25 2026 18:01:19 GMT-0500 (Central Daylight Time),447540.6999999881,A,arm,I,m,174,1,582.6999999880791,446958.0,8149,WL,B,7.0
4,9.513999938964844,learn,50486.000061035156,Tue Aug 25 2026 18:01:19 GMT-0500 (Central Daylight Time),447773.89999997616,A,armenter,I,enter,222,1,815.8999999761581,446958.0,8149,WL,B,7.0
4,9.781999826431274,learn,50218.000173568726,Tue Aug 25 2026 18:01:19 GMT-0500 (Central Daylight Time),448041.6999999881,A,w,I,w,253,1,267.5,447774.1999999881,8149,WL,B,8.0
4,9.846999883651733,learn,50153.00011634827,Tue Aug 25 2026 18:01:19 GMT-0500 (Central Daylight Time),448107.2999999821,A,wi,I,i,58,1,333.09999999403954,447774.1999999881,8149,WL,B,8.0
4,10.04699993133545,learn,49953.00006866455,Tue Aug 25 2026 18:01:19 GMT-0500 (Central Daylight Time),448307.2999999821,A,wif,I,f,184,1,533.0999999940395,447774.1999999881,8149,WL,B,8.0
4,10.164000034332275,learn,49835.999965667725,Tue Aug 25 2026 18:01:19 GMT-0500 (Central Daylight Time),448423.6999999881,A,wife,I,e,96,1,649.5,447774.1999999881,8149,WL,B,8.0
4,10.29699993133545,learn,49703.00006866455,Tue Aug 25 2026 18:01:19 GMT-0500 (Central Daylight Time),448556.89999997616,A,wifeenter,I,enter,115,1,782.6999999880791,447774.1999999881,8149,WL,B,8.0
4,10.513999938964844,learn,49486.000061035156,Tue Aug 25 2026 18:01:19 GMT-0500 (Central Daylight Time),448773.5,A,s,I,s,206,1,216.30000001192093,448557.1999999881,8149,WL,B,9.0
4,10.664000034332275,learn,49335.999965667725,Tue Aug 25 2026 18:01:19 GMT-0500 (Central Daylight Time),448923.39999997616,A,st,I,t,142,1,366.19999998807907,448557.1999999881,8149,WL,B,9.0
4,10.829999923706055,learn,49170.000076293945,Tue Aug 25 2026 18:01:19 GMT-0500 (Central Daylight Time),449090.09999999404,A,sta,I,a,158,1,532.9000000059605,448557.1999999881,8149,WL,B,9.0
4,10.94700002670288,learn,49052.99997329712,Tue Aug 25 2026 18:01:19 GMT-0500 (Central Daylight Time),449207.0,A,star,I,r,105,1,649.8000000119209,448557.1999999881,8149,WL,B,9.0
4,11.148000001907349,learn,48851.99999809265,Tue Aug 25 2026 18:01:19 GMT-0500 (Central Daylight Time),449407.89999997616,A,starenter,I,enter,181,1,850.6999999880791,448557.1999999881,8149,WL,B,9.0
4,11.480000019073486,learn,48519.999980926514,Tue Aug 25 2026 18:01:19 GMT-0500 (Central Daylight Time),449740.0,A,p,I,p,316,1,331.80000001192093,449408.1999999881,8149,WL,B,10.0
4,11.579999923706055,learn,48420.000076293945,Tue Aug 25 2026 18:01:19 GMT-0500 (Central Daylight Time),449840.0,A,pi,I,i,86,1,431.80000001192093,449408.1999999881,8149,WL,B,10.0
4,11.730000019073486,learn,48269.999980926514,Tue Aug 25 2026 18:01:19 GMT-0500 (Central Daylight Time),449989.6999999881,A,pip,I,p,139,1,581.5,449408.1999999881,8149,WL,B,10.0
4,12.02999997138977,learn,47970.00002861023,Tue Aug 25 2026 18:01:19 GMT-0500 (Central Daylight Time),450290.2999999821,A,pipe,I,e,286,1,882.0999999940395,449408.1999999881,8149,WL,B,10.0
4,12.164000034332275,learn,47835.999965667725,Tue Aug 25 2026 18:01:19 GMT-0500 (Central Daylight Time),450423.5,A,pipeenter,I,enter,113,1,1015.3000000119209,449408.1999999881,8149,WL,B,10.0
4,13.02899980545044,learn,46971.00019454956,Tue Aug 25 2026 18:01:19 GMT-0500 (Central Daylight Time),451289.1999999881,A,p,I,p,852,1,865.4000000059605,450423.7999999821,8149,WL,B,11.0
4,13.162999868392944,learn,46837.000131607056,Tue Aug 25 2026 18:01:19 GMT-0500 (Central Daylight Time),451422.6999999881,A,pu,I,u,122,1,998.9000000059605,450423.7999999821,8149,WL,B,11.0
4,13.329999923706055,learn,46670.000076293945,Tue Aug 25 2026 18:01:19 GMT-0500 (Central Daylight Time),451589.7999999821,A,pup,I,p,149,1,1166.0,450423.7999999821,8149,WL,B,11.0
4,13.69599986076355,learn,46304.00013923645,Tue Aug 25 2026 18:01:19 GMT-0500 (Central Daylight Time),451955.89999997616,A,pupi,I,i,359,1,1532.0999999940395,450423.7999999821,8149,WL,B,11.0
4,13.928999900817871,learn,46071.00009918213,Tue Aug 25 2026 18:01:19 GMT-0500 (Central Daylight Time),452189.1999999881,A,pupil,I,l,215,1,1765.4000000059605,450423.7999999821,8149,WL,B,11.0
4,14.328999996185303,learn,45671.0000038147,Tue Aug 25 2026 18:01:19 GMT-0500 (Central Daylight Time),452589.0,A,pupilenter,I,enter,381,1,2165.2000000178814,450423.7999999821,8149,WL,B,11.0
4,14.728999853134155,learn,45271.000146865845,Tue Aug 25 2026 18:01:19 GMT-0500 (Central Daylight Time),452989.2999999821,A,c,I,c,383,1,400.0,452589.2999999821,8149,WL,B,12.0
4,14.829999923706055,learn,45170.000076293945,Tue Aug 25 2026 18:01:19 GMT-0500 (Central Daylight Time),453089.6999999881,A,cl,I,l,86,1,500.40000000596046,452589.2999999821,8149,WL,B,12.0
4,15.02899980545044,learn,44971.00019454956,Tue Aug 25 2026 18:01:19 GMT-0500 (Central Daylight Time),453288.6999999881,A,clo,I,o,177,1,699.4000000059605,452589.2999999821,8149,WL,B,12.0
4,15.178999900817871,learn,44821.00009918213,Tue Aug 25 2026 18:01:19 GMT-0500 (Central Daylight Time),453438.7999999821,A,cloc,I,c,129,1,849.5,452589.2999999821,8149,WL,B,12.0
4,15.26199984550476,learn,44738.00015449524,Tue Aug 25 2026 18:01:19 GMT-0500 (Central Daylight Time),453521.89999997616,A,clock,I,k,76,1,932.5999999940395,452589.2999999821,8149,WL,B,12.0
4,15.461999893188477,learn,44538.00010681152,Tue Aug 25 2026 18:01:19 GMT-0500 (Central Daylight Time),453721.89999997616,A,clockenter,I,enter,193,1,1132.5999999940395,452589.2999999821,8149,WL,B,12.0
4,16.046000003814697,learn,43953.9999961853,Tue Aug 25 2026 18:01:19 GMT-0500 (Central Daylight Time),454306.2999999821,A,s,I,s,578,1,584.0999999940395,453722.1999999881,8149,WL,B,13.0
4,16.161999940872192,learn,43838.00005912781,Tue Aug 25 2026 18:01:19 GMT-0500 (Central Daylight Time),454422.09999999404,A,sk,I,k,97,1,699.9000000059605,453722.1999999881,8149,WL,B,13.0
4,16.361999988555908,learn,43638.00001144409,Tue Aug 25 2026 18:01:19 GMT-0500 (Central Daylight Time),454621.6999999881,A,ski,I,i,180,1,899.5,453722.1999999881,8149,WL,B,13.0
4,16.461999893188477,learn,43538.00010681152,Tue Aug 25 2026 18:01:19 GMT-0500 (Central Daylight Time),454721.59999999404,A,skin,I,n,85,1,999.4000000059605,453722.1999999881,8149,WL,B,13.0
4,16.628000020980835,learn,43371.999979019165,Tue Aug 25 2026 18:01:19 GMT-0500 (Central Daylight Time),454888.09999999404,A,skinenter,I,enter,154,1,1165.9000000059605,453722.1999999881,8149,WL,B,13.0
4,17.09500002861023,learn,42904.99997138977,Tue Aug 25 2026 18:01:19 GMT-0500 (Central Daylight Time),455355.0,A,f,I,f,452,1,466.60000002384186,454888.39999997616,8149,WL,B,14.0
4,17.194999933242798,learn,42805.0000667572,Tue Aug 25 2026 18:01:19 GMT-0500 (Central Daylight Time),455454.89999997616,A,fi,I,i,82,1,566.5,454888.39999997616,8149,WL,B,14.0
4,17.27899980545044,learn,42721.00019454956,Tue Aug 25 2026 18:01:19 GMT-0500 (Central Daylight Time),455538.5,A,fir,I,r,69,1,650.1000000238419,454888.39999997616,8149,WL,B,14.0
4,17.394999980926514,learn,42605.000019073486,Tue Aug 25 2026 18:01:19 GMT-0500 (Central Daylight Time),455654.7999999821,A,fire,I,e,105,1,766.4000000059605,454888.39999997616,8149,WL,B,14.0
4,17.544999837875366,learn,42455.000162124634,Tue Aug 25 2026 18:01:19 GMT-0500 (Central Daylight Time),455804.6999999881,A,fireenter,I,enter,132,1,916.3000000119209,454888.39999997616,8149,WL,B,14.0
4,17.92799997329712,learn,42072.00002670288,Tue Aug 25 2026 18:01:19 GMT-0500 (Central Daylight Time),456187.7999999821,A,a,I,a,366,1,382.59999999403954,455805.1999999881,8149,WL,B,15.0
4,18.060999870300293,learn,41939.00012969971,Tue Aug 25 2026 18:01:19 GMT-0500 (Central Daylight Time),456321.39999997616,A,am,I,m,121,1,516.1999999880791,455805.1999999881,8149,WL,B,15.0
4,18.227999925613403,learn,41772.0000743866,Tue Aug 25 2026 18:01:19 GMT-0500 (Central Daylight Time),456488.1999999881,A,amr,I,r,146,1,683.0,455805.1999999881,8149,WL,B,15.0
4,18.66100001335144,learn,41338.99998664856,Tue Aug 25 2026 18:01:19 GMT-0500 (Central Daylight Time),456921.0,A,am,I,backspace,419,1,1115.800000011921,455805.1999999881,8149,WL,B,15.0
4,18.777999877929688,learn,41222.00012207031,Tue Aug 25 2026 18:01:19 GMT-0500 (Central Daylight Time),457037.59999999404,A,a,I,backspace,97,1,1232.4000000059605,455805.1999999881,8149,WL,B,15.0
4,18.878000020980835,learn,41121.999979019165,Tue Aug 25 2026 18:01:19 GMT-0500 (Central Daylight Time),457137.59999999404,A,ar,I,r,86,1,1332.4000000059605,455805.1999999881,8149,WL,B,15.0
4,19.01099991798401,learn,40989.00008201599,Tue Aug 25 2026 18:01:19 GMT-0500 (Central Daylight Time),457270.7999999821,A,arm,I,m,122,1,1465.5999999940395,455805.1999999881,8149,WL,B,15.0
4,19.22699999809265,learn,40773.00000190735,Tue Aug 25 2026 18:01:19 GMT-0500 (Central Daylight Time),457487.2999999821,A,armenter,I,enter,204,1,1682.0999999940395,455805.1999999881,8149,WL,B,15.0
5,0.7160000801086426,learn,60000.0,Tue Aug 25 2026 18:01:19 GMT-0500 (Central Daylight Time),530031.6999999881,A,c,I,c,706,1,716.4000000059605,529315.2999999821,8149,WL,B,1.0
5,0.8159999847412109,learn,60000.0,Tue Aug 25 2026 18:01:19 GMT-0500 (Central Daylight Time),530131.599999994,A,cl,I,l,92,1,816.3000000119209,529315.2999999821,8149,WL,B,1.0
5,1.0329999923706055,learn,60000.0,Tue Aug 25 2026 18:01:19 GMT-0500 (Central Daylight Time),530348.1999999881,A,clo,I,o,201,1,1032.9000000059605,529315.2999999821,8149,WL,B,1.0
5,1.183000087738037,learn,60000.0,Tue Aug 25 2026 18:01:19 GMT-0500 (Central Daylight Time),530498.2999999821,A,cloc,I,c,143,1,1183.0,529315.2999999821,8149,WL,B,1.0
5,1.2820000648498535,learn,60000.0,Tue Aug 25 2026 18:01:19 GMT-0500 (Central Daylight Time),530597.8999999762,A,clock,I,k,81,1,1282.5999999940395,529315.2999999821,8149,WL,B,1.0
5,1.4660000801086426,learn,60000.0,Tue Aug 25 2026 18:01:19 GMT-0500 (Central Daylight Time),530781.099999994,A,clockenter,I,enter,165,1,1465.800000011921,529315.2999999821,8149,WL,B,1.0
5,1.7990000247955322,learn,60000.0,Tue Aug 25 2026 18:01:19 GMT-0500 (Central Daylight Time),531114.599999994,A,f,I,f,326,1,333.09999999403954,530781.5,8149,WL,B,2.0
5,1.882000207901001,learn,60000.0,Tue Aug 25 2026 18:01:19 GMT-0500 (Central Daylight Time),531197.8999999762,A,fi,I,i,66,1,416.39999997615814,530781.5,8149,WL,B,2.0
5,2.0490000247955322,learn,60000.0,Tue Aug 25 2026 18:01:19 GMT-0500 (Central Daylight Time),531364.599999994,A,fir,I,r,151,1,583.0999999940395,530781.5,8149,WL,B,2.0
5,2.132000207901001,learn,60000.0,Tue Aug 25 2026 18:01:19 GMT-0500 (Central Daylight Time),531448.0,A,fire,I,e,63,1,666.5,530781.5,8149,WL,B,2.0
5,2.615000009536743,learn,60000.0,Tue Aug 25 2026 18:01:19 GMT-0500 (Central Daylight Time),531930.7999999821,A,fireenter,I,enter,467,1,1149.2999999821186,530781.5,8149,WL,B,2.0
5,3.0930001735687256,learn,60000.0,Tue Aug 25 2026 18:01:19 GMT-0500 (Central Daylight Time),532408.099999994,A,p,I,p,384,1,476.90000000596046,531931.1999999881,8149,WL,B,3.0
5,3.115000009536743,learn,60000.0,Tue Aug 25 2026 18:01:19 GMT-0500 (Central Daylight Time),532430.599999994,A,pu,I,u,3,1,499.40000000596046,531931.1999999881,8149,WL,B,3.0
5,3.2820000648498535,learn,60000.0,Tue Aug 25 2026 18:01:19 GMT-0500 (Central Daylight Time),532597.599999994,A,pup,I,p,155,1,666.4000000059605,531931.1999999881,8149,WL,B,3.0
5,3.4820001125335693,learn,60000.0,Tue Aug 25 2026 18:01:19 GMT-0500 (Central Daylight Time),532797.5,A,pupi,I,i,191,1,866.3000000119209,531931.1999999881,8149,WL,B,3.0
5,3.865000009536743,learn,60000.0,Tue Aug 25 2026 18:01:19 GMT-0500 (Central Daylight Time),533180.3999999762,A,pupil,I,l,366,1,1249.199999988079,531931.1999999881,8149,WL,B,3.0
5,4.065000057220459,learn,60000.0,Tue Aug 25 2026 18:01:19 GMT-0500 (Central Daylight Time),533380.2999999821,A,pupilenter,I,enter,183,1,1449.0999999940395,531931.1999999881,8149,WL,B,3.0
5,4.615000009536743,learn,60000.0,Tue Aug 25 2026 18:01:19 GMT-0500 (Central Daylight Time),533930.3999999762,A,s,I,s,543,1,549.8999999761581,533380.5,8149,WL,B,4.0
5,4.715000152587891,learn,60000.0,Tue Aug 25 2026 18:01:19 GMT-0500 (Central Daylight Time),534030.3999999762,A,sk,I,k,82,1,649.8999999761581,533380.5,8149,WL,B,4.0
5,4.9150002002716064,learn,60000.0,Tue Aug 25 2026 18:01:19 GMT-0500 (Central Daylight Time),534230.099999994,A,ski,I,i,189,1,849.5999999940395,533380.5,8149,WL,B,4.0
5,5.031000137329102,learn,60000.0,Tue Aug 25 2026 18:01:19 GMT-0500 (Central Daylight Time),534346.599999994,A,skin,I,n,109,1,966.0999999940395,533380.5,8149,WL,B,4.0
5,5.281000137329102,learn,60000.0,Tue Aug 25 2026 18:01:19 GMT-0500 (Central Daylight Time),534596.599999994,A,skinenter,I,enter,232,1,1216.0999999940395,533380.5,8149,WL,B,4.0
5,5.63100004196167,learn,60000.0,Tue Aug 25 2026 18:01:19 GMT-0500 (Central Daylight Time),534946.7999999821,A,a,I,a,335,1,350.0,534596.7999999821,8149,WL,B,5.0
5,5.731000185012817,learn,60000.0,Tue Aug 25 2026 18:01:19 GMT-0500 (Central Daylight Time),535046.6999999881,A,ar,I,r,90,1,449.90000000596046,534596.7999999821,8149,WL,B,5.0
5,5.88100004196167,learn,60000.0,Tue Aug 25 2026 18:01:19 GMT-0500 (Central Daylight Time),535196.6999999881,A,arm,I,m,141,1,599.9000000059605,534596.7999999821,8149,WL,B,5.0
5,6.0980000495910645,learn,60000.0,Tue Aug 25 2026 18:01:19 GMT-0500 (Central Daylight Time),535413.099999994,A,armenter,I,enter,207,1,816.3000000119209,534596.7999999821,8149,WL,B,5.0
5,6.614000082015991,learn,60000.0,Tue Aug 25 2026 18:01:19 GMT-0500 (Central Daylight Time),535929.6999999881,A,w,I,w,502,1,516.0,535413.6999999881,8149,WL,B,6.0
5,6.731000185012817,learn,60000.0,Tue Aug 25 2026 18:01:19 GMT-0500 (Central Daylight Time),536046.2999999821,A,wi,I,i,97,1,632.5999999940395,535413.6999999881,8149,WL,B,6.0
5,6.8480000495910645,learn,60000.0,Tue Aug 25 2026 18:01:19 GMT-0500 (Central Daylight Time),536163.2999999821,A,wif,I,f,102,1,749.5999999940395,535413.6999999881,8149,WL,B,6.0
5,6.948000192642212,learn,60000.0,Tue Aug 25 2026 18:01:19 GMT-0500 (Central Daylight Time),536263.2999999821,A,wife,I,e,81,1,849.5999999940395,535413.6999999881,8149,WL,B,6.0
5,7.064000129699707,learn,60000.0,Tue Aug 25 2026 18:01:19 GMT-0500 (Central Daylight Time),536379.8999999762,A,wifeenter,I,enter,101,1,966.1999999880791,535413.6999999881,8149,WL,B,6.0
5,7.580000162124634,learn,60000.0,Tue Aug 25 2026 18:01:19 GMT-0500 (Central Daylight Time),536895.8999999762,A,l,I,l,503,1,515.5999999940395,536380.2999999821,8149,WL,B,7.0
5,7.664000034332275,learn,60000.0,Tue Aug 25 2026 18:01:19 GMT-0500 (Central Daylight Time),536979.099999994,A,la,I,a,75,1,598.8000000119209,536380.2999999821,8149,WL,B,7.0
5,7.781000137329102,learn,60000.0,Tue Aug 25 2026 18:01:19 GMT-0500 (Central Daylight Time),537096.2999999821,A,lak,I,k,105,1,716.0,536380.2999999821,8149,WL,B,7.0
5,7.897000074386597,learn,60000.0,Tue Aug 25 2026 18:01:19 GMT-0500 (Central Daylight Time),537212.8999999762,A,lake,I,e,107,1,832.5999999940395,536380.2999999821,8149,WL,B,7.0
5,7.996999979019165,learn,60000.0,Tue Aug 25 2026 18:01:19 GMT-0500 (Central Daylight Time),537312.6999999881,A,lakeenter,I,enter,95,1,932.4000000059605,536380.2999999821,8149,WL,B,7.0
5,8.647000074386597,learn,60000.0,Tue Aug 25 2026 18:01:19 GMT-0500 (Central Daylight Time),537962.099999994,A,b,I,b,643,1,649.0999999940395,537313.0,8149,WL,B,8.0
5,8.847000122070312,learn,60000.0,Tue Aug 25 2026 18:01:19 GMT-0500 (Central Daylight Time),538162.599999994,A,ba,I,a,185,1,849.5999999940395,537313.0,8149,WL,B,8.0
5,9.297000169754028,learn,60000.0,Tue Aug 25 2026 18:01:19 GMT-0500 (Central Daylight Time),538612.2999999821,A,b,I,backspace,433,1,1299.2999999821186,537313.0,8149,WL,B,8.0
5,9.580000162124634,learn,60000.0,Tue Aug 25 2026 18:01:19 GMT-0500 (Central Daylight Time),538895.099999994,A,bc,I,c,271,1,1582.0999999940395,537313.0,8149,WL,B,8.0
5,9.879000186920166,learn,60000.0,Tue Aug 25 2026 18:01:19 GMT-0500 (Central Daylight Time),539194.8999999762,A,b,I,backspace,283,1,1881.8999999761581,537313.0,8149,WL,B,8.0
5,10.013000011444092,learn,60000.0,Tue Aug 25 2026 18:01:19 GMT-0500 (Central Daylight Time),539328.5,A,,I,backspace,128,1,2015.5,537313.0,8149,WL,B,8.0
5,10.130000114440918,learn,60000.0,Tue Aug 25 2026 18:01:19 GMT-0500 (Central Daylight Time),539445.3999999762,A,c,I,c,99,1,2132.399999976158,537313.0,8149,WL,B,8.0
5,10.230000019073486,learn,60000.0,Tue Aug 25 2026 18:01:19 GMT-0500 (Central Daylight Time),539545.099999994,A,ca,I,a,79,1,2232.0999999940395,537313.0,8149,WL,B,8.0
5,10.496000051498413,learn,60000.0,Tue Aug 25 2026 18:01:19 GMT-0500 (Central Daylight Time),539811.8999999762,A,cab,I,b,251,1,2498.899999976158,537313.0,8149,WL,B,8.0
5,10.629000186920166,learn,60000.0,Tue Aug 25 2026 18:01:19 GMT-0500 (Central Daylight Time),539944.8999999762,A,cabi,I,i,120,1,2631.899999976158,537313.0,8149,WL,B,8.0
5,10.746000051498413,learn,60000.0,Tue Aug 25 2026 18:01:19 GMT-0500 (Central Daylight Time),540061.5,A,cabin,I,n,98,1,2748.5,537313.0,8149,WL,B,8.0
5,10.879000186920166,learn,60000.0,Tue Aug 25 2026 18:01:19 GMT-0500 (Central Daylight Time),540194.7999999821,A,cabinenter,I,enter,117,1,2881.7999999821186,537313.0,8149,WL,B,8.0
5,11.463000059127808,learn,60000.0,Tue Aug 25 2026 18:01:19 GMT-0500 (Central Daylight Time),540778.2999999821,A,f,I,f,577,1,583.0999999940395,540195.1999999881,8149,WL,B,9.0
5,11.52999997138977,learn,60000.0,Tue Aug 25 2026 18:01:19 GMT-0500 (Central Daylight Time),540845.099999994,A,fi,I,i,58,1,649.9000000059605,540195.1999999881,8149,WL,B,9.0
5,11.67900013923645,learn,60000.0,Tue Aug 25 2026 18:01:19 GMT-0500 (Central Daylight Time),540994.8999999762,A,fir,I,r,134,1,799.6999999880791,540195.1999999881,8149,WL,B,9.0
5,11.746999979019165,learn,60000.0,Tue Aug 25 2026 18:01:19 GMT-0500 (Central Daylight Time),541062.3999999762,A,fire,I,e,57,1,867.1999999880791,540195.1999999881,8149,WL,B,9.0
5,11.896000146865845,learn,60000.0,Tue Aug 25 2026 18:01:19 GMT-0500 (Central Daylight Time),541211.3999999762,A,fireenter,I,enter,133,1,1016.1999999880791,540195.1999999881,8149,WL,B,9.0
5,12.229000091552734,learn,60000.0,Tue Aug 25 2026 18:01:19 GMT-0500 (Central Daylight Time),541544.5,A,c,I,c,312,1,332.7000000178814,541211.7999999821,8149,WL,B,10.0
5,12.279000043869019,learn,60000.0,Tue Aug 25 2026 18:01:19 GMT-0500 (Central Daylight Time),541594.2999999821,A,ci,I,i,43,1,382.5,541211.7999999821,8149,WL,B,10.0
5,12.445000171661377,learn,60000.0,Tue Aug 25 2026 18:01:19 GMT-0500 (Central Daylight Time),541760.8999999762,A,cit,I,t,153,1,549.0999999940395,541211.7999999821,8149,WL,B,10.0
5,12.546000003814697,learn,60000.0,Tue Aug 25 2026 18:01:19 GMT-0500 (Central Daylight Time),541861.0,A,city,I,y,82,1,649.2000000178814,541211.7999999821,8149,WL,B,10.0
5,12.729000091552734,learn,60000.0,Tue Aug 25 2026 18:01:19 GMT-0500 (Central Daylight Time),542044.7999999821,A,cityenter,I,enter,168,1,833.0,541211.7999999821,8149,WL,B,10.0
5,13.394999980926514,learn,60000.0,Tue Aug 25 2026 18:01:19 GMT-0500 (Central Daylight Time),542710.6999999881,A,g,I,g,647,1,665.5,542045.1999999881,8149,WL,B,11.0
5,13.611999988555908,learn,60000.0,Tue Aug 25 2026 18:01:19 GMT-0500 (Central Daylight Time),542927.2999999821,A,gr,I,r,196,1,882.0999999940395,542045.1999999881,8149,WL,B,11.0
5,13.728000164031982,learn,60000.0,Tue Aug 25 2026 18:01:19 GMT-0500 (Central Daylight Time),543044.0,A,gra,I,a,100,1,998.8000000119209,542045.1999999881,8149,WL,B,11.0
5,13.84500002861023,learn,60000.0,Tue Aug 25 2026 18:01:19 GMT-0500 (Central Daylight Time),543160.7999999821,A,gras,I,s,103,1,1115.5999999940395,542045.1999999881,8149,WL,B,11.0
5,14.01200008392334,learn,60000.0,Tue Aug 25 2026 18:01:19 GMT-0500 (Central Daylight Time),543327.3999999762,A,grass,I,s,156,1,1282.199999988079,542045.1999999881,8149,WL,B,11.0
5,14.129000186920166,learn,60000.0,Tue Aug 25 2026 18:01:19 GMT-0500 (Central Daylight Time),543444.1999999881,A,grassenter,I,enter,109,1,1399.0,542045.1999999881,8149,WL,B,11.0
5,14.295000076293945,learn,60000.0,Tue Aug 25 2026 18:01:19 GMT-0500 (Central Daylight Time),543610.599999994,A,w,I,w,160,1,166.0,543444.599999994,8149,WL,B,12.0
5,14.412000179290771,learn,60000.0,Tue Aug 25 2026 18:01:19 GMT-0500 (Central Daylight Time),543727.099999994,A,wi,I,i,104,1,282.5,543444.599999994,8149,WL,B,12.0
5,14.528000116348267,learn,60000.0,Tue Aug 25 2026 18:01:19 GMT-0500 (Central Daylight Time),543843.6999999881,A,win,I,n,100,1,399.09999999403954,543444.599999994,8149,WL,B,12.0
5,14.66100001335144,learn,60000.0,Tue Aug 25 2026 18:01:19 GMT-0500 (Central Daylight Time),543977.0,A,wind,I,d,119,1,532.4000000059605,543444.599999994,8149,WL,B,12.0
5,14.811000108718872,learn,60000.0,Tue Aug 25 2026 18:01:19 GMT-0500 (Central Daylight Time),544127.0,A,windo,I,o,138,1,682.4000000059605,543444.599999994,8149,WL,B,12.0
5,15.01200008392334,learn,60000.0,Tue Aug 25 2026 18:01:19 GMT-0500 (Central Daylight Time),544327.0,A,window,I,w,180,1,882.4000000059605,543444.599999994,8149,WL,B,12.0
5,15.129000186920166,learn,60000.0,Tue Aug 25 2026 18:01:19 GMT-0500 (Central Daylight Time),544444.6999999881,A,windowenter,I,enter,108,1,1000.0999999940395,543444.599999994,8149,WL,B,12.0
5,15.42799997329712,learn,60000.0,Tue Aug 25 2026 18:01:19 GMT-0500 (Central Daylight Time),544744.0,A,d,I,d,278,1,298.90000000596046,544445.099999994,8149,WL,B,13.0
5,15.479000091552734,learn,60000.0,Tue Aug 25 2026 18:01:19 GMT-0500 (Central Daylight Time),544794.8999999762,A,do,I,o,44,1,349.7999999821186,544445.099999994,8149,WL,B,13.0
5,15.644999980926514,learn,60000.0,Tue Aug 25 2026 18:01:19 GMT-0500 (Central Daylight Time),544960.099999994,A,doo,I,o,144,1,515.0,544445.099999994,8149,WL,B,13.0
5,15.794000148773193,learn,60000.0,Tue Aug 25 2026 18:01:19 GMT-0500 (Central Daylight Time),545110.0,A,door,I,r,131,1,664.9000000059605,544445.099999994,8149,WL,B,13.0
5,16.144999980926514,learn,60000.0,Tue Aug 25 2026 18:01:19 GMT-0500 (Central Daylight Time),545460.1999999881,A,doors,I,s,342,1,1015.0999999940395,544445.099999994,8149,WL,B,13.0
5,16.328999996185303,learn,60000.0,Tue Aug 25 2026 18:01:19 GMT-0500 (Central Daylight Time),545644.1999999881,A,doorst,I,t,167,1,1199.0999999940395,544445.099999994,8149,WL,B,13.0
5,16.861000061035156,learn,60000.0,Tue Aug 25 2026 18:01:19 GMT-0500 (Central Daylight Time),546176.5,A,doors,I,backspace,519,1,1731.4000000059605,544445.099999994,8149,WL,B,13.0
5,16.961000204086304,learn,60000.0,Tue Aug 25 2026 18:01:19 GMT-0500 (Central Daylight Time),546276.2999999821,A,door,I,backspace,91,1,1831.199999988079,544445.099999994,8149,WL,B,13.0
5,17.111000061035156,learn,60000.0,Tue Aug 25 2026 18:01:19 GMT-0500 (Central Daylight Time),546426.2999999821,A,doo,I,backspace,143,1,1981.199999988079,544445.099999994,8149,WL,B,13.0
5,17.944000005722046,learn,60000.0,Tue Aug 25 2026 18:01:19 GMT-0500 (Central Daylight Time),547259.2999999821,A,door,I,r,817,1,2814.199999988079,544445.099999994,8149,WL,B,13.0
5,18.277000188827515,learn,60000.0,Tue Aug 25 2026 18:01:19 GMT-0500 (Central Daylight Time),547592.3999999762,A,doors,I,s,319,1,3147.2999999821186,544445.099999994,8149,WL,B,13.0
5,18.39400005340576,learn,60000.0,Tue Aug 25 2026 18:01:19 GMT-0500 (Central Daylight Time),547709.3999999762,A,doorst,I,t,100,1,3264.2999999821186,544445.099999994,8149,WL,B,13.0
5,18.627000093460083,learn,60000.0,Tue Aug 25 2026 18:01:19 GMT-0500 (Central Daylight Time),547942.6999999881,A,doorsta,I,a,223,1,3497.5999999940395,544445.099999994,8149,WL,B,13.0
5,19.009999990463257,learn,60000.0,Tue Aug 25 2026 18:01:19 GMT-0500 (Central Daylight Time),548325.599999994,A,doorst,I,backspace,365,1,3880.5,544445.099999994,8149,WL,B,13.0
5,19.14400005340576,learn,60000.0,Tue Aug 25 2026 18:01:19 GMT-0500 (Central Daylight Time),548459.0,A,doors,I,backspace,126,1,4013.9000000059605,544445.099999994,8149,WL,B,13.0
5,19.677000045776367,learn,60000.0,Tue Aug 25 2026 18:01:19 GMT-0500 (Central Daylight Time),548992.599999994,A,door,I,backspace,512,1,4547.5,544445.099999994,8149,WL,B,13.0
5,20.027000188827515,learn,60000.0,Tue Aug 25 2026 18:01:19 GMT-0500 (Central Daylight Time),549342.5,A,doorenter,I,enter,332,1,4897.4000000059605,544445.099999994,8149,WL,B,13.0
5,20.4760000705719,learn,60000.0,Tue Aug 25 2026 18:01:19 GMT-0500 (Central Daylight Time),549791.8999999762,A,a,I,a,429,1,449.19999998807907,549342.6999999881,8149,WL,B,14.0
5,20.943000078201294,learn,60000.0,Tue Aug 25 2026 18:01:19 GMT-0500 (Central Daylight Time),550258.6999999881,A,as,I,s,460,1,916.0,549342.6999999881,8149,WL,B,14.0
5,21.292999982833862,learn,60000.0,Tue Aug 25 2026 18:01:19 GMT-0500 (Central Daylight Time),550608.1999999881,A,asr,I,r,336,1,1265.5,549342.6999999881,8149,WL,B,14.0
5,21.926000118255615,learn,60000.0,Tue Aug 25 2026 18:01:19 GMT-0500 (Central Daylight Time),551241.599999994,A,as,I,backspace,619,1,1898.9000000059605,549342.6999999881,8149,WL,B,14.0
5,22.093000173568726,learn,60000.0,Tue Aug 25 2026 18:01:19 GMT-0500 (Central Daylight Time),551408.2999999821,A,a,I,backspace,155,1,2065.5999999940395,549342.6999999881,8149,WL,B,14.0
5,22.243000030517578,learn,60000.0,Tue Aug 25 2026 18:01:19 GMT-0500 (Central Daylight Time),551558.5,A,,I,backspace,132,1,2215.800000011921,549342.6999999881,8149,WL,B,14.0
5,22.4760000705719,learn,60000.0,Tue Aug 25 2026 18:01:19 GMT-0500 (Central Daylight Time),551791.1999999881,A,s,I,s,221,1,2448.5,549342.6999999881,8149,WL,B,14.0
5,22.70900011062622,learn,60000.0,Tue Aug 25 2026 18:01:19 GMT-0500 (Central Daylight Time),552024.5,A,sr,I,r,220,1,2681.800000011921,549342.6999999881,8149,WL,B,14.0
5,22.892000198364258,learn,60000.0,Tue Aug 25 2026 18:01:19 GMT-0500 (Central Daylight Time),552207.599999994,A,sra,I,a,171,1,2864.9000000059605,549342.6999999881,8149,WL,B,14.0
5,22.975000143051147,learn,60000.0,Tue Aug 25 2026 18:01:19 GMT-0500 (Central Daylight Time),552291.0,A,srat,I,t,76,1,2948.300000011921,549342.6999999881,8149,WL,B,14.0
5,23.55900001525879,learn,60000.0,Tue Aug 25 2026 18:01:19 GMT-0500 (Central Daylight Time),552874.599999994,A,sra,I,backspace,569,1,3531.9000000059605,549342.6999999881,8149,WL,B,14.0
5,23.725000143051147,learn,60000.0,Tue Aug 25 2026 18:01:19 GMT-0500 (Central Daylight Time),553040.6999999881,A,sr,I,backspace,160,1,3698.0,549342.6999999881,8149,WL,B,14.0
5,23.892000198364258,learn,60000.0,Tue Aug 25 2026 18:01:19 GMT-0500 (Central Daylight Time),553207.5,A,s,I,backspace,146,1,3864.800000011921,549342.6999999881,8149,WL,B,14.0
5,24.142000198364258,learn,60000.0,Tue Aug 25 2026 18:01:19 GMT-0500 (Central Daylight Time),553457.2999999821,A,st,I,t,235,1,4114.5999999940395,549342.6999999881,8149,WL,B,14.0
5,24.475000143051147,learn,60000.0,Tue Aug 25 2026 18:01:19 GMT-0500 (Central Daylight Time),553790.8999999762,A,sta,I,a,323,1,4448.199999988079,549342.6999999881,8149,WL,B,14.0
5,24.54200005531311,learn,60000.0,Tue Aug 25 2026 18:01:19 GMT-0500 (Central Daylight Time),553857.5,A,star,I,r,54,1,4514.800000011921,549342.6999999881,8149,WL,B,14.0
5,24.70900011062622,learn,60000.0,Tue Aug 25 2026 18:01:19 GMT-0500 (Central Daylight Time),554024.099999994,A,starenter,I,enter,154,1,4681.4000000059605,549342.6999999881,8149,WL,B,14.0
5,27.324000120162964,learn,60000.0,Tue Aug 25 2026 18:01:19 GMT-0500 (Central Daylight Time),556639.7999999821,A,f,I,f,2595,1,2615.2999999821186,554024.5,8149,WL,B,15.0
5,27.391000032424927,learn,60000.0,Tue Aug 25 2026 18:01:19 GMT-0500 (Central Daylight Time),556706.3999999762,A,fi,I,i,50,1,2681.899999976158,554024.5,8149,WL,B,15.0
5,27.52400016784668,learn,60000.0,Tue Aug 25 2026 18:01:19 GMT-0500 (Central Daylight Time),556839.5,A,fir,I,r,111,1,2815.0,554024.5,8149,WL,B,15.0
5,27.591000080108643,learn,60000.0,Tue Aug 25 2026 18:01:19 GMT-0500 (Central Daylight Time),556906.1999999881,A,fire,I,e,60,1,2881.699999988079,554024.5,8149,WL,B,15.0
5,27.70800018310547,learn,60000.0,Tue Aug 25 2026 18:01:19 GMT-0500 (Central Daylight Time),557023.2999999821,A,fireenter,I,enter,98,1,2998.7999999821186,554024.5,8149,WL,B,15.0
6,0.7650001049041748,distr,59234.999895095825,Tue Aug 25 2026 18:01:19 GMT-0500 (Central Daylight Time),629816.6999999881,B,o,I,o,752,1,765.0,629051.6999999881,8149,WL,B,1.0
6,0.9649999141693115,distr,59035.00008583069,Tue Aug 25 2026 18:01:19 GMT-0500 (Central Daylight Time),630016.6999999881,B,oc,I,c,185,1,965.0,629051.6999999881,8149,WL,B,1.0
6,1.2820000648498535,distr,58717.99993515015,Tue Aug 25 2026 18:01:19 GMT-0500 (Central Daylight Time),630333.7999999821,B,oce,I,e,300,1,1282.0999999940395,629051.6999999881,8149,WL,B,1.0
6,1.431999921798706,distr,58568.000078201294,Tue Aug 25 2026 18:01:19 GMT-0500 (Central Daylight Time),630483.599999994,B,ocea,I,a,134,1,1431.9000000059605,629051.6999999881,8149,WL,B,1.0
6,1.5810000896453857,distr,58418.999910354614,Tue Aug 25 2026 18:01:19 GMT-0500 (Central Daylight Time),630633.1999999881,B,ocean,I,n,145,1,1581.5,629051.6999999881,8149,WL,B,1.0
6,1.88100004196167,distr,58118.99995803833,Tue Aug 25 2026 18:01:19 GMT-0500 (Central Daylight Time),630933.099999994,B,oceanenter,I,enter,282,1,1881.4000000059605,629051.6999999881,8149,WL,B,1.0
6,2.2980000972747803,distr,57701.99990272522,Tue Aug 25 2026 18:01:19 GMT-0500 (Central Daylight Time),631350.099999994,B,b,I,b,398,1,416.80000001192093,630933.2999999821,8149,WL,B,2.0
6,2.5490000247955322,distr,57450.99997520447,Tue Aug 25 2026 18:01:19 GMT-0500 (Central Daylight Time),631600.7999999821,B,ba,I,a,229,1,667.5,630933.2999999821,8149,WL,B,2.0
6,2.6649999618530273,distr,57335.00003814697,Tue Aug 25 2026 18:01:19 GMT-0500 (Central Daylight Time),631716.5,B,bab,I,b,107,1,783.2000000178814,630933.2999999821,8149,WL,B,2.0
6,2.930999994277954,distr,57069.000005722046,Tue Aug 25 2026 18:01:19 GMT-0500 (Central Daylight Time),631982.7999999821,B,baby,I,y,247,1,1049.5,630933.2999999821,8149,WL,B,2.0
6,3.2639999389648438,distr,56736.000061035156,Tue Aug 25 2026 18:01:19 GMT-0500 (Central Daylight Time),632315.8999999762,B,babyenter,I,enter,324,1,1382.5999999940395,630933.2999999821,8149,WL,B,2.0
6,4.496999979019165,distr,55503.000020980835,Tue Aug 25 2026 18:01:19 GMT-0500 (Central Daylight Time),633548.8999999762,B,l,I,l,1223,1,1232.7999999821186,632316.099999994,8149,WL,B,3.0
6,4.513999938964844,distr,55486.000061035156,Tue Aug 25 2026 18:01:19 GMT-0500 (Central Daylight Time),633565.3999999762,B,li,I,i,6,1,1249.2999999821186,632316.099999994,8149,WL,B,3.0
6,5.0980000495910645,distr,54901.999950408936,Tue Aug 25 2026 18:01:19 GMT-0500 (Central Daylight Time),634150.0,B,lip,I,p,575,1,1833.9000000059605,632316.099999994,8149,WL,B,3.0
6,5.447000026702881,distr,54552.99997329712,Tue Aug 25 2026 18:01:19 GMT-0500 (Central Daylight Time),634498.7999999821,B,lipenter,I,enter,333,1,2182.699999988079,632316.099999994,8149,WL,B,3.0
6,6.2799999713897705,distr,53720.00002861023,Tue Aug 25 2026 18:01:19 GMT-0500 (Central Daylight Time),635332.099999994,B,c,I,c,816,1,833.0999999940395,634499.0,8149,WL,B,4.0
6,6.5299999713897705,distr,53470.00002861023,Tue Aug 25 2026 18:01:19 GMT-0500 (Central Daylight Time),635581.8999999762,B,ce,I,e,232,1,1082.8999999761581,634499.0,8149,WL,B,4.0
6,6.696000099182129,distr,53303.99990081787,Tue Aug 25 2026 18:01:19 GMT-0500 (Central Daylight Time),635748.1999999881,B,cel,I,l,149,1,1249.199999988079,634499.0,8149,WL,B,4.0
6,6.880000114440918,distr,53119.99988555908,Tue Aug 25 2026 18:01:19 GMT-0500 (Central Daylight Time),635931.5,B,cell,I,l,167,1,1432.5,634499.0,8149,WL,B,4.0
6,7.078999996185303,distr,52921.0000038147,Tue Aug 25 2026 18:01:19 GMT-0500 (Central Daylight Time),636131.2999999821,B,cellenter,I,enter,184,1,1632.2999999821186,634499.0,8149,WL,B,4.0
6,7.413000106811523,distr,52586.99989318848,Tue Aug 25 2026 18:01:19 GMT-0500 (Central Daylight Time),636465.0,B,s,I,s,313,1,333.5,636131.5,8149,WL,B,5.0
6,7.5959999561309814,distr,52404.00004386902,Tue Aug 25 2026 18:01:19 GMT-0500 (Central Daylight Time),636648.099999994,B,st,I,t,172,1,516.5999999940395,636131.5,8149,WL,B,5.0
6,7.763000011444092,distr,52236.99998855591,Tue Aug 25 2026 18:01:19 GMT-0500 (Central Daylight Time),636814.8999999762,B,ste,I,e,156,1,683.3999999761581,636131.5,8149,WL,B,5.0
6,7.996000051498413,distr,52003.99994850159,Tue Aug 25 2026 18:01:19 GMT-0500 (Central Daylight Time),637047.8999999762,B,stea,I,a,220,1,916.3999999761581,636131.5,8149,WL,B,5.0
6,8.128999948501587,distr,51871.00005149841,Tue Aug 25 2026 18:01:19 GMT-0500 (Central Daylight Time),637181.099999994,B,steam,I,m,121,1,1049.5999999940395,636131.5,8149,WL,B,5.0
6,8.36299991607666,distr,51637.00008392334,Tue Aug 25 2026 18:01:19 GMT-0500 (Central Daylight Time),637414.2999999821,B,steamenter,I,enter,222,1,1282.7999999821186,636131.5,8149,WL,B,5.0
6,8.896000146865845,distr,51103.999853134155,Tue Aug 25 2026 18:01:19 GMT-0500 (Central Daylight Time),637948.0,B,a,I,a,525,1,533.3000000119209,637414.6999999881,8149,WL,B,6.0
6,9.01200008392334,distr,50987.99991607666,Tue Aug 25 2026 18:01:19 GMT-0500 (Central Daylight Time),638064.099999994,B,ar,I,r,95,1,649.4000000059605,637414.6999999881,8149,WL,B,6.0
6,9.146000146865845,distr,50853.999853134155,Tue Aug 25 2026 18:01:19 GMT-0500 (Central Daylight Time),638197.5,B,arm,I,m,122,1,782.8000000119209,637414.6999999881,8149,WL,B,6.0
6,9.696000099182129,distr,50303.99990081787,Tue Aug 25 2026 18:01:19 GMT-0500 (Central Daylight Time),638747.3999999762,B,army,I,y,539,1,1332.699999988079,637414.6999999881,8149,WL,B,6.0
6,9.962000131607056,distr,50037.999868392944,Tue Aug 25 2026 18:01:19 GMT-0500 (Central Daylight Time),639014.1999999881,B,armyenter,I,enter,257,1,1599.5,637414.6999999881,8149,WL,B,6.0
6,10.495000123977661,distr,49504.99987602234,Tue Aug 25 2026 18:01:19 GMT-0500 (Central Daylight Time),639546.8999999762,B,p,I,p,525,1,532.3999999761581,639014.5,8149,WL,B,7.0
6,10.67799997329712,distr,49322.00002670288,Tue Aug 25 2026 18:01:19 GMT-0500 (Central Daylight Time),639730.099999994,B,pa,I,a,169,1,715.5999999940395,639014.5,8149,WL,B,7.0
6,10.811000108718872,distr,49188.99989128113,Tue Aug 25 2026 18:01:19 GMT-0500 (Central Daylight Time),639863.3999999762,B,pal,I,l,113,1,848.8999999761581,639014.5,8149,WL,B,7.0
6,10.977999925613403,distr,49022.0000743866,Tue Aug 25 2026 18:01:19 GMT-0500 (Central Daylight Time),640030.3999999762,B,pala,I,a,157,1,1015.8999999761581,639014.5,8149,WL,B,7.0
6,11.161999940872192,distr,48838.00005912781,Tue Aug 25 2026 18:01:19 GMT-0500 (Central Daylight Time),640213.8999999762,B,palac,I,c,166,1,1199.3999999761581,639014.5,8149,WL,B,7.0
6,11.378000020980835,distr,48621.999979019165,Tue Aug 25 2026 18:01:19 GMT-0500 (Central Daylight Time),640430.3999999762,B,palace,I,e,197,1,1415.8999999761581,639014.5,8149,WL,B,7.0
6,11.495000123977661,distr,48504.99987602234,Tue Aug 25 2026 18:01:19 GMT-0500 (Central Daylight Time),640546.599999994,B,palaceenter,I,enter,110,1,1532.0999999940395,639014.5,8149,WL,B,7.0
6,11.727999925613403,distr,48272.0000743866,Tue Aug 25 2026 18:01:19 GMT-0500 (Central Daylight Time),640779.8999999762,B,c,I,c,224,1,233.0,640546.8999999762,8149,WL,B,8.0
6,11.844000101089478,distr,48155.99989891052,Tue Aug 25 2026 18:01:19 GMT-0500 (Central Daylight Time),640896.599999994,B,co,I,o,95,1,349.7000000178814,640546.8999999762,8149,WL,B,8.0
6,11.960999965667725,distr,48039.000034332275,Tue Aug 25 2026 18:01:19 GMT-0500 (Central Daylight Time),641013.099999994,B,coi,I,i,106,1,466.2000000178814,640546.8999999762,8149,WL,B,8.0
6,12.144999980926514,distr,47855.000019073486,Tue Aug 25 2026 18:01:19 GMT-0500 (Central Daylight Time),641196.7999999821,B,coin,I,n,175,1,649.9000000059605,640546.8999999762,8149,WL,B,8.0
6,12.411999940872192,distr,47588.00005912781,Tue Aug 25 2026 18:01:19 GMT-0500 (Central Daylight Time),641464.1999999881,B,coins,I,s,256,1,917.3000000119209,640546.8999999762,8149,WL,B,8.0
6,12.594000101089478,distr,47405.99989891052,Tue Aug 25 2026 18:01:19 GMT-0500 (Central Daylight Time),641646.599999994,B,coinsenter,I,enter,164,1,1099.7000000178814,640546.8999999762,8149,WL,B,8.0
6,13.043999910354614,distr,46956.000089645386,Tue Aug 25 2026 18:01:19 GMT-0500 (Central Daylight Time),642096.1999999881,B,o,I,o,445,1,449.30000001192093,641646.8999999762,8149,WL,B,9.0
6,13.427000045776367,distr,46572.99995422363,Tue Aug 25 2026 18:01:19 GMT-0500 (Central Daylight Time),642479.1999999881,B,oc,I,c,371,1,832.3000000119209,641646.8999999762,8149,WL,B,9.0
6,13.644000053405762,distr,46355.99994659424,Tue Aug 25 2026 18:01:19 GMT-0500 (Central Daylight Time),642696.1999999881,B,oce,I,e,212,1,1049.300000011921,641646.8999999762,8149,WL,B,9.0
6,13.809999942779541,distr,46190.00005722046,Tue Aug 25 2026 18:01:19 GMT-0500 (Central Daylight Time),642862.599999994,B,ocea,I,a,147,1,1215.7000000178814,641646.8999999762,8149,WL,B,9.0
6,14.043999910354614,distr,45956.000089645386,Tue Aug 25 2026 18:01:19 GMT-0500 (Central Daylight Time),643096.0,B,ocean,I,n,213,1,1449.1000000238419,641646.8999999762,8149,WL,B,9.0
6,14.276999950408936,distr,45723.000049591064,Tue Aug 25 2026 18:01:19 GMT-0500 (Central Daylight Time),643329.1999999881,B,oceanenter,I,enter,217,1,1682.300000011921,641646.8999999762,8149,WL,B,9.0
6,15.259999990463257,distr,44740.00000953674,Tue Aug 25 2026 18:01:19 GMT-0500 (Central Daylight Time),644312.3999999762,B,v,I,v,978,1,982.8999999761581,643329.5,8149,WL,B,10.0
6,15.360000133514404,distr,44639.999866485596,Tue Aug 25 2026 18:01:19 GMT-0500 (Central Daylight Time),644412.099999994,B,vi,I,i,83,1,1082.5999999940395,643329.5,8149,WL,B,10.0
6,15.526999950408936,distr,44473.000049591064,Tue Aug 25 2026 18:01:19 GMT-0500 (Central Daylight Time),644578.599999994,B,vil,I,l,159,1,1249.0999999940395,643329.5,8149,WL,B,10.0
6,15.693000078201294,distr,44306.999921798706,Tue Aug 25 2026 18:01:19 GMT-0500 (Central Daylight Time),644745.2999999821,B,vill,I,l,161,1,1415.7999999821186,643329.5,8149,WL,B,10.0
6,15.877000093460083,distr,44122.99990653992,Tue Aug 25 2026 18:01:19 GMT-0500 (Central Daylight Time),644929.099999994,B,villa,I,a,163,1,1599.5999999940395,643329.5,8149,WL,B,10.0
6,16.026999950408936,distr,43973.000049591064,Tue Aug 25 2026 18:01:19 GMT-0500 (Central Daylight Time),645078.6999999881,B,villag,I,g,129,1,1749.199999988079,643329.5,8149,WL,B,10.0
6,16.177000045776367,distr,43822.99995422363,Tue Aug 25 2026 18:01:19 GMT-0500 (Central Daylight Time),645229.0,B,village,I,e,132,1,1899.5,643329.5,8149,WL,B,10.0
6,16.342999935150146,distr,43657.00006484985,Tue Aug 25 2026 18:01:19 GMT-0500 (Central Daylight Time),645395.1999999881,B,villageenter,I,enter,150,1,2065.699999988079,643329.5,8149,WL,B,10.0
6,18.193000078201294,distr,41806.999921798706,Tue Aug 25 2026 18:01:19 GMT-0500 (Central Daylight Time),647244.8999999762,B,r,I,r,1833,1,1849.2999999821186,645395.599999994,8149,WL,B,11.0
6,18.30900001525879,distr,41690.99998474121,Tue Aug 25 2026 18:01:19 GMT-0500 (Central Daylight Time),647361.2999999821,B,ri,I,i,111,1,1965.699999988079,645395.599999994,8149,WL,B,11.0
6,18.691999912261963,distr,41308.00008773804,Tue Aug 25 2026 18:01:19 GMT-0500 (Central Daylight Time),647744.5,B,r,I,backspace,378,1,2348.9000000059605,645395.599999994,8149,WL,B,11.0
6,18.941999912261963,distr,41058.00008773804,Tue Aug 25 2026 18:01:19 GMT-0500 (Central Daylight Time),647994.2999999821,B,ro,I,o,242,1,2598.699999988079,645395.599999994,8149,WL,B,11.0
6,19.125,distr,40875.0,Tue Aug 25 2026 18:01:19 GMT-0500 (Central Daylight Time),648177.5,B,roc,I,c,169,1,2781.9000000059605,645395.599999994,8149,WL,B,11.0
6,19.243000030517578,distr,40756.99996948242,Tue Aug 25 2026 18:01:19 GMT-0500 (Central Daylight Time),648294.599999994,B,rock,I,k,106,1,2899.0,645395.599999994,8149,WL,B,11.0
6,19.52500009536743,distr,40474.99990463257,Tue Aug 25 2026 18:01:19 GMT-0500 (Central Daylight Time),648577.5,B,rockenter,I,enter,278,1,3181.9000000059605,645395.599999994,8149,WL,B,11.0
6,21.424999952316284,distr,38575.000047683716,Tue Aug 25 2026 18:01:19 GMT-0500 (Central Daylight Time),650477.2999999821,B,b,I,b,1890,1,1899.5,648577.7999999821,8149,WL,B,12.0
6,21.674000024795532,distr,38325.99997520447,Tue Aug 25 2026 18:01:19 GMT-0500 (Central Daylight Time),650726.599999994,B,ba,I,a,236,1,2148.800000011921,648577.7999999821,8149,WL,B,12.0
6,22.14199995994568,distr,37858.00004005432,Tue Aug 25 2026 18:01:19 GMT-0500 (Central Daylight Time),651194.2999999821,B,bar,I,r,462,1,2616.5,648577.7999999821,8149,WL,B,12.0
6,22.5239999294281,distr,37476.0000705719,Tue Aug 25 2026 18:01:19 GMT-0500 (Central Daylight Time),651576.599999994,B,barenter,I,enter,369,1,2998.800000011921,648577.7999999821,8149,WL,B,12.0
6,24.506999969482422,distr,35493.00003051758,Tue Aug 25 2026 18:01:19 GMT-0500 (Central Daylight Time),653559.599999994,B,f,I,f,1969,1,1982.7000000178814,651576.8999999762,8149,WL,B,13.0
6,24.70799994468689,distr,35292.00005531311,Tue Aug 25 2026 18:01:19 GMT-0500 (Central Daylight Time),653759.6999999881,B,fr,I,r,189,1,2182.800000011921,651576.8999999762,8149,WL,B,13.0
6,24.83999991416931,distr,35160.00008583069,Tue Aug 25 2026 18:01:19 GMT-0500 (Central Daylight Time),653892.5,B,fri,I,i,116,1,2315.600000023842,651576.8999999762,8149,WL,B,13.0
6,24.973999977111816,distr,35026.00002288818,Tue Aug 25 2026 18:01:19 GMT-0500 (Central Daylight Time),654025.7999999821,B,frie,I,e,126,1,2448.9000000059605,651576.8999999762,8149,WL,B,13.0
6,25.124000072479248,distr,34875.99992752075,Tue Aug 25 2026 18:01:19 GMT-0500 (Central Daylight Time),654175.8999999762,B,frien,I,n,129,1,2599.0,651576.8999999762,8149,WL,B,13.0
6,25.256999969482422,distr,34743.00003051758,Tue Aug 25 2026 18:01:19 GMT-0500 (Central Daylight Time),654309.099999994,B,friend,I,d,116,1,2732.2000000178814,651576.8999999762,8149,WL,B,13.0
6,25.373000144958496,distr,34626.999855041504,Tue Aug 25 2026 18:01:19 GMT-0500 (Central Daylight Time),654425.5,B,friendenter,I,enter,102,1,2848.600000023842,651576.8999999762,8149,WL,B,13.0
6,28.33899998664856,distr,31661.00001335144,Tue Aug 25 2026 18:01:19 GMT-0500 (Central Daylight Time),657391.3999999762,B,b,I,b,2954,1,2965.699999988079,654425.6999999881,8149,WL,B,14.0
6,28.522000074386597,distr,31477.999925613403,Tue Aug 25 2026 18:01:19 GMT-0500 (Central Daylight Time),657574.599999994,B,ba,I,a,164,1,3148.9000000059605,654425.6999999881,8149,WL,B,14.0
6,28.621999979019165,distr,31378.000020980835,Tue Aug 25 2026 18:01:19 GMT-0500 (Central Daylight Time),657674.5,B,bab,I,b,93,1,3248.800000011921,654425.6999999881,8149,WL,B,14.0
6,28.98900008201599,distr,31010.99991798401,Tue Aug 25 2026 18:01:19 GMT-0500 (Central Daylight Time),658041.599999994,B,baby,I,y,345,1,3615.9000000059605,654425.6999999881,8149,WL,B,14.0
6,29.240000009536743,distr,30759.999990463257,Tue Aug 25 2026 18:01:19 GMT-0500 (Central Daylight Time),658292.1999999881,B,babyenter,I,enter,243,1,3866.5,654425.6999999881,8149,WL,B,14.0
6,32.9539999961853,distr,27046.000003814697,Tue Aug 25 2026 18:01:19 GMT-0500 (Central Daylight Time),662006.599999994,B,s,I,s,3695,1,3714.2000000178814,658292.3999999762,8149,WL,B,15.0
6,33.12100005149841,distr,26878.999948501587,Tue Aug 25 2026 18:01:19 GMT-0500 (Central Daylight Time),662173.2999999821,B,st,I,t,147,1,3880.9000000059605,658292.3999999762,8149,WL,B,15.0
6,33.23799991607666,distr,26762.00008392334,Tue Aug 25 2026 18:01:19 GMT-0500 (Central Daylight Time),662289.7999999821,B,sto,I,o,110,1,3997.4000000059605,658292.3999999762,8149,WL,B,15.0
6,33.37100005149841,distr,26628.999948501587,Tue Aug 25 2026 18:01:19 GMT-0500 (Central Daylight Time),662423.0,B,stor,I,r,122,1,4130.600000023842,658292.3999999762,8149,WL,B,15.0
6,33.82200002670288,distr,26177.99997329712,Tue Aug 25 2026 18:01:19 GMT-0500 (Central Daylight Time),662874.2999999821,B,storm,I,m,445,1,4581.9000000059605,658292.3999999762,8149,WL,B,15.0
6,34.021000146865845,distr,25978.999853134155,Tue Aug 25 2026 18:01:19 GMT-0500 (Central Daylight Time),663072.8999999762,B,stormenter,I,enter,193,1,4780.5,658292.3999999762,8149,WL,B,15.0
7,1.566999912261963,immed,58433.00008773804,Tue Aug 25 2026 18:01:19 GMT-0500 (Central Daylight Time),680401.1999999881,A,g,I,g,1546,1,1566.5,678834.6999999881,8149,WL,B,1.0
7,1.7829999923706055,immed,58217.000007629395,Tue Aug 25 2026 18:01:19 GMT-0500 (Central Daylight Time),680617.599999994,A,gr,I,r,202,1,1782.9000000059605,678834.6999999881,8149,WL,B,1.0
7,2.0,immed,58000.0,Tue Aug 25 2026 18:01:19 GMT-0500 (Central Daylight Time),680834.3999999762,A,gra,I,a,210,1,1999.699999988079,678834.6999999881,8149,WL,B,1.0
7,2.1499998569488525,immed,57850.00014305115,Tue Aug 25 2026 18:01:19 GMT-0500 (Central Daylight Time),680984.099999994,A,gras,I,s,129,1,2149.4000000059605,678834.6999999881,8149,WL,B,1.0
7,2.365999937057495,immed,57634.000062942505,Tue Aug 25 2026 18:01:19 GMT-0500 (Central Daylight Time),681200.5,A,grass,I,s,211,1,2365.800000011921,678834.6999999881,8149,WL,B,1.0
7,2.549999952316284,immed,57450.000047683716,Tue Aug 25 2026 18:01:19 GMT-0500 (Central Daylight Time),681383.8999999762,A,grassenter,I,enter,162,1,2549.199999988079,678834.6999999881,8149,WL,B,1.0
7,2.866999864578247,immed,57133.00013542175,Tue Aug 25 2026 18:01:19 GMT-0500 (Central Daylight Time),681700.6999999881,A,c,I,c,301,1,316.69999998807907,681384.0,8149,WL,B,2.0
7,2.9830000400543213,immed,57016.99995994568,Tue Aug 25 2026 18:01:19 GMT-0500 (Central Daylight Time),681817.3999999762,A,ci,I,i,95,1,433.39999997615814,681384.0,8149,WL,B,2.0
7,3.1499998569488525,immed,56850.00014305115,Tue Aug 25 2026 18:01:19 GMT-0500 (Central Daylight Time),681984.0,A,cit,I,t,146,1,600.0,681384.0,8149,WL,B,2.0
7,3.2330000400543213,immed,56766.99995994568,Tue Aug 25 2026 18:01:19 GMT-0500 (Central Daylight Time),682067.2999999821,A,city,I,y,75,1,683.2999999821186,681384.0,8149,WL,B,2.0
7,3.432999849319458,immed,56567.00015068054,Tue Aug 25 2026 18:01:19 GMT-0500 (Central Daylight Time),682266.7999999821,A,cityenter,I,enter,192,1,882.7999999821186,681384.0,8149,WL,B,2.0
7,3.999000072479248,immed,56000.99992752075,Tue Aug 25 2026 18:01:19 GMT-0500 (Central Daylight Time),682833.599999994,A,c,I,c,553,1,566.5,682267.099999994,8149,WL,B,3.0
7,4.181999921798706,immed,55818.000078201294,Tue Aug 25 2026 18:01:19 GMT-0500 (Central Daylight Time),683016.5,A,ca,I,a,178,1,749.4000000059605,682267.099999994,8149,WL,B,3.0
7,4.382999897003174,immed,55617.000102996826,Tue Aug 25 2026 18:01:19 GMT-0500 (Central Daylight Time),683216.8999999762,A,cab,I,b,195,1,949.7999999821186,682267.099999994,8149,WL,B,3.0
7,4.5320000648498535,immed,55467.99993515015,Tue Aug 25 2026 18:01:19 GMT-0500 (Central Daylight Time),683366.599999994,A,cabi,I,i,131,1,1099.5,682267.099999994,8149,WL,B,3.0
7,4.631999969482422,immed,55368.00003051758,Tue Aug 25 2026 18:01:19 GMT-0500 (Central Daylight Time),683466.6999999881,A,cabin,I,n,84,1,1199.5999999940395,682267.099999994,8149,WL,B,3.0
7,4.865999937057495,immed,55134.000062942505,Tue Aug 25 2026 18:01:19 GMT-0500 (Central Daylight Time),683699.7999999821,A,cabinenter,I,enter,216,1,1432.699999988079,682267.099999994,8149,WL,B,3.0
7,5.165999889373779,immed,54834.00011062622,Tue Aug 25 2026 18:01:19 GMT-0500 (Central Daylight Time),684000.0,A,a,I,a,288,1,299.90000000596046,683700.099999994,8149,WL,B,4.0
7,5.299000024795532,immed,54700.99997520447,Tue Aug 25 2026 18:01:19 GMT-0500 (Central Daylight Time),684133.2999999821,A,ar,I,r,124,1,433.19999998807907,683700.099999994,8149,WL,B,4.0
7,5.466000080108643,immed,54533.99991989136,Tue Aug 25 2026 18:01:19 GMT-0500 (Central Daylight Time),684299.8999999762,A,arm,I,m,158,1,599.7999999821186,683700.099999994,8149,WL,B,4.0
7,5.749000072479248,immed,54250.99992752075,Tue Aug 25 2026 18:01:19 GMT-0500 (Central Daylight Time),684582.7999999821,A,armenter,I,enter,263,1,882.6999999880791,683700.099999994,8149,WL,B,4.0
7,6.264999866485596,immed,53735.000133514404,Tue Aug 25 2026 18:01:19 GMT-0500 (Central Daylight Time),685099.1999999881,A,w,I,w,500,1,516.0999999940395,684583.099999994,8149,WL,B,5.0
7,6.381999969482422,immed,53618.00003051758,Tue Aug 25 2026 18:01:19 GMT-0500 (Central Daylight Time),685216.1999999881,A,wi,I,i,105,1,633.0999999940395,684583.099999994,8149,WL,B,5.0
7,6.549000024795532,immed,53450.99997520447,Tue Aug 25 2026 18:01:19 GMT-0500 (Central Daylight Time),685383.2999999821,A,wif,I,f,156,1,800.1999999880791,684583.099999994,8149,WL,B,5.0
7,6.665999889373779,immed,53334.00011062622,Tue Aug 25 2026 18:01:19 GMT-0500 (Central Daylight Time),685499.7999999821,A,wife,I,e,101,1,916.6999999880791,684583.099999994,8149,WL,B,5.0
7,6.832000017166138,immed,53167.99998283386,Tue Aug 25 2026 18:01:19 GMT-0500 (Central Daylight Time),685666.3999999762,A,wifeenter,I,enter,152,1,1083.2999999821186,684583.099999994,8149,WL,B,5.0
7,7.931999921798706,immed,52068.000078201294,Tue Aug 25 2026 18:01:19 GMT-0500 (Central Daylight Time),686765.6999999881,A,f,I,f,1088,1,1098.9000000059605,685666.7999999821,8149,WL,B,6.0
7,8.030999898910522,immed,51969.00010108948,Tue Aug 25 2026 18:01:19 GMT-0500 (Central Daylight Time),686865.5,A,fi,I,i,86,1,1198.7000000178814,685666.7999999821,8149,WL,B,6.0
7,8.197999954223633,immed,51802.00004577637,Tue Aug 25 2026 18:01:19 GMT-0500 (Central Daylight Time),687032.0,A,fir,I,r,146,1,1365.2000000178814,685666.7999999821,8149,WL,B,6.0
7,8.297999858856201,immed,51702.0001411438,Tue Aug 25 2026 18:01:19 GMT-0500 (Central Daylight Time),687132.099999994,A,fire,I,e,90,1,1465.300000011921,685666.7999999821,8149,WL,B,6.0
7,8.480999946594238,immed,51519.00005340576,Tue Aug 25 2026 18:01:19 GMT-0500 (Central Daylight Time),687315.2999999821,A,fireenter,I,enter,175,1,1648.5,685666.7999999821,8149,WL,B,6.0
7,9.230999946594238,immed,50769.00005340576,Tue Aug 25 2026 18:01:19 GMT-0500 (Central Daylight Time),688065.099999994,A,p,I,p,744,1,749.5999999940395,687315.5,8149,WL,B,7.0
7,9.348000049591064,immed,50651.999950408936,Tue Aug 25 2026 18:01:19 GMT-0500 (Central Daylight Time),688182.099999994,A,pi,I,i,106,1,866.5999999940395,687315.5,8149,WL,B,7.0
7,9.530999898910522,immed,50469.00010108948,Tue Aug 25 2026 18:01:19 GMT-0500 (Central Daylight Time),688364.8999999762,A,pip,I,p,172,1,1049.3999999761581,687315.5,8149,WL,B,7.0
7,9.96399998664856,immed,50036.00001335144,Tue Aug 25 2026 18:01:19 GMT-0500 (Central Daylight Time),688798.5,A,pipe,I,e,414,1,1483.0,687315.5,8149,WL,B,7.0
7,10.164000034332275,immed,49835.999965667725,Tue Aug 25 2026 18:01:19 GMT-0500 (Central Daylight Time),688998.2999999821,A,pipeenter,I,enter,189,1,1682.7999999821186,687315.5,8149,WL,B,7.0
7,10.930999994277954,immed,49069.000005722046,Tue Aug 25 2026 18:01:19 GMT-0500 (Central Daylight Time),689764.8999999762,A,l,I,l,758,1,766.2999999821186,688998.599999994,8149,WL,B,8.0
7,11.063999891281128,immed,48936.00010871887,Tue Aug 25 2026 18:01:19 GMT-0500 (Central Daylight Time),689898.1999999881,A,la,I,a,127,1,899.5999999940395,688998.599999994,8149,WL,B,8.0
7,11.21399998664856,immed,48786.00001335144,Tue Aug 25 2026 18:01:19 GMT-0500 (Central Daylight Time),690048.0,A,lak,I,k,137,1,1049.4000000059605,688998.599999994,8149,WL,B,8.0
7,11.44700002670288,immed,48552.99997329712,Tue Aug 25 2026 18:01:19 GMT-0500 (Central Daylight Time),690281.3999999762,A,lake,I,e,228,1,1282.7999999821186,688998.599999994,8149,WL,B,8.0
7,11.61299991607666,immed,48387.00008392334,Tue Aug 25 2026 18:01:19 GMT-0500 (Central Daylight Time),690447.599999994,A,lakeenter,I,enter,153,1,1449.0,688998.599999994,8149,WL,B,8.0
7,13.27999997138977,immed,46720.00002861023,Tue Aug 25 2026 18:01:19 GMT-0500 (Central Daylight Time),692113.8999999762,A,c,I,c,1658,1,1666.0,690447.8999999762,8149,WL,B,9.0
7,13.414000034332275,immed,46585.999965667725,Tue Aug 25 2026 18:01:19 GMT-0500 (Central Daylight Time),692247.8999999762,A,cl,I,l,113,1,1800.0,690447.8999999762,8149,WL,B,9.0
7,13.662999868392944,immed,46337.000131607056,Tue Aug 25 2026 18:01:19 GMT-0500 (Central Daylight Time),692497.2999999821,A,clo,I,o,245,1,2049.4000000059605,690447.8999999762,8149,WL,B,9.0
7,13.94599986076355,immed,46054.00013923645,Tue Aug 25 2026 18:01:19 GMT-0500 (Central Daylight Time),692780.3999999762,A,cloc,I,c,274,1,2332.5,690447.8999999762,8149,WL,B,9.0
7,14.062999963760376,immed,45937.000036239624,Tue Aug 25 2026 18:01:19 GMT-0500 (Central Daylight Time),692896.7999999821,A,clock,I,k,108,1,2448.9000000059605,690447.8999999762,8149,WL,B,9.0
7,14.279000043869019,immed,45720.99995613098,Tue Aug 25 2026 18:01:19 GMT-0500 (Central Daylight Time),693113.3999999762,A,clockenter,I,enter,211,1,2665.5,690447.8999999762,8149,WL,B,9.0
7,14.480000019073486,immed,45519.999980926514,Tue Aug 25 2026 18:01:19 GMT-0500 (Central Daylight Time),693313.8999999762,A,s,I,s,193,1,200.19999998807907,693113.6999999881,8149,WL,B,10.0
7,14.662999868392944,immed,45337.000131607056,Tue Aug 25 2026 18:01:19 GMT-0500 (Central Daylight Time),693497.3999999762,A,sk,I,k,178,1,383.69999998807907,693113.6999999881,8149,WL,B,10.0
7,14.86299991607666,immed,45137.00008392334,Tue Aug 25 2026 18:01:19 GMT-0500 (Central Daylight Time),693696.6999999881,A,ski,I,i,194,1,583.0,693113.6999999881,8149,WL,B,10.0
7,14.996000051498413,immed,45003.99994850159,Tue Aug 25 2026 18:01:19 GMT-0500 (Central Daylight Time),693829.8999999762,A,skin,I,n,115,1,716.1999999880791,693113.6999999881,8149,WL,B,10.0
7,15.296000003814697,immed,44703.9999961853,Tue Aug 25 2026 18:01:19 GMT-0500 (Central Daylight Time),694129.6999999881,A,skinenter,I,enter,285,1,1016.0,693113.6999999881,8149,WL,B,10.0
7,15.678999900817871,immed,44321.00009918213,Tue Aug 25 2026 18:01:19 GMT-0500 (Central Daylight Time),694513.2999999821,A,p,I,p,371,1,383.2999999821186,694130.0,8149,WL,B,11.0
7,16.01199984550476,immed,43988.00015449524,Tue Aug 25 2026 18:01:19 GMT-0500 (Central Daylight Time),694846.5,A,pu,I,u,314,1,716.5,694130.0,8149,WL,B,11.0
7,16.328999996185303,immed,43671.0000038147,Tue Aug 25 2026 18:01:19 GMT-0500 (Central Daylight Time),695162.8999999762,A,pup,I,p,309,1,1032.8999999761581,694130.0,8149,WL,B,11.0
7,16.545000076293945,immed,43454.999923706055,Tue Aug 25 2026 18:01:19 GMT-0500 (Central Daylight Time),695379.2999999821,A,pupi,I,i,199,1,1249.2999999821186,694130.0,8149,WL,B,11.0
7,16.77900004386902,immed,43220.99995613098,Tue Aug 25 2026 18:01:19 GMT-0500 (Central Daylight Time),695612.8999999762,A,pupil,I,l,217,1,1482.8999999761581,694130.0,8149,WL,B,11.0
7,17.062000036239624,immed,42937.999963760376,Tue Aug 25 2026 18:01:19 GMT-0500 (Central Daylight Time),695896.2999999821,A,pupilenter,I,enter,263,1,1766.2999999821186,694130.0,8149,WL,B,11.0
7,18.12999987602234,immed,41870.00012397766,Tue Aug 25 2026 18:01:19 GMT-0500 (Central Daylight Time),696963.6999999881,A,d,I,d,1051,1,1067.0999999940395,695896.599999994,8149,WL,B,12.0
7,18.227999925613403,immed,41772.0000743866,Tue Aug 25 2026 18:01:19 GMT-0500 (Central Daylight Time),697062.599999994,A,do,I,o,88,1,1166.0,695896.599999994,8149,WL,B,12.0
7,18.52999997138977,immed,41470.00002861023,Tue Aug 25 2026 18:01:19 GMT-0500 (Central Daylight Time),697364.099999994,A,doo,I,o,150,1,1467.5,695896.599999994,8149,WL,B,12.0
7,18.53600001335144,immed,41463.99998664856,Tue Aug 25 2026 18:01:19 GMT-0500 (Central Daylight Time),697370.599999994,A,door,I,r,0,1,1474.0,695896.599999994,8149,WL,B,12.0
7,18.67799997329712,immed,41322.00002670288,Tue Aug 25 2026 18:01:19 GMT-0500 (Central Daylight Time),697512.599999994,A,doorenter,I,enter,128,1,1616.0,695896.599999994,8149,WL,B,12.0
7,19.728999853134155,immed,40271.000146865845,Tue Aug 25 2026 18:01:19 GMT-0500 (Central Daylight Time),698563.099999994,A,s,I,s,1034,1,1050.0,697513.099999994,8149,WL,B,13.0
7,19.92799997329712,immed,40072.00002670288,Tue Aug 25 2026 18:01:19 GMT-0500 (Central Daylight Time),698762.0,A,st,I,t,184,1,1248.9000000059605,697513.099999994,8149,WL,B,13.0
7,20.14400005340576,immed,39855.99994659424,Tue Aug 25 2026 18:01:19 GMT-0500 (Central Daylight Time),698978.2999999821,A,sta,I,a,200,1,1465.199999988079,697513.099999994,8149,WL,B,13.0
7,20.276999950408936,immed,39723.000049591064,Tue Aug 25 2026 18:01:19 GMT-0500 (Central Daylight Time),699111.599999994,A,star,I,r,121,1,1598.5,697513.099999994,8149,WL,B,13.0
7,20.460999965667725,immed,39539.000034332275,Tue Aug 25 2026 18:01:19 GMT-0500 (Central Daylight Time),699295.099999994,A,starenter,I,enter,163,1,1782.0,697513.099999994,8149,WL,B,13.0
7,20.5939998626709,immed,39406.0001373291,Tue Aug 25 2026 18:01:19 GMT-0500 (Central Daylight Time),699428.5,A,w,I,w,125,1,133.0,699295.5,8149,WL,B,14.0
7,20.744999885559082,immed,39255.00011444092,Tue Aug 25 2026 18:01:19 GMT-0500 (Central Daylight Time),699579.2999999821,A,wi,I,i,143,1,283.7999999821186,699295.5,8149,WL,B,14.0
7,20.861000061035156,immed,39138.999938964844,Tue Aug 25 2026 18:01:19 GMT-0500 (Central Daylight Time),699695.3999999762,A,win,I,n,105,1,399.89999997615814,699295.5,8149,WL,B,14.0
7,21.14400005340576,immed,38855.99994659424,Tue Aug 25 2026 18:01:19 GMT-0500 (Central Daylight Time),699978.099999994,A,wind,I,d,268,1,682.5999999940395,699295.5,8149,WL,B,14.0
7,21.30999994277954,immed,38690.00005722046,Tue Aug 25 2026 18:01:19 GMT-0500 (Central Daylight Time),700144.6999999881,A,windo,I,o,153,1,849.1999999880791,699295.5,8149,WL,B,14.0
7,21.694000005722046,immed,38305.999994277954,Tue Aug 25 2026 18:01:19 GMT-0500 (Central Daylight Time),700528.1999999881,A,window,I,w,372,1,1232.699999988079,699295.5,8149,WL,B,14.0
7,21.90999984741211,immed,38090.00015258789,Tue Aug 25 2026 18:01:19 GMT-0500 (Central Daylight Time),700744.7999999821,A,windowenter,I,enter,203,1,1449.2999999821186,699295.5,8149,WL,B,14.0
7,23.5939998626709,immed,36406.0001373291,Tue Aug 25 2026 18:01:19 GMT-0500 (Central Daylight Time),702428.3999999762,A,s,I,s,1675,1,1683.2999999821186,700745.099999994,8149,WL,B,15.0
7,23.759000062942505,immed,36240.999937057495,Tue Aug 25 2026 18:01:19 GMT-0500 (Central Daylight Time),702593.8999999762,A,st,I,t,151,1,1848.7999999821186,700745.099999994,8149,WL,B,15.0
7,23.95899987220764,immed,36041.00012779236,Tue Aug 25 2026 18:01:19 GMT-0500 (Central Daylight Time),702793.8999999762,A,str,I,r,194,1,2048.7999999821186,700745.099999994,8149,WL,B,15.0
7,24.042999982833862,immed,35957.00001716614,Tue Aug 25 2026 18:01:19 GMT-0500 (Central Daylight Time),702877.5,A,stre,I,e,67,1,2132.4000000059605,700745.099999994,8149,WL,B,15.0
7,24.243000030517578,immed,35756.99996948242,Tue Aug 25 2026 18:01:19 GMT-0500 (Central Daylight Time),703077.5,A,stree,I,e,183,1,2332.4000000059605,700745.099999994,8149,WL,B,15.0
7,24.39299988746643,immed,35607.00011253357,Tue Aug 25 2026 18:01:19 GMT-0500 (Central Daylight Time),703227.1999999881,A,street,I,t,135,1,2482.0999999940395,700745.099999994,8149,WL,B,15.0
7,24.575999975204468,immed,35424.00002479553,Tue Aug 25 2026 18:01:19 GMT-0500 (Central Daylight Time),703410.3999999762,A,streetenter,I,enter,168,1,2665.2999999821186,700745.099999994,8149,WL,B,15.0
