block_c,block_dur,condition,countdown,datetime,endtime,list,multichar_response,project,response,response_time,session_number,start_end,starttime,subject_id,task,task_vers,trial
,,,,Wed Jul 22 2026 10:57:17 GMT-0500 (Central Daylight Time),,,,I,space,5216,3,,,8087,WL,B,
prac,,0,,Wed Jul 22 2026 10:57:17 GMT-0500 (Central Daylight Time),,NA,b,I,b,1873,3,,,8087,WL,B,1.0
prac,,0,,Wed Jul 22 2026 10:57:17 GMT-0500 (Central Daylight Time),,NA,bo,I,o,113,3,,,8087,WL,B,1.0
prac,,0,,Wed Jul 22 2026 10:57:17 GMT-0500 (Central Daylight Time),,NA,boo,I,o,86,3,,,8087,WL,B,1.0
prac,,0,,Wed Jul 22 2026 10:57:17 GMT-0500 (Central Daylight Time),,NA,boos,I,s,97,3,,,8087,WL,B,1.0
prac,,0,,Wed Jul 22 2026 10:57:17 GMT-0500 (Central Daylight Time),,NA,boost,I,t,101,3,,,8087,WL,B,1.0
prac,,0,,Wed Jul 22 2026 10:57:17 GMT-0500 (Central Daylight Time),,NA,boostenter,I,enter,3360,3,,,8087,WL,B,1.0
1,0.5830001831054688,learn,59416.99981689453,Wed Jul 22 2026 10:57:17 GMT-0500 (Central Daylight Time),118081.0,A,s,I,s,562,3,583.0,117498.0,8087,WL,B,1.0
1,0.7660000324249268,learn,59233.99996757507,Wed Jul 22 2026 10:57:17 GMT-0500 (Central Daylight Time),118264.2999997139,A,st,I,t,160,3,766.2999997138977,117498.0,8087,WL,B,1.0
1,0.9660000801086426,learn,59033.99991989136,Wed Jul 22 2026 10:57:17 GMT-0500 (Central Daylight Time),118464.19999980927,A,str,I,r,187,3,966.1999998092651,117498.0,8087,WL,B,1.0
1,1.0170001983642578,learn,58982.99980163574,Wed Jul 22 2026 10:57:17 GMT-0500 (Central Daylight Time),118514.2999997139,A,stre,I,e,35,3,1016.2999997138977,117498.0,8087,WL,B,1.0
1,1.183000087738037,learn,58816.99991226196,Wed Jul 22 2026 10:57:17 GMT-0500 (Central Daylight Time),118680.59999990463,A,stree,I,e,160,3,1182.5999999046326,117498.0,8087,WL,B,1.0
1,1.3330001831054688,learn,58666.99981689453,Wed Jul 22 2026 10:57:17 GMT-0500 (Central Daylight Time),118830.5,A,street,I,t,131,3,1332.5,117498.0,8087,WL,B,1.0
1,2.2820000648498535,learn,57717.99993515015,Wed Jul 22 2026 10:57:17 GMT-0500 (Central Daylight Time),119780.19999980927,A,streetenter,I,enter,940,3,2282.199999809265,117498.0,8087,WL,B,1.0
1,2.699000120162964,learn,57300.999879837036,Wed Jul 22 2026 10:57:17 GMT-0500 (Central Daylight Time),120197.0,A,a,I,a,406,3,416.09999990463257,119780.90000009537,8087,WL,B,2.0
1,2.815999984741211,learn,57184.00001525879,Wed Jul 22 2026 10:57:17 GMT-0500 (Central Daylight Time),120313.40000009537,A,ar,I,r,102,3,532.5,119780.90000009537,8087,WL,B,2.0
1,3.0320000648498535,learn,56967.99993515015,Wed Jul 22 2026 10:57:17 GMT-0500 (Central Daylight Time),120529.7999997139,A,arm,I,m,210,3,748.8999996185303,119780.90000009537,8087,WL,B,2.0
1,3.2160000801086426,learn,56783.99991989136,Wed Jul 22 2026 10:57:17 GMT-0500 (Central Daylight Time),120713.2999997139,A,armenter,I,enter,161,3,932.3999996185303,119780.90000009537,8087,WL,B,2.0
1,3.432000160217285,learn,56567.999839782715,Wed Jul 22 2026 10:57:17 GMT-0500 (Central Daylight Time),120929.90000009537,A,s,I,s,202,3,215.90000009536743,120714.0,8087,WL,B,3.0
1,3.5320000648498535,learn,56467.99993515015,Wed Jul 22 2026 10:57:17 GMT-0500 (Central Daylight Time),121029.90000009537,A,st,I,t,90,3,315.90000009536743,120714.0,8087,WL,B,3.0
1,3.6490001678466797,learn,56350.99983215332,Wed Jul 22 2026 10:57:17 GMT-0500 (Central Daylight Time),121146.5,A,sto,I,o,101,3,432.5,120714.0,8087,WL,B,3.0
1,3.749000072479248,learn,56250.99992752075,Wed Jul 22 2026 10:57:17 GMT-0500 (Central Daylight Time),121246.59999990463,A,stor,I,r,89,3,532.5999999046326,120714.0,8087,WL,B,3.0
1,3.8320000171661377,learn,56167.99998283386,Wed Jul 22 2026 10:57:17 GMT-0500 (Central Daylight Time),121329.69999980927,A,store,I,e,76,3,615.6999998092651,120714.0,8087,WL,B,3.0
1,4.015000104904175,learn,55984.999895095825,Wed Jul 22 2026 10:57:17 GMT-0500 (Central Daylight Time),121512.90000009537,A,storeenter,I,enter,161,3,798.9000000953674,120714.0,8087,WL,B,3.0
1,4.299000024795532,learn,55700.99997520447,Wed Jul 22 2026 10:57:17 GMT-0500 (Central Daylight Time),121796.90000009537,A,g,I,g,267,3,283.6000003814697,121513.2999997139,8087,WL,B,4.0
1,4.432000160217285,learn,55567.999839782715,Wed Jul 22 2026 10:57:17 GMT-0500 (Central Daylight Time),121929.59999990463,A,gr,I,r,116,3,416.30000019073486,121513.2999997139,8087,WL,B,4.0
1,4.482000112533569,learn,55517.99988746643,Wed Jul 22 2026 10:57:17 GMT-0500 (Central Daylight Time),121979.59999990463,A,gra,I,a,42,3,466.30000019073486,121513.2999997139,8087,WL,B,4.0
1,4.682000160217285,learn,55317.999839782715,Wed Jul 22 2026 10:57:17 GMT-0500 (Central Daylight Time),122179.59999990463,A,gras,I,s,192,3,666.3000001907349,121513.2999997139,8087,WL,B,4.0
1,4.832000017166138,learn,55167.99998283386,Wed Jul 22 2026 10:57:17 GMT-0500 (Central Daylight Time),122329.59999990463,A,grass,I,s,136,3,816.3000001907349,121513.2999997139,8087,WL,B,4.0
1,4.999000072479248,learn,55000.99992752075,Wed Jul 22 2026 10:57:17 GMT-0500 (Central Daylight Time),122496.2999997139,A,grassenter,I,enter,154,3,983.0,121513.2999997139,8087,WL,B,4.0
1,5.231000185012817,learn,54768.99981498718,Wed Jul 22 2026 10:57:17 GMT-0500 (Central Daylight Time),122729.19999980927,A,a,I,a,226,3,232.40000009536743,122496.7999997139,8087,WL,B,5.0
1,5.382000207901001,learn,54617.999792099,Wed Jul 22 2026 10:57:17 GMT-0500 (Central Daylight Time),122879.69999980927,A,ar,I,r,139,3,382.90000009536743,122496.7999997139,8087,WL,B,5.0
1,5.565000057220459,learn,54434.99994277954,Wed Jul 22 2026 10:57:17 GMT-0500 (Central Daylight Time),123062.59999990463,A,arm,I,m,164,3,565.8000001907349,122496.7999997139,8087,WL,B,5.0
1,6.1650002002716064,learn,53834.99979972839,Wed Jul 22 2026 10:57:17 GMT-0500 (Central Daylight Time),123662.59999990463,A,armw,I,w,579,3,1165.8000001907349,122496.7999997139,8087,WL,B,5.0
1,6.264000177383423,learn,53735.99982261658,Wed Jul 22 2026 10:57:17 GMT-0500 (Central Daylight Time),123762.0,A,armwi,I,i,93,3,1265.2000002861023,122496.7999997139,8087,WL,B,5.0
1,6.3480000495910645,learn,53651.999950408936,Wed Jul 22 2026 10:57:17 GMT-0500 (Central Daylight Time),123845.7999997139,A,armwin,I,n,72,3,1349.0,122496.7999997139,8087,WL,B,5.0
1,6.79800009727478,learn,53201.99990272522,Wed Jul 22 2026 10:57:17 GMT-0500 (Central Daylight Time),124295.5,A,armwi,I,backspace,437,3,1798.7000002861023,122496.7999997139,8087,WL,B,5.0
1,6.930999994277954,learn,53069.000005722046,Wed Jul 22 2026 10:57:17 GMT-0500 (Central Daylight Time),124429.0,A,armw,I,backspace,116,3,1932.2000002861023,122496.7999997139,8087,WL,B,5.0
1,7.082000017166138,learn,52917.99998283386,Wed Jul 22 2026 10:57:17 GMT-0500 (Central Daylight Time),124579.2999997139,A,arm,I,backspace,135,3,2082.5,122496.7999997139,8087,WL,B,5.0
1,8.246999979019165,learn,51753.000020980835,Wed Jul 22 2026 10:57:17 GMT-0500 (Central Daylight Time),125745.09999990463,A,armenter,I,enter,1153,3,3248.300000190735,122496.7999997139,8087,WL,B,5.0
1,9.047000169754028,learn,50952.99983024597,Wed Jul 22 2026 10:57:17 GMT-0500 (Central Daylight Time),126545.0,A,w,I,w,786,3,799.5,125745.5,8087,WL,B,6.0
1,9.164000034332275,learn,50835.999965667725,Wed Jul 22 2026 10:57:17 GMT-0500 (Central Daylight Time),126661.40000009537,A,wi,I,i,97,3,915.9000000953674,125745.5,8087,WL,B,6.0
1,9.21399998664856,learn,50786.00001335144,Wed Jul 22 2026 10:57:17 GMT-0500 (Central Daylight Time),126711.5,A,win,I,n,37,3,966.0,125745.5,8087,WL,B,6.0
1,9.597000122070312,learn,50402.99987792969,Wed Jul 22 2026 10:57:17 GMT-0500 (Central Daylight Time),127094.7999997139,A,wind,I,d,373,3,1349.2999997138977,125745.5,8087,WL,B,6.0
1,9.730000019073486,learn,50269.999980926514,Wed Jul 22 2026 10:57:17 GMT-0500 (Central Daylight Time),127228.0,A,windo,I,o,125,3,1482.5,125745.5,8087,WL,B,6.0
1,9.814000129699707,learn,50185.99987030029,Wed Jul 22 2026 10:57:17 GMT-0500 (Central Daylight Time),127311.40000009537,A,window,I,w,72,3,1565.9000000953674,125745.5,8087,WL,B,6.0
1,9.94700002670288,learn,50052.99997329712,Wed Jul 22 2026 10:57:17 GMT-0500 (Central Daylight Time),127444.59999990463,A,windowenter,I,enter,125,3,1699.0999999046326,125745.5,8087,WL,B,6.0
1,10.213000059127808,learn,49786.99994087219,Wed Jul 22 2026 10:57:17 GMT-0500 (Central Daylight Time),127711.09999990463,A,w,I,w,246,3,266.0,127445.09999990463,8087,WL,B,7.0
1,10.296000003814697,learn,49703.9999961853,Wed Jul 22 2026 10:57:17 GMT-0500 (Central Daylight Time),127794.19999980927,A,wi,I,i,77,3,349.09999990463257,127445.09999990463,8087,WL,B,7.0
1,10.480000019073486,learn,49519.999980926514,Wed Jul 22 2026 10:57:17 GMT-0500 (Central Daylight Time),127977.59999990463,A,wif,I,f,162,3,532.5,127445.09999990463,8087,WL,B,7.0
1,10.547000169754028,learn,49452.99983024597,Wed Jul 22 2026 10:57:17 GMT-0500 (Central Daylight Time),128044.5,A,wife,I,e,59,3,599.4000000953674,127445.09999990463,8087,WL,B,7.0
1,10.713000059127808,learn,49286.99994087219,Wed Jul 22 2026 10:57:17 GMT-0500 (Central Daylight Time),128211.0,A,wifeenter,I,enter,151,3,765.9000000953674,127445.09999990463,8087,WL,B,7.0
1,11.396000146865845,learn,48603.999853134155,Wed Jul 22 2026 10:57:17 GMT-0500 (Central Daylight Time),128894.19999980927,A,c,I,c,673,3,682.6999998092651,128211.5,8087,WL,B,8.0
1,11.496999979019165,learn,48503.000020980835,Wed Jul 22 2026 10:57:17 GMT-0500 (Central Daylight Time),128994.2999997139,A,ci,I,i,86,3,782.7999997138977,128211.5,8087,WL,B,8.0
1,11.59600019454956,learn,48403.99980545044,Wed Jul 22 2026 10:57:17 GMT-0500 (Central Daylight Time),129094.09999990463,A,cit,I,t,89,3,882.5999999046326,128211.5,8087,WL,B,8.0
1,11.67900013923645,learn,48320.99986076355,Wed Jul 22 2026 10:57:17 GMT-0500 (Central Daylight Time),129177.09999990463,A,city,I,y,69,3,965.5999999046326,128211.5,8087,WL,B,8.0
1,11.896000146865845,learn,48103.999853134155,Wed Jul 22 2026 10:57:17 GMT-0500 (Central Daylight Time),129393.5,A,cityenter,I,enter,210,3,1182.0,128211.5,8087,WL,B,8.0
1,13.213000059127808,learn,46786.99994087219,Wed Jul 22 2026 10:57:17 GMT-0500 (Central Daylight Time),130710.2999997139,A,l,I,l,1298,3,1316.5,129393.7999997139,8087,WL,B,9.0
1,13.296000003814697,learn,46703.9999961853,Wed Jul 22 2026 10:57:17 GMT-0500 (Central Daylight Time),130793.2999997139,A,li,I,i,78,3,1399.5,129393.7999997139,8087,WL,B,9.0
1,13.412000179290771,learn,46587.99982070923,Wed Jul 22 2026 10:57:17 GMT-0500 (Central Daylight Time),130910.19999980927,A,lif,I,f,106,3,1516.4000000953674,129393.7999997139,8087,WL,B,9.0
1,13.446000099182129,learn,46553.99990081787,Wed Jul 22 2026 10:57:17 GMT-0500 (Central Daylight Time),130943.40000009537,A,life,I,e,14,3,1549.6000003814697,129393.7999997139,8087,WL,B,9.0
1,13.646000146865845,learn,46353.999853134155,Wed Jul 22 2026 10:57:17 GMT-0500 (Central Daylight Time),131143.2999997139,A,lifeenter,I,enter,181,3,1749.5,129393.7999997139,8087,WL,B,9.0
1,14.26200008392334,learn,45737.99991607666,Wed Jul 22 2026 10:57:17 GMT-0500 (Central Daylight Time),131760.0,A,l,I,l,596,3,616.3000001907349,131143.69999980927,8087,WL,B,10.0
1,14.34500002861023,learn,45654.99997138977,Wed Jul 22 2026 10:57:17 GMT-0500 (Central Daylight Time),131843.19999980927,A,la,I,a,76,3,699.5,131143.69999980927,8087,WL,B,10.0
1,14.51200008392334,learn,45487.99991607666,Wed Jul 22 2026 10:57:17 GMT-0500 (Central Daylight Time),132009.69999980927,A,lak,I,k,152,3,866.0,131143.69999980927,8087,WL,B,10.0
1,14.578999996185303,learn,45421.0000038147,Wed Jul 22 2026 10:57:17 GMT-0500 (Central Daylight Time),132076.5,A,lake,I,e,58,3,932.8000001907349,131143.69999980927,8087,WL,B,10.0
1,14.894999980926514,learn,45105.000019073486,Wed Jul 22 2026 10:57:17 GMT-0500 (Central Daylight Time),132393.19999980927,A,lakeenter,I,enter,304,3,1249.5,131143.69999980927,8087,WL,B,10.0
1,31.057000160217285,learn,28942.999839782715,Wed Jul 22 2026 10:57:17 GMT-0500 (Central Daylight Time),148554.40000009537,A,l,I,l,16154,3,16160.900000095367,132393.5,8087,WL,B,11.0
1,31.09000015258789,learn,28909.99984741211,Wed Jul 22 2026 10:57:17 GMT-0500 (Central Daylight Time),148587.5,A,la,I,a,22,3,16194.0,132393.5,8087,WL,B,11.0
1,31.27300000190735,learn,28726.99999809265,Wed Jul 22 2026 10:57:17 GMT-0500 (Central Daylight Time),148770.90000009537,A,lak,I,k,176,3,16377.400000095367,132393.5,8087,WL,B,11.0
1,31.390000104904175,learn,28609.999895095825,Wed Jul 22 2026 10:57:17 GMT-0500 (Central Daylight Time),148887.90000009537,A,lake,I,e,104,3,16494.400000095367,132393.5,8087,WL,B,11.0
1,31.624000072479248,learn,28375.999927520752,Wed Jul 22 2026 10:57:17 GMT-0500 (Central Daylight Time),149121.40000009537,A,lakeenter,I,enter,212,3,16727.900000095367,132393.5,8087,WL,B,11.0
1,58.581000089645386,learn,1418.9999103546143,Wed Jul 22 2026 10:57:17 GMT-0500 (Central Daylight Time),176079.59999990463,A,enter,I,enter,26947,3,26958.0,149121.59999990463,8087,WL,B,12.0
1,59.21500015258789,learn,784.9998474121094,Wed Jul 22 2026 10:57:17 GMT-0500 (Central Daylight Time),176712.69999980927,A,enter,I,enter,612,3,632.7999997138977,176079.90000009537,8087,WL,B,13.0
1,59.63100004196167,learn,368.9999580383301,Wed Jul 22 2026 10:57:17 GMT-0500 (Central Daylight Time),177128.90000009537,A,enter,I,enter,394,3,415.90000009536743,176713.0,8087,WL,B,14.0
1,60.01400017738342,learn,-14.000177383422852,Wed Jul 22 2026 10:57:17 GMT-0500 (Central Daylight Time),177512.40000009537,A,None,I,None,378,3,383.1000003814697,177129.2999997139,8087,WL,B,15.0
2,0.49900007247924805,learn,59500.99992752075,Wed Jul 22 2026 10:57:17 GMT-0500 (Central Daylight Time),244957.7999997139,A,c,I,c,490,3,498.8999996185303,244458.90000009537,8087,WL,B,1.0
2,0.5840001106262207,learn,59415.99988937378,Wed Jul 22 2026 10:57:17 GMT-0500 (Central Daylight Time),245042.0,A,ca,I,a,76,3,583.0999999046326,244458.90000009537,8087,WL,B,1.0
2,0.8990001678466797,learn,59100.99983215332,Wed Jul 22 2026 10:57:17 GMT-0500 (Central Daylight Time),245357.69999980927,A,cab,I,b,298,3,898.7999997138977,244458.90000009537,8087,WL,B,1.0
2,0.999000072479248,learn,59000.99992752075,Wed Jul 22 2026 10:57:17 GMT-0500 (Central Daylight Time),245457.19999980927,A,cabi,I,i,94,3,998.2999997138977,244458.90000009537,8087,WL,B,1.0
2,1.0829999446868896,learn,58917.00005531311,Wed Jul 22 2026 10:57:17 GMT-0500 (Central Daylight Time),245540.90000009537,A,cabin,I,n,75,3,1082.0,244458.90000009537,8087,WL,B,1.0
2,1.3659999370574951,learn,58634.000062942505,Wed Jul 22 2026 10:57:17 GMT-0500 (Central Daylight Time),245824.09999990463,A,cabinenter,I,enter,271,3,1365.1999998092651,244458.90000009537,8087,WL,B,1.0
2,1.6319999694824219,learn,58368.00003051758,Wed Jul 22 2026 10:57:17 GMT-0500 (Central Daylight Time),246090.2999997139,A,s,I,s,260,3,265.7999997138977,245824.5,8087,WL,B,2.0
2,1.7160000801086426,learn,58283.99991989136,Wed Jul 22 2026 10:57:17 GMT-0500 (Central Daylight Time),246174.0,A,st,I,t,74,3,349.5,245824.5,8087,WL,B,2.0
2,1.7999999523162842,learn,58200.000047683716,Wed Jul 22 2026 10:57:17 GMT-0500 (Central Daylight Time),246258.40000009537,A,sta,I,a,70,3,433.90000009536743,245824.5,8087,WL,B,2.0
2,1.9170000553131104,learn,58082.99994468689,Wed Jul 22 2026 10:57:17 GMT-0500 (Central Daylight Time),246375.2999997139,A,star,I,r,106,3,550.7999997138977,245824.5,8087,WL,B,2.0
2,2.2990000247955322,learn,57700.99997520447,Wed Jul 22 2026 10:57:17 GMT-0500 (Central Daylight Time),246757.09999990463,A,starenter,I,enter,373,3,932.5999999046326,245824.5,8087,WL,B,2.0
2,2.765000104904175,learn,57234.999895095825,Wed Jul 22 2026 10:57:17 GMT-0500 (Central Daylight Time),247223.40000009537,A,p,I,p,446,3,466.0,246757.40000009537,8087,WL,B,3.0
2,2.865000009536743,learn,57134.99999046326,Wed Jul 22 2026 10:57:17 GMT-0500 (Central Daylight Time),247323.5,A,pu,I,u,83,3,566.0999999046326,246757.40000009537,8087,WL,B,3.0
2,3.3329999446868896,learn,56667.00005531311,Wed Jul 22 2026 10:57:17 GMT-0500 (Central Daylight Time),247791.2999997139,A,pup,I,p,449,3,1033.8999996185303,246757.40000009537,8087,WL,B,3.0
2,3.515000104904175,learn,56484.999895095825,Wed Jul 22 2026 10:57:17 GMT-0500 (Central Daylight Time),247973.59999990463,A,pupi,I,i,172,3,1216.1999998092651,246757.40000009537,8087,WL,B,3.0
2,3.683000087738037,learn,56316.99991226196,Wed Jul 22 2026 10:57:17 GMT-0500 (Central Daylight Time),248140.7999997139,A,pupil,I,l,159,3,1383.3999996185303,246757.40000009537,8087,WL,B,3.0
2,3.9149999618530273,learn,56085.00003814697,Wed Jul 22 2026 10:57:17 GMT-0500 (Central Daylight Time),248373.7999997139,A,pupilenter,I,enter,216,3,1616.3999996185303,246757.40000009537,8087,WL,B,3.0
2,4.465000152587891,learn,55534.99984741211,Wed Jul 22 2026 10:57:17 GMT-0500 (Central Daylight Time),248923.09999990463,A,g,I,g,543,3,549.0,248374.09999990463,8087,WL,B,4.0
2,4.713000059127808,learn,55286.99994087219,Wed Jul 22 2026 10:57:17 GMT-0500 (Central Daylight Time),249171.09999990463,A,ga,I,a,243,3,797.0,248374.09999990463,8087,WL,B,4.0
2,4.860000133514404,learn,55139.999866485596,Wed Jul 22 2026 10:57:17 GMT-0500 (Central Daylight Time),249318.2999997139,A,gas,I,s,141,3,944.1999998092651,248374.09999990463,8087,WL,B,4.0
2,4.998000144958496,learn,55001.999855041504,Wed Jul 22 2026 10:57:17 GMT-0500 (Central Daylight Time),249456.2999997139,A,gass,I,s,116,3,1082.1999998092651,248374.09999990463,8087,WL,B,4.0
2,5.449000120162964,learn,54550.999879837036,Wed Jul 22 2026 10:57:17 GMT-0500 (Central Daylight Time),249907.19999980927,A,gassenter,I,enter,444,3,1533.0999999046326,248374.09999990463,8087,WL,B,4.0
2,6.049000024795532,learn,53950.99997520447,Wed Jul 22 2026 10:57:17 GMT-0500 (Central Daylight Time),250507.0,A,g,I,g,593,3,599.5,249907.5,8087,WL,B,5.0
2,6.248000144958496,learn,53751.999855041504,Wed Jul 22 2026 10:57:17 GMT-0500 (Central Daylight Time),250706.0,A,gr,I,r,185,3,798.5,249907.5,8087,WL,B,5.0
2,6.29800009727478,learn,53701.99990272522,Wed Jul 22 2026 10:57:17 GMT-0500 (Central Daylight Time),250756.0,A,gra,I,a,34,3,848.5,249907.5,8087,WL,B,5.0
2,6.513999938964844,learn,53486.000061035156,Wed Jul 22 2026 10:57:17 GMT-0500 (Central Daylight Time),250972.69999980927,A,gras,I,s,200,3,1065.1999998092651,249907.5,8087,WL,B,5.0
2,6.647000074386597,learn,53352.9999256134,Wed Jul 22 2026 10:57:17 GMT-0500 (Central Daylight Time),251105.69999980927,A,grass,I,s,119,3,1198.1999998092651,249907.5,8087,WL,B,5.0
2,6.831000089645386,learn,53168.999910354614,Wed Jul 22 2026 10:57:17 GMT-0500 (Central Daylight Time),251289.2999997139,A,grassenter,I,enter,163,3,1381.7999997138977,249907.5,8087,WL,B,5.0
2,7.513999938964844,learn,52486.000061035156,Wed Jul 22 2026 10:57:17 GMT-0500 (Central Daylight Time),251972.09999990463,A,w,I,w,675,3,682.5,251289.59999990463,8087,WL,B,6.0
2,7.5970001220703125,learn,52402.99987792969,Wed Jul 22 2026 10:57:17 GMT-0500 (Central Daylight Time),252055.5,A,wi,I,i,63,3,765.9000000953674,251289.59999990463,8087,WL,B,6.0
2,7.647000074386597,learn,52352.9999256134,Wed Jul 22 2026 10:57:17 GMT-0500 (Central Daylight Time),252105.59999990463,A,win,I,n,37,3,816.0,251289.59999990463,8087,WL,B,6.0
2,7.746999979019165,learn,52253.000020980835,Wed Jul 22 2026 10:57:17 GMT-0500 (Central Daylight Time),252205.5,A,wind,I,d,91,3,915.9000000953674,251289.59999990463,8087,WL,B,6.0
2,7.864000082015991,learn,52135.99991798401,Wed Jul 22 2026 10:57:17 GMT-0500 (Central Daylight Time),252322.2999997139,A,windo,I,o,103,3,1032.6999998092651,251289.59999990463,8087,WL,B,6.0
2,8.330000162124634,learn,51669.999837875366,Wed Jul 22 2026 10:57:17 GMT-0500 (Central Daylight Time),252788.40000009537,A,window,I,w,449,3,1498.8000001907349,251289.59999990463,8087,WL,B,6.0
2,8.463000059127808,learn,51536.99994087219,Wed Jul 22 2026 10:57:17 GMT-0500 (Central Daylight Time),252921.7999997139,A,windowenter,I,enter,120,3,1632.1999998092651,251289.59999990463,8087,WL,B,6.0
2,8.797000169754028,learn,51202.99983024597,Wed Jul 22 2026 10:57:17 GMT-0500 (Central Daylight Time),253255.19999980927,A,w,I,w,313,3,333.0,252922.19999980927,8087,WL,B,7.0
2,8.86300015449524,learn,51136.99984550476,Wed Jul 22 2026 10:57:17 GMT-0500 (Central Daylight Time),253321.5,A,wi,I,i,61,3,399.30000019073486,252922.19999980927,8087,WL,B,7.0
2,9.013999938964844,learn,50986.000061035156,Wed Jul 22 2026 10:57:17 GMT-0500 (Central Daylight Time),253472.2999997139,A,wif,I,f,146,3,550.0999999046326,252922.19999980927,8087,WL,B,7.0
2,9.11300015449524,learn,50886.99984550476,Wed Jul 22 2026 10:57:17 GMT-0500 (Central Daylight Time),253571.69999980927,A,wife,I,e,93,3,649.5,252922.19999980927,8087,WL,B,7.0
2,9.296000003814697,learn,50703.9999961853,Wed Jul 22 2026 10:57:17 GMT-0500 (Central Daylight Time),253754.90000009537,A,wifeenter,I,enter,168,3,832.7000002861023,252922.19999980927,8087,WL,B,7.0
2,9.430000066757202,learn,50569.9999332428,Wed Jul 22 2026 10:57:17 GMT-0500 (Central Daylight Time),253887.90000009537,A,s,I,s,121,3,132.7000002861023,253755.19999980927,8087,WL,B,8.0
2,9.546000003814697,learn,50453.9999961853,Wed Jul 22 2026 10:57:17 GMT-0500 (Central Daylight Time),254004.59999990463,A,st,I,t,100,3,249.40000009536743,253755.19999980927,8087,WL,B,8.0
2,9.730000019073486,learn,50269.999980926514,Wed Jul 22 2026 10:57:17 GMT-0500 (Central Daylight Time),254187.7999997139,A,str,I,r,168,3,432.59999990463257,253755.19999980927,8087,WL,B,8.0
2,9.77999997138977,learn,50220.00002861023,Wed Jul 22 2026 10:57:17 GMT-0500 (Central Daylight Time),254238.40000009537,A,stre,I,e,41,3,483.2000002861023,253755.19999980927,8087,WL,B,8.0
2,9.946000099182129,learn,50053.99990081787,Wed Jul 22 2026 10:57:17 GMT-0500 (Central Daylight Time),254404.59999990463,A,stree,I,e,158,3,649.4000000953674,253755.19999980927,8087,WL,B,8.0
2,10.11300015449524,learn,49886.99984550476,Wed Jul 22 2026 10:57:17 GMT-0500 (Central Daylight Time),254571.5,A,street,I,t,151,3,816.3000001907349,253755.19999980927,8087,WL,B,8.0
2,10.36300015449524,learn,49636.99984550476,Wed Jul 22 2026 10:57:17 GMT-0500 (Central Daylight Time),254821.2999997139,A,streetenter,I,enter,233,3,1066.0999999046326,253755.19999980927,8087,WL,B,8.0
2,10.71399998664856,learn,49286.00001335144,Wed Jul 22 2026 10:57:17 GMT-0500 (Central Daylight Time),255172.2999997139,A,l,I,l,343,3,350.59999990463257,254821.69999980927,8087,WL,B,9.0
2,10.930000066757202,learn,49069.9999332428,Wed Jul 22 2026 10:57:17 GMT-0500 (Central Daylight Time),255387.90000009537,A,la,I,a,208,3,566.2000002861023,254821.69999980927,8087,WL,B,9.0
2,11.095999956130981,learn,48904.00004386902,Wed Jul 22 2026 10:57:17 GMT-0500 (Central Daylight Time),255554.5,A,lak,I,k,153,3,732.8000001907349,254821.69999980927,8087,WL,B,9.0
2,11.196000099182129,learn,48803.99990081787,Wed Jul 22 2026 10:57:17 GMT-0500 (Central Daylight Time),255654.40000009537,A,lake,I,e,89,3,832.7000002861023,254821.69999980927,8087,WL,B,9.0
2,11.312999963760376,learn,48687.000036239624,Wed Jul 22 2026 10:57:17 GMT-0500 (Central Daylight Time),255771.0,A,lakeenter,I,enter,102,3,949.3000001907349,254821.69999980927,8087,WL,B,9.0
2,11.479000091552734,learn,48520.999908447266,Wed Jul 22 2026 10:57:17 GMT-0500 (Central Daylight Time),255937.40000009537,A,c,I,c,152,3,166.10000038146973,255771.2999997139,8087,WL,B,10.0
2,11.696000099182129,learn,48303.99990081787,Wed Jul 22 2026 10:57:17 GMT-0500 (Central Daylight Time),256154.40000009537,A,ct,I,t,203,3,383.1000003814697,255771.2999997139,8087,WL,B,10.0
2,11.779000043869019,learn,48220.99995613098,Wed Jul 22 2026 10:57:17 GMT-0500 (Central Daylight Time),256237.5,A,cty,I,y,66,3,466.2000002861023,255771.2999997139,8087,WL,B,10.0
2,12.062999963760376,learn,47937.000036239624,Wed Jul 22 2026 10:57:17 GMT-0500 (Central Daylight Time),256521.0,A,ct,I,backspace,263,3,749.7000002861023,255771.2999997139,8087,WL,B,10.0
2,12.17900013923645,learn,47820.99986076355,Wed Jul 22 2026 10:57:17 GMT-0500 (Central Daylight Time),256637.19999980927,A,c,I,backspace,107,3,865.9000000953674,255771.2999997139,8087,WL,B,10.0
2,12.396000146865845,learn,47603.999853134155,Wed Jul 22 2026 10:57:17 GMT-0500 (Central Daylight Time),256854.19999980927,A,ci,I,i,199,3,1082.9000000953674,255771.2999997139,8087,WL,B,10.0
2,12.51200008392334,learn,47487.99991607666,Wed Jul 22 2026 10:57:17 GMT-0500 (Central Daylight Time),256970.5,A,cit,I,t,109,3,1199.2000002861023,255771.2999997139,8087,WL,B,10.0
2,12.578999996185303,learn,47421.0000038147,Wed Jul 22 2026 10:57:17 GMT-0500 (Central Daylight Time),257037.19999980927,A,city,I,y,50,3,1265.9000000953674,255771.2999997139,8087,WL,B,10.0
2,12.911999940872192,learn,47088.00005912781,Wed Jul 22 2026 10:57:17 GMT-0500 (Central Daylight Time),257370.69999980927,A,cityenter,I,enter,319,3,1599.4000000953674,255771.2999997139,8087,WL,B,10.0
2,13.229000091552734,learn,46770.999908447266,Wed Jul 22 2026 10:57:17 GMT-0500 (Central Daylight Time),257686.90000009537,A,f,I,f,306,3,315.90000009536743,257371.0,8087,WL,B,11.0
2,13.34500002861023,learn,46654.99997138977,Wed Jul 22 2026 10:57:17 GMT-0500 (Central Daylight Time),257803.59999990463,A,fi,I,i,100,3,432.59999990463257,257371.0,8087,WL,B,11.0
2,13.479000091552734,learn,46520.999908447266,Wed Jul 22 2026 10:57:17 GMT-0500 (Central Daylight Time),257937.2999997139,A,fir,I,r,120,3,566.2999997138977,257371.0,8087,WL,B,11.0
2,13.529000043869019,learn,46470.99995613098,Wed Jul 22 2026 10:57:17 GMT-0500 (Central Daylight Time),257987.59999990463,A,fire,I,e,35,3,616.5999999046326,257371.0,8087,WL,B,11.0
2,13.795000076293945,learn,46204.999923706055,Wed Jul 22 2026 10:57:17 GMT-0500 (Central Daylight Time),258253.5,A,fireenter,I,enter,249,3,882.5,257371.0,8087,WL,B,11.0
2,17.511000156402588,learn,42488.99984359741,Wed Jul 22 2026 10:57:17 GMT-0500 (Central Daylight Time),261969.19999980927,A,c,I,c,3703,3,3715.4000000953674,258253.7999997139,8087,WL,B,12.0
2,17.611000061035156,learn,42388.999938964844,Wed Jul 22 2026 10:57:17 GMT-0500 (Central Daylight Time),262069.0,A,ca,I,a,83,3,3815.2000002861023,258253.7999997139,8087,WL,B,12.0
2,17.776999950408936,learn,42223.000049591064,Wed Jul 22 2026 10:57:17 GMT-0500 (Central Daylight Time),262235.69999980927,A,cab,I,b,151,3,3981.9000000953674,258253.7999997139,8087,WL,B,12.0
2,17.97699999809265,learn,42023.00000190735,Wed Jul 22 2026 10:57:17 GMT-0500 (Central Daylight Time),262435.59999990463,A,cabi,I,i,184,3,4181.800000190735,258253.7999997139,8087,WL,B,12.0
2,18.0770001411438,learn,41922.9998588562,Wed Jul 22 2026 10:57:17 GMT-0500 (Central Daylight Time),262535.40000009537,A,cabin,I,n,80,3,4281.60000038147,258253.7999997139,8087,WL,B,12.0
2,18.276999950408936,learn,41723.000049591064,Wed Jul 22 2026 10:57:17 GMT-0500 (Central Daylight Time),262735.40000009537,A,cabinenter,I,enter,188,3,4481.60000038147,258253.7999997139,8087,WL,B,12.0
2,18.49399995803833,learn,41506.00004196167,Wed Jul 22 2026 10:57:17 GMT-0500 (Central Daylight Time),262952.19999980927,A,l,I,l,205,3,216.40000009536743,262735.7999997139,8087,WL,B,13.0
2,18.5770001411438,learn,41422.9998588562,Wed Jul 22 2026 10:57:17 GMT-0500 (Central Daylight Time),263035.40000009537,A,la,I,a,76,3,299.6000003814697,262735.7999997139,8087,WL,B,13.0
2,18.794000148773193,learn,41205.99985122681,Wed Jul 22 2026 10:57:17 GMT-0500 (Central Daylight Time),263252.09999990463,A,lak,I,k,200,3,516.3000001907349,262735.7999997139,8087,WL,B,13.0
2,18.877000093460083,learn,41122.99990653992,Wed Jul 22 2026 10:57:17 GMT-0500 (Central Daylight Time),263335.40000009537,A,lake,I,e,72,3,599.6000003814697,262735.7999997139,8087,WL,B,13.0
2,19.05999994277954,learn,40940.00005722046,Wed Jul 22 2026 10:57:17 GMT-0500 (Central Daylight Time),263518.5,A,lakeenter,I,enter,172,3,782.7000002861023,262735.7999997139,8087,WL,B,13.0
2,28.740000009536743,learn,31259.999990463257,Wed Jul 22 2026 10:57:17 GMT-0500 (Central Daylight Time),273198.7999997139,A,s,I,s,9661,3,9680.0,263518.7999997139,8087,WL,B,14.0
2,29.008000135421753,learn,30991.999864578247,Wed Jul 22 2026 10:57:17 GMT-0500 (Central Daylight Time),273466.40000009537,A,st,I,t,260,3,9947.60000038147,263518.7999997139,8087,WL,B,14.0
2,29.19000005722046,learn,30809.99994277954,Wed Jul 22 2026 10:57:17 GMT-0500 (Central Daylight Time),273648.2999997139,A,str,I,r,177,3,10129.5,263518.7999997139,8087,WL,B,14.0
2,29.289999961853027,learn,30710.000038146973,Wed Jul 22 2026 10:57:17 GMT-0500 (Central Daylight Time),273748.5,A,stre,I,e,92,3,10229.700000286102,263518.7999997139,8087,WL,B,14.0
2,29.457000017166138,learn,30542.999982833862,Wed Jul 22 2026 10:57:17 GMT-0500 (Central Daylight Time),273915.09999990463,A,stree,I,e,160,3,10396.300000190735,263518.7999997139,8087,WL,B,14.0
2,29.59000015258789,learn,30409.99984741211,Wed Jul 22 2026 10:57:17 GMT-0500 (Central Daylight Time),274048.69999980927,A,street,I,t,121,3,10529.900000095367,263518.7999997139,8087,WL,B,14.0
2,29.94000005722046,learn,30059.99994277954,Wed Jul 22 2026 10:57:17 GMT-0500 (Central Daylight Time),274398.40000009537,A,streetenter,I,enter,331,3,10879.60000038147,263518.7999997139,8087,WL,B,14.0
2,33.705000162124634,learn,26294.999837875366,Wed Jul 22 2026 10:57:17 GMT-0500 (Central Daylight Time),278163.69999980927,A,d,I,d,3749,3,3765.0,274398.69999980927,8087,WL,B,15.0
2,33.92200016975403,learn,26077.99983024597,Wed Jul 22 2026 10:57:17 GMT-0500 (Central Daylight Time),278380.19999980927,A,do,I,o,198,3,3981.5,274398.69999980927,8087,WL,B,15.0
2,34.0220000743866,learn,25977.999925613403,Wed Jul 22 2026 10:57:17 GMT-0500 (Central Daylight Time),278480.19999980927,A,doo,I,o,78,3,4081.5,274398.69999980927,8087,WL,B,15.0
2,34.121999979019165,learn,25878.000020980835,Wed Jul 22 2026 10:57:17 GMT-0500 (Central Daylight Time),278580.5,A,door,I,r,82,3,4181.800000190735,274398.69999980927,8087,WL,B,15.0
2,34.27300000190735,learn,25726.99999809265,Wed Jul 22 2026 10:57:17 GMT-0500 (Central Daylight Time),278731.2999997139,A,doorenter,I,enter,135,3,4332.599999904633,274398.69999980927,8087,WL,B,15.0
3,0.5160000324249268,learn,59483.99996757507,Wed Jul 22 2026 10:57:17 GMT-0500 (Central Daylight Time),346509.2999997139,A,p,I,p,507,3,515.5999999046326,345993.69999980927,8087,WL,B,1.0
3,0.7319998741149902,learn,59268.00012588501,Wed Jul 22 2026 10:57:17 GMT-0500 (Central Daylight Time),346725.69999980927,A,pi,I,i,198,3,732.0,345993.69999980927,8087,WL,B,1.0
3,0.9819998741149902,learn,59018.00012588501,Wed Jul 22 2026 10:57:17 GMT-0500 (Central Daylight Time),346975.69999980927,A,pip,I,p,237,3,982.0,345993.69999980927,8087,WL,B,1.0
3,1.1989998817443848,learn,58801.000118255615,Wed Jul 22 2026 10:57:17 GMT-0500 (Central Daylight Time),347192.19999980927,A,pipe,I,e,204,3,1198.5,345993.69999980927,8087,WL,B,1.0
3,1.3989999294281006,learn,58601.0000705719,Wed Jul 22 2026 10:57:17 GMT-0500 (Central Daylight Time),347392.19999980927,A,pipeenter,I,enter,188,3,1398.5,345993.69999980927,8087,WL,B,1.0
3,1.5989999771118164,learn,58401.00002288818,Wed Jul 22 2026 10:57:17 GMT-0500 (Central Daylight Time),347592.40000009537,A,s,I,s,188,3,199.90000009536743,347392.5,8087,WL,B,2.0
3,1.7319998741149902,learn,58268.00012588501,Wed Jul 22 2026 10:57:17 GMT-0500 (Central Daylight Time),347725.59999990463,A,sk,I,k,124,3,333.09999990463257,347392.5,8087,WL,B,2.0
3,1.8650000095367432,learn,58134.99999046326,Wed Jul 22 2026 10:57:17 GMT-0500 (Central Daylight Time),347858.69999980927,A,ski,I,i,119,3,466.19999980926514,347392.5,8087,WL,B,2.0
3,2.1489999294281006,learn,57851.0000705719,Wed Jul 22 2026 10:57:17 GMT-0500 (Central Daylight Time),348142.09999990463,A,skin,I,n,274,3,749.5999999046326,347392.5,8087,WL,B,2.0
3,2.3320000171661377,learn,57667.99998283386,Wed Jul 22 2026 10:57:17 GMT-0500 (Central Daylight Time),348325.19999980927,A,skinenter,I,enter,165,3,932.6999998092651,347392.5,8087,WL,B,2.0
3,2.5989999771118164,learn,57401.00002288818,Wed Jul 22 2026 10:57:17 GMT-0500 (Central Daylight Time),348592.5,A,f,I,f,246,3,266.90000009536743,348325.59999990463,8087,WL,B,3.0
3,2.681999921798706,learn,57318.000078201294,Wed Jul 22 2026 10:57:17 GMT-0500 (Central Daylight Time),348675.19999980927,A,fi,I,i,75,3,349.59999990463257,348325.59999990463,8087,WL,B,3.0
3,2.8980000019073486,learn,57101.99999809265,Wed Jul 22 2026 10:57:17 GMT-0500 (Central Daylight Time),348891.7999997139,A,fir,I,r,201,3,566.1999998092651,348325.59999990463,8087,WL,B,3.0
3,2.9660000801086426,learn,57033.99991989136,Wed Jul 22 2026 10:57:17 GMT-0500 (Central Daylight Time),348959.2999997139,A,fire,I,e,56,3,633.6999998092651,348325.59999990463,8087,WL,B,3.0
3,3.13100004196167,learn,56868.99995803833,Wed Jul 22 2026 10:57:17 GMT-0500 (Central Daylight Time),349124.90000009537,A,fireenter,I,enter,148,3,799.3000001907349,348325.59999990463,8087,WL,B,3.0
3,3.3309998512268066,learn,56669.00014877319,Wed Jul 22 2026 10:57:17 GMT-0500 (Central Daylight Time),349324.59999990463,A,c,I,c,190,3,199.40000009536743,349125.19999980927,8087,WL,B,4.0
3,3.447999954223633,learn,56552.00004577637,Wed Jul 22 2026 10:57:17 GMT-0500 (Central Daylight Time),349441.19999980927,A,cl,I,l,102,3,316.0,349125.19999980927,8087,WL,B,4.0
3,3.614000082015991,learn,56385.99991798401,Wed Jul 22 2026 10:57:17 GMT-0500 (Central Daylight Time),349608.09999990463,A,clo,I,o,146,3,482.90000009536743,349125.19999980927,8087,WL,B,4.0
3,3.7649998664855957,learn,56235.000133514404,Wed Jul 22 2026 10:57:17 GMT-0500 (Central Daylight Time),349758.09999990463,A,cloc,I,c,131,3,632.9000000953674,349125.19999980927,8087,WL,B,4.0
3,3.9149999618530273,learn,56085.00003814697,Wed Jul 22 2026 10:57:17 GMT-0500 (Central Daylight Time),349908.09999990463,A,clock,I,k,142,3,782.9000000953674,349125.19999980927,8087,WL,B,4.0
3,4.065000057220459,learn,55934.99994277954,Wed Jul 22 2026 10:57:17 GMT-0500 (Central Daylight Time),350058.09999990463,A,clockenter,I,enter,143,3,932.9000000953674,349125.19999980927,8087,WL,B,4.0
3,4.297999858856201,learn,55702.0001411438,Wed Jul 22 2026 10:57:17 GMT-0500 (Central Daylight Time),350291.40000009537,A,c,I,c,225,3,233.0,350058.40000009537,8087,WL,B,5.0
3,4.414000034332275,learn,55585.999965667725,Wed Jul 22 2026 10:57:17 GMT-0500 (Central Daylight Time),350408.0,A,ci,I,i,96,3,349.59999990463257,350058.40000009537,8087,WL,B,5.0
3,4.513999938964844,learn,55486.000061035156,Wed Jul 22 2026 10:57:17 GMT-0500 (Central Daylight Time),350507.90000009537,A,cit,I,t,92,3,449.5,350058.40000009537,8087,WL,B,5.0
3,4.614000082015991,learn,55385.99991798401,Wed Jul 22 2026 10:57:17 GMT-0500 (Central Daylight Time),350608.09999990463,A,city,I,y,87,3,549.6999998092651,350058.40000009537,8087,WL,B,5.0
3,4.7809998989105225,learn,55219.00010108948,Wed Jul 22 2026 10:57:17 GMT-0500 (Central Daylight Time),350774.90000009537,A,cityenter,I,enter,157,3,716.5,350058.40000009537,8087,WL,B,5.0
3,5.013999938964844,learn,54986.000061035156,Wed Jul 22 2026 10:57:17 GMT-0500 (Central Daylight Time),351008.09999990463,A,l,I,l,221,3,233.0,350775.09999990463,8087,WL,B,6.0
3,5.13100004196167,learn,54868.99995803833,Wed Jul 22 2026 10:57:17 GMT-0500 (Central Daylight Time),351124.40000009537,A,la,I,a,98,3,349.30000019073486,350775.09999990463,8087,WL,B,6.0
3,5.313999891281128,learn,54686.00010871887,Wed Jul 22 2026 10:57:17 GMT-0500 (Central Daylight Time),351307.59999990463,A,lak,I,k,168,3,532.5,350775.09999990463,8087,WL,B,6.0
3,5.431999921798706,learn,54568.000078201294,Wed Jul 22 2026 10:57:17 GMT-0500 (Central Daylight Time),351425.40000009537,A,lake,I,e,96,3,650.3000001907349,350775.09999990463,8087,WL,B,6.0
3,5.563999891281128,learn,54436.00010871887,Wed Jul 22 2026 10:57:17 GMT-0500 (Central Daylight Time),351557.40000009537,A,lakeenter,I,enter,115,3,782.3000001907349,350775.09999990463,8087,WL,B,6.0
3,5.747999906539917,learn,54252.00009346008,Wed Jul 22 2026 10:57:17 GMT-0500 (Central Daylight Time),351742.0,A,c,I,c,175,3,184.2000002861023,351557.7999997139,8087,WL,B,7.0
3,5.914000034332275,learn,54085.999965667725,Wed Jul 22 2026 10:57:17 GMT-0500 (Central Daylight Time),351907.40000009537,A,ca,I,a,158,3,349.6000003814697,351557.7999997139,8087,WL,B,7.0
3,6.23199987411499,learn,53768.00012588501,Wed Jul 22 2026 10:57:17 GMT-0500 (Central Daylight Time),352225.19999980927,A,cab,I,b,305,3,667.4000000953674,351557.7999997139,8087,WL,B,7.0
3,6.447000026702881,learn,53552.99997329712,Wed Jul 22 2026 10:57:17 GMT-0500 (Central Daylight Time),352441.09999990463,A,cabi,I,i,202,3,883.3000001907349,351557.7999997139,8087,WL,B,7.0
3,6.546999931335449,learn,53453.00006866455,Wed Jul 22 2026 10:57:17 GMT-0500 (Central Daylight Time),352540.2999997139,A,cabin,I,n,83,3,982.5,351557.7999997139,8087,WL,B,7.0
3,6.763999938964844,learn,53236.000061035156,Wed Jul 22 2026 10:57:17 GMT-0500 (Central Daylight Time),352757.40000009537,A,cabinenter,I,enter,200,3,1199.6000003814697,351557.7999997139,8087,WL,B,7.0
3,7.013999938964844,learn,52986.000061035156,Wed Jul 22 2026 10:57:17 GMT-0500 (Central Daylight Time),353007.19999980927,A,s,I,s,239,3,249.5,352757.69999980927,8087,WL,B,8.0
3,7.129999876022339,learn,52870.00012397766,Wed Jul 22 2026 10:57:17 GMT-0500 (Central Daylight Time),353123.59999990463,A,st,I,t,108,3,365.90000009536743,352757.69999980927,8087,WL,B,8.0
3,7.263000011444092,learn,52736.99998855591,Wed Jul 22 2026 10:57:17 GMT-0500 (Central Daylight Time),353257.0,A,str,I,r,120,3,499.30000019073486,352757.69999980927,8087,WL,B,8.0
3,7.379999876022339,learn,52620.00012397766,Wed Jul 22 2026 10:57:17 GMT-0500 (Central Daylight Time),353373.7999997139,A,stre,I,e,99,3,616.0999999046326,352757.69999980927,8087,WL,B,8.0
3,7.562999963760376,learn,52437.000036239624,Wed Jul 22 2026 10:57:17 GMT-0500 (Central Daylight Time),353556.7999997139,A,stree,I,e,165,3,799.0999999046326,352757.69999980927,8087,WL,B,8.0
3,7.730000019073486,learn,52269.999980926514,Wed Jul 22 2026 10:57:17 GMT-0500 (Central Daylight Time),353723.59999990463,A,street,I,t,160,3,965.9000000953674,352757.69999980927,8087,WL,B,8.0
3,7.947000026702881,learn,52052.99997329712,Wed Jul 22 2026 10:57:17 GMT-0500 (Central Daylight Time),353940.19999980927,A,streetenter,I,enter,209,3,1182.5,352757.69999980927,8087,WL,B,8.0
3,8.412999868392944,learn,51587.000131607056,Wed Jul 22 2026 10:57:17 GMT-0500 (Central Daylight Time),354406.7999997139,A,g,I,g,456,3,466.09999990463257,353940.69999980927,8087,WL,B,9.0
3,8.562999963760376,learn,51437.000036239624,Wed Jul 22 2026 10:57:17 GMT-0500 (Central Daylight Time),354556.59999990463,A,gr,I,r,142,3,615.9000000953674,353940.69999980927,8087,WL,B,9.0
3,8.595999956130981,learn,51404.00004386902,Wed Jul 22 2026 10:57:17 GMT-0500 (Central Daylight Time),354590.0,A,gra,I,a,16,3,649.3000001907349,353940.69999980927,8087,WL,B,9.0
3,8.845999956130981,learn,51154.00004386902,Wed Jul 22 2026 10:57:17 GMT-0500 (Central Daylight Time),354839.90000009537,A,gras,I,s,239,3,899.2000002861023,353940.69999980927,8087,WL,B,9.0
3,8.961999893188477,learn,51038.00010681152,Wed Jul 22 2026 10:57:17 GMT-0500 (Central Daylight Time),354956.19999980927,A,grass,I,s,108,3,1015.5,353940.69999980927,8087,WL,B,9.0
3,9.428999900817871,learn,50571.00009918213,Wed Jul 22 2026 10:57:17 GMT-0500 (Central Daylight Time),355423.0,A,grassenter,I,enter,445,3,1482.3000001907349,353940.69999980927,8087,WL,B,9.0
3,9.911999940872192,learn,50088.00005912781,Wed Jul 22 2026 10:57:17 GMT-0500 (Central Daylight Time),355906.19999980927,A,w,I,w,468,3,482.7999997138977,355423.40000009537,8087,WL,B,10.0
3,9.996999979019165,learn,50003.000020980835,Wed Jul 22 2026 10:57:17 GMT-0500 (Central Daylight Time),355991.40000009537,A,wi,I,i,65,3,568.0,355423.40000009537,8087,WL,B,10.0
3,10.062000036239624,learn,49937.999963760376,Wed Jul 22 2026 10:57:17 GMT-0500 (Central Daylight Time),356056.2999997139,A,win,I,n,52,3,632.8999996185303,355423.40000009537,8087,WL,B,10.0
3,10.161999940872192,learn,49838.00005912781,Wed Jul 22 2026 10:57:17 GMT-0500 (Central Daylight Time),356156.09999990463,A,wind,I,d,91,3,732.6999998092651,355423.40000009537,8087,WL,B,10.0
3,10.312000036239624,learn,49687.999963760376,Wed Jul 22 2026 10:57:17 GMT-0500 (Central Daylight Time),356306.0,A,windo,I,o,136,3,882.5999999046326,355423.40000009537,8087,WL,B,10.0
3,10.444999933242798,learn,49555.0000667572,Wed Jul 22 2026 10:57:17 GMT-0500 (Central Daylight Time),356439.2999997139,A,window,I,w,113,3,1015.8999996185303,355423.40000009537,8087,WL,B,10.0
3,10.628999948501587,learn,49371.00005149841,Wed Jul 22 2026 10:57:17 GMT-0500 (Central Daylight Time),356622.69999980927,A,windowenter,I,enter,164,3,1199.2999997138977,355423.40000009537,8087,WL,B,10.0
3,12.59500002861023,learn,47404.99997138977,Wed Jul 22 2026 10:57:17 GMT-0500 (Central Daylight Time),358588.7999997139,A,s,I,s,1948,3,1965.6999998092651,356623.09999990463,8087,WL,B,11.0
3,12.727999925613403,learn,47272.0000743866,Wed Jul 22 2026 10:57:17 GMT-0500 (Central Daylight Time),358722.0,A,st,I,t,120,3,2098.9000000953674,356623.09999990463,8087,WL,B,11.0
3,12.84500002861023,learn,47154.99997138977,Wed Jul 22 2026 10:57:17 GMT-0500 (Central Daylight Time),358838.59999990463,A,sta,I,a,106,3,2215.5,356623.09999990463,8087,WL,B,11.0
3,12.977999925613403,learn,47022.0000743866,Wed Jul 22 2026 10:57:17 GMT-0500 (Central Daylight Time),358971.69999980927,A,star,I,r,117,3,2348.5999999046326,356623.09999990463,8087,WL,B,11.0
3,13.460999965667725,learn,46539.000034332275,Wed Jul 22 2026 10:57:17 GMT-0500 (Central Daylight Time),359455.0,A,starenter,I,enter,473,3,2831.9000000953674,356623.09999990463,8087,WL,B,11.0
3,14.343999862670898,learn,45656.0001373291,Wed Jul 22 2026 10:57:17 GMT-0500 (Central Daylight Time),360337.69999980927,A,w,I,w,876,3,882.2999997138977,359455.40000009537,8087,WL,B,12.0
3,14.526999950408936,learn,45473.000049591064,Wed Jul 22 2026 10:57:17 GMT-0500 (Central Daylight Time),360521.09999990463,A,wi,I,i,177,3,1065.6999998092651,359455.40000009537,8087,WL,B,12.0
3,14.677000045776367,learn,45322.99995422363,Wed Jul 22 2026 10:57:17 GMT-0500 (Central Daylight Time),360671.09999990463,A,wif,I,f,130,3,1215.6999998092651,359455.40000009537,8087,WL,B,12.0
3,14.74399995803833,learn,45256.00004196167,Wed Jul 22 2026 10:57:17 GMT-0500 (Central Daylight Time),360737.7999997139,A,wife,I,e,52,3,1282.3999996185303,359455.40000009537,8087,WL,B,12.0
3,15.043999910354614,learn,44956.000089645386,Wed Jul 22 2026 10:57:17 GMT-0500 (Central Daylight Time),361037.59999990463,A,wifeenter,I,enter,281,3,1582.1999998092651,359455.40000009537,8087,WL,B,12.0
3,18.41000008583069,learn,41589.99991416931,Wed Jul 22 2026 10:57:17 GMT-0500 (Central Daylight Time),364403.7999997139,A,a,I,a,3357,3,3366.0,361037.7999997139,8087,WL,B,13.0
3,18.526000022888184,learn,41473.99997711182,Wed Jul 22 2026 10:57:17 GMT-0500 (Central Daylight Time),364519.90000009537,A,ar,I,r,105,3,3482.1000003814697,361037.7999997139,8087,WL,B,13.0
3,18.675999879837036,learn,41324.000120162964,Wed Jul 22 2026 10:57:17 GMT-0500 (Central Daylight Time),364670.09999990463,A,arm,I,m,132,3,3632.300000190735,361037.7999997139,8087,WL,B,13.0
3,18.859999895095825,learn,41140.000104904175,Wed Jul 22 2026 10:57:17 GMT-0500 (Central Daylight Time),364853.5,A,armenter,I,enter,166,3,3815.7000002861023,361037.7999997139,8087,WL,B,13.0
3,20.375999927520752,learn,39624.00007247925,Wed Jul 22 2026 10:57:17 GMT-0500 (Central Daylight Time),366369.69999980927,A,d,I,d,1503,3,1515.7999997138977,364853.90000009537,8087,WL,B,14.0
3,20.542999982833862,learn,39457.00001716614,Wed Jul 22 2026 10:57:17 GMT-0500 (Central Daylight Time),366536.40000009537,A,do,I,o,146,3,1682.5,364853.90000009537,8087,WL,B,14.0
3,20.675999879837036,learn,39324.000120162964,Wed Jul 22 2026 10:57:17 GMT-0500 (Central Daylight Time),366669.59999990463,A,doo,I,o,116,3,1815.6999998092651,364853.90000009537,8087,WL,B,14.0
3,21.151999950408936,learn,38848.000049591064,Wed Jul 22 2026 10:57:17 GMT-0500 (Central Daylight Time),367146.09999990463,A,door,I,r,323,3,2292.199999809265,364853.90000009537,8087,WL,B,14.0
3,21.158999919891357,learn,38841.00008010864,Wed Jul 22 2026 10:57:17 GMT-0500 (Central Daylight Time),367152.69999980927,A,doorenter,I,enter,1,3,2298.7999997138977,364853.90000009537,8087,WL,B,14.0
3,24.091000080108643,learn,35908.99991989136,Wed Jul 22 2026 10:57:17 GMT-0500 (Central Daylight Time),370085.2999997139,A,p,I,p,2914,3,2932.2999997138977,367153.0,8087,WL,B,15.0
3,24.240999937057495,learn,35759.000062942505,Wed Jul 22 2026 10:57:17 GMT-0500 (Central Daylight Time),370235.09999990463,A,pi,I,i,143,3,3082.0999999046326,367153.0,8087,WL,B,15.0
3,24.39199995994568,learn,35608.00004005432,Wed Jul 22 2026 10:57:17 GMT-0500 (Central Daylight Time),370386.09999990463,A,pip,I,p,129,3,3233.0999999046326,367153.0,8087,WL,B,15.0
3,25.158999919891357,learn,34841.00008010864,Wed Jul 22 2026 10:57:17 GMT-0500 (Central Daylight Time),371152.5,A,pi,I,backspace,745,3,3999.5,367153.0,8087,WL,B,15.0
3,25.29099988937378,learn,34709.00011062622,Wed Jul 22 2026 10:57:17 GMT-0500 (Central Daylight Time),371284.7999997139,A,p,I,backspace,114,3,4131.799999713898,367153.0,8087,WL,B,15.0
3,25.424000024795532,learn,34575.99997520447,Wed Jul 22 2026 10:57:17 GMT-0500 (Central Daylight Time),371418.0,A,,I,backspace,128,3,4265.0,367153.0,8087,WL,B,15.0
3,26.256999969482422,learn,33743.00003051758,Wed Jul 22 2026 10:57:17 GMT-0500 (Central Daylight Time),372250.7999997139,A,p,I,p,825,3,5097.799999713898,367153.0,8087,WL,B,15.0
3,26.457000017166138,learn,33542.99998283386,Wed Jul 22 2026 10:57:17 GMT-0500 (Central Daylight Time),372450.69999980927,A,pi,I,i,191,3,5297.699999809265,367153.0,8087,WL,B,15.0
3,26.723999977111816,learn,33276.00002288818,Wed Jul 22 2026 10:57:17 GMT-0500 (Central Daylight Time),372717.69999980927,A,pip,I,p,257,3,5564.699999809265,367153.0,8087,WL,B,15.0
3,27.157000064849854,learn,32842.99993515015,Wed Jul 22 2026 10:57:17 GMT-0500 (Central Daylight Time),373150.90000009537,A,pipe,I,e,423,3,5997.900000095367,367153.0,8087,WL,B,15.0
3,27.2739999294281,learn,32726.0000705719,Wed Jul 22 2026 10:57:17 GMT-0500 (Central Daylight Time),373267.2999997139,A,pipeenter,I,enter,110,3,6114.299999713898,367153.0,8087,WL,B,15.0
4,0.4159998893737793,learn,59584.00011062622,Wed Jul 22 2026 10:57:17 GMT-0500 (Central Daylight Time),440113.2999997139,A,c,I,c,404,3,416.09999990463257,439697.19999980927,8087,WL,B,1.0
4,0.5159997940063477,learn,59484.00020599365,Wed Jul 22 2026 10:57:17 GMT-0500 (Central Daylight Time),440213.19999980927,A,cl,I,l,82,3,516.0,439697.19999980927,8087,WL,B,1.0
4,0.7159998416900635,learn,59284.00015830994,Wed Jul 22 2026 10:57:17 GMT-0500 (Central Daylight Time),440412.7999997139,A,clo,I,o,183,3,715.5999999046326,439697.19999980927,8087,WL,B,1.0
4,0.9159998893737793,learn,59084.00011062622,Wed Jul 22 2026 10:57:17 GMT-0500 (Central Daylight Time),440613.0,A,cloc,I,c,184,3,915.8000001907349,439697.19999980927,8087,WL,B,1.0
4,1.0319998264312744,learn,58968.000173568726,Wed Jul 22 2026 10:57:17 GMT-0500 (Central Daylight Time),440729.19999980927,A,clock,I,k,110,3,1032.0,439697.19999980927,8087,WL,B,1.0
4,1.2329998016357422,learn,58767.00019836426,Wed Jul 22 2026 10:57:17 GMT-0500 (Central Daylight Time),440929.69999980927,A,clockenter,I,enter,188,3,1232.5,439697.19999980927,8087,WL,B,1.0
4,1.5989999771118164,learn,58401.00002288818,Wed Jul 22 2026 10:57:17 GMT-0500 (Central Daylight Time),441296.19999980927,A,c,I,c,354,3,366.09999990463257,440930.09999990463,8087,WL,B,2.0
4,1.7319998741149902,learn,58268.00012588501,Wed Jul 22 2026 10:57:17 GMT-0500 (Central Daylight Time),441429.40000009537,A,ca,I,a,116,3,499.30000019073486,440930.09999990463,8087,WL,B,2.0
4,1.8819999694824219,learn,58118.00003051758,Wed Jul 22 2026 10:57:17 GMT-0500 (Central Daylight Time),441579.40000009537,A,cab,I,b,143,3,649.3000001907349,440930.09999990463,8087,WL,B,2.0
4,2.0820000171661377,learn,57917.99998283386,Wed Jul 22 2026 10:57:17 GMT-0500 (Central Daylight Time),441779.5,A,cabi,I,i,185,3,849.4000000953674,440930.09999990463,8087,WL,B,2.0
4,2.131999969482422,learn,57868.00003051758,Wed Jul 22 2026 10:57:17 GMT-0500 (Central Daylight Time),441829.09999990463,A,cabin,I,n,41,3,899.0,440930.09999990463,8087,WL,B,2.0
4,2.298999786376953,learn,57701.00021362305,Wed Jul 22 2026 10:57:17 GMT-0500 (Central Daylight Time),441995.7999997139,A,cabinenter,I,enter,159,3,1065.6999998092651,440930.09999990463,8087,WL,B,2.0
4,2.5149998664855957,learn,57485.000133514404,Wed Jul 22 2026 10:57:17 GMT-0500 (Central Daylight Time),442212.5,A,l,I,l,209,3,216.40000009536743,441996.09999990463,8087,WL,B,3.0
4,2.5989999771118164,learn,57401.00002288818,Wed Jul 22 2026 10:57:17 GMT-0500 (Central Daylight Time),442296.40000009537,A,la,I,a,79,3,300.30000019073486,441996.09999990463,8087,WL,B,3.0
4,2.81499981880188,learn,57185.00018119812,Wed Jul 22 2026 10:57:17 GMT-0500 (Central Daylight Time),442512.19999980927,A,lak,I,k,195,3,516.0999999046326,441996.09999990463,8087,WL,B,3.0
4,2.931999921798706,learn,57068.000078201294,Wed Jul 22 2026 10:57:17 GMT-0500 (Central Daylight Time),442628.90000009537,A,lake,I,e,108,3,632.8000001907349,441996.09999990463,8087,WL,B,3.0
4,3.048999786376953,learn,56951.00021362305,Wed Jul 22 2026 10:57:17 GMT-0500 (Central Daylight Time),442745.69999980927,A,lakeenter,I,enter,95,3,749.5999999046326,441996.09999990463,8087,WL,B,3.0
4,3.2149999141693115,learn,56785.00008583069,Wed Jul 22 2026 10:57:17 GMT-0500 (Central Daylight Time),442912.40000009537,A,f,I,f,146,3,166.30000019073486,442746.09999990463,8087,WL,B,4.0
4,3.3479998111724854,learn,56652.000188827515,Wed Jul 22 2026 10:57:17 GMT-0500 (Central Daylight Time),443045.59999990463,A,fi,I,i,116,3,299.5,442746.09999990463,8087,WL,B,4.0
4,3.4649999141693115,learn,56535.00008583069,Wed Jul 22 2026 10:57:17 GMT-0500 (Central Daylight Time),443162.0,A,fir,I,r,102,3,415.90000009536743,442746.09999990463,8087,WL,B,4.0
4,3.5319998264312744,learn,56468.000173568726,Wed Jul 22 2026 10:57:17 GMT-0500 (Central Daylight Time),443229.09999990463,A,fire,I,e,49,3,483.0,442746.09999990463,8087,WL,B,4.0
4,3.865000009536743,learn,56134.99999046326,Wed Jul 22 2026 10:57:17 GMT-0500 (Central Daylight Time),443561.90000009537,A,fireenter,I,enter,319,3,815.8000001907349,442746.09999990463,8087,WL,B,4.0
4,4.547999858856201,learn,55452.0001411438,Wed Jul 22 2026 10:57:17 GMT-0500 (Central Daylight Time),444244.90000009537,A,p,I,p,674,3,682.5,443562.40000009537,8087,WL,B,5.0
4,4.680999994277954,learn,55319.000005722046,Wed Jul 22 2026 10:57:17 GMT-0500 (Central Daylight Time),444378.40000009537,A,pi,I,i,119,3,816.0,443562.40000009537,8087,WL,B,5.0
4,4.865000009536743,learn,55134.99999046326,Wed Jul 22 2026 10:57:17 GMT-0500 (Central Daylight Time),444561.7999997139,A,pip,I,p,170,3,999.3999996185303,443562.40000009537,8087,WL,B,5.0
4,5.047999858856201,learn,54952.0001411438,Wed Jul 22 2026 10:57:17 GMT-0500 (Central Daylight Time),444745.0,A,pipenter,I,enter,179,3,1182.5999999046326,443562.40000009537,8087,WL,B,5.0
4,5.180999994277954,learn,54819.000005722046,Wed Jul 22 2026 10:57:17 GMT-0500 (Central Daylight Time),444878.59999990463,A,e,I,e,115,3,133.30000019073486,444745.2999997139,8087,WL,B,6.0
4,6.146999835968018,learn,53853.00016403198,Wed Jul 22 2026 10:57:17 GMT-0500 (Central Daylight Time),445844.5,A,,I,backspace,949,3,1099.2000002861023,444745.2999997139,8087,WL,B,6.0
4,6.630999803543091,learn,53369.00019645691,Wed Jul 22 2026 10:57:17 GMT-0500 (Central Daylight Time),446327.69999980927,A,p,I,p,472,3,1582.4000000953674,444745.2999997139,8087,WL,B,6.0
4,6.763999938964844,learn,53236.000061035156,Wed Jul 22 2026 10:57:17 GMT-0500 (Central Daylight Time),446461.19999980927,A,pi,I,i,125,3,1715.9000000953674,444745.2999997139,8087,WL,B,6.0
4,7.013999938964844,learn,52986.000061035156,Wed Jul 22 2026 10:57:17 GMT-0500 (Central Daylight Time),446711.0,A,pip,I,p,239,3,1965.7000002861023,444745.2999997139,8087,WL,B,6.0
4,7.196999788284302,learn,52803.0002117157,Wed Jul 22 2026 10:57:17 GMT-0500 (Central Daylight Time),446894.40000009537,A,pipe,I,e,173,3,2149.1000003814697,444745.2999997139,8087,WL,B,6.0
4,7.346999883651733,learn,52653.00011634827,Wed Jul 22 2026 10:57:17 GMT-0500 (Central Daylight Time),447044.19999980927,A,pipeenter,I,enter,142,3,2298.9000000953674,444745.2999997139,8087,WL,B,6.0
4,7.696999788284302,learn,52303.0002117157,Wed Jul 22 2026 10:57:17 GMT-0500 (Central Daylight Time),447394.2999997139,A,p,I,p,336,3,349.7999997138977,447044.5,8087,WL,B,7.0
4,8.179999828338623,learn,51820.00017166138,Wed Jul 22 2026 10:57:17 GMT-0500 (Central Daylight Time),447877.5,A,pu,I,u,474,3,833.0,447044.5,8087,WL,B,7.0
4,8.46399998664856,learn,51536.00001335144,Wed Jul 22 2026 10:57:17 GMT-0500 (Central Daylight Time),448160.59999990463,A,pup,I,p,270,3,1116.0999999046326,447044.5,8087,WL,B,7.0
4,8.962999820709229,learn,51037.00017929077,Wed Jul 22 2026 10:57:17 GMT-0500 (Central Daylight Time),448660.40000009537,A,pupi,I,i,492,3,1615.9000000953674,447044.5,8087,WL,B,7.0
4,9.179999828338623,learn,50820.00017166138,Wed Jul 22 2026 10:57:17 GMT-0500 (Central Daylight Time),448876.7999997139,A,pupil,I,l,200,3,1832.2999997138977,447044.5,8087,WL,B,7.0
4,9.379999876022339,learn,50620.00012397766,Wed Jul 22 2026 10:57:17 GMT-0500 (Central Daylight Time),449077.09999990463,A,pupilenter,I,enter,192,3,2032.5999999046326,447044.5,8087,WL,B,7.0
4,9.712999820709229,learn,50287.00017929077,Wed Jul 22 2026 10:57:17 GMT-0500 (Central Daylight Time),449410.19999980927,A,c,I,c,326,3,332.7999997138977,449077.40000009537,8087,WL,B,8.0
4,9.845999956130981,learn,50154.00004386902,Wed Jul 22 2026 10:57:17 GMT-0500 (Central Daylight Time),449543.5,A,ci,I,i,113,3,466.09999990463257,449077.40000009537,8087,WL,B,8.0
4,9.995999813079834,learn,50004.000186920166,Wed Jul 22 2026 10:57:17 GMT-0500 (Central Daylight Time),449693.40000009537,A,cit,I,t,141,3,616.0,449077.40000009537,8087,WL,B,8.0
4,10.04699993133545,learn,49953.00006866455,Wed Jul 22 2026 10:57:17 GMT-0500 (Central Daylight Time),449744.0,A,city,I,y,46,3,666.5999999046326,449077.40000009537,8087,WL,B,8.0
4,10.263000011444092,learn,49736.99998855591,Wed Jul 22 2026 10:57:17 GMT-0500 (Central Daylight Time),449959.7999997139,A,cityenter,I,enter,195,3,882.3999996185303,449077.40000009537,8087,WL,B,8.0
4,11.428999900817871,learn,48571.00009918213,Wed Jul 22 2026 10:57:17 GMT-0500 (Central Daylight Time),451126.19999980927,A,w,I,w,1157,3,1166.0999999046326,449960.09999990463,8087,WL,B,9.0
4,11.52899980545044,learn,48471.00019454956,Wed Jul 22 2026 10:57:17 GMT-0500 (Central Daylight Time),451226.09999990463,A,wi,I,i,86,3,1266.0,449960.09999990463,8087,WL,B,9.0
4,11.69599986076355,learn,48304.00013923645,Wed Jul 22 2026 10:57:17 GMT-0500 (Central Daylight Time),451393.09999990463,A,wif,I,f,154,3,1433.0,449960.09999990463,8087,WL,B,9.0
4,11.796000003814697,learn,48203.9999961853,Wed Jul 22 2026 10:57:17 GMT-0500 (Central Daylight Time),451493.0,A,wife,I,e,84,3,1532.9000000953674,449960.09999990463,8087,WL,B,9.0
4,12.078999996185303,learn,47921.0000038147,Wed Jul 22 2026 10:57:17 GMT-0500 (Central Daylight Time),451776.09999990463,A,wifeenter,I,enter,271,3,1816.0,449960.09999990463,8087,WL,B,9.0
4,12.345999956130981,learn,47654.00004386902,Wed Jul 22 2026 10:57:17 GMT-0500 (Central Daylight Time),452042.69999980927,A,w,I,w,252,3,266.2999997138977,451776.40000009537,8087,WL,B,10.0
4,12.411999940872192,learn,47588.00005912781,Wed Jul 22 2026 10:57:17 GMT-0500 (Central Daylight Time),452109.19999980927,A,wi,I,i,58,3,332.7999997138977,451776.40000009537,8087,WL,B,10.0
4,12.478999853134155,learn,47521.000146865845,Wed Jul 22 2026 10:57:17 GMT-0500 (Central Daylight Time),452176.0,A,win,I,n,55,3,399.59999990463257,451776.40000009537,8087,WL,B,10.0
4,12.628999948501587,learn,47371.00005149841,Wed Jul 22 2026 10:57:17 GMT-0500 (Central Daylight Time),452325.69999980927,A,wind,I,d,140,3,549.2999997138977,451776.40000009537,8087,WL,B,10.0
4,12.861999988555908,learn,47138.00001144409,Wed Jul 22 2026 10:57:17 GMT-0500 (Central Daylight Time),452559.0,A,windo,I,o,222,3,782.5999999046326,451776.40000009537,8087,WL,B,10.0
4,13.095999956130981,learn,46904.00004386902,Wed Jul 22 2026 10:57:17 GMT-0500 (Central Daylight Time),452793.69999980927,A,window,I,w,213,3,1017.2999997138977,451776.40000009537,8087,WL,B,10.0
4,13.211999893188477,learn,46788.00010681152,Wed Jul 22 2026 10:57:17 GMT-0500 (Central Daylight Time),452909.19999980927,A,windowenter,I,enter,106,3,1132.7999997138977,451776.40000009537,8087,WL,B,10.0
4,13.327999830245972,learn,46672.00016975403,Wed Jul 22 2026 10:57:17 GMT-0500 (Central Daylight Time),453025.40000009537,A,s,I,s,111,3,115.90000009536743,452909.5,8087,WL,B,11.0
4,13.478999853134155,learn,46521.000146865845,Wed Jul 22 2026 10:57:17 GMT-0500 (Central Daylight Time),453176.09999990463,A,st,I,t,139,3,266.59999990463257,452909.5,8087,WL,B,11.0
4,13.628999948501587,learn,46371.00005149841,Wed Jul 22 2026 10:57:17 GMT-0500 (Central Daylight Time),453325.69999980927,A,str,I,r,140,3,416.19999980926514,452909.5,8087,WL,B,11.0
4,13.727999925613403,learn,46272.0000743866,Wed Jul 22 2026 10:57:17 GMT-0500 (Central Daylight Time),453425.40000009537,A,stre,I,e,95,3,515.9000000953674,452909.5,8087,WL,B,11.0
4,13.961999893188477,learn,46038.00010681152,Wed Jul 22 2026 10:57:17 GMT-0500 (Central Daylight Time),453658.90000009537,A,stret,I,t,219,3,749.4000000953674,452909.5,8087,WL,B,11.0
4,14.327999830245972,learn,45672.00016975403,Wed Jul 22 2026 10:57:17 GMT-0500 (Central Daylight Time),454025.40000009537,A,stre,I,backspace,362,3,1115.9000000953674,452909.5,8087,WL,B,11.0
4,14.42799997329712,learn,45572.00002670288,Wed Jul 22 2026 10:57:17 GMT-0500 (Central Daylight Time),454125.40000009537,A,stree,I,e,91,3,1215.9000000953674,452909.5,8087,WL,B,11.0
4,14.59499979019165,learn,45405.00020980835,Wed Jul 22 2026 10:57:17 GMT-0500 (Central Daylight Time),454292.19999980927,A,street,I,t,151,3,1382.6999998092651,452909.5,8087,WL,B,11.0
4,14.877999782562256,learn,45122.000217437744,Wed Jul 22 2026 10:57:17 GMT-0500 (Central Daylight Time),454575.0,A,streetenter,I,enter,272,3,1665.5,452909.5,8087,WL,B,11.0
4,16.227999925613403,learn,43772.0000743866,Wed Jul 22 2026 10:57:17 GMT-0500 (Central Daylight Time),455924.7999997139,A,l,I,l,1333,3,1349.3999996185303,454575.40000009537,8087,WL,B,12.0
4,16.311999797821045,learn,43688.000202178955,Wed Jul 22 2026 10:57:17 GMT-0500 (Central Daylight Time),456009.2999997139,A,la,I,a,62,3,1433.8999996185303,454575.40000009537,8087,WL,B,12.0
4,16.460999965667725,learn,43539.000034332275,Wed Jul 22 2026 10:57:17 GMT-0500 (Central Daylight Time),456158.09999990463,A,lak,I,k,131,3,1582.6999998092651,454575.40000009537,8087,WL,B,12.0
4,16.560999870300293,learn,43439.00012969971,Wed Jul 22 2026 10:57:17 GMT-0500 (Central Daylight Time),456257.69999980927,A,lake,I,e,95,3,1682.2999997138977,454575.40000009537,8087,WL,B,12.0
4,17.40999984741211,learn,42590.00015258789,Wed Jul 22 2026 10:57:17 GMT-0500 (Central Daylight Time),457107.2999997139,A,lak,I,backspace,842,3,2531.8999996185303,454575.40000009537,8087,WL,B,12.0
4,17.526999950408936,learn,42473.000049591064,Wed Jul 22 2026 10:57:17 GMT-0500 (Central Daylight Time),457224.19999980927,A,la,I,backspace,96,3,2648.7999997138977,454575.40000009537,8087,WL,B,12.0
4,17.72699999809265,learn,42273.00000190735,Wed Jul 22 2026 10:57:17 GMT-0500 (Central Daylight Time),457424.09999990463,A,l,I,backspace,188,3,2848.699999809265,454575.40000009537,8087,WL,B,12.0
4,17.926999807357788,learn,42073.00019264221,Wed Jul 22 2026 10:57:17 GMT-0500 (Central Daylight Time),457624.40000009537,A,,I,backspace,179,3,3049.0,454575.40000009537,8087,WL,B,12.0
4,19.127999782562256,learn,40872.000217437744,Wed Jul 22 2026 10:57:17 GMT-0500 (Central Daylight Time),458824.90000009537,A,g,I,g,1179,3,4249.5,454575.40000009537,8087,WL,B,12.0
4,19.26099991798401,learn,40739.00008201599,Wed Jul 22 2026 10:57:17 GMT-0500 (Central Daylight Time),458958.2999997139,A,gr,I,r,123,3,4382.89999961853,454575.40000009537,8087,WL,B,12.0
4,19.310999870300293,learn,40689.00012969971,Wed Jul 22 2026 10:57:17 GMT-0500 (Central Daylight Time),459007.59999990463,A,gra,I,a,38,3,4432.199999809265,454575.40000009537,8087,WL,B,12.0
4,19.626999855041504,learn,40373.000144958496,Wed Jul 22 2026 10:57:17 GMT-0500 (Central Daylight Time),459323.7999997139,A,gras,I,s,300,3,4748.39999961853,454575.40000009537,8087,WL,B,12.0
4,19.759999990463257,learn,40240.00000953674,Wed Jul 22 2026 10:57:17 GMT-0500 (Central Daylight Time),459456.90000009537,A,grass,I,s,129,3,4881.5,454575.40000009537,8087,WL,B,12.0
4,20.40999984741211,learn,39590.00015258789,Wed Jul 22 2026 10:57:17 GMT-0500 (Central Daylight Time),460107.0,A,grassenter,I,enter,643,3,5531.599999904633,454575.40000009537,8087,WL,B,12.0
4,20.759999990463257,learn,39240.00000953674,Wed Jul 22 2026 10:57:17 GMT-0500 (Central Daylight Time),460456.90000009537,A,a,I,a,328,3,349.7000002861023,460107.19999980927,8087,WL,B,13.0
4,20.875999927520752,learn,39124.00007247925,Wed Jul 22 2026 10:57:17 GMT-0500 (Central Daylight Time),460573.40000009537,A,ar,I,r,99,3,466.2000002861023,460107.19999980927,8087,WL,B,13.0
4,21.05999994277954,learn,38940.00005722046,Wed Jul 22 2026 10:57:17 GMT-0500 (Central Daylight Time),460756.59999990463,A,arm,I,m,175,3,649.4000000953674,460107.19999980927,8087,WL,B,13.0
4,21.242999792099,learn,38757.000207901,Wed Jul 22 2026 10:57:17 GMT-0500 (Central Daylight Time),460939.90000009537,A,armenter,I,enter,175,3,832.7000002861023,460107.19999980927,8087,WL,B,13.0
4,21.47599983215332,learn,38524.00016784668,Wed Jul 22 2026 10:57:17 GMT-0500 (Central Daylight Time),461173.40000009537,A,d,I,d,215,3,233.2000002861023,460940.19999980927,8087,WL,B,14.0
4,21.66100001335144,learn,38338.99998664856,Wed Jul 22 2026 10:57:17 GMT-0500 (Central Daylight Time),461358.59999990463,A,do,I,o,179,3,418.40000009536743,460940.19999980927,8087,WL,B,14.0
4,22.05900001525879,learn,37940.99998474121,Wed Jul 22 2026 10:57:17 GMT-0500 (Central Daylight Time),461756.09999990463,A,doo,I,o,380,3,815.9000000953674,460940.19999980927,8087,WL,B,14.0
4,22.22599983215332,learn,37774.00016784668,Wed Jul 22 2026 10:57:17 GMT-0500 (Central Daylight Time),461922.90000009537,A,door,I,r,159,3,982.7000002861023,460940.19999980927,8087,WL,B,14.0
4,22.55999994277954,learn,37440.00005722046,Wed Jul 22 2026 10:57:17 GMT-0500 (Central Daylight Time),462257.09999990463,A,doorenter,I,enter,313,3,1316.9000000953674,460940.19999980927,8087,WL,B,14.0
4,31.039999961853027,learn,28960.000038146973,Wed Jul 22 2026 10:57:17 GMT-0500 (Central Daylight Time),470736.69999980927,A,p,I,p,8458,3,8479.299999713898,462257.40000009537,8087,WL,B,15.0
4,31.205999851226807,learn,28794.000148773193,Wed Jul 22 2026 10:57:17 GMT-0500 (Central Daylight Time),470903.40000009537,A,pu,I,u,154,3,8646.0,462257.40000009537,8087,WL,B,15.0
4,31.35599994659424,learn,28644.00005340576,Wed Jul 22 2026 10:57:17 GMT-0500 (Central Daylight Time),471052.90000009537,A,pup,I,p,139,3,8795.5,462257.40000009537,8087,WL,B,15.0
4,31.58999991416931,learn,28410.00008583069,Wed Jul 22 2026 10:57:17 GMT-0500 (Central Daylight Time),471286.69999980927,A,pupi,I,i,224,3,9029.299999713898,462257.40000009537,8087,WL,B,15.0
4,31.957000017166138,learn,28042.999982833862,Wed Jul 22 2026 10:57:17 GMT-0500 (Central Daylight Time),471653.7999997139,A,pupil,I,l,357,3,9396.39999961853,462257.40000009537,8087,WL,B,15.0
4,32.139999866485596,learn,27860.000133514404,Wed Jul 22 2026 10:57:17 GMT-0500 (Central Daylight Time),471837.59999990463,A,pupilenter,I,enter,167,3,9580.199999809265,462257.40000009537,8087,WL,B,15.0
5,0.5329999923706055,learn,60000.0,Wed Jul 22 2026 10:57:17 GMT-0500 (Central Daylight Time),536799.6999998093,A,c,I,c,523,3,533.2999997138977,536266.4000000954,8087,WL,B,1.0
5,0.6659998893737793,learn,60000.0,Wed Jul 22 2026 10:57:17 GMT-0500 (Central Daylight Time),536932.9000000954,A,cl,I,l,116,3,666.5,536266.4000000954,8087,WL,B,1.0
5,0.8659999370574951,learn,60000.0,Wed Jul 22 2026 10:57:17 GMT-0500 (Central Daylight Time),537132.6999998093,A,clo,I,o,183,3,866.2999997138977,536266.4000000954,8087,WL,B,1.0
5,1.0829999446868896,learn,60000.0,Wed Jul 22 2026 10:57:17 GMT-0500 (Central Daylight Time),537349.1999998093,A,cloc,I,c,208,3,1082.7999997138977,536266.4000000954,8087,WL,B,1.0
5,1.2159998416900635,learn,60000.0,Wed Jul 22 2026 10:57:17 GMT-0500 (Central Daylight Time),537482.6999998093,A,clock,I,k,119,3,1216.2999997138977,536266.4000000954,8087,WL,B,1.0
5,1.7329998016357422,learn,60000.0,Wed Jul 22 2026 10:57:17 GMT-0500 (Central Daylight Time),537999.4000000954,A,clockenter,I,enter,497,3,1733.0,536266.4000000954,8087,WL,B,1.0
5,2.065999984741211,learn,60000.0,Wed Jul 22 2026 10:57:17 GMT-0500 (Central Daylight Time),538332.1999998093,A,s,I,s,325,3,332.59999990463257,537999.5999999046,8087,WL,B,2.0
5,2.1989998817443848,learn,60000.0,Wed Jul 22 2026 10:57:17 GMT-0500 (Central Daylight Time),538465.5999999046,A,sk,I,k,127,3,466.0,537999.5999999046,8087,WL,B,2.0
5,2.3989999294281006,learn,60000.0,Wed Jul 22 2026 10:57:17 GMT-0500 (Central Daylight Time),538665.2999997139,A,ski,I,i,194,3,665.6999998092651,537999.5999999046,8087,WL,B,2.0
5,2.4659998416900635,learn,60000.0,Wed Jul 22 2026 10:57:17 GMT-0500 (Central Daylight Time),538732.2999997139,A,skin,I,n,51,3,732.6999998092651,537999.5999999046,8087,WL,B,2.0
5,2.6989998817443848,learn,60000.0,Wed Jul 22 2026 10:57:17 GMT-0500 (Central Daylight Time),538965.6999998093,A,skinenter,I,enter,216,3,966.0999999046326,537999.5999999046,8087,WL,B,2.0
5,2.9169998168945312,learn,60000.0,Wed Jul 22 2026 10:57:17 GMT-0500 (Central Daylight Time),539183.1999998093,A,f,I,f,199,3,217.2999997138977,538965.9000000954,8087,WL,B,3.0
5,3.0319998264312744,learn,60000.0,Wed Jul 22 2026 10:57:17 GMT-0500 (Central Daylight Time),539298.6999998093,A,fi,I,i,101,3,332.7999997138977,538965.9000000954,8087,WL,B,3.0
5,3.248999834060669,learn,60000.0,Wed Jul 22 2026 10:57:17 GMT-0500 (Central Daylight Time),539515.2999997139,A,fir,I,r,201,3,549.3999996185303,538965.9000000954,8087,WL,B,3.0
5,3.315999984741211,learn,60000.0,Wed Jul 22 2026 10:57:17 GMT-0500 (Central Daylight Time),539582.0,A,fire,I,e,49,3,616.0999999046326,538965.9000000954,8087,WL,B,3.0
5,3.4819998741149902,learn,60000.0,Wed Jul 22 2026 10:57:17 GMT-0500 (Central Daylight Time),539748.5999999046,A,fireenter,I,enter,150,3,782.6999998092651,538965.9000000954,8087,WL,B,3.0
5,3.6989998817443848,learn,60000.0,Wed Jul 22 2026 10:57:17 GMT-0500 (Central Daylight Time),539965.2999997139,A,c,I,c,208,3,216.39999961853027,539748.9000000954,8087,WL,B,4.0
5,4.081999778747559,learn,60000.0,Wed Jul 22 2026 10:57:17 GMT-0500 (Central Daylight Time),540348.5,A,ca,I,a,367,3,599.5999999046326,539748.9000000954,8087,WL,B,4.0
5,4.23199987411499,learn,60000.0,Wed Jul 22 2026 10:57:17 GMT-0500 (Central Daylight Time),540498.2999997139,A,cab,I,b,136,3,749.3999996185303,539748.9000000954,8087,WL,B,4.0
5,4.3999998569488525,learn,60000.0,Wed Jul 22 2026 10:57:17 GMT-0500 (Central Daylight Time),540666.0999999046,A,cabi,I,i,153,3,917.1999998092651,539748.9000000954,8087,WL,B,4.0
5,4.4649999141693115,learn,60000.0,Wed Jul 22 2026 10:57:17 GMT-0500 (Central Daylight Time),540731.5,A,cabin,I,n,57,3,982.5999999046326,539748.9000000954,8087,WL,B,4.0
5,4.648999929428101,learn,60000.0,Wed Jul 22 2026 10:57:17 GMT-0500 (Central Daylight Time),540915.0,A,cabinenter,I,enter,177,3,1166.0999999046326,539748.9000000954,8087,WL,B,4.0
5,4.881999969482422,learn,60000.0,Wed Jul 22 2026 10:57:17 GMT-0500 (Central Daylight Time),541148.2999997139,A,l,I,l,218,3,233.09999990463257,540915.1999998093,8087,WL,B,5.0
5,4.98199987411499,learn,60000.0,Wed Jul 22 2026 10:57:17 GMT-0500 (Central Daylight Time),541248.0,A,la,I,a,79,3,332.80000019073486,540915.1999998093,8087,WL,B,5.0
5,5.131999969482422,learn,60000.0,Wed Jul 22 2026 10:57:17 GMT-0500 (Central Daylight Time),541398.1999998093,A,lak,I,k,139,3,483.0,540915.1999998093,8087,WL,B,5.0
5,5.2149999141693115,learn,60000.0,Wed Jul 22 2026 10:57:17 GMT-0500 (Central Daylight Time),541481.0,A,lake,I,e,77,3,565.8000001907349,540915.1999998093,8087,WL,B,5.0
5,5.447999954223633,learn,60000.0,Wed Jul 22 2026 10:57:17 GMT-0500 (Central Daylight Time),541714.5999999046,A,lakeenter,I,enter,228,3,799.4000000953674,540915.1999998093,8087,WL,B,5.0
5,5.96399998664856,learn,60000.0,Wed Jul 22 2026 10:57:17 GMT-0500 (Central Daylight Time),542230.7999997139,A,w,I,w,497,3,516.0,541714.7999997139,8087,WL,B,6.0
5,6.047999858856201,learn,60000.0,Wed Jul 22 2026 10:57:17 GMT-0500 (Central Daylight Time),542314.4000000954,A,wi,I,i,70,3,599.6000003814697,541714.7999997139,8087,WL,B,6.0
5,6.21399998664856,learn,60000.0,Wed Jul 22 2026 10:57:17 GMT-0500 (Central Daylight Time),542480.6999998093,A,wif,I,f,154,3,765.9000000953674,541714.7999997139,8087,WL,B,6.0
5,6.297999858856201,learn,60000.0,Wed Jul 22 2026 10:57:17 GMT-0500 (Central Daylight Time),542564.4000000954,A,wife,I,e,75,3,849.6000003814697,541714.7999997139,8087,WL,B,6.0
5,6.514999866485596,learn,60000.0,Wed Jul 22 2026 10:57:17 GMT-0500 (Central Daylight Time),542781.1999998093,A,wifeenter,I,enter,200,3,1066.4000000953674,541714.7999997139,8087,WL,B,6.0
5,6.763999938964844,learn,60000.0,Wed Jul 22 2026 10:57:17 GMT-0500 (Central Daylight Time),543030.7999997139,A,w,I,w,230,3,249.19999980926514,542781.5999999046,8087,WL,B,7.0
5,6.830999851226807,learn,60000.0,Wed Jul 22 2026 10:57:17 GMT-0500 (Central Daylight Time),543097.0999999046,A,wi,I,i,54,3,315.5,542781.5999999046,8087,WL,B,7.0
5,6.880999803543091,learn,60000.0,Wed Jul 22 2026 10:57:17 GMT-0500 (Central Daylight Time),543147.2999997139,A,win,I,n,43,3,365.69999980926514,542781.5999999046,8087,WL,B,7.0
5,7.047999858856201,learn,60000.0,Wed Jul 22 2026 10:57:17 GMT-0500 (Central Daylight Time),543314.0,A,wind,I,d,152,3,532.4000000953674,542781.5999999046,8087,WL,B,7.0
5,7.21399998664856,learn,60000.0,Wed Jul 22 2026 10:57:17 GMT-0500 (Central Daylight Time),543480.5999999046,A,windo,I,o,162,3,699.0,542781.5999999046,8087,WL,B,7.0
5,7.46399998664856,learn,60000.0,Wed Jul 22 2026 10:57:17 GMT-0500 (Central Daylight Time),543730.5999999046,A,window,I,w,235,3,949.0,542781.5999999046,8087,WL,B,7.0
5,7.646999835968018,learn,60000.0,Wed Jul 22 2026 10:57:17 GMT-0500 (Central Daylight Time),543913.9000000954,A,windowenter,I,enter,170,3,1132.3000001907349,542781.5999999046,8087,WL,B,7.0
5,7.863999843597412,learn,60000.0,Wed Jul 22 2026 10:57:17 GMT-0500 (Central Daylight Time),544130.4000000954,A,s,I,s,210,3,216.2000002861023,543914.1999998093,8087,WL,B,8.0
5,8.080999851226807,learn,60000.0,Wed Jul 22 2026 10:57:17 GMT-0500 (Central Daylight Time),544347.0999999046,A,st,I,t,202,3,432.90000009536743,543914.1999998093,8087,WL,B,8.0
5,8.21399998664856,learn,60000.0,Wed Jul 22 2026 10:57:17 GMT-0500 (Central Daylight Time),544480.2999997139,A,str,I,r,112,3,566.0999999046326,543914.1999998093,8087,WL,B,8.0
5,8.46399998664856,learn,60000.0,Wed Jul 22 2026 10:57:17 GMT-0500 (Central Daylight Time),544730.5,A,stre,I,e,244,3,816.3000001907349,543914.1999998093,8087,WL,B,8.0
5,8.663999795913696,learn,60000.0,Wed Jul 22 2026 10:57:17 GMT-0500 (Central Daylight Time),544930.0,A,stree,I,e,194,3,1015.8000001907349,543914.1999998093,8087,WL,B,8.0
5,8.813999891281128,learn,60000.0,Wed Jul 22 2026 10:57:17 GMT-0500 (Central Daylight Time),545080.0,A,street,I,t,129,3,1165.8000001907349,543914.1999998093,8087,WL,B,8.0
5,8.996999979019165,learn,60000.0,Wed Jul 22 2026 10:57:17 GMT-0500 (Central Daylight Time),545263.5999999046,A,streetenter,I,enter,173,3,1349.4000000953674,543914.1999998093,8087,WL,B,8.0
5,9.246999979019165,learn,60000.0,Wed Jul 22 2026 10:57:17 GMT-0500 (Central Daylight Time),545513.5999999046,A,a,I,a,229,3,249.59999990463257,545264.0,8087,WL,B,9.0
5,9.346999883651733,learn,60000.0,Wed Jul 22 2026 10:57:17 GMT-0500 (Central Daylight Time),545613.2999997139,A,ar,I,r,90,3,349.2999997138977,545264.0,8087,WL,B,9.0
5,9.54699993133545,learn,60000.0,Wed Jul 22 2026 10:57:17 GMT-0500 (Central Daylight Time),545813.5,A,arm,I,m,191,3,549.5,545264.0,8087,WL,B,9.0
5,9.730999946594238,learn,60000.0,Wed Jul 22 2026 10:57:17 GMT-0500 (Central Daylight Time),545997.0999999046,A,armenter,I,enter,175,3,733.0999999046326,545264.0,8087,WL,B,9.0
5,10.146999835968018,learn,60000.0,Wed Jul 22 2026 10:57:17 GMT-0500 (Central Daylight Time),546413.0999999046,A,d,I,d,399,3,415.69999980926514,545997.4000000954,8087,WL,B,10.0
5,10.29699993133545,learn,60000.0,Wed Jul 22 2026 10:57:17 GMT-0500 (Central Daylight Time),546563.1999998093,A,do,I,o,135,3,565.7999997138977,545997.4000000954,8087,WL,B,10.0
5,10.429999828338623,learn,60000.0,Wed Jul 22 2026 10:57:17 GMT-0500 (Central Daylight Time),546696.2999997139,A,doo,I,o,112,3,698.8999996185303,545997.4000000954,8087,WL,B,10.0
5,10.562999963760376,learn,60000.0,Wed Jul 22 2026 10:57:17 GMT-0500 (Central Daylight Time),546829.6999998093,A,door,I,r,116,3,832.2999997138977,545997.4000000954,8087,WL,B,10.0
5,10.845999956130981,learn,60000.0,Wed Jul 22 2026 10:57:17 GMT-0500 (Central Daylight Time),547113.0,A,doorenter,I,enter,271,3,1115.5999999046326,545997.4000000954,8087,WL,B,10.0
5,12.495999813079834,learn,60000.0,Wed Jul 22 2026 10:57:17 GMT-0500 (Central Daylight Time),548762.0999999046,A,g,I,g,1636,3,1648.9000000953674,547113.1999998093,8087,WL,B,11.0
5,12.662999868392944,learn,60000.0,Wed Jul 22 2026 10:57:17 GMT-0500 (Central Daylight Time),548929.0999999046,A,gr,I,r,155,3,1815.9000000953674,547113.1999998093,8087,WL,B,11.0
5,12.728999853134155,learn,60000.0,Wed Jul 22 2026 10:57:17 GMT-0500 (Central Daylight Time),548995.5999999046,A,gra,I,a,51,3,1882.4000000953674,547113.1999998093,8087,WL,B,11.0
5,12.978999853134155,learn,60000.0,Wed Jul 22 2026 10:57:17 GMT-0500 (Central Daylight Time),549245.5,A,gras,I,s,241,3,2132.300000190735,547113.1999998093,8087,WL,B,11.0
5,13.128999948501587,learn,60000.0,Wed Jul 22 2026 10:57:17 GMT-0500 (Central Daylight Time),549395.5,A,grass,I,s,134,3,2282.300000190735,547113.1999998093,8087,WL,B,11.0
5,13.479999780654907,learn,60000.0,Wed Jul 22 2026 10:57:17 GMT-0500 (Central Daylight Time),549746.0999999046,A,grassenter,I,enter,344,3,2632.9000000953674,547113.1999998093,8087,WL,B,11.0
5,14.644999980926514,learn,60000.0,Wed Jul 22 2026 10:57:17 GMT-0500 (Central Daylight Time),550911.5999999046,A,p,I,p,1146,3,1165.3000001907349,549746.2999997139,8087,WL,B,12.0
5,14.727999925613403,learn,60000.0,Wed Jul 22 2026 10:57:17 GMT-0500 (Central Daylight Time),550994.7999997139,A,pu,I,u,77,3,1248.5,549746.2999997139,8087,WL,B,12.0
5,14.92799997329712,learn,60000.0,Wed Jul 22 2026 10:57:17 GMT-0500 (Central Daylight Time),551194.9000000954,A,pui,I,i,185,3,1448.6000003814697,549746.2999997139,8087,WL,B,12.0
5,15.527999877929688,learn,60000.0,Wed Jul 22 2026 10:57:17 GMT-0500 (Central Daylight Time),551794.7999997139,A,pu,I,backspace,586,3,2048.5,549746.2999997139,8087,WL,B,12.0
5,15.794999837875366,learn,60000.0,Wed Jul 22 2026 10:57:17 GMT-0500 (Central Daylight Time),552061.4000000954,A,pup,I,p,249,3,2315.1000003814697,549746.2999997139,8087,WL,B,12.0
5,16.394999980926514,learn,60000.0,Wed Jul 22 2026 10:57:17 GMT-0500 (Central Daylight Time),552661.0999999046,A,pupi,I,i,591,3,2914.800000190735,549746.2999997139,8087,WL,B,12.0
5,16.57799983024597,learn,60000.0,Wed Jul 22 2026 10:57:17 GMT-0500 (Central Daylight Time),552844.5,A,pupil,I,l,175,3,3098.2000002861023,549746.2999997139,8087,WL,B,12.0
5,17.110999822616577,learn,60000.0,Wed Jul 22 2026 10:57:17 GMT-0500 (Central Daylight Time),553377.2999997139,A,pupilenter,I,enter,527,3,3631.0,549746.2999997139,8087,WL,B,12.0
5,20.07699990272522,learn,60000.0,Wed Jul 22 2026 10:57:17 GMT-0500 (Central Daylight Time),556343.4000000954,A,s,I,s,2955,3,2965.800000190735,553377.5999999046,8087,WL,B,13.0
5,20.192999839782715,learn,60000.0,Wed Jul 22 2026 10:57:17 GMT-0500 (Central Daylight Time),556459.6999998093,A,st,I,t,109,3,3082.0999999046326,553377.5999999046,8087,WL,B,13.0
5,20.30999994277954,learn,60000.0,Wed Jul 22 2026 10:57:17 GMT-0500 (Central Daylight Time),556576.4000000954,A,sta,I,a,111,3,3198.800000190735,553377.5999999046,8087,WL,B,13.0
5,20.442999839782715,learn,60000.0,Wed Jul 22 2026 10:57:17 GMT-0500 (Central Daylight Time),556709.9000000954,A,star,I,r,124,3,3332.300000190735,553377.5999999046,8087,WL,B,13.0
5,20.776999950408936,learn,60000.0,Wed Jul 22 2026 10:57:17 GMT-0500 (Central Daylight Time),557043.1999998093,A,starenter,I,enter,327,3,3665.5999999046326,553377.5999999046,8087,WL,B,13.0
5,20.926999807357788,learn,60000.0,Wed Jul 22 2026 10:57:17 GMT-0500 (Central Daylight Time),557193.0999999046,A,c,I,c,136,3,149.69999980926514,557043.4000000954,8087,WL,B,14.0
5,21.042999982833862,learn,60000.0,Wed Jul 22 2026 10:57:17 GMT-0500 (Central Daylight Time),557309.5999999046,A,ci,I,i,107,3,266.19999980926514,557043.4000000954,8087,WL,B,14.0
5,21.176999807357788,learn,60000.0,Wed Jul 22 2026 10:57:17 GMT-0500 (Central Daylight Time),557443.0,A,cit,I,t,119,3,399.59999990463257,557043.4000000954,8087,WL,B,14.0
5,21.276999950408936,learn,60000.0,Wed Jul 22 2026 10:57:17 GMT-0500 (Central Daylight Time),557543.2999997139,A,city,I,y,89,3,499.8999996185303,557043.4000000954,8087,WL,B,14.0
5,21.609999895095825,learn,60000.0,Wed Jul 22 2026 10:57:17 GMT-0500 (Central Daylight Time),557876.0999999046,A,cityenter,I,enter,324,3,832.6999998092651,557043.4000000954,8087,WL,B,14.0
5,32.32299995422363,learn,60000.0,Wed Jul 22 2026 10:57:17 GMT-0500 (Central Daylight Time),568589.9000000954,A,w,I,w,10695,3,10713.400000095367,557876.5,8087,WL,B,15.0
5,32.40599989891052,learn,60000.0,Wed Jul 22 2026 10:57:17 GMT-0500 (Central Daylight Time),568672.7999997139,A,wi,I,i,70,3,10796.299999713898,557876.5,8087,WL,B,15.0
5,32.50599980354309,learn,60000.0,Wed Jul 22 2026 10:57:17 GMT-0500 (Central Daylight Time),568772.6999998093,A,win,I,n,83,3,10896.199999809265,557876.5,8087,WL,B,15.0
5,32.638999938964844,learn,60000.0,Wed Jul 22 2026 10:57:17 GMT-0500 (Central Daylight Time),568905.9000000954,A,wind,I,d,127,3,11029.400000095367,557876.5,8087,WL,B,15.0
5,32.805999994277954,learn,60000.0,Wed Jul 22 2026 10:57:17 GMT-0500 (Central Daylight Time),569072.6999998093,A,windo,I,o,154,3,11196.199999809265,557876.5,8087,WL,B,15.0
5,32.95599985122681,learn,60000.0,Wed Jul 22 2026 10:57:17 GMT-0500 (Central Daylight Time),569222.5999999046,A,window,I,w,139,3,11346.099999904633,557876.5,8087,WL,B,15.0
5,33.20699977874756,learn,60000.0,Wed Jul 22 2026 10:57:17 GMT-0500 (Central Daylight Time),569473.5999999046,A,windowenter,I,enter,230,3,11597.099999904633,557876.5,8087,WL,B,15.0
6,0.48200011253356934,distr,59517.99988746643,Wed Jul 22 2026 10:57:17 GMT-0500 (Central Daylight Time),635518.4000000954,B,b,I,b,473,3,481.80000019073486,635036.5999999046,8087,WL,B,1.0
6,0.5490000247955322,distr,59450.99997520447,Wed Jul 22 2026 10:57:17 GMT-0500 (Central Daylight Time),635585.4000000954,B,ba,I,a,54,3,548.8000001907349,635036.5999999046,8087,WL,B,1.0
6,0.7820000648498535,distr,59217.99993515015,Wed Jul 22 2026 10:57:17 GMT-0500 (Central Daylight Time),635818.1999998093,B,bab,I,b,227,3,781.5999999046326,635036.5999999046,8087,WL,B,1.0
6,0.9650001525878906,distr,59034.99984741211,Wed Jul 22 2026 10:57:17 GMT-0500 (Central Daylight Time),636001.2999997139,B,baby,I,y,178,3,964.6999998092651,635036.5999999046,8087,WL,B,1.0
6,1.1649999618530273,distr,58835.00003814697,Wed Jul 22 2026 10:57:17 GMT-0500 (Central Daylight Time),636201.5999999046,B,babyenter,I,enter,194,3,1165.0,635036.5999999046,8087,WL,B,1.0
6,1.4490001201629639,distr,58550.999879837036,Wed Jul 22 2026 10:57:17 GMT-0500 (Central Daylight Time),636485.0,B,o,I,o,275,3,283.0,636202.0,8087,WL,B,2.0
6,1.5989999771118164,distr,58401.00002288818,Wed Jul 22 2026 10:57:17 GMT-0500 (Central Daylight Time),636634.9000000954,B,oc,I,c,136,3,432.90000009536743,636202.0,8087,WL,B,2.0
6,1.7150001525878906,distr,58284.99984741211,Wed Jul 22 2026 10:57:17 GMT-0500 (Central Daylight Time),636751.5,B,oce,I,e,105,3,549.5,636202.0,8087,WL,B,2.0
6,1.9820001125335693,distr,58017.99988746643,Wed Jul 22 2026 10:57:17 GMT-0500 (Central Daylight Time),637018.0,B,ocea,I,a,253,3,816.0,636202.0,8087,WL,B,2.0
6,2.115000009536743,distr,57884.99999046326,Wed Jul 22 2026 10:57:17 GMT-0500 (Central Daylight Time),637151.2999997139,B,ocean,I,n,122,3,949.2999997138977,636202.0,8087,WL,B,2.0
6,2.315000057220459,distr,57684.99994277954,Wed Jul 22 2026 10:57:17 GMT-0500 (Central Daylight Time),637351.1999998093,B,oceanenter,I,enter,180,3,1149.1999998092651,636202.0,8087,WL,B,2.0
6,2.448000192642212,distr,57551.99980735779,Wed Jul 22 2026 10:57:17 GMT-0500 (Central Daylight Time),637484.5,B,f,I,f,125,3,133.09999990463257,637351.4000000954,8087,WL,B,3.0
6,2.615000009536743,distr,57384.99999046326,Wed Jul 22 2026 10:57:17 GMT-0500 (Central Daylight Time),637651.0,B,fr,I,r,151,3,299.59999990463257,637351.4000000954,8087,WL,B,3.0
6,2.680999994277954,distr,57319.000005722046,Wed Jul 22 2026 10:57:17 GMT-0500 (Central Daylight Time),637717.7999997139,B,fre,I,e,57,3,366.3999996185303,637351.4000000954,8087,WL,B,3.0
6,2.765000104904175,distr,57234.999895095825,Wed Jul 22 2026 10:57:17 GMT-0500 (Central Daylight Time),637801.1999998093,B,frei,I,i,71,3,449.7999997138977,637351.4000000954,8087,WL,B,3.0
6,3.2150001525878906,distr,56784.99984741211,Wed Jul 22 2026 10:57:17 GMT-0500 (Central Daylight Time),638251.0999999046,B,fre,I,backspace,434,3,899.6999998092651,637351.4000000954,8087,WL,B,3.0
6,3.3480000495910645,distr,56651.999950408936,Wed Jul 22 2026 10:57:17 GMT-0500 (Central Daylight Time),638384.2999997139,B,fr,I,backspace,112,3,1032.8999996185303,637351.4000000954,8087,WL,B,3.0
6,3.5980000495910645,distr,56401.999950408936,Wed Jul 22 2026 10:57:17 GMT-0500 (Central Daylight Time),638634.0,B,fri,I,i,236,3,1282.5999999046326,637351.4000000954,8087,WL,B,3.0
6,3.7150001525878906,distr,56284.99984741211,Wed Jul 22 2026 10:57:17 GMT-0500 (Central Daylight Time),638750.7999997139,B,frie,I,e,106,3,1399.3999996185303,637351.4000000954,8087,WL,B,3.0
6,3.8480000495910645,distr,56151.999950408936,Wed Jul 22 2026 10:57:17 GMT-0500 (Central Daylight Time),638884.2999997139,B,frien,I,n,117,3,1532.8999996185303,637351.4000000954,8087,WL,B,3.0
6,3.996999979019165,distr,56003.000020980835,Wed Jul 22 2026 10:57:17 GMT-0500 (Central Daylight Time),639033.9000000954,B,friend,I,d,136,3,1682.5,637351.4000000954,8087,WL,B,3.0
6,4.448000192642212,distr,55551.99980735779,Wed Jul 22 2026 10:57:17 GMT-0500 (Central Daylight Time),639484.1999998093,B,friendenter,I,enter,443,3,2132.7999997138977,637351.4000000954,8087,WL,B,3.0
6,4.664000034332275,distr,55335.999965667725,Wed Jul 22 2026 10:57:17 GMT-0500 (Central Daylight Time),639700.4000000954,B,s,I,s,208,3,215.90000009536743,639484.5,8087,WL,B,4.0
6,4.746999979019165,distr,55253.000020980835,Wed Jul 22 2026 10:57:17 GMT-0500 (Central Daylight Time),639783.5999999046,B,st,I,t,63,3,299.09999990463257,639484.5,8087,WL,B,4.0
6,4.8480000495910645,distr,55151.999950408936,Wed Jul 22 2026 10:57:17 GMT-0500 (Central Daylight Time),639883.9000000954,B,ste,I,e,85,3,399.40000009536743,639484.5,8087,WL,B,4.0
6,4.981000185012817,distr,55018.99981498718,Wed Jul 22 2026 10:57:17 GMT-0500 (Central Daylight Time),640017.0999999046,B,stea,I,a,129,3,532.5999999046326,639484.5,8087,WL,B,4.0
6,5.197000026702881,distr,54802.99997329712,Wed Jul 22 2026 10:57:17 GMT-0500 (Central Daylight Time),640233.5,B,steam,I,m,212,3,749.0,639484.5,8087,WL,B,4.0
6,5.447000026702881,distr,54552.99997329712,Wed Jul 22 2026 10:57:17 GMT-0500 (Central Daylight Time),640483.7999997139,B,steamenter,I,enter,234,3,999.2999997138977,639484.5,8087,WL,B,4.0
6,5.71399998664856,distr,54286.00001335144,Wed Jul 22 2026 10:57:17 GMT-0500 (Central Daylight Time),640750.1999998093,B,b,I,b,257,3,266.09999990463257,640484.0999999046,8087,WL,B,5.0
6,5.8470001220703125,distr,54152.99987792969,Wed Jul 22 2026 10:57:17 GMT-0500 (Central Daylight Time),640883.4000000954,B,bu,I,u,126,3,399.30000019073486,640484.0999999046,8087,WL,B,5.0
6,6.031000137329102,distr,53968.9998626709,Wed Jul 22 2026 10:57:17 GMT-0500 (Central Daylight Time),641066.9000000954,B,bul,I,l,169,3,582.8000001907349,640484.0999999046,8087,WL,B,5.0
6,6.730000019073486,distr,53269.999980926514,Wed Jul 22 2026 10:57:17 GMT-0500 (Central Daylight Time),641766.5,B,buli,I,i,690,3,1282.4000000953674,640484.0999999046,8087,WL,B,5.0
6,7.080000162124634,distr,52919.999837875366,Wed Jul 22 2026 10:57:17 GMT-0500 (Central Daylight Time),642116.2999997139,B,bul,I,backspace,341,3,1632.1999998092651,640484.0999999046,8087,WL,B,5.0
6,7.230000019073486,distr,52769.999980926514,Wed Jul 22 2026 10:57:17 GMT-0500 (Central Daylight Time),642266.1999998093,B,bu,I,backspace,144,3,1782.0999999046326,640484.0999999046,8087,WL,B,5.0
6,7.463000059127808,distr,52536.99994087219,Wed Jul 22 2026 10:57:17 GMT-0500 (Central Daylight Time),642499.5,B,bui,I,i,218,3,2015.4000000953674,640484.0999999046,8087,WL,B,5.0
6,7.5960001945495605,distr,52403.99980545044,Wed Jul 22 2026 10:57:17 GMT-0500 (Central Daylight Time),642632.5999999046,B,buil,I,l,112,3,2148.5,640484.0999999046,8087,WL,B,5.0
6,7.730000019073486,distr,52269.999980926514,Wed Jul 22 2026 10:57:17 GMT-0500 (Central Daylight Time),642766.0,B,build,I,d,115,3,2281.9000000953674,640484.0999999046,8087,WL,B,5.0
6,7.830000162124634,distr,52169.999837875366,Wed Jul 22 2026 10:57:17 GMT-0500 (Central Daylight Time),642866.0999999046,B,buildi,I,i,95,3,2382.0,640484.0999999046,8087,WL,B,5.0
6,7.913000106811523,distr,52086.99989318848,Wed Jul 22 2026 10:57:17 GMT-0500 (Central Daylight Time),642949.5999999046,B,buildin,I,n,65,3,2465.5,640484.0999999046,8087,WL,B,5.0
6,7.996000051498413,distr,52003.99994850159,Wed Jul 22 2026 10:57:17 GMT-0500 (Central Daylight Time),643032.6999998093,B,building,I,g,78,3,2548.5999999046326,640484.0999999046,8087,WL,B,5.0
6,8.59600019454956,distr,51403.99980545044,Wed Jul 22 2026 10:57:17 GMT-0500 (Central Daylight Time),643632.5,B,buildingenter,I,enter,588,3,3148.4000000953674,640484.0999999046,8087,WL,B,5.0
6,10.34600019454956,distr,49653.99980545044,Wed Jul 22 2026 10:57:17 GMT-0500 (Central Daylight Time),645382.0,B,p,I,p,1738,3,1749.3000001907349,643632.6999998093,8087,WL,B,6.0
6,10.414000034332275,distr,49585.999965667725,Wed Jul 22 2026 10:57:17 GMT-0500 (Central Daylight Time),645449.9000000954,B,pa,I,a,46,3,1817.2000002861023,643632.6999998093,8087,WL,B,6.0
6,10.578999996185303,distr,49421.0000038147,Wed Jul 22 2026 10:57:17 GMT-0500 (Central Daylight Time),645615.4000000954,B,pap,I,p,154,3,1982.7000002861023,643632.6999998093,8087,WL,B,6.0
6,10.662000179290771,distr,49337.99982070923,Wed Jul 22 2026 10:57:17 GMT-0500 (Central Daylight Time),645698.5999999046,B,papg,I,g,77,3,2065.9000000953674,643632.6999998093,8087,WL,B,6.0
6,10.812000036239624,distr,49187.999963760376,Wed Jul 22 2026 10:57:17 GMT-0500 (Central Daylight Time),645848.5999999046,B,papge,I,e,130,3,2215.9000000953674,643632.6999998093,8087,WL,B,6.0
6,11.111999988555908,distr,48888.00001144409,Wed Jul 22 2026 10:57:17 GMT-0500 (Central Daylight Time),646148.4000000954,B,papg,I,backspace,283,3,2515.7000002861023,643632.6999998093,8087,WL,B,6.0
6,11.212000131607056,distr,48787.999868392944,Wed Jul 22 2026 10:57:17 GMT-0500 (Central Daylight Time),646248.5,B,pap,I,backspace,88,3,2615.800000190735,643632.6999998093,8087,WL,B,6.0
6,11.328999996185303,distr,48671.0000038147,Wed Jul 22 2026 10:57:17 GMT-0500 (Central Daylight Time),646364.9000000954,B,pa,I,backspace,100,3,2732.2000002861023,643632.6999998093,8087,WL,B,6.0
6,11.361999988555908,distr,48638.00001144409,Wed Jul 22 2026 10:57:17 GMT-0500 (Central Daylight Time),646398.1999998093,B,pag,I,g,15,3,2765.5,643632.6999998093,8087,WL,B,6.0
6,11.479000091552734,distr,48520.999908447266,Wed Jul 22 2026 10:57:17 GMT-0500 (Central Daylight Time),646515.0,B,page,I,e,102,3,2882.300000190735,643632.6999998093,8087,WL,B,6.0
6,11.644999980926514,distr,48355.000019073486,Wed Jul 22 2026 10:57:17 GMT-0500 (Central Daylight Time),646681.7999997139,B,pageenter,I,enter,154,3,3049.0999999046326,643632.6999998093,8087,WL,B,6.0
6,23.789999961853027,distr,36210.00003814697,Wed Jul 22 2026 10:57:17 GMT-0500 (Central Daylight Time),658827.6999998093,B,enter,I,enter,12139,3,12145.599999904633,646682.0999999046,8087,WL,B,7.0
6,24.074000120162964,distr,35925.999879837036,Wed Jul 22 2026 10:57:17 GMT-0500 (Central Daylight Time),659111.0999999046,B,enter,I,enter,263,3,283.0,658828.0999999046,8087,WL,B,8.0
6,24.256999969482422,distr,35743.00003051758,Wed Jul 22 2026 10:57:17 GMT-0500 (Central Daylight Time),659294.4000000954,B,enter,I,enter,174,3,182.90000009536743,659111.5,8087,WL,B,9.0
6,24.390000104904175,distr,35609.999895095825,Wed Jul 22 2026 10:57:17 GMT-0500 (Central Daylight Time),659427.5999999046,B,enter,I,enter,126,3,133.0,659294.5999999046,8087,WL,B,10.0
6,24.539999961853027,distr,35460.00003814697,Wed Jul 22 2026 10:57:17 GMT-0500 (Central Daylight Time),659577.1999998093,B,enter,I,enter,144,3,149.19999980926514,659428.0,8087,WL,B,11.0
6,24.69000005722046,distr,35309.99994277954,Wed Jul 22 2026 10:57:17 GMT-0500 (Central Daylight Time),659727.5,B,enter,I,enter,139,3,150.0,659577.5,8087,WL,B,12.0
6,24.84000015258789,distr,35159.99984741211,Wed Jul 22 2026 10:57:17 GMT-0500 (Central Daylight Time),659877.4000000954,B,enter,I,enter,132,3,149.5,659727.9000000954,8087,WL,B,13.0
6,25.207000017166138,distr,34792.99998283386,Wed Jul 22 2026 10:57:17 GMT-0500 (Central Daylight Time),660244.1999998093,B,enter,I,enter,359,3,366.2999997138977,659877.9000000954,8087,WL,B,14.0
6,25.539999961853027,distr,34460.00003814697,Wed Jul 22 2026 10:57:17 GMT-0500 (Central Daylight Time),660577.0,B,enter,I,enter,327,3,332.40000009536743,660244.5999999046,8087,WL,B,15.0
7,0.9829998016357422,immed,59017.00019836426,Wed Jul 22 2026 10:57:17 GMT-0500 (Central Daylight Time),672307.0999999046,A,s,I,s,969,3,983.0,671324.0999999046,8087,WL,B,1.0
7,1.182999849319458,immed,58817.00015068054,Wed Jul 22 2026 10:57:17 GMT-0500 (Central Daylight Time),672507.0,A,st,I,t,183,3,1182.9000000953674,671324.0999999046,8087,WL,B,1.0
7,1.4659998416900635,immed,58534.00015830994,Wed Jul 22 2026 10:57:17 GMT-0500 (Central Daylight Time),672790.0,A,str,I,r,265,3,1465.9000000953674,671324.0999999046,8087,WL,B,1.0
7,1.5499999523162842,immed,58450.000047683716,Wed Jul 22 2026 10:57:17 GMT-0500 (Central Daylight Time),672874.4000000954,A,stre,I,e,69,3,1550.3000001907349,671324.0999999046,8087,WL,B,1.0
7,1.7159998416900635,immed,58284.00015830994,Wed Jul 22 2026 10:57:17 GMT-0500 (Central Daylight Time),673040.1999998093,A,stree,I,e,154,3,1716.0999999046326,671324.0999999046,8087,WL,B,1.0
7,1.9659998416900635,immed,58034.00015830994,Wed Jul 22 2026 10:57:17 GMT-0500 (Central Daylight Time),673290.0,A,street,I,t,236,3,1965.9000000953674,671324.0999999046,8087,WL,B,1.0
7,2.246999979019165,immed,57753.000020980835,Wed Jul 22 2026 10:57:17 GMT-0500 (Central Daylight Time),673571.5,A,streetenter,I,enter,138,3,2247.4000000953674,671324.0999999046,8087,WL,B,1.0
7,2.615000009536743,immed,57384.99999046326,Wed Jul 22 2026 10:57:17 GMT-0500 (Central Daylight Time),673939.6999998093,A,g,I,g,360,3,367.7999997138977,673571.9000000954,8087,WL,B,2.0
7,3.1649999618530273,immed,56835.00003814697,Wed Jul 22 2026 10:57:17 GMT-0500 (Central Daylight Time),674489.5,A,gr,I,r,537,3,917.5999999046326,673571.9000000954,8087,WL,B,2.0
7,3.2319998741149902,immed,56768.00012588501,Wed Jul 22 2026 10:57:17 GMT-0500 (Central Daylight Time),674556.1999998093,A,gra,I,a,59,3,984.2999997138977,673571.9000000954,8087,WL,B,2.0
7,3.447999954223633,immed,56552.00004577637,Wed Jul 22 2026 10:57:17 GMT-0500 (Central Daylight Time),674772.9000000954,A,gras,I,s,208,3,1201.0,673571.9000000954,8087,WL,B,2.0
7,3.615000009536743,immed,56384.99999046326,Wed Jul 22 2026 10:57:17 GMT-0500 (Central Daylight Time),674939.2999997139,A,grass,I,s,158,3,1367.3999996185303,673571.9000000954,8087,WL,B,2.0
7,3.7649998664855957,immed,56235.000133514404,Wed Jul 22 2026 10:57:17 GMT-0500 (Central Daylight Time),675089.2999997139,A,grassenter,I,enter,144,3,1517.3999996185303,673571.9000000954,8087,WL,B,2.0
7,3.9149999618530273,immed,56085.00003814697,Wed Jul 22 2026 10:57:17 GMT-0500 (Central Daylight Time),675239.1999998093,A,a,I,a,130,3,149.59999990463257,675089.5999999046,8087,WL,B,3.0
7,4.115000009536743,immed,55884.99999046326,Wed Jul 22 2026 10:57:17 GMT-0500 (Central Daylight Time),675439.5,A,ar,I,r,180,3,349.90000009536743,675089.5999999046,8087,WL,B,3.0
7,4.347999811172485,immed,55652.000188827515,Wed Jul 22 2026 10:57:17 GMT-0500 (Central Daylight Time),675672.5999999046,A,arm,I,m,212,3,583.0,675089.5999999046,8087,WL,B,3.0
7,4.81499981880188,immed,55185.00018119812,Wed Jul 22 2026 10:57:17 GMT-0500 (Central Daylight Time),676139.0,A,armenter,I,enter,459,3,1049.4000000953674,675089.5999999046,8087,WL,B,3.0
7,5.097999811172485,immed,54902.000188827515,Wed Jul 22 2026 10:57:17 GMT-0500 (Central Daylight Time),676422.4000000954,A,d,I,d,265,3,283.0,676139.4000000954,8087,WL,B,4.0
7,5.21399998664856,immed,54786.00001335144,Wed Jul 22 2026 10:57:17 GMT-0500 (Central Daylight Time),676538.9000000954,A,do,I,o,109,3,399.5,676139.4000000954,8087,WL,B,4.0
7,5.580999851226807,immed,54419.00014877319,Wed Jul 22 2026 10:57:17 GMT-0500 (Central Daylight Time),676905.2999997139,A,doo,I,o,361,3,765.8999996185303,676139.4000000954,8087,WL,B,4.0
7,5.730999946594238,immed,54269.00005340576,Wed Jul 22 2026 10:57:17 GMT-0500 (Central Daylight Time),677055.5999999046,A,door,I,r,139,3,916.1999998092651,676139.4000000954,8087,WL,B,4.0
7,5.947999954223633,immed,54052.00004577637,Wed Jul 22 2026 10:57:17 GMT-0500 (Central Daylight Time),677272.0,A,doorenter,I,enter,196,3,1132.5999999046326,676139.4000000954,8087,WL,B,4.0
7,6.148000001907349,immed,53851.99999809265,Wed Jul 22 2026 10:57:17 GMT-0500 (Central Daylight Time),677472.5999999046,A,s,I,s,196,3,200.30000019073486,677272.2999997139,8087,WL,B,5.0
7,6.247999906539917,immed,53752.00009346008,Wed Jul 22 2026 10:57:17 GMT-0500 (Central Daylight Time),677572.0,A,st,I,t,92,3,299.7000002861023,677272.2999997139,8087,WL,B,5.0
7,6.430999994277954,immed,53569.000005722046,Wed Jul 22 2026 10:57:17 GMT-0500 (Central Daylight Time),677755.0,A,sta,I,a,168,3,482.7000002861023,677272.2999997139,8087,WL,B,5.0
7,6.613999843597412,immed,53386.00015640259,Wed Jul 22 2026 10:57:17 GMT-0500 (Central Daylight Time),677938.0999999046,A,star,I,r,178,3,665.8000001907349,677272.2999997139,8087,WL,B,5.0
7,6.813999891281128,immed,53186.00010871887,Wed Jul 22 2026 10:57:17 GMT-0500 (Central Daylight Time),678138.4000000954,A,starenter,I,enter,186,3,866.1000003814697,677272.2999997139,8087,WL,B,5.0
7,6.997999906539917,immed,53002.00009346008,Wed Jul 22 2026 10:57:17 GMT-0500 (Central Daylight Time),678322.6999998093,A,c,I,c,178,3,184.0,678138.6999998093,8087,WL,B,6.0
7,7.163999795913696,immed,52836.000204086304,Wed Jul 22 2026 10:57:17 GMT-0500 (Central Daylight Time),678488.4000000954,A,ci,I,i,145,3,349.7000002861023,678138.6999998093,8087,WL,B,6.0
7,7.2799999713897705,immed,52720.00002861023,Wed Jul 22 2026 10:57:17 GMT-0500 (Central Daylight Time),678604.6999998093,A,cit,I,t,108,3,466.0,678138.6999998093,8087,WL,B,6.0
7,7.46399998664856,immed,52536.00001335144,Wed Jul 22 2026 10:57:17 GMT-0500 (Central Daylight Time),678788.6999998093,A,city,I,y,176,3,650.0,678138.6999998093,8087,WL,B,6.0
7,7.71399998664856,immed,52286.00001335144,Wed Jul 22 2026 10:57:17 GMT-0500 (Central Daylight Time),679038.0999999046,A,cityenter,I,enter,232,3,899.4000000953674,678138.6999998093,8087,WL,B,6.0
7,7.913999795913696,immed,52086.000204086304,Wed Jul 22 2026 10:57:17 GMT-0500 (Central Daylight Time),679238.0,A,w,I,w,190,3,199.59999990463257,679038.4000000954,8087,WL,B,7.0
7,8.013999938964844,immed,51986.000061035156,Wed Jul 22 2026 10:57:17 GMT-0500 (Central Daylight Time),679338.0,A,wi,I,i,93,3,299.59999990463257,679038.4000000954,8087,WL,B,7.0
7,8.179999828338623,immed,51820.00017166138,Wed Jul 22 2026 10:57:17 GMT-0500 (Central Daylight Time),679504.9000000954,A,wif,I,f,153,3,466.5,679038.4000000954,8087,WL,B,7.0
7,8.229999780654907,immed,51770.00021934509,Wed Jul 22 2026 10:57:17 GMT-0500 (Central Daylight Time),679554.5999999046,A,wife,I,e,44,3,516.1999998092651,679038.4000000954,8087,WL,B,7.0
7,8.745999813079834,immed,51254.000186920166,Wed Jul 22 2026 10:57:17 GMT-0500 (Central Daylight Time),680070.7999997139,A,wifeenter,I,enter,506,3,1032.3999996185303,679038.4000000954,8087,WL,B,7.0
7,9.162999868392944,immed,50837.000131607056,Wed Jul 22 2026 10:57:17 GMT-0500 (Central Daylight Time),680487.7999997139,A,w,I,w,397,3,416.7999997138977,680071.0,8087,WL,B,8.0
7,9.27999997138977,immed,50720.00002861023,Wed Jul 22 2026 10:57:17 GMT-0500 (Central Daylight Time),680604.4000000954,A,wi,I,i,108,3,533.4000000953674,680071.0,8087,WL,B,8.0
7,9.395999908447266,immed,50604.000091552734,Wed Jul 22 2026 10:57:17 GMT-0500 (Central Daylight Time),680720.5999999046,A,win,I,n,111,3,649.5999999046326,680071.0,8087,WL,B,8.0
7,9.595999956130981,immed,50404.00004386902,Wed Jul 22 2026 10:57:17 GMT-0500 (Central Daylight Time),680920.5999999046,A,wind,I,d,195,3,849.5999999046326,680071.0,8087,WL,B,8.0
7,9.77999997138977,immed,50220.00002861023,Wed Jul 22 2026 10:57:17 GMT-0500 (Central Daylight Time),681104.1999998093,A,windo,I,o,163,3,1033.1999998092651,680071.0,8087,WL,B,8.0
7,9.979999780654907,immed,50020.00021934509,Wed Jul 22 2026 10:57:17 GMT-0500 (Central Daylight Time),681304.0999999046,A,window,I,w,187,3,1233.0999999046326,680071.0,8087,WL,B,8.0
7,10.796000003814697,immed,49203.9999961853,Wed Jul 22 2026 10:57:17 GMT-0500 (Central Daylight Time),682120.5,A,windowenter,I,enter,811,3,2049.5,680071.0,8087,WL,B,8.0
7,11.678999900817871,immed,48321.00009918213,Wed Jul 22 2026 10:57:17 GMT-0500 (Central Daylight Time),683003.4000000954,A,p,I,p,876,3,882.6000003814697,682120.7999997139,8087,WL,B,9.0
7,11.845999956130981,immed,48154.00004386902,Wed Jul 22 2026 10:57:17 GMT-0500 (Central Daylight Time),683170.2999997139,A,pi,I,i,152,3,1049.5,682120.7999997139,8087,WL,B,9.0
7,12.063999891281128,immed,47936.00010871887,Wed Jul 22 2026 10:57:17 GMT-0500 (Central Daylight Time),683388.0,A,pip,I,p,202,3,1267.2000002861023,682120.7999997139,8087,WL,B,9.0
7,12.495999813079834,immed,47504.000186920166,Wed Jul 22 2026 10:57:17 GMT-0500 (Central Daylight Time),683820.0,A,pipe,I,e,416,3,1699.2000002861023,682120.7999997139,8087,WL,B,9.0
7,14.194999933242798,immed,45805.0000667572,Wed Jul 22 2026 10:57:17 GMT-0500 (Central Daylight Time),685519.5,A,pipeenter,I,enter,1680,3,3398.7000002861023,682120.7999997139,8087,WL,B,9.0
7,18.47699999809265,immed,41523.00000190735,Wed Jul 22 2026 10:57:17 GMT-0500 (Central Daylight Time),689801.5999999046,A,p,I,p,4268,3,4281.800000190735,685519.7999997139,8087,WL,B,10.0
7,18.626999855041504,immed,41373.000144958496,Wed Jul 22 2026 10:57:17 GMT-0500 (Central Daylight Time),689951.2999997139,A,pu,I,u,128,3,4431.5,685519.7999997139,8087,WL,B,10.0
7,19.109999895095825,immed,40890.000104904175,Wed Jul 22 2026 10:57:17 GMT-0500 (Central Daylight Time),690434.5999999046,A,pup,I,p,477,3,4914.800000190735,685519.7999997139,8087,WL,B,10.0
7,19.32699990272522,immed,40673.00009727478,Wed Jul 22 2026 10:57:17 GMT-0500 (Central Daylight Time),690651.1999998093,A,pupi,I,i,210,3,5131.400000095367,685519.7999997139,8087,WL,B,10.0
7,19.526999950408936,immed,40473.000049591064,Wed Jul 22 2026 10:57:17 GMT-0500 (Central Daylight Time),690850.9000000954,A,pupil,I,l,193,3,5331.10000038147,685519.7999997139,8087,WL,B,10.0
7,19.709999799728394,immed,40290.00020027161,Wed Jul 22 2026 10:57:17 GMT-0500 (Central Daylight Time),691034.4000000954,A,pupilenter,I,enter,168,3,5514.60000038147,685519.7999997139,8087,WL,B,10.0
7,19.992999792099,immed,40007.000207901,Wed Jul 22 2026 10:57:17 GMT-0500 (Central Daylight Time),691317.2999997139,A,c,I,c,273,3,282.5,691034.7999997139,8087,WL,B,11.0
7,20.092999935150146,immed,39907.00006484985,Wed Jul 22 2026 10:57:17 GMT-0500 (Central Daylight Time),691417.6999998093,A,ca,I,a,85,3,382.90000009536743,691034.7999997139,8087,WL,B,11.0
7,20.292999982833862,immed,39707.00001716614,Wed Jul 22 2026 10:57:17 GMT-0500 (Central Daylight Time),691617.2999997139,A,cab,I,b,194,3,582.5,691034.7999997139,8087,WL,B,11.0
7,20.459999799728394,immed,39540.00020027161,Wed Jul 22 2026 10:57:17 GMT-0500 (Central Daylight Time),691784.4000000954,A,cabi,I,i,162,3,749.6000003814697,691034.7999997139,8087,WL,B,11.0
7,20.55999994277954,immed,39440.00005722046,Wed Jul 22 2026 10:57:17 GMT-0500 (Central Daylight Time),691884.0999999046,A,cabin,I,n,92,3,849.3000001907349,691034.7999997139,8087,WL,B,11.0
7,20.759999990463257,immed,39240.00000953674,Wed Jul 22 2026 10:57:17 GMT-0500 (Central Daylight Time),692084.2999997139,A,cabinenter,I,enter,184,3,1049.5,691034.7999997139,8087,WL,B,11.0
7,21.108999967575073,immed,38891.00003242493,Wed Jul 22 2026 10:57:17 GMT-0500 (Central Daylight Time),692433.7999997139,A,l,I,l,336,3,349.19999980926514,692084.5999999046,8087,WL,B,12.0
7,21.22599983215332,immed,38774.00016784668,Wed Jul 22 2026 10:57:17 GMT-0500 (Central Daylight Time),692550.5,A,la,I,a,106,3,465.90000009536743,692084.5999999046,8087,WL,B,12.0
7,21.39299988746643,immed,38607.00011253357,Wed Jul 22 2026 10:57:17 GMT-0500 (Central Daylight Time),692717.1999998093,A,lak,I,k,157,3,632.5999999046326,692084.5999999046,8087,WL,B,12.0
7,21.509999990463257,immed,38490.00000953674,Wed Jul 22 2026 10:57:17 GMT-0500 (Central Daylight Time),692834.0,A,lake,I,e,102,3,749.4000000953674,692084.5999999046,8087,WL,B,12.0
7,21.825999975204468,immed,38174.00002479553,Wed Jul 22 2026 10:57:17 GMT-0500 (Central Daylight Time),693150.5999999046,A,lakeenter,I,enter,298,3,1066.0,692084.5999999046,8087,WL,B,12.0
7,22.092999935150146,immed,37907.00006484985,Wed Jul 22 2026 10:57:17 GMT-0500 (Central Daylight Time),693417.1999998093,A,f,I,f,262,3,266.40000009536743,693150.7999997139,8087,WL,B,13.0
7,22.242999792099,immed,37757.000207901,Wed Jul 22 2026 10:57:17 GMT-0500 (Central Daylight Time),693567.0999999046,A,fi,I,i,139,3,416.30000019073486,693150.7999997139,8087,WL,B,13.0
7,22.325999975204468,immed,37674.00002479553,Wed Jul 22 2026 10:57:17 GMT-0500 (Central Daylight Time),693650.4000000954,A,fir,I,r,70,3,499.6000003814697,693150.7999997139,8087,WL,B,13.0
7,22.408999919891357,immed,37591.00008010864,Wed Jul 22 2026 10:57:17 GMT-0500 (Central Daylight Time),693733.4000000954,A,fire,I,e,74,3,582.6000003814697,693150.7999997139,8087,WL,B,13.0
7,22.741999864578247,immed,37258.00013542175,Wed Jul 22 2026 10:57:17 GMT-0500 (Central Daylight Time),694066.5999999046,A,fireenter,I,enter,326,3,915.8000001907349,693150.7999997139,8087,WL,B,13.0
7,28.157999992370605,immed,31842.000007629395,Wed Jul 22 2026 10:57:17 GMT-0500 (Central Daylight Time),699482.6999998093,A,c,I,c,5409,3,5415.799999713898,694066.9000000954,8087,WL,B,14.0
7,28.2739999294281,immed,31726.0000705719,Wed Jul 22 2026 10:57:17 GMT-0500 (Central Daylight Time),699598.1999998093,A,cl,I,l,104,3,5531.299999713898,694066.9000000954,8087,WL,B,14.0
7,28.423999786376953,immed,31576.000213623047,Wed Jul 22 2026 10:57:17 GMT-0500 (Central Daylight Time),699748.1999998093,A,clo,I,o,134,3,5681.299999713898,694066.9000000954,8087,WL,B,14.0
7,28.5239999294281,immed,31476.0000705719,Wed Jul 22 2026 10:57:17 GMT-0500 (Central Daylight Time),699848.1999998093,A,cloc,I,c,79,3,5781.299999713898,694066.9000000954,8087,WL,B,14.0
7,28.62399983406067,immed,31376.00016593933,Wed Jul 22 2026 10:57:17 GMT-0500 (Central Daylight Time),699948.4000000954,A,clock,I,k,84,3,5881.5,694066.9000000954,8087,WL,B,14.0
7,28.823999881744385,immed,31176.000118255615,Wed Jul 22 2026 10:57:17 GMT-0500 (Central Daylight Time),700148.4000000954,A,clockenter,I,enter,184,3,6081.5,694066.9000000954,8087,WL,B,14.0
7,34.72199988365173,immed,25278.000116348267,Wed Jul 22 2026 10:57:17 GMT-0500 (Central Daylight Time),706046.2999997139,A,enter,I,enter,5887,3,5897.5,700148.7999997139,8087,WL,B,15.0
