block_c,block_dur,condition,countdown,datetime,endtime,list,multichar_response,project,response,response_time,session_number,start_end,starttime,subject_id,task,task_vers,trial
,,,,Tue Aug 11 2026 10:09:45 GMT-0400 (Eastern Daylight Time),,,,I,space,166,2,,,9062,WL,A,
prac,,0,,Tue Aug 11 2026 10:09:45 GMT-0400 (Eastern Daylight Time),,NA,b,I,b,1979,2,,,9062,WL,A,1.0
prac,,0,,Tue Aug 11 2026 10:09:45 GMT-0400 (Eastern Daylight Time),,NA,bo,I,o,399,2,,,9062,WL,A,1.0
prac,,0,,Tue Aug 11 2026 10:09:45 GMT-0400 (Eastern Daylight Time),,NA,boo,I,o,85,2,,,9062,WL,A,1.0
prac,,0,,Tue Aug 11 2026 10:09:45 GMT-0400 (Eastern Daylight Time),,NA,boos,I,s,123,2,,,9062,WL,A,1.0
prac,,0,,Tue Aug 11 2026 10:09:45 GMT-0400 (Eastern Daylight Time),,NA,boost,I,t,766,2,,,9062,WL,A,1.0
prac,,0,,Tue Aug 11 2026 10:09:45 GMT-0400 (Eastern Daylight Time),,NA,boostenter,I,enter,118,2,,,9062,WL,A,1.0
1,2.049999952316284,learn,57950.000047683716,Tue Aug 11 2026 10:09:45 GMT-0400 (Eastern Daylight Time),108783.79999999981,A,b,I,b,2026,2,2049.5,106734.29999999981,9062,WL,A,1.0
1,2.549999952316284,learn,57450.000047683716,Tue Aug 11 2026 10:09:45 GMT-0400 (Eastern Daylight Time),109283.70000000019,A,bo,I,o,473,2,2549.4000000003725,106734.29999999981,9062,WL,A,1.0
1,2.7170000076293945,learn,57282.999992370605,Tue Aug 11 2026 10:09:45 GMT-0400 (Eastern Daylight Time),109450.09999999963,A,boo,I,o,142,2,2715.7999999998137,106734.29999999981,9062,WL,A,1.0
1,3.566999912261963,learn,56433.00008773804,Tue Aug 11 2026 10:09:45 GMT-0400 (Eastern Daylight Time),110300.09999999963,A,boos,I,s,821,2,3565.7999999998137,106734.29999999981,9062,WL,A,1.0
1,3.950000047683716,learn,56049.999952316284,Tue Aug 11 2026 10:09:45 GMT-0400 (Eastern Daylight Time),110683.59999999963,A,boost,I,t,356,2,3949.2999999998137,106734.29999999981,9062,WL,A,1.0
1,4.08299994468689,learn,55917.00005531311,Tue Aug 11 2026 10:09:45 GMT-0400 (Eastern Daylight Time),110816.29999999981,A,boostenter,I,enter,109,2,4082.0,106734.29999999981,9062,WL,A,1.0
1,4.950000047683716,learn,55049.999952316284,Tue Aug 11 2026 10:09:45 GMT-0400 (Eastern Daylight Time),111683.5,A,b,I,b,851,2,866.5,110817.0,9062,WL,A,2.0
1,5.299999952316284,learn,54700.000047683716,Tue Aug 11 2026 10:09:45 GMT-0400 (Eastern Daylight Time),112033.29999999981,A,bo,I,o,325,2,1216.2999999998137,110817.0,9062,WL,A,2.0
1,5.41700005531311,learn,54582.99994468689,Tue Aug 11 2026 10:09:45 GMT-0400 (Eastern Daylight Time),112150.0,A,boo,I,o,105,2,1333.0,110817.0,9062,WL,A,2.0
1,5.583999872207642,learn,54416.00012779236,Tue Aug 11 2026 10:09:45 GMT-0400 (Eastern Daylight Time),112317.0,A,book,I,k,147,2,1500.0,110817.0,9062,WL,A,2.0
1,6.216000080108643,learn,53783.99991989136,Tue Aug 11 2026 10:09:45 GMT-0400 (Eastern Daylight Time),112949.59999999963,A,bookenter,I,enter,621,2,2132.5999999996275,110817.0,9062,WL,A,2.0
1,7.382999897003174,learn,52617.000102996826,Tue Aug 11 2026 10:09:45 GMT-0400 (Eastern Daylight Time),114116.20000000019,A,c,I,c,1150,2,1165.9000000003725,112950.29999999981,9062,WL,A,3.0
1,7.549999952316284,learn,52450.000047683716,Tue Aug 11 2026 10:09:45 GMT-0400 (Eastern Daylight Time),114283.40000000037,A,ch,I,h,145,2,1333.1000000005588,112950.29999999981,9062,WL,A,3.0
1,7.799999952316284,learn,52200.000047683716,Tue Aug 11 2026 10:09:45 GMT-0400 (Eastern Daylight Time),114533.29999999981,A,chi,I,i,221,2,1583.0,112950.29999999981,9062,WL,A,3.0
1,8.049999952316284,learn,51950.000047683716,Tue Aug 11 2026 10:09:45 GMT-0400 (Eastern Daylight Time),114783.5,A,chim,I,m,228,2,1833.2000000001863,112950.29999999981,9062,WL,A,3.0
1,8.299999952316284,learn,51700.000047683716,Tue Aug 11 2026 10:09:45 GMT-0400 (Eastern Daylight Time),115033.40000000037,A,chimn,I,n,225,2,2083.100000000559,112950.29999999981,9062,WL,A,3.0
1,8.566999912261963,learn,51433.00008773804,Tue Aug 11 2026 10:09:45 GMT-0400 (Eastern Daylight Time),115300.09999999963,A,chimne,I,e,248,2,2349.7999999998137,112950.29999999981,9062,WL,A,3.0
1,8.717000007629395,learn,51282.999992370605,Tue Aug 11 2026 10:09:45 GMT-0400 (Eastern Daylight Time),115450.0,A,chimney,I,y,124,2,2499.7000000001863,112950.29999999981,9062,WL,A,3.0
1,9.016999959945679,learn,50983.00004005432,Tue Aug 11 2026 10:09:45 GMT-0400 (Eastern Daylight Time),115749.70000000019,A,chimneyenter,I,enter,280,2,2799.4000000003725,112950.29999999981,9062,WL,A,3.0
1,9.467000007629395,learn,50532.999992370605,Tue Aug 11 2026 10:09:45 GMT-0400 (Eastern Daylight Time),116200.29999999981,A,r,I,r,432,2,449.8999999994412,115750.40000000037,9062,WL,A,4.0
1,9.66700005531311,learn,50332.99994468689,Tue Aug 11 2026 10:09:45 GMT-0400 (Eastern Daylight Time),116400.0,A,ra,I,a,177,2,649.5999999996275,115750.40000000037,9062,WL,A,4.0
1,9.983000040054321,learn,50016.99995994568,Tue Aug 11 2026 10:09:45 GMT-0400 (Eastern Daylight Time),116716.59999999963,A,rat,I,t,290,2,966.1999999992549,115750.40000000037,9062,WL,A,4.0
1,10.08299994468689,learn,49917.00005531311,Tue Aug 11 2026 10:09:45 GMT-0400 (Eastern Daylight Time),116816.70000000019,A,ratt,I,t,78,2,1066.2999999998137,115750.40000000037,9062,WL,A,4.0
1,10.316999912261963,learn,49683.00008773804,Tue Aug 11 2026 10:09:45 GMT-0400 (Eastern Daylight Time),117050.09999999963,A,rattl,I,l,201,2,1299.699999999255,115750.40000000037,9062,WL,A,4.0
1,10.583999872207642,learn,49416.00012779236,Tue Aug 11 2026 10:09:45 GMT-0400 (Eastern Daylight Time),117316.90000000037,A,rattle,I,e,240,2,1566.5,115750.40000000037,9062,WL,A,4.0
1,10.815999984741211,learn,49184.00001525879,Tue Aug 11 2026 10:09:45 GMT-0400 (Eastern Daylight Time),117549.70000000019,A,rattleenter,I,enter,221,2,1799.2999999998137,115750.40000000037,9062,WL,A,4.0
1,11.233999967575073,learn,48766.00003242493,Tue Aug 11 2026 10:09:45 GMT-0400 (Eastern Daylight Time),117966.70000000019,A,k,I,k,406,2,416.6000000005588,117550.09999999963,9062,WL,A,5.0
1,11.516999959945679,learn,48483.00004005432,Tue Aug 11 2026 10:09:45 GMT-0400 (Eastern Daylight Time),118250.0,A,ke,I,e,259,2,699.9000000003725,117550.09999999963,9062,WL,A,5.0
1,11.700000047683716,learn,48299.999952316284,Tue Aug 11 2026 10:09:45 GMT-0400 (Eastern Daylight Time),118432.90000000037,A,key,I,y,167,2,882.8000000007451,117550.09999999963,9062,WL,A,5.0
1,12.33299994468689,learn,47667.00005531311,Tue Aug 11 2026 10:09:45 GMT-0400 (Eastern Daylight Time),119066.40000000037,A,keyenter,I,enter,619,2,1516.300000000745,117550.09999999963,9062,WL,A,5.0
1,14.467000007629395,learn,45532.999992370605,Tue Aug 11 2026 10:09:45 GMT-0400 (Eastern Daylight Time),121200.0,A,t,I,t,2122,2,2133.0999999996275,119066.90000000037,9062,WL,A,6.0
1,14.532999992370605,learn,45467.000007629395,Tue Aug 11 2026 10:09:45 GMT-0400 (Eastern Daylight Time),121266.40000000037,A,tr,I,r,50,2,2199.5,119066.90000000037,9062,WL,A,6.0
1,14.75,learn,45250.0,Tue Aug 11 2026 10:09:45 GMT-0400 (Eastern Daylight Time),121483.5,A,tra,I,a,193,2,2416.5999999996275,119066.90000000037,9062,WL,A,6.0
1,14.867000102996826,learn,45132.999897003174,Tue Aug 11 2026 10:09:45 GMT-0400 (Eastern Daylight Time),121599.90000000037,A,trai,I,i,94,2,2533.0,119066.90000000037,9062,WL,A,6.0
1,15.049999952316284,learn,44950.000047683716,Tue Aug 11 2026 10:09:45 GMT-0400 (Eastern Daylight Time),121783.29999999981,A,train,I,n,149,2,2716.399999999441,119066.90000000037,9062,WL,A,6.0
1,15.382999897003174,learn,44617.000102996826,Tue Aug 11 2026 10:09:45 GMT-0400 (Eastern Daylight Time),122116.20000000019,A,trainenter,I,enter,322,2,3049.2999999998137,119066.90000000037,9062,WL,A,6.0
1,16.132999897003174,learn,43867.000102996826,Tue Aug 11 2026 10:09:45 GMT-0400 (Eastern Daylight Time),122866.59999999963,A,m,I,m,737,2,750.0999999996275,122116.5,9062,WL,A,7.0
1,16.282999992370605,learn,43717.000007629395,Tue Aug 11 2026 10:09:45 GMT-0400 (Eastern Daylight Time),123016.40000000037,A,me,I,e,128,2,899.9000000003725,122116.5,9062,WL,A,7.0
1,16.43400001525879,learn,43565.99998474121,Tue Aug 11 2026 10:09:45 GMT-0400 (Eastern Daylight Time),123166.79999999981,A,mea,I,a,129,2,1050.2999999998137,122116.5,9062,WL,A,7.0
1,16.566999912261963,learn,43433.00008773804,Tue Aug 11 2026 10:09:45 GMT-0400 (Eastern Daylight Time),123300.09999999963,A,mead,I,d,115,2,1183.5999999996275,122116.5,9062,WL,A,7.0
1,17.033999919891357,learn,42966.00008010864,Tue Aug 11 2026 10:09:45 GMT-0400 (Eastern Daylight Time),123766.79999999981,A,meado,I,o,439,2,1650.2999999998137,122116.5,9062,WL,A,7.0
1,17.200000047683716,learn,42799.999952316284,Tue Aug 11 2026 10:09:45 GMT-0400 (Eastern Daylight Time),123933.40000000037,A,meadow,I,w,140,2,1816.9000000003725,122116.5,9062,WL,A,7.0
1,17.90000009536743,learn,42099.99990463257,Tue Aug 11 2026 10:09:45 GMT-0400 (Eastern Daylight Time),124632.79999999981,A,meadowenter,I,enter,670,2,2516.2999999998137,122116.5,9062,WL,A,7.0
1,29.967000007629395,learn,30032.999992370605,Tue Aug 11 2026 10:09:45 GMT-0400 (Eastern Daylight Time),136700.0,A,l,I,l,12053,2,12066.700000000186,124633.29999999981,9062,WL,A,8.0
1,30.15000009536743,learn,29849.99990463257,Tue Aug 11 2026 10:09:45 GMT-0400 (Eastern Daylight Time),136883.40000000037,A,lo,I,o,158,2,12250.100000000559,124633.29999999981,9062,WL,A,8.0
1,30.5,learn,29500.0,Tue Aug 11 2026 10:09:45 GMT-0400 (Eastern Daylight Time),137232.90000000037,A,log,I,g,334,2,12599.600000000559,124633.29999999981,9062,WL,A,8.0
1,30.75,learn,29250.0,Tue Aug 11 2026 10:09:45 GMT-0400 (Eastern Daylight Time),137483.0,A,logenter,I,enter,226,2,12849.700000000186,124633.29999999981,9062,WL,A,8.0
1,60.01699995994568,learn,-16.99995994567871,Tue Aug 11 2026 10:09:45 GMT-0400 (Eastern Daylight Time),166750.2000000002,A,None,I,None,29259,2,29266.799999999814,137483.40000000037,9062,WL,A,9.0
2,2.0839998722076416,learn,57916.00012779236,Tue Aug 11 2026 10:09:45 GMT-0400 (Eastern Daylight Time),236000.0,A,b,I,b,2071,2,2082.9000000003725,233917.09999999963,9062,WL,A,1.0
2,2.3999998569488525,learn,57600.00014305115,Tue Aug 11 2026 10:09:45 GMT-0400 (Eastern Daylight Time),236316.59999999963,A,bo,I,o,298,2,2399.5,233917.09999999963,9062,WL,A,1.0
2,2.5339999198913574,learn,57466.00008010864,Tue Aug 11 2026 10:09:45 GMT-0400 (Eastern Daylight Time),236450.09999999963,A,boo,I,o,117,2,2533.0,233917.09999999963,9062,WL,A,1.0
2,2.6499998569488525,learn,57350.00014305115,Tue Aug 11 2026 10:09:45 GMT-0400 (Eastern Daylight Time),236566.5,A,book,I,k,97,2,2649.4000000003725,233917.09999999963,9062,WL,A,1.0
2,3.2829999923706055,learn,56717.000007629395,Tue Aug 11 2026 10:09:45 GMT-0400 (Eastern Daylight Time),237199.40000000037,A,bookenter,I,enter,605,2,3282.300000000745,233917.09999999963,9062,WL,A,1.0
2,3.6499998569488525,learn,56350.00014305115,Tue Aug 11 2026 10:09:45 GMT-0400 (Eastern Daylight Time),237566.7000000002,A,f,I,f,350,2,366.90000000037253,237199.7999999998,9062,WL,A,2.0
2,3.75,learn,56250.0,Tue Aug 11 2026 10:09:45 GMT-0400 (Eastern Daylight Time),237666.59999999963,A,fl,I,l,76,2,466.79999999981374,237199.7999999998,9062,WL,A,2.0
2,3.934000015258789,learn,56065.99998474121,Tue Aug 11 2026 10:09:45 GMT-0400 (Eastern Daylight Time),237849.90000000037,A,flo,I,o,160,2,650.1000000005588,237199.7999999998,9062,WL,A,2.0
2,4.016999959945679,learn,55983.00004005432,Tue Aug 11 2026 10:09:45 GMT-0400 (Eastern Daylight Time),237933.40000000037,A,flow,I,w,64,2,733.6000000005588,237199.7999999998,9062,WL,A,2.0
2,4.25,learn,55750.0,Tue Aug 11 2026 10:09:45 GMT-0400 (Eastern Daylight Time),238166.5,A,flowe,I,e,214,2,966.7000000001863,237199.7999999998,9062,WL,A,2.0
2,4.4009997844696045,learn,55599.000215530396,Tue Aug 11 2026 10:09:45 GMT-0400 (Eastern Daylight Time),238316.90000000037,A,flower,I,r,132,2,1117.1000000005588,237199.7999999998,9062,WL,A,2.0
2,5.0,learn,55000.0,Tue Aug 11 2026 10:09:45 GMT-0400 (Eastern Daylight Time),238916.2000000002,A,flowerenter,I,enter,573,2,1716.4000000003725,237199.7999999998,9062,WL,A,2.0
2,6.766999959945679,learn,53233.00004005432,Tue Aug 11 2026 10:09:45 GMT-0400 (Eastern Daylight Time),240683.2999999998,A,t,I,t,1745,2,1766.7000000001863,238916.59999999963,9062,WL,A,3.0
2,6.83299994468689,learn,53167.00005531311,Tue Aug 11 2026 10:09:45 GMT-0400 (Eastern Daylight Time),240749.59999999963,A,tr,I,r,45,2,1833.0,238916.59999999963,9062,WL,A,3.0
2,7.033999919891357,learn,52966.00008010864,Tue Aug 11 2026 10:09:45 GMT-0400 (Eastern Daylight Time),240949.90000000037,A,tra,I,a,183,2,2033.300000000745,238916.59999999963,9062,WL,A,3.0
2,7.133999824523926,learn,52866.000175476074,Tue Aug 11 2026 10:09:45 GMT-0400 (Eastern Daylight Time),241050.0,A,trai,I,i,77,2,2133.4000000003725,238916.59999999963,9062,WL,A,3.0
2,7.233999967575073,learn,52766.00003242493,Tue Aug 11 2026 10:09:45 GMT-0400 (Eastern Daylight Time),241150.09999999963,A,train,I,n,79,2,2233.5,238916.59999999963,9062,WL,A,3.0
2,8.182999849319458,learn,51817.00015068054,Tue Aug 11 2026 10:09:45 GMT-0400 (Eastern Daylight Time),242099.59999999963,A,trainenter,I,enter,919,2,3183.0,238916.59999999963,9062,WL,A,3.0
2,8.467000007629395,learn,51532.999992370605,Tue Aug 11 2026 10:09:45 GMT-0400 (Eastern Daylight Time),242383.2999999998,A,r,I,r,274,2,283.3999999994412,242099.90000000037,9062,WL,A,4.0
2,8.649999856948853,learn,51350.00014305115,Tue Aug 11 2026 10:09:45 GMT-0400 (Eastern Daylight Time),242566.7000000002,A,ru,I,u,162,2,466.79999999981374,242099.90000000037,9062,WL,A,4.0
2,8.967000007629395,learn,51032.999992370605,Tue Aug 11 2026 10:09:45 GMT-0400 (Eastern Daylight Time),242883.2999999998,A,rug,I,g,284,2,783.3999999994412,242099.90000000037,9062,WL,A,4.0
2,9.149999856948853,learn,50850.00014305115,Tue Aug 11 2026 10:09:45 GMT-0400 (Eastern Daylight Time),243066.2999999998,A,rugenter,I,enter,158,2,966.3999999994412,242099.90000000037,9062,WL,A,4.0
2,9.516999959945679,learn,50483.00004005432,Tue Aug 11 2026 10:09:45 GMT-0400 (Eastern Daylight Time),243433.5,A,m,I,m,347,2,366.90000000037253,243066.59999999963,9062,WL,A,5.0
2,9.650999784469604,learn,50349.000215530396,Tue Aug 11 2026 10:09:45 GMT-0400 (Eastern Daylight Time),243566.7000000002,A,me,I,e,113,2,500.1000000005588,243066.59999999963,9062,WL,A,5.0
2,9.799999952316284,learn,50200.000047683716,Tue Aug 11 2026 10:09:45 GMT-0400 (Eastern Daylight Time),243716.59999999963,A,mea,I,a,122,2,650.0,243066.59999999963,9062,WL,A,5.0
2,9.967000007629395,learn,50032.999992370605,Tue Aug 11 2026 10:09:45 GMT-0400 (Eastern Daylight Time),243883.5,A,mead,I,d,134,2,816.9000000003725,243066.59999999963,9062,WL,A,5.0
2,10.083999872207642,learn,49916.00012779236,Tue Aug 11 2026 10:09:45 GMT-0400 (Eastern Daylight Time),243999.90000000037,A,meado,I,o,105,2,933.3000000007451,243066.59999999963,9062,WL,A,5.0
2,10.25,learn,49750.0,Tue Aug 11 2026 10:09:45 GMT-0400 (Eastern Daylight Time),244166.5,A,meadow,I,w,145,2,1099.9000000003725,243066.59999999963,9062,WL,A,5.0
2,10.549999952316284,learn,49450.000047683716,Tue Aug 11 2026 10:09:45 GMT-0400 (Eastern Daylight Time),244466.2999999998,A,meadowenter,I,enter,276,2,1399.7000000001863,243066.59999999963,9062,WL,A,5.0
2,13.833999872207642,learn,46166.00012779236,Tue Aug 11 2026 10:09:45 GMT-0400 (Eastern Daylight Time),247750.0,A,s,I,s,3267,2,3283.2999999998137,244466.7000000002,9062,WL,A,6.0
2,14.099999904632568,learn,45900.00009536743,Tue Aug 11 2026 10:09:45 GMT-0400 (Eastern Daylight Time),248016.5,A,sa,I,a,251,2,3549.7999999998137,244466.7000000002,9062,WL,A,6.0
2,14.316999912261963,learn,45683.00008773804,Tue Aug 11 2026 10:09:45 GMT-0400 (Eastern Daylight Time),248233.2000000002,A,sal,I,l,195,2,3766.5,244466.7000000002,9062,WL,A,6.0
2,14.583999872207642,learn,45416.00012779236,Tue Aug 11 2026 10:09:45 GMT-0400 (Eastern Daylight Time),248499.90000000037,A,salt,I,t,234,2,4033.2000000001863,244466.7000000002,9062,WL,A,6.0
2,14.982999801635742,learn,45017.00019836426,Tue Aug 11 2026 10:09:45 GMT-0400 (Eastern Daylight Time),248899.5,A,saltenter,I,enter,374,2,4432.799999999814,244466.7000000002,9062,WL,A,6.0
2,15.416999816894531,learn,44583.00018310547,Tue Aug 11 2026 10:09:45 GMT-0400 (Eastern Daylight Time),249333.2000000002,A,a,I,a,425,2,433.29999999981374,248899.90000000037,9062,WL,A,7.0
2,15.717000007629395,learn,44282.999992370605,Tue Aug 11 2026 10:09:45 GMT-0400 (Eastern Daylight Time),249633.2000000002,A,ap,I,p,284,2,733.2999999998137,248899.90000000037,9062,WL,A,7.0
2,15.816999912261963,learn,44183.00008773804,Tue Aug 11 2026 10:09:45 GMT-0400 (Eastern Daylight Time),249733.09999999963,A,app,I,p,91,2,833.1999999992549,248899.90000000037,9062,WL,A,7.0
2,16.0,learn,44000.0,Tue Aug 11 2026 10:09:45 GMT-0400 (Eastern Daylight Time),249916.59999999963,A,appl,I,l,155,2,1016.6999999992549,248899.90000000037,9062,WL,A,7.0
2,16.116999864578247,learn,43883.00013542175,Tue Aug 11 2026 10:09:45 GMT-0400 (Eastern Daylight Time),250033.2999999998,A,apple,I,e,101,2,1133.3999999994412,248899.90000000037,9062,WL,A,7.0
2,17.25,learn,42750.0,Tue Aug 11 2026 10:09:45 GMT-0400 (Eastern Daylight Time),251166.2000000002,A,appleenter,I,enter,1119,2,2266.2999999998137,248899.90000000037,9062,WL,A,7.0
2,18.883999824523926,learn,41116.000175476074,Tue Aug 11 2026 10:09:45 GMT-0400 (Eastern Daylight Time),252799.90000000037,A,f,I,f,1614,2,1633.300000000745,251166.59999999963,9062,WL,A,8.0
2,19.0,learn,41000.0,Tue Aug 11 2026 10:09:45 GMT-0400 (Eastern Daylight Time),252916.7000000002,A,fi,I,i,98,2,1750.1000000005588,251166.59999999963,9062,WL,A,8.0
2,19.149999856948853,learn,40850.00014305115,Tue Aug 11 2026 10:09:45 GMT-0400 (Eastern Daylight Time),253066.5,A,fin,I,n,125,2,1899.9000000003725,251166.59999999963,9062,WL,A,8.0
2,19.34999990463257,learn,40650.00009536743,Tue Aug 11 2026 10:09:45 GMT-0400 (Eastern Daylight Time),253266.59999999963,A,fing,I,g,175,2,2100.0,251166.59999999963,9062,WL,A,8.0
2,19.533999919891357,learn,40466.00008010864,Tue Aug 11 2026 10:09:45 GMT-0400 (Eastern Daylight Time),253449.7999999998,A,finge,I,e,158,2,2283.2000000001863,251166.59999999963,9062,WL,A,8.0
2,19.649999856948853,learn,40350.00014305115,Tue Aug 11 2026 10:09:45 GMT-0400 (Eastern Daylight Time),253566.7000000002,A,finger,I,r,96,2,2400.100000000559,251166.59999999963,9062,WL,A,8.0
2,19.83299994468689,learn,40167.00005531311,Tue Aug 11 2026 10:09:45 GMT-0400 (Eastern Daylight Time),253749.5,A,fingerenter,I,enter,155,2,2582.9000000003725,251166.59999999963,9062,WL,A,8.0
2,23.41699981689453,learn,36583.00018310547,Tue Aug 11 2026 10:09:45 GMT-0400 (Eastern Daylight Time),257333.09999999963,A,r,I,r,3577,2,3583.0999999996275,253750.0,9062,WL,A,9.0
2,23.59999990463257,learn,36400.00009536743,Tue Aug 11 2026 10:09:45 GMT-0400 (Eastern Daylight Time),257516.5,A,ru,I,u,157,2,3766.5,253750.0,9062,WL,A,9.0
2,23.799999952316284,learn,36200.000047683716,Tue Aug 11 2026 10:09:45 GMT-0400 (Eastern Daylight Time),257716.59999999963,A,rug,I,g,166,2,3966.5999999996275,253750.0,9062,WL,A,9.0
2,24.0,learn,36000.0,Tue Aug 11 2026 10:09:45 GMT-0400 (Eastern Daylight Time),257916.2000000002,A,rugenter,I,enter,181,2,4166.200000000186,253750.0,9062,WL,A,9.0
2,25.949999809265137,learn,34050.00019073486,Tue Aug 11 2026 10:09:45 GMT-0400 (Eastern Daylight Time),259866.59999999963,A,t,I,t,1937,2,1950.0999999996275,257916.5,9062,WL,A,10.0
2,26.033999919891357,learn,33966.00008010864,Tue Aug 11 2026 10:09:45 GMT-0400 (Eastern Daylight Time),259949.7999999998,A,tr,I,r,72,2,2033.2999999998137,257916.5,9062,WL,A,10.0
2,26.233999967575073,learn,33766.00003242493,Tue Aug 11 2026 10:09:45 GMT-0400 (Eastern Daylight Time),260149.7999999998,A,tra,I,a,181,2,2233.2999999998137,257916.5,9062,WL,A,10.0
2,26.316999912261963,learn,33683.00008773804,Tue Aug 11 2026 10:09:45 GMT-0400 (Eastern Daylight Time),260233.2000000002,A,trai,I,i,60,2,2316.7000000001863,257916.5,9062,WL,A,10.0
2,26.43400001525879,learn,33565.99998474121,Tue Aug 11 2026 10:09:45 GMT-0400 (Eastern Daylight Time),260349.7000000002,A,train,I,n,97,2,2433.2000000001863,257916.5,9062,WL,A,10.0
2,27.93400001525879,learn,32065.99998474121,Tue Aug 11 2026 10:09:45 GMT-0400 (Eastern Daylight Time),261849.7999999998,A,trai,I,backspace,1471,2,3933.2999999998137,257916.5,9062,WL,A,10.0
2,28.08299994468689,learn,31917.00005531311,Tue Aug 11 2026 10:09:45 GMT-0400 (Eastern Daylight Time),261999.2000000002,A,tra,I,backspace,134,2,4082.7000000001863,257916.5,9062,WL,A,10.0
2,28.217000007629395,learn,31782.999992370605,Tue Aug 11 2026 10:09:45 GMT-0400 (Eastern Daylight Time),262132.7999999998,A,tr,I,backspace,119,2,4216.299999999814,257916.5,9062,WL,A,10.0
2,28.34999990463257,learn,31650.00009536743,Tue Aug 11 2026 10:09:45 GMT-0400 (Eastern Daylight Time),262266.0999999996,A,t,I,backspace,110,2,4349.5999999996275,257916.5,9062,WL,A,10.0
2,28.449999809265137,learn,31550.000190734863,Tue Aug 11 2026 10:09:45 GMT-0400 (Eastern Daylight Time),262365.9000000004,A,,I,backspace,90,2,4449.4000000003725,257916.5,9062,WL,A,10.0
2,30.75,learn,29250.0,Tue Aug 11 2026 10:09:45 GMT-0400 (Eastern Daylight Time),264666.7000000002,A,g,I,g,2288,2,6750.200000000186,257916.5,9062,WL,A,10.0
2,30.883999824523926,learn,29116.000175476074,Tue Aug 11 2026 10:09:45 GMT-0400 (Eastern Daylight Time),264799.7999999998,A,go,I,o,112,2,6883.299999999814,257916.5,9062,WL,A,10.0
2,31.033999919891357,learn,28966.000080108643,Tue Aug 11 2026 10:09:45 GMT-0400 (Eastern Daylight Time),264949.7000000002,A,gol,I,l,133,2,7033.200000000186,257916.5,9062,WL,A,10.0
2,31.366999864578247,learn,28633.000135421753,Tue Aug 11 2026 10:09:45 GMT-0400 (Eastern Daylight Time),265283.0999999996,A,gold,I,d,301,2,7366.5999999996275,257916.5,9062,WL,A,10.0
2,31.549999952316284,learn,28450.000047683716,Tue Aug 11 2026 10:09:45 GMT-0400 (Eastern Daylight Time),265466.2000000002,A,goldenter,I,enter,159,2,7549.700000000186,257916.5,9062,WL,A,10.0
2,32.11699986457825,learn,27883.000135421753,Tue Aug 11 2026 10:09:45 GMT-0400 (Eastern Daylight Time),266033.4000000004,A,c,I,c,547,2,566.8000000007451,265466.5999999996,9062,WL,A,11.0
2,32.31699991226196,learn,27683.000087738037,Tue Aug 11 2026 10:09:45 GMT-0400 (Eastern Daylight Time),266233.0,A,ch,I,h,177,2,766.4000000003725,265466.5999999996,9062,WL,A,11.0
2,32.41699981689453,learn,27583.00018310547,Tue Aug 11 2026 10:09:45 GMT-0400 (Eastern Daylight Time),266333.2999999998,A,chi,I,i,85,2,866.7000000001863,265466.5999999996,9062,WL,A,11.0
2,32.64999985694885,learn,27350.000143051147,Tue Aug 11 2026 10:09:45 GMT-0400 (Eastern Daylight Time),266566.5,A,chim,I,m,214,2,1099.9000000003725,265466.5999999996,9062,WL,A,11.0
2,32.81699991226196,learn,27183.000087738037,Tue Aug 11 2026 10:09:45 GMT-0400 (Eastern Daylight Time),266733.0999999996,A,chimn,I,n,146,2,1266.5,265466.5999999996,9062,WL,A,11.0
2,32.98399996757507,learn,27016.000032424927,Tue Aug 11 2026 10:09:45 GMT-0400 (Eastern Daylight Time),266899.9000000004,A,chimne,I,e,141,2,1433.300000000745,265466.5999999996,9062,WL,A,11.0
2,33.09999990463257,learn,26900.00009536743,Tue Aug 11 2026 10:09:45 GMT-0400 (Eastern Daylight Time),267016.5999999996,A,chimney,I,y,95,2,1550.0,265466.5999999996,9062,WL,A,11.0
2,33.48299980163574,learn,26517.000198364258,Tue Aug 11 2026 10:09:45 GMT-0400 (Eastern Daylight Time),267399.2999999998,A,chimneyenter,I,enter,352,2,1932.7000000001863,265466.5999999996,9062,WL,A,11.0
2,35.28399991989136,learn,24716.000080108643,Tue Aug 11 2026 10:09:45 GMT-0400 (Eastern Daylight Time),269199.9000000004,A,g,I,g,1791,2,1800.300000000745,267399.5999999996,9062,WL,A,12.0
2,35.36699986457825,learn,24633.000135421753,Tue Aug 11 2026 10:09:45 GMT-0400 (Eastern Daylight Time),269282.9000000004,A,go,I,o,56,2,1883.300000000745,267399.5999999996,9062,WL,A,12.0
2,35.78399991989136,learn,24216.000080108643,Tue Aug 11 2026 10:09:45 GMT-0400 (Eastern Daylight Time),269699.9000000004,A,gol,I,l,392,2,2300.300000000745,267399.5999999996,9062,WL,A,12.0
2,35.95099997520447,learn,24049.000024795532,Tue Aug 11 2026 10:09:45 GMT-0400 (Eastern Daylight Time),269866.7000000002,A,gold,I,d,142,2,2467.100000000559,267399.5999999996,9062,WL,A,12.0
2,36.08399987220764,learn,23916.00012779236,Tue Aug 11 2026 10:09:45 GMT-0400 (Eastern Daylight Time),270000.5,A,goldenter,I,enter,113,2,2600.9000000003725,267399.5999999996,9062,WL,A,12.0
2,39.31699991226196,learn,20683.000087738037,Tue Aug 11 2026 10:09:45 GMT-0400 (Eastern Daylight Time),273233.0999999996,A,r,I,r,3212,2,3232.2999999998137,270000.7999999998,9062,WL,A,13.0
2,39.43400001525879,learn,20565.99998474121,Tue Aug 11 2026 10:09:45 GMT-0400 (Eastern Daylight Time),273349.7999999998,A,ra,I,a,105,2,3349.0,270000.7999999998,9062,WL,A,13.0
2,39.66699981689453,learn,20333.00018310547,Tue Aug 11 2026 10:09:45 GMT-0400 (Eastern Daylight Time),273583.2000000002,A,rat,I,t,213,2,3582.4000000003725,270000.7999999998,9062,WL,A,13.0
2,39.799999952316284,learn,20200.000047683716,Tue Aug 11 2026 10:09:45 GMT-0400 (Eastern Daylight Time),273716.5999999996,A,ratt,I,t,115,2,3715.7999999998137,270000.7999999998,9062,WL,A,13.0
2,39.89999985694885,learn,20100.000143051147,Tue Aug 11 2026 10:09:45 GMT-0400 (Eastern Daylight Time),273816.5,A,rattl,I,l,79,2,3815.7000000001863,270000.7999999998,9062,WL,A,13.0
2,40.01699995994568,learn,19983.00004005432,Tue Aug 11 2026 10:09:45 GMT-0400 (Eastern Daylight Time),273933.0,A,rattle,I,e,98,2,3932.2000000001863,270000.7999999998,9062,WL,A,13.0
2,40.299999952316284,learn,19700.000047683716,Tue Aug 11 2026 10:09:45 GMT-0400 (Eastern Daylight Time),274216.2000000002,A,rattleenter,I,enter,262,2,4215.4000000003725,270000.7999999998,9062,WL,A,13.0
2,41.049999952316284,learn,18950.000047683716,Tue Aug 11 2026 10:09:45 GMT-0400 (Eastern Daylight Time),274966.5999999996,A,k,I,k,741,2,750.0999999996275,274216.5,9062,WL,A,14.0
2,41.28399991989136,learn,18716.000080108643,Tue Aug 11 2026 10:09:45 GMT-0400 (Eastern Daylight Time),275199.9000000004,A,ke,I,e,210,2,983.4000000003725,274216.5,9062,WL,A,14.0
2,41.53399991989136,learn,18466.000080108643,Tue Aug 11 2026 10:09:45 GMT-0400 (Eastern Daylight Time),275449.9000000004,A,key,I,y,219,2,1233.4000000003725,274216.5,9062,WL,A,14.0
2,42.34999990463257,learn,17650.00009536743,Tue Aug 11 2026 10:09:45 GMT-0400 (Eastern Daylight Time),276266.2000000002,A,keyenter,I,enter,792,2,2049.7000000001863,274216.5,9062,WL,A,14.0
2,42.66699981689453,learn,17333.00018310547,Tue Aug 11 2026 10:09:45 GMT-0400 (Eastern Daylight Time),276583.0999999996,A,l,I,l,299,2,316.5,276266.5999999996,9062,WL,A,15.0
2,42.83399987220764,learn,17166.00012779236,Tue Aug 11 2026 10:09:45 GMT-0400 (Eastern Daylight Time),276749.9000000004,A,lo,I,o,148,2,483.30000000074506,276266.5999999996,9062,WL,A,15.0
2,42.967000007629395,learn,17032.999992370605,Tue Aug 11 2026 10:09:45 GMT-0400 (Eastern Daylight Time),276883.2000000002,A,log,I,g,108,2,616.6000000005588,276266.5999999996,9062,WL,A,15.0
2,43.14999985694885,learn,16850.000143051147,Tue Aug 11 2026 10:09:45 GMT-0400 (Eastern Daylight Time),277066.2000000002,A,logenter,I,enter,159,2,799.6000000005588,276266.5999999996,9062,WL,A,15.0
3,0.8840000629425049,learn,59115.999937057495,Tue Aug 11 2026 10:09:45 GMT-0400 (Eastern Daylight Time),344183.2000000002,A,b,I,b,872,2,883.1000000005588,343300.0999999996,9062,WL,A,1.0
3,1.2669999599456787,learn,58733.00004005432,Tue Aug 11 2026 10:09:45 GMT-0400 (Eastern Daylight Time),344566.4000000004,A,bo,I,o,361,2,1266.300000000745,343300.0999999996,9062,WL,A,1.0
3,1.3840000629425049,learn,58615.999937057495,Tue Aug 11 2026 10:09:45 GMT-0400 (Eastern Daylight Time),344683.2999999998,A,boo,I,o,99,2,1383.2000000001863,343300.0999999996,9062,WL,A,1.0
3,1.6010000705718994,learn,58398.9999294281,Tue Aug 11 2026 10:09:45 GMT-0400 (Eastern Daylight Time),344899.7999999998,A,book,I,k,191,2,1599.7000000001863,343300.0999999996,9062,WL,A,1.0
3,2.1670000553131104,learn,57832.99994468689,Tue Aug 11 2026 10:09:45 GMT-0400 (Eastern Daylight Time),345466.0999999996,A,bookenter,I,enter,551,2,2166.0,343300.0999999996,9062,WL,A,1.0
3,2.5169999599456787,learn,57483.00004005432,Tue Aug 11 2026 10:09:45 GMT-0400 (Eastern Daylight Time),345816.5,A,f,I,f,338,2,350.0,345466.5,9062,WL,A,2.0
3,2.634000062942505,learn,57365.999937057495,Tue Aug 11 2026 10:09:45 GMT-0400 (Eastern Daylight Time),345932.9000000004,A,fl,I,l,106,2,466.40000000037253,345466.5,9062,WL,A,2.0
3,2.7839999198913574,learn,57216.00008010864,Tue Aug 11 2026 10:09:45 GMT-0400 (Eastern Daylight Time),346083.2000000002,A,flo,I,o,126,2,616.7000000001863,345466.5,9062,WL,A,2.0
3,2.884000062942505,learn,57115.999937057495,Tue Aug 11 2026 10:09:45 GMT-0400 (Eastern Daylight Time),346183.2000000002,A,flow,I,w,77,2,716.7000000001863,345466.5,9062,WL,A,2.0
3,3.1010000705718994,learn,56898.9999294281,Tue Aug 11 2026 10:09:45 GMT-0400 (Eastern Daylight Time),346399.9000000004,A,flowe,I,e,195,2,933.4000000003725,345466.5,9062,WL,A,2.0
3,3.2339999675750732,learn,56766.00003242493,Tue Aug 11 2026 10:09:45 GMT-0400 (Eastern Daylight Time),346533.0,A,flower,I,r,107,2,1066.5,345466.5,9062,WL,A,2.0
3,4.066999912261963,learn,55933.00008773804,Tue Aug 11 2026 10:09:45 GMT-0400 (Eastern Daylight Time),347366.0999999996,A,flowerenter,I,enter,813,2,1899.5999999996275,345466.5,9062,WL,A,2.0
3,4.849999904632568,learn,55150.00009536743,Tue Aug 11 2026 10:09:45 GMT-0400 (Eastern Daylight Time),348149.7000000002,A,t,I,t,775,2,783.2000000001863,347366.5,9062,WL,A,3.0
3,4.900000095367432,learn,55099.99990463257,Tue Aug 11 2026 10:09:45 GMT-0400 (Eastern Daylight Time),348199.4000000004,A,tr,I,r,33,2,832.9000000003725,347366.5,9062,WL,A,3.0
3,5.250999927520752,learn,54749.00007247925,Tue Aug 11 2026 10:09:45 GMT-0400 (Eastern Daylight Time),348549.7000000002,A,tra,I,a,341,2,1183.2000000001863,347366.5,9062,WL,A,3.0
3,5.351000070571899,learn,54648.9999294281,Tue Aug 11 2026 10:09:45 GMT-0400 (Eastern Daylight Time),348649.7999999998,A,trai,I,i,77,2,1283.2999999998137,347366.5,9062,WL,A,3.0
3,5.500999927520752,learn,54499.00007247925,Tue Aug 11 2026 10:09:45 GMT-0400 (Eastern Daylight Time),348799.9000000004,A,train,I,n,129,2,1433.4000000003725,347366.5,9062,WL,A,3.0
3,6.283999919891357,learn,53716.00008010864,Tue Aug 11 2026 10:09:45 GMT-0400 (Eastern Daylight Time),349582.7999999998,A,trainenter,I,enter,769,2,2216.2999999998137,347366.5,9062,WL,A,3.0
3,6.650000095367432,learn,53349.99990463257,Tue Aug 11 2026 10:09:45 GMT-0400 (Eastern Daylight Time),349949.5999999996,A,r,I,r,358,2,366.5,349583.0999999996,9062,WL,A,4.0
3,6.851000070571899,learn,53148.9999294281,Tue Aug 11 2026 10:09:45 GMT-0400 (Eastern Daylight Time),350149.9000000004,A,ru,I,u,181,2,566.8000000007451,349583.0999999996,9062,WL,A,4.0
3,7.151000022888184,learn,52848.99997711182,Tue Aug 11 2026 10:09:45 GMT-0400 (Eastern Daylight Time),350449.7999999998,A,rug,I,g,269,2,866.7000000001863,349583.0999999996,9062,WL,A,4.0
3,7.384000062942505,learn,52615.999937057495,Tue Aug 11 2026 10:09:45 GMT-0400 (Eastern Daylight Time),350682.7000000002,A,rugenter,I,enter,207,2,1099.6000000005588,349583.0999999996,9062,WL,A,4.0
3,8.000999927520752,learn,51999.00007247925,Tue Aug 11 2026 10:09:45 GMT-0400 (Eastern Daylight Time),351299.7999999998,A,m,I,m,595,2,616.7000000001863,350683.0999999996,9062,WL,A,5.0
3,8.099999904632568,learn,51900.00009536743,Tue Aug 11 2026 10:09:45 GMT-0400 (Eastern Daylight Time),351399.2000000002,A,me,I,e,79,2,716.1000000005588,350683.0999999996,9062,WL,A,5.0
3,8.301000118255615,learn,51698.999881744385,Tue Aug 11 2026 10:09:45 GMT-0400 (Eastern Daylight Time),351599.7999999998,A,mea,I,a,182,2,916.7000000001863,350683.0999999996,9062,WL,A,5.0
3,8.450999975204468,learn,51549.00002479553,Tue Aug 11 2026 10:09:45 GMT-0400 (Eastern Daylight Time),351749.7999999998,A,mead,I,d,138,2,1066.7000000001863,350683.0999999996,9062,WL,A,5.0
3,8.617000102996826,learn,51382.999897003174,Tue Aug 11 2026 10:09:45 GMT-0400 (Eastern Daylight Time),351916.5,A,meado,I,o,149,2,1233.4000000003725,350683.0999999996,9062,WL,A,5.0
3,8.783999919891357,learn,51216.00008010864,Tue Aug 11 2026 10:09:45 GMT-0400 (Eastern Daylight Time),352083.0,A,meadow,I,w,143,2,1399.9000000003725,350683.0999999996,9062,WL,A,5.0
3,9.016999959945679,learn,50983.00004005432,Tue Aug 11 2026 10:09:45 GMT-0400 (Eastern Daylight Time),352316.0,A,meadowenter,I,enter,206,2,1632.9000000003725,350683.0999999996,9062,WL,A,5.0
3,10.41700005531311,learn,49582.99994468689,Tue Aug 11 2026 10:09:45 GMT-0400 (Eastern Daylight Time),353716.5,A,h,I,h,1387,2,1400.0999999996275,352316.4000000004,9062,WL,A,6.0
3,10.816999912261963,learn,49183.00008773804,Tue Aug 11 2026 10:09:45 GMT-0400 (Eastern Daylight Time),354116.5999999996,A,ha,I,a,373,2,1800.199999999255,352316.4000000004,9062,WL,A,6.0
3,11.08400011062622,learn,48915.99988937378,Tue Aug 11 2026 10:09:45 GMT-0400 (Eastern Daylight Time),354383.0999999996,A,har,I,r,254,2,2066.699999999255,352316.4000000004,9062,WL,A,6.0
3,11.250999927520752,learn,48749.00007247925,Tue Aug 11 2026 10:09:45 GMT-0400 (Eastern Daylight Time),354549.7999999998,A,harp,I,p,145,2,2233.399999999441,352316.4000000004,9062,WL,A,6.0
3,11.900000095367432,learn,48099.99990463257,Tue Aug 11 2026 10:09:45 GMT-0400 (Eastern Daylight Time),355199.4000000004,A,harpenter,I,enter,636,2,2883.0,352316.4000000004,9062,WL,A,6.0
3,12.316999912261963,learn,47683.00008773804,Tue Aug 11 2026 10:09:45 GMT-0400 (Eastern Daylight Time),355616.4000000004,A,s,I,s,406,2,416.70000000018626,355199.7000000002,9062,WL,A,7.0
3,12.434000015258789,learn,47565.99998474121,Tue Aug 11 2026 10:09:45 GMT-0400 (Eastern Daylight Time),355733.0,A,sa,I,a,98,2,533.2999999998137,355199.7000000002,9062,WL,A,7.0
3,12.58400011062622,learn,47415.99988937378,Tue Aug 11 2026 10:09:45 GMT-0400 (Eastern Daylight Time),355883.2000000002,A,sal,I,l,133,2,683.5,355199.7000000002,9062,WL,A,7.0
3,12.867000102996826,learn,47132.999897003174,Tue Aug 11 2026 10:09:45 GMT-0400 (Eastern Daylight Time),356166.5,A,salt,I,t,261,2,966.7999999998137,355199.7000000002,9062,WL,A,7.0
3,14.0,learn,46000.0,Tue Aug 11 2026 10:09:45 GMT-0400 (Eastern Daylight Time),357299.2000000002,A,saltenter,I,enter,1107,2,2099.5,355199.7000000002,9062,WL,A,7.0
3,14.483999967575073,learn,45516.00003242493,Tue Aug 11 2026 10:09:45 GMT-0400 (Eastern Daylight Time),357783.2000000002,A,f,I,f,474,2,483.6000000005588,357299.5999999996,9062,WL,A,8.0
3,14.549999952316284,learn,45450.000047683716,Tue Aug 11 2026 10:09:45 GMT-0400 (Eastern Daylight Time),357849.5,A,fi,I,i,42,2,549.9000000003725,357299.5999999996,9062,WL,A,8.0
3,14.700999975204468,learn,45299.00002479553,Tue Aug 11 2026 10:09:45 GMT-0400 (Eastern Daylight Time),357999.7999999998,A,fin,I,n,130,2,700.2000000001863,357299.5999999996,9062,WL,A,8.0
3,14.849999904632568,learn,45150.00009536743,Tue Aug 11 2026 10:09:45 GMT-0400 (Eastern Daylight Time),358149.7000000002,A,fing,I,g,131,2,850.1000000005588,357299.5999999996,9062,WL,A,8.0
3,15.033999919891357,learn,44966.00008010864,Tue Aug 11 2026 10:09:45 GMT-0400 (Eastern Daylight Time),358333.0,A,finge,I,e,172,2,1033.4000000003725,357299.5999999996,9062,WL,A,8.0
3,15.151000022888184,learn,44848.99997711182,Tue Aug 11 2026 10:09:45 GMT-0400 (Eastern Daylight Time),358449.7999999998,A,finger,I,r,87,2,1150.2000000001863,357299.5999999996,9062,WL,A,8.0
3,15.434000015258789,learn,44565.99998474121,Tue Aug 11 2026 10:09:45 GMT-0400 (Eastern Daylight Time),358732.7000000002,A,fingerenter,I,enter,265,2,1433.1000000005588,357299.5999999996,9062,WL,A,8.0
3,16.01799988746643,learn,43982.00011253357,Tue Aug 11 2026 10:09:45 GMT-0400 (Eastern Daylight Time),359316.7999999998,A,a,I,a,577,2,583.7000000001863,358733.0999999996,9062,WL,A,9.0
3,16.217000007629395,learn,43782.999992370605,Tue Aug 11 2026 10:09:45 GMT-0400 (Eastern Daylight Time),359516.5999999996,A,ap,I,p,182,2,783.5,358733.0999999996,9062,WL,A,9.0
3,16.3510000705719,learn,43648.9999294281,Tue Aug 11 2026 10:09:45 GMT-0400 (Eastern Daylight Time),359649.7000000002,A,app,I,p,102,2,916.6000000005588,358733.0999999996,9062,WL,A,9.0
3,16.500999927520752,learn,43499.00007247925,Tue Aug 11 2026 10:09:45 GMT-0400 (Eastern Daylight Time),359799.7000000002,A,appl,I,l,130,2,1066.6000000005588,358733.0999999996,9062,WL,A,9.0
3,16.68400001525879,learn,43315.99998474121,Tue Aug 11 2026 10:09:45 GMT-0400 (Eastern Daylight Time),359983.2999999998,A,apple,I,e,155,2,1250.2000000001863,358733.0999999996,9062,WL,A,9.0
3,18.033999919891357,learn,41966.00008010864,Tue Aug 11 2026 10:09:45 GMT-0400 (Eastern Daylight Time),361332.7999999998,A,appleenter,I,enter,1335,2,2599.7000000001863,358733.0999999996,9062,WL,A,9.0
3,19.901000022888184,learn,40098.99997711182,Tue Aug 11 2026 10:09:45 GMT-0400 (Eastern Daylight Time),363199.7000000002,A,c,I,c,1849,2,1866.6000000005588,361333.0999999996,9062,WL,A,10.0
3,20.01699995994568,learn,39983.00004005432,Tue Aug 11 2026 10:09:45 GMT-0400 (Eastern Daylight Time),363316.5999999996,A,ch,I,h,91,2,1983.5,361333.0999999996,9062,WL,A,10.0
3,20.233999967575073,learn,39766.00003242493,Tue Aug 11 2026 10:09:45 GMT-0400 (Eastern Daylight Time),363533.0,A,chi,I,i,190,2,2199.9000000003725,361333.0999999996,9062,WL,A,10.0
3,20.51699995994568,learn,39483.00004005432,Tue Aug 11 2026 10:09:45 GMT-0400 (Eastern Daylight Time),363816.5,A,chim,I,m,270,2,2483.4000000003725,361333.0999999996,9062,WL,A,10.0
3,21.000999927520752,learn,38999.00007247925,Tue Aug 11 2026 10:09:45 GMT-0400 (Eastern Daylight Time),364299.7999999998,A,chimn,I,n,458,2,2966.7000000001863,361333.0999999996,9062,WL,A,10.0
3,21.151000022888184,learn,38848.99997711182,Tue Aug 11 2026 10:09:45 GMT-0400 (Eastern Daylight Time),364449.7999999998,A,chimne,I,e,126,2,3116.7000000001863,361333.0999999996,9062,WL,A,10.0
3,21.283999919891357,learn,38716.00008010864,Tue Aug 11 2026 10:09:45 GMT-0400 (Eastern Daylight Time),364583.0999999996,A,chimney,I,y,118,2,3250.0,361333.0999999996,9062,WL,A,10.0
3,21.967000007629395,learn,38032.999992370605,Tue Aug 11 2026 10:09:45 GMT-0400 (Eastern Daylight Time),365266.0999999996,A,chimneyenter,I,enter,652,2,3933.0,361333.0999999996,9062,WL,A,10.0
3,24.217999935150146,learn,35782.00006484985,Tue Aug 11 2026 10:09:45 GMT-0400 (Eastern Daylight Time),367516.7000000002,A,b,I,b,2242,2,2250.2000000001863,365266.5,9062,WL,A,11.0
3,24.551000118255615,learn,35448.999881744385,Tue Aug 11 2026 10:09:45 GMT-0400 (Eastern Daylight Time),367849.7999999998,A,bu,I,u,309,2,2583.2999999998137,365266.5,9062,WL,A,11.0
3,24.816999912261963,learn,35183.00008773804,Tue Aug 11 2026 10:09:45 GMT-0400 (Eastern Daylight Time),368116.5999999996,A,but,I,t,241,2,2850.0999999996275,365266.5,9062,WL,A,11.0
3,24.950999975204468,learn,35049.00002479553,Tue Aug 11 2026 10:09:45 GMT-0400 (Eastern Daylight Time),368249.7999999998,A,butt,I,t,109,2,2983.2999999998137,365266.5,9062,WL,A,11.0
3,25.033999919891357,learn,34966.00008010864,Tue Aug 11 2026 10:09:45 GMT-0400 (Eastern Daylight Time),368332.7000000002,A,butto,I,o,57,2,3066.2000000001863,365266.5,9062,WL,A,11.0
3,25.200999975204468,learn,34799.00002479553,Tue Aug 11 2026 10:09:45 GMT-0400 (Eastern Daylight Time),368499.7999999998,A,button,I,n,143,2,3233.2999999998137,365266.5,9062,WL,A,11.0
3,26.16700005531311,learn,33832.99994468689,Tue Aug 11 2026 10:09:45 GMT-0400 (Eastern Daylight Time),369466.2000000002,A,buttonenter,I,enter,941,2,4199.700000000186,365266.5,9062,WL,A,11.0
3,28.950999975204468,learn,31049.000024795532,Tue Aug 11 2026 10:09:45 GMT-0400 (Eastern Daylight Time),372249.7999999998,A,k,I,k,2771,2,2783.399999999441,369466.4000000004,9062,WL,A,12.0
3,29.16700005531311,learn,30832.99994468689,Tue Aug 11 2026 10:09:45 GMT-0400 (Eastern Daylight Time),372466.4000000004,A,ke,I,e,200,2,3000.0,369466.4000000004,9062,WL,A,12.0
3,29.33400011062622,learn,30665.99988937378,Tue Aug 11 2026 10:09:45 GMT-0400 (Eastern Daylight Time),372633.0999999996,A,key,I,y,137,2,3166.699999999255,369466.4000000004,9062,WL,A,12.0
3,29.76699995994568,learn,30233.00004005432,Tue Aug 11 2026 10:09:45 GMT-0400 (Eastern Daylight Time),373066.0999999996,A,keyenter,I,enter,400,2,3599.699999999255,369466.4000000004,9062,WL,A,12.0
3,30.117000102996826,learn,29882.999897003174,Tue Aug 11 2026 10:09:45 GMT-0400 (Eastern Daylight Time),373416.4000000004,A,l,I,l,339,2,350.0,373066.4000000004,9062,WL,A,13.0
3,30.316999912261963,learn,29683.000087738037,Tue Aug 11 2026 10:09:45 GMT-0400 (Eastern Daylight Time),373616.5,A,lo,I,o,180,2,550.0999999996275,373066.4000000004,9062,WL,A,13.0
3,30.566999912261963,learn,29433.000087738037,Tue Aug 11 2026 10:09:45 GMT-0400 (Eastern Daylight Time),373866.5,A,log,I,g,225,2,800.0999999996275,373066.4000000004,9062,WL,A,13.0
3,30.783999919891357,learn,29216.000080108643,Tue Aug 11 2026 10:09:45 GMT-0400 (Eastern Daylight Time),374082.9000000004,A,logenter,I,enter,186,2,1016.5,373066.4000000004,9062,WL,A,13.0
3,33.867000102996826,learn,26132.999897003174,Tue Aug 11 2026 10:09:45 GMT-0400 (Eastern Daylight Time),377166.5,A,g,I,g,3067,2,3083.2999999998137,374083.2000000002,9062,WL,A,14.0
3,34.3510000705719,learn,25648.9999294281,Tue Aug 11 2026 10:09:45 GMT-0400 (Eastern Daylight Time),377649.7999999998,A,go,I,o,467,2,3566.5999999996275,374083.2000000002,9062,WL,A,14.0
3,34.73399996757507,learn,25266.000032424927,Tue Aug 11 2026 10:09:45 GMT-0400 (Eastern Daylight Time),378033.0999999996,A,gol,I,l,359,2,3949.899999999441,374083.2000000002,9062,WL,A,14.0
3,35.467000007629395,learn,24532.999992370605,Tue Aug 11 2026 10:09:45 GMT-0400 (Eastern Daylight Time),378766.4000000004,A,gold,I,d,722,2,4683.200000000186,374083.2000000002,9062,WL,A,14.0
3,36.117000102996826,learn,23882.999897003174,Tue Aug 11 2026 10:09:45 GMT-0400 (Eastern Daylight Time),379416.0,A,goldenter,I,enter,636,2,5332.799999999814,374083.2000000002,9062,WL,A,14.0
3,37.217000007629395,learn,22782.999992370605,Tue Aug 11 2026 10:09:45 GMT-0400 (Eastern Daylight Time),380516.2999999998,A,s,I,s,1085,2,1099.8999999994412,379416.4000000004,9062,WL,A,15.0
3,37.31699991226196,learn,22683.000087738037,Tue Aug 11 2026 10:09:45 GMT-0400 (Eastern Daylight Time),380616.5,A,sa,I,a,78,2,1200.0999999996275,379416.4000000004,9062,WL,A,15.0
3,37.551000118255615,learn,22448.999881744385,Tue Aug 11 2026 10:09:45 GMT-0400 (Eastern Daylight Time),380849.7000000002,A,sal,I,l,211,2,1433.2999999998137,379416.4000000004,9062,WL,A,15.0
3,37.717000007629395,learn,22282.999992370605,Tue Aug 11 2026 10:09:45 GMT-0400 (Eastern Daylight Time),381016.4000000004,A,salt,I,t,152,2,1600.0,379416.4000000004,9062,WL,A,15.0
3,37.90000009536743,learn,22099.99990463257,Tue Aug 11 2026 10:09:45 GMT-0400 (Eastern Daylight Time),381199.4000000004,A,saltenter,I,enter,162,2,1783.0,379416.4000000004,9062,WL,A,15.0
4,1.4500000476837158,learn,58549.999952316284,Tue Aug 11 2026 10:09:45 GMT-0400 (Eastern Daylight Time),448466.4000000004,A,b,I,b,1427,2,1449.6000000005588,447016.7999999998,9062,WL,A,1.0
4,2.200000047683716,learn,57799.999952316284,Tue Aug 11 2026 10:09:45 GMT-0400 (Eastern Daylight Time),449216.2999999998,A,bo,I,o,726,2,2199.5,447016.7999999998,9062,WL,A,1.0
4,2.299999952316284,learn,57700.000047683716,Tue Aug 11 2026 10:09:45 GMT-0400 (Eastern Daylight Time),449316.4000000004,A,boo,I,o,75,2,2299.600000000559,447016.7999999998,9062,WL,A,1.0
4,2.384000062942505,learn,57615.999937057495,Tue Aug 11 2026 10:09:45 GMT-0400 (Eastern Daylight Time),449399.7000000002,A,book,I,k,69,2,2382.9000000003725,447016.7999999998,9062,WL,A,1.0
4,2.9830000400543213,learn,57016.99995994568,Tue Aug 11 2026 10:09:45 GMT-0400 (Eastern Daylight Time),449999.4000000004,A,bookenter,I,enter,570,2,2982.600000000559,447016.7999999998,9062,WL,A,1.0
4,3.299999952316284,learn,56700.000047683716,Tue Aug 11 2026 10:09:45 GMT-0400 (Eastern Daylight Time),450316.5999999996,A,f,I,f,310,2,316.79999999981374,449999.7999999998,9062,WL,A,2.0
4,3.433000087738037,learn,56566.99991226196,Tue Aug 11 2026 10:09:45 GMT-0400 (Eastern Daylight Time),450449.5999999996,A,fl,I,l,117,2,449.79999999981374,449999.7999999998,9062,WL,A,2.0
4,3.5829999446868896,learn,56417.00005531311,Tue Aug 11 2026 10:09:45 GMT-0400 (Eastern Daylight Time),450599.5999999996,A,flo,I,o,130,2,599.7999999998137,449999.7999999998,9062,WL,A,2.0
4,3.6670000553131104,learn,56332.99994468689,Tue Aug 11 2026 10:09:45 GMT-0400 (Eastern Daylight Time),450683.0999999996,A,flow,I,w,58,2,683.2999999998137,449999.7999999998,9062,WL,A,2.0
4,3.882999897003174,learn,56117.000102996826,Tue Aug 11 2026 10:09:45 GMT-0400 (Eastern Daylight Time),450899.7000000002,A,flowe,I,e,192,2,899.9000000003725,449999.7999999998,9062,WL,A,2.0
4,4.016999959945679,learn,55983.00004005432,Tue Aug 11 2026 10:09:45 GMT-0400 (Eastern Daylight Time),451033.0,A,flower,I,r,119,2,1033.2000000001863,449999.7999999998,9062,WL,A,2.0
4,4.882999897003174,learn,55117.000102996826,Tue Aug 11 2026 10:09:45 GMT-0400 (Eastern Daylight Time),451899.2999999998,A,flowerenter,I,enter,846,2,1899.5,449999.7999999998,9062,WL,A,2.0
4,5.266999959945679,learn,54733.00004005432,Tue Aug 11 2026 10:09:45 GMT-0400 (Eastern Daylight Time),452282.9000000004,A,t,I,t,370,2,383.1000000005588,451899.7999999998,9062,WL,A,3.0
4,5.349999904632568,learn,54650.00009536743,Tue Aug 11 2026 10:09:45 GMT-0400 (Eastern Daylight Time),452366.2999999998,A,tr,I,r,71,2,466.5,451899.7999999998,9062,WL,A,3.0
4,5.549999952316284,learn,54450.000047683716,Tue Aug 11 2026 10:09:45 GMT-0400 (Eastern Daylight Time),452566.2999999998,A,tra,I,a,188,2,666.5,451899.7999999998,9062,WL,A,3.0
4,5.66700005531311,learn,54332.99994468689,Tue Aug 11 2026 10:09:45 GMT-0400 (Eastern Daylight Time),452683.2999999998,A,trai,I,i,92,2,783.5,451899.7999999998,9062,WL,A,3.0
4,5.733000040054321,learn,54266.99995994568,Tue Aug 11 2026 10:09:45 GMT-0400 (Eastern Daylight Time),452749.4000000004,A,train,I,n,56,2,849.6000000005588,451899.7999999998,9062,WL,A,3.0
4,6.25,learn,53750.0,Tue Aug 11 2026 10:09:45 GMT-0400 (Eastern Daylight Time),453266.0,A,trainenter,I,enter,498,2,1366.2000000001863,451899.7999999998,9062,WL,A,3.0
4,6.617000102996826,learn,53382.999897003174,Tue Aug 11 2026 10:09:45 GMT-0400 (Eastern Daylight Time),453633.0,A,r,I,r,355,2,366.70000000018626,453266.2999999998,9062,WL,A,4.0
4,6.816999912261963,learn,53183.00008773804,Tue Aug 11 2026 10:09:45 GMT-0400 (Eastern Daylight Time),453833.0999999996,A,ru,I,u,184,2,566.7999999998137,453266.2999999998,9062,WL,A,4.0
4,7.049999952316284,learn,52950.000047683716,Tue Aug 11 2026 10:09:45 GMT-0400 (Eastern Daylight Time),454066.4000000004,A,rug,I,g,209,2,800.1000000005588,453266.2999999998,9062,WL,A,4.0
4,9.117000102996826,learn,50882.999897003174,Tue Aug 11 2026 10:09:45 GMT-0400 (Eastern Daylight Time),456132.7999999998,A,rugenter,I,enter,2046,2,2866.5,453266.2999999998,9062,WL,A,4.0
4,10.516999959945679,learn,49483.00004005432,Tue Aug 11 2026 10:09:45 GMT-0400 (Eastern Daylight Time),457533.0999999996,A,s,I,s,1385,2,1400.0999999996275,456133.0,9062,WL,A,5.0
4,10.650000095367432,learn,49349.99990463257,Tue Aug 11 2026 10:09:45 GMT-0400 (Eastern Daylight Time),457666.2000000002,A,sa,I,a,115,2,1533.2000000001863,456133.0,9062,WL,A,5.0
4,10.799999952316284,learn,49200.000047683716,Tue Aug 11 2026 10:09:45 GMT-0400 (Eastern Daylight Time),457816.2999999998,A,sal,I,l,137,2,1683.2999999998137,456133.0,9062,WL,A,5.0
4,11.049999952316284,learn,48950.000047683716,Tue Aug 11 2026 10:09:45 GMT-0400 (Eastern Daylight Time),458066.2999999998,A,salt,I,t,234,2,1933.2999999998137,456133.0,9062,WL,A,5.0
4,11.516000032424927,learn,48483.99996757507,Tue Aug 11 2026 10:09:45 GMT-0400 (Eastern Daylight Time),458532.5999999996,A,saltenter,I,enter,447,2,2399.5999999996275,456133.0,9062,WL,A,5.0
4,12.099999904632568,learn,47900.00009536743,Tue Aug 11 2026 10:09:45 GMT-0400 (Eastern Daylight Time),459116.2999999998,A,h,I,h,568,2,583.2999999998137,458533.0,9062,WL,A,6.0
4,12.25,learn,47750.0,Tue Aug 11 2026 10:09:45 GMT-0400 (Eastern Daylight Time),459266.2999999998,A,ha,I,a,124,2,733.2999999998137,458533.0,9062,WL,A,6.0
4,12.483000040054321,learn,47516.99995994568,Tue Aug 11 2026 10:09:45 GMT-0400 (Eastern Daylight Time),459499.5999999996,A,har,I,r,207,2,966.5999999996275,458533.0,9062,WL,A,6.0
4,12.683000087738037,learn,47316.99991226196,Tue Aug 11 2026 10:09:45 GMT-0400 (Eastern Daylight Time),459699.5999999996,A,harp,I,p,183,2,1166.5999999996275,458533.0,9062,WL,A,6.0
4,13.132999897003174,learn,46867.000102996826,Tue Aug 11 2026 10:09:45 GMT-0400 (Eastern Daylight Time),460149.2999999998,A,harpenter,I,enter,421,2,1616.2999999998137,458533.0,9062,WL,A,6.0
4,13.516999959945679,learn,46483.00004005432,Tue Aug 11 2026 10:09:45 GMT-0400 (Eastern Daylight Time),460533.0,A,f,I,f,368,2,383.40000000037253,460149.5999999996,9062,WL,A,7.0
4,13.650000095367432,learn,46349.99990463257,Tue Aug 11 2026 10:09:45 GMT-0400 (Eastern Daylight Time),460666.2000000002,A,fi,I,i,118,2,516.6000000005588,460149.5999999996,9062,WL,A,7.0
4,13.782999992370605,learn,46217.000007629395,Tue Aug 11 2026 10:09:45 GMT-0400 (Eastern Daylight Time),460799.5,A,fin,I,n,120,2,649.9000000003725,460149.5999999996,9062,WL,A,7.0
4,13.950000047683716,learn,46049.999952316284,Tue Aug 11 2026 10:09:45 GMT-0400 (Eastern Daylight Time),460966.5,A,fing,I,g,143,2,816.9000000003725,460149.5999999996,9062,WL,A,7.0
4,14.134000062942505,learn,45865.999937057495,Tue Aug 11 2026 10:09:45 GMT-0400 (Eastern Daylight Time),461149.7000000002,A,finge,I,e,156,2,1000.1000000005588,460149.5999999996,9062,WL,A,7.0
4,14.266999959945679,learn,45733.00004005432,Tue Aug 11 2026 10:09:45 GMT-0400 (Eastern Daylight Time),461283.2999999998,A,finger,I,r,108,2,1133.7000000001863,460149.5999999996,9062,WL,A,7.0
4,14.733000040054321,learn,45266.99995994568,Tue Aug 11 2026 10:09:45 GMT-0400 (Eastern Daylight Time),461749.2999999998,A,fingerenter,I,enter,437,2,1599.7000000001863,460149.5999999996,9062,WL,A,7.0
4,15.266999959945679,learn,44733.00004005432,Tue Aug 11 2026 10:09:45 GMT-0400 (Eastern Daylight Time),462283.0,A,a,I,a,512,2,533.2999999998137,461749.7000000002,9062,WL,A,8.0
4,15.5,learn,44500.0,Tue Aug 11 2026 10:09:45 GMT-0400 (Eastern Daylight Time),462516.2999999998,A,ap,I,p,215,2,766.5999999996275,461749.7000000002,9062,WL,A,8.0
4,15.599999904632568,learn,44400.00009536743,Tue Aug 11 2026 10:09:45 GMT-0400 (Eastern Daylight Time),462616.2999999998,A,app,I,p,79,2,866.5999999996275,461749.7000000002,9062,WL,A,8.0
4,15.766999959945679,learn,44233.00004005432,Tue Aug 11 2026 10:09:45 GMT-0400 (Eastern Daylight Time),462782.9000000004,A,appl,I,l,147,2,1033.2000000001863,461749.7000000002,9062,WL,A,8.0
4,15.91700005531311,learn,44082.99994468689,Tue Aug 11 2026 10:09:45 GMT-0400 (Eastern Daylight Time),462932.9000000004,A,apple,I,e,139,2,1183.2000000001863,461749.7000000002,9062,WL,A,8.0
4,16.23300004005432,learn,43766.99995994568,Tue Aug 11 2026 10:09:45 GMT-0400 (Eastern Daylight Time),463249.4000000004,A,appleenter,I,enter,292,2,1499.7000000001863,461749.7000000002,9062,WL,A,8.0
4,16.617000102996826,learn,43382.999897003174,Tue Aug 11 2026 10:09:45 GMT-0400 (Eastern Daylight Time),463632.7999999998,A,m,I,m,372,2,383.09999999962747,463249.7000000002,9062,WL,A,9.0
4,16.799999952316284,learn,43200.000047683716,Tue Aug 11 2026 10:09:45 GMT-0400 (Eastern Daylight Time),463816.2999999998,A,me,I,e,159,2,566.5999999996275,463249.7000000002,9062,WL,A,9.0
4,16.967000007629395,learn,43032.999992370605,Tue Aug 11 2026 10:09:45 GMT-0400 (Eastern Daylight Time),463983.2000000002,A,mea,I,a,138,2,733.5,463249.7000000002,9062,WL,A,9.0
4,17.08400011062622,learn,42915.99988937378,Tue Aug 11 2026 10:09:45 GMT-0400 (Eastern Daylight Time),464099.7000000002,A,mead,I,d,100,2,850.0,463249.7000000002,9062,WL,A,9.0
4,17.450000047683716,learn,42549.999952316284,Tue Aug 11 2026 10:09:45 GMT-0400 (Eastern Daylight Time),464466.4000000004,A,meado,I,o,342,2,1216.7000000001863,463249.7000000002,9062,WL,A,9.0
4,17.632999897003174,learn,42367.000102996826,Tue Aug 11 2026 10:09:45 GMT-0400 (Eastern Daylight Time),464649.5999999996,A,meadow,I,w,160,2,1399.8999999994412,463249.7000000002,9062,WL,A,9.0
4,18.382999897003174,learn,41617.000102996826,Tue Aug 11 2026 10:09:45 GMT-0400 (Eastern Daylight Time),465399.2000000002,A,meadowenter,I,enter,733,2,2149.5,463249.7000000002,9062,WL,A,9.0
4,20.717000007629395,learn,39282.999992370605,Tue Aug 11 2026 10:09:45 GMT-0400 (Eastern Daylight Time),467733.0999999996,A,c,I,c,2327,2,2333.399999999441,465399.7000000002,9062,WL,A,10.0
4,20.90000009536743,learn,39099.99990463257,Tue Aug 11 2026 10:09:45 GMT-0400 (Eastern Daylight Time),467916.5,A,ch,I,h,173,2,2516.7999999998137,465399.7000000002,9062,WL,A,10.0
4,21.049999952316284,learn,38950.000047683716,Tue Aug 11 2026 10:09:45 GMT-0400 (Eastern Daylight Time),468066.2999999998,A,chi,I,i,126,2,2666.5999999996275,465399.7000000002,9062,WL,A,10.0
4,21.25,learn,38750.0,Tue Aug 11 2026 10:09:45 GMT-0400 (Eastern Daylight Time),468266.4000000004,A,chim,I,m,183,2,2866.7000000001863,465399.7000000002,9062,WL,A,10.0
4,21.433000087738037,learn,38566.99991226196,Tue Aug 11 2026 10:09:45 GMT-0400 (Eastern Daylight Time),468449.5999999996,A,chimn,I,n,152,2,3049.899999999441,465399.7000000002,9062,WL,A,10.0
4,21.58299994468689,learn,38417.00005531311,Tue Aug 11 2026 10:09:45 GMT-0400 (Eastern Daylight Time),468599.4000000004,A,chimne,I,e,137,2,3199.7000000001863,465399.7000000002,9062,WL,A,10.0
4,21.700000047683716,learn,38299.999952316284,Tue Aug 11 2026 10:09:45 GMT-0400 (Eastern Daylight Time),468716.5,A,chimney,I,y,100,2,3316.7999999998137,465399.7000000002,9062,WL,A,10.0
4,22.40000009536743,learn,37599.99990463257,Tue Aug 11 2026 10:09:45 GMT-0400 (Eastern Daylight Time),469415.9000000004,A,chimneyenter,I,enter,678,2,4016.2000000001863,465399.7000000002,9062,WL,A,10.0
4,23.5,learn,36500.0,Tue Aug 11 2026 10:09:45 GMT-0400 (Eastern Daylight Time),470516.2000000002,A,b,I,b,1085,2,1099.9000000003725,469416.2999999998,9062,WL,A,11.0
4,23.73300004005432,learn,36266.99995994568,Tue Aug 11 2026 10:09:45 GMT-0400 (Eastern Daylight Time),470749.5,A,bu,I,u,223,2,1333.2000000001863,469416.2999999998,9062,WL,A,11.0
4,24.066999912261963,learn,35933.00008773804,Tue Aug 11 2026 10:09:45 GMT-0400 (Eastern Daylight Time),471083.0999999996,A,but,I,t,301,2,1666.7999999998137,469416.2999999998,9062,WL,A,11.0
4,24.217000007629395,learn,35782.999992370605,Tue Aug 11 2026 10:09:45 GMT-0400 (Eastern Daylight Time),471232.9000000004,A,butt,I,t,127,2,1816.6000000005588,469416.2999999998,9062,WL,A,11.0
4,24.26699995994568,learn,35733.00004005432,Tue Aug 11 2026 10:09:45 GMT-0400 (Eastern Daylight Time),471282.7999999998,A,butto,I,o,25,2,1866.5,469416.2999999998,9062,WL,A,11.0
4,24.450000047683716,learn,35549.999952316284,Tue Aug 11 2026 10:09:45 GMT-0400 (Eastern Daylight Time),471465.9000000004,A,button,I,n,161,2,2049.600000000559,469416.2999999998,9062,WL,A,11.0
4,25.34999990463257,learn,34650.00009536743,Tue Aug 11 2026 10:09:45 GMT-0400 (Eastern Daylight Time),472366.0,A,buttonenter,I,enter,883,2,2949.7000000001863,469416.2999999998,9062,WL,A,11.0
4,25.66700005531311,learn,34332.99994468689,Tue Aug 11 2026 10:09:45 GMT-0400 (Eastern Daylight Time),472683.0,A,l,I,l,294,2,316.59999999962747,472366.4000000004,9062,WL,A,12.0
4,25.84999990463257,learn,34150.00009536743,Tue Aug 11 2026 10:09:45 GMT-0400 (Eastern Daylight Time),472866.4000000004,A,lo,I,o,158,2,500.0,472366.4000000004,9062,WL,A,12.0
4,26.25,learn,33750.0,Tue Aug 11 2026 10:09:45 GMT-0400 (Eastern Daylight Time),473266.4000000004,A,log,I,g,376,2,900.0,472366.4000000004,9062,WL,A,12.0
4,28.48300004005432,learn,31516.99995994568,Tue Aug 11 2026 10:09:45 GMT-0400 (Eastern Daylight Time),475499.2999999998,A,logenter,I,enter,2206,2,3132.899999999441,472366.4000000004,9062,WL,A,12.0
4,29.01699995994568,learn,30983.00004005432,Tue Aug 11 2026 10:09:45 GMT-0400 (Eastern Daylight Time),476032.9000000004,A,r,I,r,514,2,533.2000000001863,475499.7000000002,9062,WL,A,13.0
4,29.132999897003174,learn,30867.000102996826,Tue Aug 11 2026 10:09:45 GMT-0400 (Eastern Daylight Time),476149.5,A,ra,I,a,105,2,649.7999999998137,475499.7000000002,9062,WL,A,13.0
4,29.382999897003174,learn,30617.000102996826,Tue Aug 11 2026 10:09:45 GMT-0400 (Eastern Daylight Time),476399.5,A,rat,I,t,230,2,899.7999999998137,475499.7000000002,9062,WL,A,13.0
4,29.51699995994568,learn,30483.00004005432,Tue Aug 11 2026 10:09:45 GMT-0400 (Eastern Daylight Time),476532.9000000004,A,ratt,I,t,114,2,1033.2000000001863,475499.7000000002,9062,WL,A,13.0
4,29.617000102996826,learn,30382.999897003174,Tue Aug 11 2026 10:09:45 GMT-0400 (Eastern Daylight Time),476632.9000000004,A,rattl,I,l,86,2,1133.2000000001863,475499.7000000002,9062,WL,A,13.0
4,29.76699995994568,learn,30233.00004005432,Tue Aug 11 2026 10:09:45 GMT-0400 (Eastern Daylight Time),476782.9000000004,A,rattle,I,e,122,2,1283.2000000001863,475499.7000000002,9062,WL,A,13.0
4,30.032999992370605,learn,29967.000007629395,Tue Aug 11 2026 10:09:45 GMT-0400 (Eastern Daylight Time),477049.4000000004,A,rattleenter,I,enter,235,2,1549.7000000001863,475499.7000000002,9062,WL,A,13.0
4,30.58299994468689,learn,29417.00005531311,Tue Aug 11 2026 10:09:45 GMT-0400 (Eastern Daylight Time),477599.5999999996,A,k,I,k,533,2,550.0,477049.5999999996,9062,WL,A,14.0
4,30.783999919891357,learn,29216.000080108643,Tue Aug 11 2026 10:09:45 GMT-0400 (Eastern Daylight Time),477799.7999999998,A,ke,I,e,186,2,750.2000000001863,477049.5999999996,9062,WL,A,14.0
4,31.08299994468689,learn,28917.00005531311,Tue Aug 11 2026 10:09:45 GMT-0400 (Eastern Daylight Time),478099.5999999996,A,key,I,y,267,2,1050.0,477049.5999999996,9062,WL,A,14.0
4,31.799999952316284,learn,28200.000047683716,Tue Aug 11 2026 10:09:45 GMT-0400 (Eastern Daylight Time),478816.0999999996,A,keyenter,I,enter,694,2,1766.5,477049.5999999996,9062,WL,A,14.0
4,33.950000047683716,learn,26049.999952316284,Tue Aug 11 2026 10:09:45 GMT-0400 (Eastern Daylight Time),480966.2999999998,A,g,I,g,2142,2,2150.0,478816.2999999998,9062,WL,A,15.0
4,34.200000047683716,learn,25799.999952316284,Tue Aug 11 2026 10:09:45 GMT-0400 (Eastern Daylight Time),481216.2000000002,A,go,I,o,235,2,2399.9000000003725,478816.2999999998,9062,WL,A,15.0
4,34.40000009536743,learn,25599.99990463257,Tue Aug 11 2026 10:09:45 GMT-0400 (Eastern Daylight Time),481416.2000000002,A,gol,I,l,185,2,2599.9000000003725,478816.2999999998,9062,WL,A,15.0
4,34.68300008773804,learn,25316.999912261963,Tue Aug 11 2026 10:09:45 GMT-0400 (Eastern Daylight Time),481699.7000000002,A,gold,I,d,258,2,2883.4000000003725,478816.2999999998,9062,WL,A,15.0
4,34.882999897003174,learn,25117.000102996826,Tue Aug 11 2026 10:09:45 GMT-0400 (Eastern Daylight Time),481899.4000000004,A,goldenter,I,enter,174,2,3083.100000000559,478816.2999999998,9062,WL,A,15.0
5,1.8500001430511475,learn,60000.0,Tue Aug 11 2026 10:09:45 GMT-0400 (Eastern Daylight Time),550683.2999999998,A,b,I,b,1835,2,1850.0999999996275,548833.2000000002,9062,WL,A,1.0
5,2.117000102996826,learn,60000.0,Tue Aug 11 2026 10:09:45 GMT-0400 (Eastern Daylight Time),550950.2000000002,A,bo,I,o,255,2,2117.0,548833.2000000002,9062,WL,A,1.0
5,2.25,learn,60000.0,Tue Aug 11 2026 10:09:45 GMT-0400 (Eastern Daylight Time),551083.0999999996,A,boo,I,o,108,2,2249.899999999441,548833.2000000002,9062,WL,A,1.0
5,2.383000135421753,learn,60000.0,Tue Aug 11 2026 10:09:45 GMT-0400 (Eastern Daylight Time),551216.2999999998,A,book,I,k,104,2,2383.0999999996275,548833.2000000002,9062,WL,A,1.0
5,3.5490000247955322,learn,60000.0,Tue Aug 11 2026 10:09:45 GMT-0400 (Eastern Daylight Time),552382.5999999996,A,bookenter,I,enter,1145,2,3549.399999999441,548833.2000000002,9062,WL,A,1.0
5,3.933000087738037,learn,60000.0,Tue Aug 11 2026 10:09:45 GMT-0400 (Eastern Daylight Time),552766.2000000002,A,f,I,f,367,2,383.29999999981374,552382.9000000004,9062,WL,A,2.0
5,4.050000190734863,learn,60000.0,Tue Aug 11 2026 10:09:45 GMT-0400 (Eastern Daylight Time),552883.0,A,fl,I,l,100,2,500.09999999962747,552382.9000000004,9062,WL,A,2.0
5,4.233000040054321,learn,60000.0,Tue Aug 11 2026 10:09:45 GMT-0400 (Eastern Daylight Time),553066.5,A,flo,I,o,158,2,683.5999999996275,552382.9000000004,9062,WL,A,2.0
5,4.383000135421753,learn,60000.0,Tue Aug 11 2026 10:09:45 GMT-0400 (Eastern Daylight Time),553216.2000000002,A,flow,I,w,128,2,833.2999999998137,552382.9000000004,9062,WL,A,2.0
5,4.583000183105469,learn,60000.0,Tue Aug 11 2026 10:09:45 GMT-0400 (Eastern Daylight Time),553416.4000000004,A,flowe,I,e,186,2,1033.5,552382.9000000004,9062,WL,A,2.0
5,4.700000047683716,learn,60000.0,Tue Aug 11 2026 10:09:45 GMT-0400 (Eastern Daylight Time),553533.0,A,flower,I,r,105,2,1150.0999999996275,552382.9000000004,9062,WL,A,2.0
5,5.315999984741211,learn,60000.0,Tue Aug 11 2026 10:09:45 GMT-0400 (Eastern Daylight Time),554149.2000000002,A,flowerenter,I,enter,604,2,1766.2999999998137,552382.9000000004,9062,WL,A,2.0
5,6.065999984741211,learn,60000.0,Tue Aug 11 2026 10:09:45 GMT-0400 (Eastern Daylight Time),554899.5999999996,A,t,I,t,736,2,750.0999999996275,554149.5,9062,WL,A,3.0
5,6.133000135421753,learn,60000.0,Tue Aug 11 2026 10:09:45 GMT-0400 (Eastern Daylight Time),554966.0999999996,A,tr,I,r,46,2,816.5999999996275,554149.5,9062,WL,A,3.0
5,6.299000024795532,learn,60000.0,Tue Aug 11 2026 10:09:45 GMT-0400 (Eastern Daylight Time),555132.7000000002,A,tra,I,a,155,2,983.2000000001863,554149.5,9062,WL,A,3.0
5,6.366000175476074,learn,60000.0,Tue Aug 11 2026 10:09:45 GMT-0400 (Eastern Daylight Time),555199.5999999996,A,trai,I,i,45,2,1050.0999999996275,554149.5,9062,WL,A,3.0
5,6.483000040054321,learn,60000.0,Tue Aug 11 2026 10:09:45 GMT-0400 (Eastern Daylight Time),555316.4000000004,A,train,I,n,93,2,1166.9000000003725,554149.5,9062,WL,A,3.0
5,7.516000032424927,learn,60000.0,Tue Aug 11 2026 10:09:45 GMT-0400 (Eastern Daylight Time),556349.2999999998,A,trainenter,I,enter,1014,2,2199.7999999998137,554149.5,9062,WL,A,3.0
5,8.383000135421753,learn,60000.0,Tue Aug 11 2026 10:09:45 GMT-0400 (Eastern Daylight Time),557216.2000000002,A,s,I,s,856,2,866.5,556349.7000000002,9062,WL,A,4.0
5,8.516000032424927,learn,60000.0,Tue Aug 11 2026 10:09:45 GMT-0400 (Eastern Daylight Time),557349.5999999996,A,sa,I,a,115,2,999.8999999994412,556349.7000000002,9062,WL,A,4.0
5,8.633000135421753,learn,60000.0,Tue Aug 11 2026 10:09:45 GMT-0400 (Eastern Daylight Time),557466.2999999998,A,sal,I,l,100,2,1116.5999999996275,556349.7000000002,9062,WL,A,4.0
5,8.900000095367432,learn,60000.0,Tue Aug 11 2026 10:09:45 GMT-0400 (Eastern Daylight Time),557732.7999999998,A,salt,I,t,249,2,1383.0999999996275,556349.7000000002,9062,WL,A,4.0
5,9.532999992370605,learn,60000.0,Tue Aug 11 2026 10:09:45 GMT-0400 (Eastern Daylight Time),558365.9000000004,A,saltenter,I,enter,623,2,2016.2000000001863,556349.7000000002,9062,WL,A,4.0
5,9.933000087738037,learn,60000.0,Tue Aug 11 2026 10:09:45 GMT-0400 (Eastern Daylight Time),558766.0999999996,A,r,I,r,383,2,399.8999999994412,558366.2000000002,9062,WL,A,5.0
5,10.116000175476074,learn,60000.0,Tue Aug 11 2026 10:09:45 GMT-0400 (Eastern Daylight Time),558949.2999999998,A,ru,I,u,172,2,583.0999999996275,558366.2000000002,9062,WL,A,5.0
5,10.315999984741211,learn,60000.0,Tue Aug 11 2026 10:09:45 GMT-0400 (Eastern Daylight Time),559149.5999999996,A,rug,I,g,173,2,783.3999999994412,558366.2000000002,9062,WL,A,5.0
5,10.532999992370605,learn,60000.0,Tue Aug 11 2026 10:09:45 GMT-0400 (Eastern Daylight Time),559365.9000000004,A,rugenter,I,enter,203,2,999.7000000001863,558366.2000000002,9062,WL,A,5.0
5,10.933000087738037,learn,60000.0,Tue Aug 11 2026 10:09:45 GMT-0400 (Eastern Daylight Time),559766.2000000002,A,m,I,m,391,2,400.0,559366.2000000002,9062,WL,A,6.0
5,11.067000150680542,learn,60000.0,Tue Aug 11 2026 10:09:45 GMT-0400 (Eastern Daylight Time),559899.7000000002,A,me,I,e,116,2,533.5,559366.2000000002,9062,WL,A,6.0
5,11.266000032424927,learn,60000.0,Tue Aug 11 2026 10:09:45 GMT-0400 (Eastern Daylight Time),560099.5999999996,A,mea,I,a,175,2,733.3999999994412,559366.2000000002,9062,WL,A,6.0
5,11.366000175476074,learn,60000.0,Tue Aug 11 2026 10:09:45 GMT-0400 (Eastern Daylight Time),560199.5999999996,A,mead,I,d,85,2,833.3999999994412,559366.2000000002,9062,WL,A,6.0
5,11.5,learn,60000.0,Tue Aug 11 2026 10:09:45 GMT-0400 (Eastern Daylight Time),560332.7000000002,A,meado,I,o,115,2,966.5,559366.2000000002,9062,WL,A,6.0
5,11.650000095367432,learn,60000.0,Tue Aug 11 2026 10:09:45 GMT-0400 (Eastern Daylight Time),560482.9000000004,A,meadow,I,w,118,2,1116.7000000001863,559366.2000000002,9062,WL,A,6.0
5,11.89900016784668,learn,60000.0,Tue Aug 11 2026 10:09:45 GMT-0400 (Eastern Daylight Time),560732.5,A,meadowenter,I,enter,238,2,1366.2999999998137,559366.2000000002,9062,WL,A,6.0
5,12.333000183105469,learn,60000.0,Tue Aug 11 2026 10:09:45 GMT-0400 (Eastern Daylight Time),561166.2000000002,A,f,I,f,417,2,433.40000000037253,560732.7999999998,9062,WL,A,7.0
5,12.433000087738037,learn,60000.0,Tue Aug 11 2026 10:09:45 GMT-0400 (Eastern Daylight Time),561266.2000000002,A,fi,I,i,76,2,533.4000000003725,560732.7999999998,9062,WL,A,7.0
5,12.565999984741211,learn,60000.0,Tue Aug 11 2026 10:09:45 GMT-0400 (Eastern Daylight Time),561399.5999999996,A,fin,I,n,113,2,666.7999999998137,560732.7999999998,9062,WL,A,7.0
5,12.716000080108643,learn,60000.0,Tue Aug 11 2026 10:09:45 GMT-0400 (Eastern Daylight Time),561549.4000000004,A,fing,I,g,131,2,816.6000000005588,560732.7999999998,9062,WL,A,7.0
5,12.900000095367432,learn,60000.0,Tue Aug 11 2026 10:09:45 GMT-0400 (Eastern Daylight Time),561732.9000000004,A,finge,I,e,166,2,1000.1000000005588,560732.7999999998,9062,WL,A,7.0
5,13.032999992370605,learn,60000.0,Tue Aug 11 2026 10:09:45 GMT-0400 (Eastern Daylight Time),561866.2999999998,A,finger,I,r,118,2,1133.5,560732.7999999998,9062,WL,A,7.0
5,14.032999992370605,learn,60000.0,Tue Aug 11 2026 10:09:45 GMT-0400 (Eastern Daylight Time),562865.7999999998,A,fingerenter,I,enter,967,2,2133.0,560732.7999999998,9062,WL,A,7.0
5,14.450000047683716,learn,60000.0,Tue Aug 11 2026 10:09:45 GMT-0400 (Eastern Daylight Time),563282.9000000004,A,h,I,h,396,2,416.70000000018626,562866.2000000002,9062,WL,A,8.0
5,14.532999992370605,learn,60000.0,Tue Aug 11 2026 10:09:45 GMT-0400 (Eastern Daylight Time),563366.2999999998,A,ha,I,a,72,2,500.09999999962747,562866.2000000002,9062,WL,A,8.0
5,14.716000080108643,learn,60000.0,Tue Aug 11 2026 10:09:45 GMT-0400 (Eastern Daylight Time),563549.5,A,har,I,r,163,2,683.2999999998137,562866.2000000002,9062,WL,A,8.0
5,14.800000190734863,learn,60000.0,Tue Aug 11 2026 10:09:45 GMT-0400 (Eastern Daylight Time),563632.9000000004,A,harp,I,p,62,2,766.7000000001863,562866.2000000002,9062,WL,A,8.0
5,18.216000080108643,learn,60000.0,Tue Aug 11 2026 10:09:45 GMT-0400 (Eastern Daylight Time),567049.0,A,harpenter,I,enter,3393,2,4182.799999999814,562866.2000000002,9062,WL,A,8.0
5,20.216000080108643,learn,60000.0,Tue Aug 11 2026 10:09:45 GMT-0400 (Eastern Daylight Time),569049.5999999996,A,a,I,a,1989,2,2000.199999999255,567049.4000000004,9062,WL,A,9.0
5,20.350000143051147,learn,60000.0,Tue Aug 11 2026 10:09:45 GMT-0400 (Eastern Daylight Time),569182.7999999998,A,ap,I,p,112,2,2133.399999999441,567049.4000000004,9062,WL,A,9.0
5,20.5,learn,60000.0,Tue Aug 11 2026 10:09:45 GMT-0400 (Eastern Daylight Time),569332.7000000002,A,app,I,p,140,2,2283.2999999998137,567049.4000000004,9062,WL,A,9.0
5,20.683000087738037,learn,60000.0,Tue Aug 11 2026 10:09:45 GMT-0400 (Eastern Daylight Time),569516.2999999998,A,appl,I,l,158,2,2466.899999999441,567049.4000000004,9062,WL,A,9.0
5,20.782999992370605,learn,60000.0,Tue Aug 11 2026 10:09:45 GMT-0400 (Eastern Daylight Time),569616.2000000002,A,apple,I,e,84,2,2566.7999999998137,567049.4000000004,9062,WL,A,9.0
5,21.449000120162964,learn,60000.0,Tue Aug 11 2026 10:09:45 GMT-0400 (Eastern Daylight Time),570282.4000000004,A,appleenter,I,enter,641,2,3233.0,567049.4000000004,9062,WL,A,9.0
5,22.66600012779236,learn,60000.0,Tue Aug 11 2026 10:09:45 GMT-0400 (Eastern Daylight Time),571499.7000000002,A,f,I,f,1204,2,1217.0,570282.7000000002,9062,WL,A,10.0
5,22.716000080108643,learn,60000.0,Tue Aug 11 2026 10:09:45 GMT-0400 (Eastern Daylight Time),571549.2999999998,A,fi,I,i,38,2,1266.5999999996275,570282.7000000002,9062,WL,A,10.0
5,22.850000143051147,learn,60000.0,Tue Aug 11 2026 10:09:45 GMT-0400 (Eastern Daylight Time),571682.7999999998,A,fin,I,n,119,2,1400.0999999996275,570282.7000000002,9062,WL,A,10.0
5,22.950000047683716,learn,60000.0,Tue Aug 11 2026 10:09:45 GMT-0400 (Eastern Daylight Time),571782.7999999998,A,fing,I,g,87,2,1500.0999999996275,570282.7000000002,9062,WL,A,10.0
5,23.116000175476074,learn,60000.0,Tue Aug 11 2026 10:09:45 GMT-0400 (Eastern Daylight Time),571949.4000000004,A,finge,I,e,148,2,1666.7000000001863,570282.7000000002,9062,WL,A,10.0
5,23.23300004005432,learn,60000.0,Tue Aug 11 2026 10:09:45 GMT-0400 (Eastern Daylight Time),572066.2000000002,A,finger,I,r,86,2,1783.5,570282.7000000002,9062,WL,A,10.0
5,23.31599998474121,learn,60000.0,Tue Aug 11 2026 10:09:45 GMT-0400 (Eastern Daylight Time),572149.2000000002,A,fingerenter,I,enter,72,2,1866.5,570282.7000000002,9062,WL,A,10.0
5,25.700000047683716,learn,60000.0,Tue Aug 11 2026 10:09:45 GMT-0400 (Eastern Daylight Time),574532.7999999998,A,c,I,c,2376,2,2383.2000000001863,572149.5999999996,9062,WL,A,11.0
5,25.850000143051147,learn,60000.0,Tue Aug 11 2026 10:09:45 GMT-0400 (Eastern Daylight Time),574682.9000000004,A,ch,I,h,125,2,2533.300000000745,572149.5999999996,9062,WL,A,11.0
5,25.98300004005432,learn,60000.0,Tue Aug 11 2026 10:09:45 GMT-0400 (Eastern Daylight Time),574816.2000000002,A,chi,I,i,119,2,2666.600000000559,572149.5999999996,9062,WL,A,11.0
5,26.183000087738037,learn,60000.0,Tue Aug 11 2026 10:09:45 GMT-0400 (Eastern Daylight Time),575016.2999999998,A,chim,I,m,171,2,2866.7000000001863,572149.5999999996,9062,WL,A,11.0
5,26.366000175476074,learn,60000.0,Tue Aug 11 2026 10:09:45 GMT-0400 (Eastern Daylight Time),575199.5999999996,A,chimn,I,n,162,2,3050.0,572149.5999999996,9062,WL,A,11.0
5,26.48300004005432,learn,60000.0,Tue Aug 11 2026 10:09:45 GMT-0400 (Eastern Daylight Time),575316.2999999998,A,chimne,I,e,90,2,3166.7000000001863,572149.5999999996,9062,WL,A,11.0
5,27.5,learn,60000.0,Tue Aug 11 2026 10:09:45 GMT-0400 (Eastern Daylight Time),576332.7999999998,A,chimney,I,y,991,2,4183.200000000186,572149.5999999996,9062,WL,A,11.0
5,27.700000047683716,learn,60000.0,Tue Aug 11 2026 10:09:45 GMT-0400 (Eastern Daylight Time),576533.0999999996,A,chimneyenter,I,enter,181,2,4383.5,572149.5999999996,9062,WL,A,11.0
5,28.516000032424927,learn,60000.0,Tue Aug 11 2026 10:09:45 GMT-0400 (Eastern Daylight Time),577349.5,A,l,I,l,801,2,816.0,576533.5,9062,WL,A,12.0
5,28.700000047683716,learn,60000.0,Tue Aug 11 2026 10:09:45 GMT-0400 (Eastern Daylight Time),577532.9000000004,A,lo,I,o,165,2,999.4000000003725,576533.5,9062,WL,A,12.0
5,28.950000047683716,learn,60000.0,Tue Aug 11 2026 10:09:45 GMT-0400 (Eastern Daylight Time),577783.0,A,log,I,g,229,2,1249.5,576533.5,9062,WL,A,12.0
5,29.449000120162964,learn,60000.0,Tue Aug 11 2026 10:09:45 GMT-0400 (Eastern Daylight Time),578282.7000000002,A,logenter,I,enter,482,2,1749.2000000001863,576533.5,9062,WL,A,12.0
5,30.032999992370605,learn,60000.0,Tue Aug 11 2026 10:09:45 GMT-0400 (Eastern Daylight Time),578866.2000000002,A,k,I,k,571,2,583.2000000001863,578283.0,9062,WL,A,13.0
5,30.200000047683716,learn,60000.0,Tue Aug 11 2026 10:09:45 GMT-0400 (Eastern Daylight Time),579032.9000000004,A,ke,I,e,142,2,749.9000000003725,578283.0,9062,WL,A,13.0
5,30.350000143051147,learn,60000.0,Tue Aug 11 2026 10:09:45 GMT-0400 (Eastern Daylight Time),579182.7999999998,A,key,I,y,122,2,899.7999999998137,578283.0,9062,WL,A,13.0
5,30.699000120162964,learn,60000.0,Tue Aug 11 2026 10:09:45 GMT-0400 (Eastern Daylight Time),579532.5999999996,A,keyenter,I,enter,331,2,1249.5999999996275,578283.0,9062,WL,A,13.0
5,31.31599998474121,learn,60000.0,Tue Aug 11 2026 10:09:45 GMT-0400 (Eastern Daylight Time),580149.5999999996,A,r,I,r,601,2,616.7999999998137,579532.7999999998,9062,WL,A,14.0
5,31.450000047683716,learn,60000.0,Tue Aug 11 2026 10:09:45 GMT-0400 (Eastern Daylight Time),580283.0,A,ra,I,a,116,2,750.2000000001863,579532.7999999998,9062,WL,A,14.0
5,31.73300004005432,learn,60000.0,Tue Aug 11 2026 10:09:45 GMT-0400 (Eastern Daylight Time),580566.2000000002,A,rat,I,t,271,2,1033.4000000003725,579532.7999999998,9062,WL,A,14.0
5,32.43300008773804,learn,60000.0,Tue Aug 11 2026 10:09:45 GMT-0400 (Eastern Daylight Time),581266.2000000002,A,ratt,I,t,684,2,1733.4000000003725,579532.7999999998,9062,WL,A,14.0
5,32.68300008773804,learn,60000.0,Tue Aug 11 2026 10:09:45 GMT-0400 (Eastern Daylight Time),581516.2000000002,A,rattl,I,l,224,2,1983.4000000003725,579532.7999999998,9062,WL,A,14.0
5,32.76600003242493,learn,60000.0,Tue Aug 11 2026 10:09:45 GMT-0400 (Eastern Daylight Time),581599.5999999996,A,rattle,I,e,62,2,2066.7999999998137,579532.7999999998,9062,WL,A,14.0
5,32.98300004005432,learn,60000.0,Tue Aug 11 2026 10:09:45 GMT-0400 (Eastern Daylight Time),581815.9000000004,A,rattleenter,I,enter,190,2,2283.100000000559,579532.7999999998,9062,WL,A,14.0
5,33.88300013542175,learn,60000.0,Tue Aug 11 2026 10:09:45 GMT-0400 (Eastern Daylight Time),582716.2000000002,A,g,I,g,885,2,899.9000000003725,581816.2999999998,9062,WL,A,15.0
5,34.08300018310547,learn,60000.0,Tue Aug 11 2026 10:09:45 GMT-0400 (Eastern Daylight Time),582916.2000000002,A,go,I,o,174,2,1099.9000000003725,581816.2999999998,9062,WL,A,15.0
5,34.25,learn,60000.0,Tue Aug 11 2026 10:09:45 GMT-0400 (Eastern Daylight Time),583082.9000000004,A,gol,I,l,143,2,1266.6000000005588,581816.2999999998,9062,WL,A,15.0
5,34.41700005531311,learn,60000.0,Tue Aug 11 2026 10:09:45 GMT-0400 (Eastern Daylight Time),583249.7000000002,A,gold,I,d,143,2,1433.4000000003725,581816.2999999998,9062,WL,A,15.0
5,34.58300018310547,learn,60000.0,Tue Aug 11 2026 10:09:45 GMT-0400 (Eastern Daylight Time),583415.7999999998,A,goldenter,I,enter,143,2,1599.5,581816.2999999998,9062,WL,A,15.0
6,0.8670001029968262,distr,59132.999897003174,Tue Aug 11 2026 10:09:45 GMT-0400 (Eastern Daylight Time),652666.0999999996,B,b,I,b,852,2,866.2999999998137,651799.7999999998,9062,WL,A,1.0
6,1.1170001029968262,distr,58882.999897003174,Tue Aug 11 2026 10:09:45 GMT-0400 (Eastern Daylight Time),652916.0999999996,B,bo,I,o,225,2,1116.2999999998137,651799.7999999998,9062,WL,A,1.0
6,1.4000000953674316,distr,58599.99990463257,Tue Aug 11 2026 10:09:45 GMT-0400 (Eastern Daylight Time),653199.5,B,bot,I,t,261,2,1399.7000000001863,651799.7999999998,9062,WL,A,1.0
6,1.5499999523162842,distr,58450.000047683716,Tue Aug 11 2026 10:09:45 GMT-0400 (Eastern Daylight Time),653349.2000000002,B,bott,I,t,138,2,1549.4000000003725,651799.7999999998,9062,WL,A,1.0
6,1.6170001029968262,distr,58382.999897003174,Tue Aug 11 2026 10:09:45 GMT-0400 (Eastern Daylight Time),653415.9000000004,B,bottl,I,l,44,2,1616.1000000005588,651799.7999999998,9062,WL,A,1.0
6,1.7339999675750732,distr,58266.00003242493,Tue Aug 11 2026 10:09:45 GMT-0400 (Eastern Daylight Time),653532.5999999996,B,bottle,I,e,104,2,1732.7999999998137,651799.7999999998,9062,WL,A,1.0
6,2.299999952316284,distr,57700.000047683716,Tue Aug 11 2026 10:09:45 GMT-0400 (Eastern Daylight Time),654099.2000000002,B,bottleenter,I,enter,536,2,2299.4000000003725,651799.7999999998,9062,WL,A,1.0
6,2.867000102996826,distr,57132.999897003174,Tue Aug 11 2026 10:09:45 GMT-0400 (Eastern Daylight Time),654666.2000000002,B,p,I,p,547,2,566.7000000001863,654099.5,9062,WL,A,2.0
6,3.0,distr,57000.0,Tue Aug 11 2026 10:09:45 GMT-0400 (Eastern Daylight Time),654799.5,B,pe,I,e,112,2,700.0,654099.5,9062,WL,A,2.0
6,3.134000062942505,distr,56865.999937057495,Tue Aug 11 2026 10:09:45 GMT-0400 (Eastern Daylight Time),654932.7999999998,B,pea,I,a,121,2,833.2999999998137,654099.5,9062,WL,A,2.0
6,3.316999912261963,distr,56683.00008773804,Tue Aug 11 2026 10:09:45 GMT-0400 (Eastern Daylight Time),655116.4000000004,B,peac,I,c,173,2,1016.9000000003725,654099.5,9062,WL,A,2.0
6,3.4000000953674316,distr,56599.99990463257,Tue Aug 11 2026 10:09:45 GMT-0400 (Eastern Daylight Time),655199.2000000002,B,peach,I,h,54,2,1099.7000000001863,654099.5,9062,WL,A,2.0
6,4.08299994468689,distr,55917.00005531311,Tue Aug 11 2026 10:09:45 GMT-0400 (Eastern Daylight Time),655882.4000000004,B,peachenter,I,enter,659,2,1782.9000000003725,654099.5,9062,WL,A,2.0
6,4.316999912261963,distr,55683.00008773804,Tue Aug 11 2026 10:09:45 GMT-0400 (Eastern Daylight Time),656116.2000000002,B,c,I,c,211,2,233.5,655882.7000000002,9062,WL,A,3.0
6,4.4670000076293945,distr,55532.999992370605,Tue Aug 11 2026 10:09:45 GMT-0400 (Eastern Daylight Time),656266.0999999996,B,ch,I,h,134,2,383.3999999994412,655882.7000000002,9062,WL,A,3.0
6,4.599999904632568,distr,55400.00009536743,Tue Aug 11 2026 10:09:45 GMT-0400 (Eastern Daylight Time),656399.5,B,cha,I,a,120,2,516.7999999998137,655882.7000000002,9062,WL,A,3.0
6,4.733000040054321,distr,55266.99995994568,Tue Aug 11 2026 10:09:45 GMT-0400 (Eastern Daylight Time),656532.5999999996,B,chai,I,i,119,2,649.8999999994412,655882.7000000002,9062,WL,A,3.0
6,4.867000102996826,distr,55132.999897003174,Tue Aug 11 2026 10:09:45 GMT-0400 (Eastern Daylight Time),656666.2000000002,B,chair,I,r,119,2,783.5,655882.7000000002,9062,WL,A,3.0
6,5.400000095367432,distr,54599.99990463257,Tue Aug 11 2026 10:09:45 GMT-0400 (Eastern Daylight Time),657199.2000000002,B,chairenter,I,enter,504,2,1316.5,655882.7000000002,9062,WL,A,3.0
6,5.783999919891357,distr,54216.00008010864,Tue Aug 11 2026 10:09:45 GMT-0400 (Eastern Daylight Time),657582.7999999998,B,i,I,i,374,2,383.29999999981374,657199.5,9062,WL,A,4.0
6,5.882999897003174,distr,54117.000102996826,Tue Aug 11 2026 10:09:45 GMT-0400 (Eastern Daylight Time),657682.5999999996,B,in,I,n,78,2,483.09999999962747,657199.5,9062,WL,A,4.0
6,6.016999959945679,distr,53983.00004005432,Tue Aug 11 2026 10:09:45 GMT-0400 (Eastern Daylight Time),657816.0,B,ins,I,s,118,2,616.5,657199.5,9062,WL,A,4.0
6,6.134000062942505,distr,53865.999937057495,Tue Aug 11 2026 10:09:45 GMT-0400 (Eastern Daylight Time),657932.7999999998,B,inse,I,e,89,2,733.2999999998137,657199.5,9062,WL,A,4.0
6,6.41700005531311,distr,53582.99994468689,Tue Aug 11 2026 10:09:45 GMT-0400 (Eastern Daylight Time),658216.0999999996,B,insec,I,c,262,2,1016.5999999996275,657199.5,9062,WL,A,4.0
6,6.66700005531311,distr,53332.99994468689,Tue Aug 11 2026 10:09:45 GMT-0400 (Eastern Daylight Time),658466.0999999996,B,insect,I,t,234,2,1266.5999999996275,657199.5,9062,WL,A,4.0
6,7.799999952316284,distr,52200.000047683716,Tue Aug 11 2026 10:09:45 GMT-0400 (Eastern Daylight Time),659599.0999999996,B,insectenter,I,enter,1113,2,2399.5999999996275,657199.5,9062,WL,A,4.0
6,12.683000087738037,distr,47316.99991226196,Tue Aug 11 2026 10:09:45 GMT-0400 (Eastern Daylight Time),664482.5999999996,B,j,I,j,4863,2,4883.0999999996275,659599.5,9062,WL,A,5.0
6,12.867000102996826,distr,47132.999897003174,Tue Aug 11 2026 10:09:45 GMT-0400 (Eastern Daylight Time),664666.0999999996,B,ju,I,u,161,2,5066.5999999996275,659599.5,9062,WL,A,5.0
6,13.16700005531311,distr,46832.99994468689,Tue Aug 11 2026 10:09:45 GMT-0400 (Eastern Daylight Time),664966.0,B,jud,I,d,288,2,5366.5,659599.5,9062,WL,A,5.0
6,13.299999952316284,distr,46700.000047683716,Tue Aug 11 2026 10:09:45 GMT-0400 (Eastern Daylight Time),665099.5,B,judg,I,g,116,2,5500.0,659599.5,9062,WL,A,5.0
6,13.41700005531311,distr,46582.99994468689,Tue Aug 11 2026 10:09:45 GMT-0400 (Eastern Daylight Time),665216.0999999996,B,judge,I,e,104,2,5616.5999999996275,659599.5,9062,WL,A,5.0
6,13.867000102996826,distr,46132.999897003174,Tue Aug 11 2026 10:09:45 GMT-0400 (Eastern Daylight Time),665665.7000000002,B,judgeenter,I,enter,433,2,6066.200000000186,659599.5,9062,WL,A,5.0
6,15.450000047683716,distr,44549.999952316284,Tue Aug 11 2026 10:09:45 GMT-0400 (Eastern Daylight Time),667249.4000000004,B,d,I,d,1571,2,1583.300000000745,665666.0999999996,9062,WL,A,6.0
6,15.650000095367432,distr,44349.99990463257,Tue Aug 11 2026 10:09:45 GMT-0400 (Eastern Daylight Time),667449.5999999996,B,da,I,a,185,2,1783.5,665666.0999999996,9062,WL,A,6.0
6,15.967000007629395,distr,44032.999992370605,Tue Aug 11 2026 10:09:45 GMT-0400 (Eastern Daylight Time),667766.0,B,daw,I,w,297,2,2099.9000000003725,665666.0999999996,9062,WL,A,6.0
6,16.132999897003174,distr,43867.000102996826,Tue Aug 11 2026 10:09:45 GMT-0400 (Eastern Daylight Time),667932.7000000002,B,dawn,I,n,156,2,2266.600000000559,665666.0999999996,9062,WL,A,6.0
6,16.59999990463257,distr,43400.00009536743,Tue Aug 11 2026 10:09:45 GMT-0400 (Eastern Daylight Time),668399.0999999996,B,dawnenter,I,enter,446,2,2733.0,665666.0999999996,9062,WL,A,6.0
6,20.700000047683716,distr,39299.999952316284,Tue Aug 11 2026 10:09:45 GMT-0400 (Eastern Daylight Time),672499.4000000004,B,b,I,b,4086,2,4100.100000000559,668399.2999999998,9062,WL,A,7.0
6,20.91700005531311,distr,39082.99994468689,Tue Aug 11 2026 10:09:45 GMT-0400 (Eastern Daylight Time),672715.7999999998,B,bo,I,o,198,2,4316.5,668399.2999999998,9062,WL,A,7.0
6,21.16700005531311,distr,38832.99994468689,Tue Aug 11 2026 10:09:45 GMT-0400 (Eastern Daylight Time),672966.0,B,bow,I,w,240,2,4566.700000000186,668399.2999999998,9062,WL,A,7.0
6,21.41700005531311,distr,38582.99994468689,Tue Aug 11 2026 10:09:45 GMT-0400 (Eastern Daylight Time),673216.2999999998,B,bowl,I,l,219,2,4817.0,668399.2999999998,9062,WL,A,7.0
6,21.66700005531311,distr,38332.99994468689,Tue Aug 11 2026 10:09:45 GMT-0400 (Eastern Daylight Time),673465.7999999998,B,bowlenter,I,enter,233,2,5066.5,668399.2999999998,9062,WL,A,7.0
6,25.867000102996826,distr,34132.999897003174,Tue Aug 11 2026 10:09:45 GMT-0400 (Eastern Daylight Time),677666.2000000002,B,b,I,b,4180,2,4200.100000000559,673466.0999999996,9062,WL,A,8.0
6,27.066999912261963,distr,32933.00008773804,Tue Aug 11 2026 10:09:45 GMT-0400 (Eastern Daylight Time),678866.0999999996,B,,I,backspace,1184,2,5400.0,673466.0999999996,9062,WL,A,8.0
6,27.5,distr,32500.0,Tue Aug 11 2026 10:09:45 GMT-0400 (Eastern Daylight Time),679299.5999999996,B,p,I,p,409,2,5833.5,673466.0999999996,9062,WL,A,8.0
6,27.799999952316284,distr,32200.000047683716,Tue Aug 11 2026 10:09:45 GMT-0400 (Eastern Daylight Time),679599.4000000004,B,po,I,o,278,2,6133.300000000745,673466.0999999996,9062,WL,A,8.0
6,28.533999919891357,distr,31466.000080108643,Tue Aug 11 2026 10:09:45 GMT-0400 (Eastern Daylight Time),680332.7000000002,B,poo,I,o,723,2,6866.600000000559,673466.0999999996,9062,WL,A,8.0
6,28.717000007629395,distr,31282.999992370605,Tue Aug 11 2026 10:09:45 GMT-0400 (Eastern Daylight Time),680516.2000000002,B,pool,I,l,156,2,7050.100000000559,673466.0999999996,9062,WL,A,8.0
6,29.700000047683716,distr,30299.999952316284,Tue Aug 11 2026 10:09:45 GMT-0400 (Eastern Daylight Time),681499.0999999996,B,poolenter,I,enter,956,2,8033.0,673466.0999999996,9062,WL,A,8.0
6,30.84999990463257,distr,29150.00009536743,Tue Aug 11 2026 10:09:45 GMT-0400 (Eastern Daylight Time),682649.4000000004,B,d,I,d,1139,2,1149.9000000003725,681499.5,9062,WL,A,9.0
6,31.967000007629395,distr,28032.999992370605,Tue Aug 11 2026 10:09:45 GMT-0400 (Eastern Daylight Time),683766.0999999996,B,,I,backspace,1097,2,2266.5999999996275,681499.5,9062,WL,A,9.0
6,32.117000102996826,distr,27882.999897003174,Tue Aug 11 2026 10:09:45 GMT-0400 (Eastern Daylight Time),683916.4000000004,B,s,I,s,140,2,2416.9000000003725,681499.5,9062,WL,A,9.0
6,32.28399991989136,distr,27716.000080108643,Tue Aug 11 2026 10:09:45 GMT-0400 (Eastern Daylight Time),684082.5999999996,B,sh,I,h,150,2,2583.0999999996275,681499.5,9062,WL,A,9.0
6,32.467000007629395,distr,27532.999992370605,Tue Aug 11 2026 10:09:45 GMT-0400 (Eastern Daylight Time),684266.2000000002,B,she,I,e,160,2,2766.7000000001863,681499.5,9062,WL,A,9.0
6,32.617000102996826,distr,27382.999897003174,Tue Aug 11 2026 10:09:45 GMT-0400 (Eastern Daylight Time),684416.0999999996,B,shee,I,e,136,2,2916.5999999996275,681499.5,9062,WL,A,9.0
6,32.700000047683716,distr,27299.999952316284,Tue Aug 11 2026 10:09:45 GMT-0400 (Eastern Daylight Time),684499.5999999996,B,sheep,I,p,50,2,3000.0999999996275,681499.5,9062,WL,A,9.0
6,33.34999990463257,distr,26650.00009536743,Tue Aug 11 2026 10:09:45 GMT-0400 (Eastern Daylight Time),685149.0999999996,B,sheepenter,I,enter,631,2,3649.5999999996275,681499.5,9062,WL,A,9.0
6,60.01699995994568,distr,-16.99995994567871,Tue Aug 11 2026 10:09:45 GMT-0400 (Eastern Daylight Time),711815.7999999998,B,None,I,None,26661,2,26666.5,685149.2999999998,9062,WL,A,10.0
7,2.8329999446868896,immed,57167.00005531311,Tue Aug 11 2026 10:09:45 GMT-0400 (Eastern Daylight Time),722615.7999999998,A,b,I,b,2812,2,2832.7000000001863,719783.0999999996,9062,WL,A,1.0
7,3.065999984741211,immed,56934.00001525879,Tue Aug 11 2026 10:09:45 GMT-0400 (Eastern Daylight Time),722849.4000000004,A,bo,I,o,220,2,3066.300000000745,719783.0999999996,9062,WL,A,1.0
7,3.2160000801086426,immed,56783.99991989136,Tue Aug 11 2026 10:09:45 GMT-0400 (Eastern Daylight Time),722999.4000000004,A,boo,I,o,129,2,3216.300000000745,719783.0999999996,9062,WL,A,1.0
7,3.383000135421753,immed,56616.99986457825,Tue Aug 11 2026 10:09:45 GMT-0400 (Eastern Daylight Time),723166.0,A,book,I,k,148,2,3382.9000000003725,719783.0999999996,9062,WL,A,1.0
7,4.08299994468689,immed,55917.00005531311,Tue Aug 11 2026 10:09:45 GMT-0400 (Eastern Daylight Time),723865.7000000002,A,bookenter,I,enter,666,2,4082.600000000559,719783.0999999996,9062,WL,A,1.0
7,4.383000135421753,immed,55616.99986457825,Tue Aug 11 2026 10:09:45 GMT-0400 (Eastern Daylight Time),724165.7999999998,A,f,I,f,283,2,299.79999999981374,723866.0,9062,WL,A,2.0
7,4.483000040054321,immed,55516.99995994568,Tue Aug 11 2026 10:09:45 GMT-0400 (Eastern Daylight Time),724266.2000000002,A,fl,I,l,87,2,400.20000000018626,723866.0,9062,WL,A,2.0
7,4.633000135421753,immed,55366.99986457825,Tue Aug 11 2026 10:09:45 GMT-0400 (Eastern Daylight Time),724416.0,A,flo,I,o,120,2,550.0,723866.0,9062,WL,A,2.0
7,4.716000080108643,immed,55283.99991989136,Tue Aug 11 2026 10:09:45 GMT-0400 (Eastern Daylight Time),724499.2999999998,A,flow,I,w,50,2,633.2999999998137,723866.0,9062,WL,A,2.0
7,4.933000087738037,immed,55066.99991226196,Tue Aug 11 2026 10:09:45 GMT-0400 (Eastern Daylight Time),724716.0999999996,A,flowe,I,e,192,2,850.0999999996275,723866.0,9062,WL,A,2.0
7,5.08299994468689,immed,54917.00005531311,Tue Aug 11 2026 10:09:45 GMT-0400 (Eastern Daylight Time),724866.0999999996,A,flower,I,r,118,2,1000.0999999996275,723866.0,9062,WL,A,2.0
7,6.065999984741211,immed,53934.00001525879,Tue Aug 11 2026 10:09:45 GMT-0400 (Eastern Daylight Time),725849.0999999996,A,flowerenter,I,enter,959,2,1983.0999999996275,723866.0,9062,WL,A,2.0
7,7.749000072479248,immed,52250.99992752075,Tue Aug 11 2026 10:09:45 GMT-0400 (Eastern Daylight Time),727532.5999999996,A,t,I,t,1669,2,1683.199999999255,725849.4000000004,9062,WL,A,3.0
7,7.815999984741211,immed,52184.00001525879,Tue Aug 11 2026 10:09:45 GMT-0400 (Eastern Daylight Time),727599.4000000004,A,tr,I,r,45,2,1750.0,725849.4000000004,9062,WL,A,3.0
7,7.983000040054321,immed,52016.99995994568,Tue Aug 11 2026 10:09:45 GMT-0400 (Eastern Daylight Time),727766.2000000002,A,tra,I,a,149,2,1916.7999999998137,725849.4000000004,9062,WL,A,3.0
7,8.08299994468689,immed,51917.00005531311,Tue Aug 11 2026 10:09:45 GMT-0400 (Eastern Daylight Time),727866.0999999996,A,trai,I,i,68,2,2016.699999999255,725849.4000000004,9062,WL,A,3.0
7,8.166000127792358,immed,51833.99987220764,Tue Aug 11 2026 10:09:45 GMT-0400 (Eastern Daylight Time),727949.4000000004,A,train,I,n,57,2,2100.0,725849.4000000004,9062,WL,A,3.0
7,9.183000087738037,immed,50816.99991226196,Tue Aug 11 2026 10:09:45 GMT-0400 (Eastern Daylight Time),728966.0,A,trainr,I,r,998,2,3116.5999999996275,725849.4000000004,9062,WL,A,3.0
7,9.365999937057495,immed,50634.000062942505,Tue Aug 11 2026 10:09:45 GMT-0400 (Eastern Daylight Time),729149.2000000002,A,trainru,I,u,165,2,3299.7999999998137,725849.4000000004,9062,WL,A,3.0
7,9.565999984741211,immed,50434.00001525879,Tue Aug 11 2026 10:09:45 GMT-0400 (Eastern Daylight Time),729349.5,A,trainrug,I,g,180,2,3500.0999999996275,725849.4000000004,9062,WL,A,3.0
7,10.516000032424927,immed,49483.99996757507,Tue Aug 11 2026 10:09:45 GMT-0400 (Eastern Daylight Time),730299.0999999996,A,trainrugenter,I,enter,923,2,4449.699999999255,725849.4000000004,9062,WL,A,3.0
7,14.666000127792358,immed,45333.99987220764,Tue Aug 11 2026 10:09:45 GMT-0400 (Eastern Daylight Time),734449.5,A,s,I,s,4130,2,4150.0999999996275,730299.4000000004,9062,WL,A,4.0
7,14.815999984741211,immed,45184.00001525879,Tue Aug 11 2026 10:09:45 GMT-0400 (Eastern Daylight Time),734599.0999999996,A,sa,I,a,136,2,4299.699999999255,730299.4000000004,9062,WL,A,4.0
7,14.949000120162964,immed,45050.999879837036,Tue Aug 11 2026 10:09:45 GMT-0400 (Eastern Daylight Time),734732.5999999996,A,sal,I,l,126,2,4433.199999999255,730299.4000000004,9062,WL,A,4.0
7,15.183000087738037,immed,44816.99991226196,Tue Aug 11 2026 10:09:45 GMT-0400 (Eastern Daylight Time),734966.0,A,salt,I,t,222,2,4666.5999999996275,730299.4000000004,9062,WL,A,4.0
7,15.865999937057495,immed,44134.000062942505,Tue Aug 11 2026 10:09:45 GMT-0400 (Eastern Daylight Time),735649.0999999996,A,saltenter,I,enter,668,2,5349.699999999255,730299.4000000004,9062,WL,A,4.0
7,17.25,immed,42750.0,Tue Aug 11 2026 10:09:45 GMT-0400 (Eastern Daylight Time),737032.7000000002,A,f,I,f,1372,2,1383.2000000001863,735649.5,9062,WL,A,5.0
7,17.365999937057495,immed,42634.000062942505,Tue Aug 11 2026 10:09:45 GMT-0400 (Eastern Daylight Time),737149.4000000004,A,fi,I,i,98,2,1499.9000000003725,735649.5,9062,WL,A,5.0
7,17.598999977111816,immed,42401.00002288818,Tue Aug 11 2026 10:09:45 GMT-0400 (Eastern Daylight Time),737382.7000000002,A,fin,I,n,214,2,1733.2000000001863,735649.5,9062,WL,A,5.0
7,17.749000072479248,immed,42250.99992752075,Tue Aug 11 2026 10:09:45 GMT-0400 (Eastern Daylight Time),737532.5999999996,A,fing,I,g,123,2,1883.0999999996275,735649.5,9062,WL,A,5.0
7,17.91600012779236,immed,42083.99987220764,Tue Aug 11 2026 10:09:45 GMT-0400 (Eastern Daylight Time),737699.5,A,finge,I,e,150,2,2050.0,735649.5,9062,WL,A,5.0
7,18.049000024795532,immed,41950.99997520447,Tue Aug 11 2026 10:09:45 GMT-0400 (Eastern Daylight Time),737832.7000000002,A,finger,I,r,111,2,2183.2000000001863,735649.5,9062,WL,A,5.0
7,18.73300004005432,immed,41266.99995994568,Tue Aug 11 2026 10:09:45 GMT-0400 (Eastern Daylight Time),738515.7000000002,A,fingerenter,I,enter,673,2,2866.2000000001863,735649.5,9062,WL,A,5.0
7,19.633000135421753,immed,40366.99986457825,Tue Aug 11 2026 10:09:45 GMT-0400 (Eastern Daylight Time),739416.0999999996,A,a,I,a,890,2,900.1999999992549,738515.9000000004,9062,WL,A,6.0
7,19.782999992370605,immed,40217.000007629395,Tue Aug 11 2026 10:09:45 GMT-0400 (Eastern Daylight Time),739566.0999999996,A,ap,I,p,139,2,1050.199999999255,738515.9000000004,9062,WL,A,6.0
7,19.90000009536743,immed,40099.99990463257,Tue Aug 11 2026 10:09:45 GMT-0400 (Eastern Daylight Time),739682.9000000004,A,app,I,p,99,2,1167.0,738515.9000000004,9062,WL,A,6.0
7,20.133000135421753,immed,39866.99986457825,Tue Aug 11 2026 10:09:45 GMT-0400 (Eastern Daylight Time),739916.0999999996,A,appl,I,l,199,2,1400.199999999255,738515.9000000004,9062,WL,A,6.0
7,20.48300004005432,immed,39516.99995994568,Tue Aug 11 2026 10:09:45 GMT-0400 (Eastern Daylight Time),740266.0999999996,A,apple,I,e,333,2,1750.199999999255,738515.9000000004,9062,WL,A,6.0
7,21.06599998474121,immed,38934.00001525879,Tue Aug 11 2026 10:09:45 GMT-0400 (Eastern Daylight Time),740848.9000000004,A,appleenter,I,enter,559,2,2333.0,738515.9000000004,9062,WL,A,6.0
7,22.56599998474121,immed,37434.00001525879,Tue Aug 11 2026 10:09:45 GMT-0400 (Eastern Daylight Time),742349.5,A,c,I,c,1485,2,1500.4000000003725,740849.0999999996,9062,WL,A,7.0
7,22.716000080108643,immed,37283.99991989136,Tue Aug 11 2026 10:09:45 GMT-0400 (Eastern Daylight Time),742499.4000000004,A,ch,I,h,124,2,1650.300000000745,740849.0999999996,9062,WL,A,7.0
7,22.799999952316284,immed,37200.000047683716,Tue Aug 11 2026 10:09:45 GMT-0400 (Eastern Daylight Time),742582.7000000002,A,chi,I,i,62,2,1733.6000000005588,740849.0999999996,9062,WL,A,7.0
7,22.999000072479248,immed,37000.99992752075,Tue Aug 11 2026 10:09:45 GMT-0400 (Eastern Daylight Time),742782.5999999996,A,chin,I,n,180,2,1933.5,740849.0999999996,9062,WL,A,7.0
7,23.865999937057495,immed,36134.000062942505,Tue Aug 11 2026 10:09:45 GMT-0400 (Eastern Daylight Time),743649.5,A,chi,I,backspace,854,2,2800.4000000003725,740849.0999999996,9062,WL,A,7.0
7,24.31599998474121,immed,35684.00001525879,Tue Aug 11 2026 10:09:45 GMT-0400 (Eastern Daylight Time),744099.4000000004,A,chim,I,m,426,2,3250.300000000745,740849.0999999996,9062,WL,A,7.0
7,24.532999992370605,immed,35467.000007629395,Tue Aug 11 2026 10:09:45 GMT-0400 (Eastern Daylight Time),744316.0,A,chimn,I,n,200,2,3466.9000000003725,740849.0999999996,9062,WL,A,7.0
7,24.66600012779236,immed,35333.99987220764,Tue Aug 11 2026 10:09:45 GMT-0400 (Eastern Daylight Time),744449.5,A,chimne,I,e,108,2,3600.4000000003725,740849.0999999996,9062,WL,A,7.0
7,24.81599998474121,immed,35184.00001525879,Tue Aug 11 2026 10:09:45 GMT-0400 (Eastern Daylight Time),744599.2000000002,A,chimney,I,y,136,2,3750.100000000559,740849.0999999996,9062,WL,A,7.0
7,25.66600012779236,immed,34333.99987220764,Tue Aug 11 2026 10:09:45 GMT-0400 (Eastern Daylight Time),745449.0999999996,A,chimneyenter,I,enter,828,2,4600.0,740849.0999999996,9062,WL,A,7.0
7,29.06599998474121,immed,30934.00001525879,Tue Aug 11 2026 10:09:45 GMT-0400 (Eastern Daylight Time),748849.0999999996,A,b,I,b,3386,2,3399.5999999996275,745449.5,9062,WL,A,8.0
7,29.200000047683716,immed,30799.999952316284,Tue Aug 11 2026 10:09:45 GMT-0400 (Eastern Daylight Time),748982.7999999998,A,bu,I,u,112,2,3533.2999999998137,745449.5,9062,WL,A,8.0
7,29.449000120162964,immed,30550.999879837036,Tue Aug 11 2026 10:09:45 GMT-0400 (Eastern Daylight Time),749232.7000000002,A,but,I,t,228,2,3783.2000000001863,745449.5,9062,WL,A,8.0
7,29.615999937057495,immed,30384.000062942505,Tue Aug 11 2026 10:09:45 GMT-0400 (Eastern Daylight Time),749399.4000000004,A,butt,I,t,152,2,3949.9000000003725,745449.5,9062,WL,A,8.0
7,29.65000009536743,immed,30349.99990463257,Tue Aug 11 2026 10:09:45 GMT-0400 (Eastern Daylight Time),749432.7999999998,A,butto,I,o,19,2,3983.2999999998137,745449.5,9062,WL,A,8.0
7,29.83299994468689,immed,30167.00005531311,Tue Aug 11 2026 10:09:45 GMT-0400 (Eastern Daylight Time),749616.0999999996,A,button,I,n,156,2,4166.5999999996275,745449.5,9062,WL,A,8.0
7,30.450999975204468,immed,29549.000024795532,Tue Aug 11 2026 10:09:45 GMT-0400 (Eastern Daylight Time),750234.0999999996,A,buttonenter,I,enter,600,2,4784.5999999996275,745449.5,9062,WL,A,8.0
7,30.81599998474121,immed,29184.00001525879,Tue Aug 11 2026 10:09:45 GMT-0400 (Eastern Daylight Time),750599.4000000004,A,l,I,l,347,2,364.90000000037253,750234.5,9062,WL,A,9.0
7,30.950000047683716,immed,29049.999952316284,Tue Aug 11 2026 10:09:45 GMT-0400 (Eastern Daylight Time),750732.7999999998,A,lo,I,o,115,2,498.29999999981374,750234.5,9062,WL,A,9.0
7,31.350000143051147,immed,28649.999856948853,Tue Aug 11 2026 10:09:45 GMT-0400 (Eastern Daylight Time),751132.7999999998,A,log,I,g,382,2,898.2999999998137,750234.5,9062,WL,A,9.0
7,32.38199996948242,immed,27618.000030517578,Tue Aug 11 2026 10:09:45 GMT-0400 (Eastern Daylight Time),752165.5999999996,A,logenter,I,enter,1011,2,1931.0999999996275,750234.5,9062,WL,A,9.0
7,34.299999952316284,immed,25700.000047683716,Tue Aug 11 2026 10:09:45 GMT-0400 (Eastern Daylight Time),754082.9000000004,A,h,I,h,1896,2,1916.9000000003725,752166.0,9062,WL,A,10.0
7,34.43300008773804,immed,25566.999912261963,Tue Aug 11 2026 10:09:45 GMT-0400 (Eastern Daylight Time),754216.0999999996,A,ha,I,a,119,2,2050.0999999996275,752166.0,9062,WL,A,10.0
7,34.949000120162964,immed,25050.999879837036,Tue Aug 11 2026 10:09:45 GMT-0400 (Eastern Daylight Time),754732.5999999996,A,har,I,r,491,2,2566.5999999996275,752166.0,9062,WL,A,10.0
7,35.10000014305115,immed,24899.999856948853,Tue Aug 11 2026 10:09:45 GMT-0400 (Eastern Daylight Time),754882.7000000002,A,harp,I,p,125,2,2716.7000000001863,752166.0,9062,WL,A,10.0
7,35.81599998474121,immed,24184.00001525879,Tue Aug 11 2026 10:09:45 GMT-0400 (Eastern Daylight Time),755599.0999999996,A,harpenter,I,enter,694,2,3433.0999999996275,752166.0,9062,WL,A,10.0
7,36.96600008010864,immed,23033.999919891357,Tue Aug 11 2026 10:09:45 GMT-0400 (Eastern Daylight Time),756749.4000000004,A,g,I,g,1135,2,1150.0,755599.4000000004,9062,WL,A,11.0
7,37.06599998474121,immed,22934.00001525879,Tue Aug 11 2026 10:09:45 GMT-0400 (Eastern Daylight Time),756849.5,A,go,I,o,75,2,1250.0999999996275,755599.4000000004,9062,WL,A,11.0
7,37.23300004005432,immed,22766.99995994568,Tue Aug 11 2026 10:09:45 GMT-0400 (Eastern Daylight Time),757016.0999999996,A,gol,I,l,152,2,1416.699999999255,755599.4000000004,9062,WL,A,11.0
7,37.41600012779236,immed,22583.99987220764,Tue Aug 11 2026 10:09:45 GMT-0400 (Eastern Daylight Time),757199.5,A,gold,I,d,168,2,1600.0999999996275,755599.4000000004,9062,WL,A,11.0
7,37.66600012779236,immed,22333.99987220764,Tue Aug 11 2026 10:09:45 GMT-0400 (Eastern Daylight Time),757449.0999999996,A,goldenter,I,enter,225,2,1849.699999999255,755599.4000000004,9062,WL,A,11.0
7,39.83299994468689,immed,20167.00005531311,Tue Aug 11 2026 10:09:45 GMT-0400 (Eastern Daylight Time),759616.0,A,l,I,l,2156,2,2166.7000000001863,757449.2999999998,9062,WL,A,12.0
7,39.99900007247925,immed,20000.999927520752,Tue Aug 11 2026 10:09:45 GMT-0400 (Eastern Daylight Time),759782.5999999996,A,lo,I,o,146,2,2333.2999999998137,757449.2999999998,9062,WL,A,12.0
7,40.16600012779236,immed,19833.99987220764,Tue Aug 11 2026 10:09:45 GMT-0400 (Eastern Daylight Time),759949.4000000004,A,log,I,g,148,2,2500.100000000559,757449.2999999998,9062,WL,A,12.0
7,40.348999977111816,immed,19651.000022888184,Tue Aug 11 2026 10:09:45 GMT-0400 (Eastern Daylight Time),760132.2999999998,A,logenter,I,enter,171,2,2683.0,757449.2999999998,9062,WL,A,12.0
7,41.33299994468689,immed,18667.00005531311,Tue Aug 11 2026 10:09:45 GMT-0400 (Eastern Daylight Time),761116.2999999998,A,k,I,k,977,2,983.7000000001863,760132.5999999996,9062,WL,A,13.0
7,41.51600003242493,immed,18483.999967575073,Tue Aug 11 2026 10:09:45 GMT-0400 (Eastern Daylight Time),761299.5,A,ke,I,e,167,2,1166.9000000003725,760132.5999999996,9062,WL,A,13.0
7,41.63300013542175,immed,18366.999864578247,Tue Aug 11 2026 10:09:45 GMT-0400 (Eastern Daylight Time),761416.0999999996,A,key,I,y,102,2,1283.5,760132.5999999996,9062,WL,A,13.0
7,42.46600008010864,immed,17533.999919891357,Tue Aug 11 2026 10:09:45 GMT-0400 (Eastern Daylight Time),762249.0999999996,A,keyenter,I,enter,813,2,2116.5,760132.5999999996,9062,WL,A,13.0
7,42.83299994468689,immed,17167.00005531311,Tue Aug 11 2026 10:09:45 GMT-0400 (Eastern Daylight Time),762616.0999999996,A,r,I,r,349,2,366.69999999925494,762249.4000000004,9062,WL,A,14.0
7,42.950000047683716,immed,17049.999952316284,Tue Aug 11 2026 10:09:45 GMT-0400 (Eastern Daylight Time),762732.7999999998,A,ra,I,a,106,2,483.3999999994412,762249.4000000004,9062,WL,A,14.0
7,43.23300004005432,immed,16766.99995994568,Tue Aug 11 2026 10:09:45 GMT-0400 (Eastern Daylight Time),763016.0999999996,A,rat,I,t,253,2,766.6999999992549,762249.4000000004,9062,WL,A,14.0
7,43.865999937057495,immed,16134.000062942505,Tue Aug 11 2026 10:09:45 GMT-0400 (Eastern Daylight Time),763649.2999999998,A,ratt,I,t,618,2,1399.8999999994412,762249.4000000004,9062,WL,A,14.0
7,44.38300013542175,immed,15616.999864578247,Tue Aug 11 2026 10:09:45 GMT-0400 (Eastern Daylight Time),764166.0999999996,A,rattl,I,l,505,2,1916.699999999255,762249.4000000004,9062,WL,A,14.0
7,44.48300004005432,immed,15516.999959945679,Tue Aug 11 2026 10:09:45 GMT-0400 (Eastern Daylight Time),764266.0,A,rattle,I,e,76,2,2016.5999999996275,762249.4000000004,9062,WL,A,14.0
7,44.71600008010864,immed,15283.999919891357,Tue Aug 11 2026 10:09:45 GMT-0400 (Eastern Daylight Time),764499.0,A,rattleenter,I,enter,215,2,2249.5999999996275,762249.4000000004,9062,WL,A,14.0
7,48.23300004005432,immed,11766.999959945679,Tue Aug 11 2026 10:09:45 GMT-0400 (Eastern Daylight Time),768016.0999999996,A,r,I,r,3507,2,3516.7999999998137,764499.2999999998,9062,WL,A,15.0
7,48.33299994468689,immed,11667.00005531311,Tue Aug 11 2026 10:09:45 GMT-0400 (Eastern Daylight Time),768115.7000000002,A,ru,I,u,81,2,3616.4000000003725,764499.2999999998,9062,WL,A,15.0
7,48.53200006484985,immed,11467.999935150146,Tue Aug 11 2026 10:09:45 GMT-0400 (Eastern Daylight Time),768315.4000000004,A,rug,I,g,177,2,3816.100000000559,764499.2999999998,9062,WL,A,15.0
7,48.74900007247925,immed,11250.999927520752,Tue Aug 11 2026 10:09:45 GMT-0400 (Eastern Daylight Time),768532.2000000002,A,rugenter,I,enter,200,2,4032.9000000003725,764499.2999999998,9062,WL,A,15.0
