block_c,block_dur,condition,countdown,datetime,endtime,list,multichar_response,project,response,response_time,session_number,start_end,starttime,subject_id,task,task_vers,trial
,,,,Fri Aug 07 2026 18:22:34 GMT-0500 (Central Daylight Time),,,,I,space,597,1,,,8136,WL,A,
prac,,0,,Fri Aug 07 2026 18:22:34 GMT-0500 (Central Daylight Time),,NA,b,I,b,773,1,,,8136,WL,A,1.0
prac,,0,,Fri Aug 07 2026 18:22:34 GMT-0500 (Central Daylight Time),,NA,bo,I,o,331,1,,,8136,WL,A,1.0
prac,,0,,Fri Aug 07 2026 18:22:34 GMT-0500 (Central Daylight Time),,NA,boo,I,o,205,1,,,8136,WL,A,1.0
prac,,0,,Fri Aug 07 2026 18:22:34 GMT-0500 (Central Daylight Time),,NA,boos,I,s,220,1,,,8136,WL,A,1.0
prac,,0,,Fri Aug 07 2026 18:22:34 GMT-0500 (Central Daylight Time),,NA,boost,I,t,211,1,,,8136,WL,A,1.0
prac,,0,,Fri Aug 07 2026 18:22:34 GMT-0500 (Central Daylight Time),,NA,boostenter,I,enter,1419,1,,,8136,WL,A,1.0
1,1.2819998264312744,learn,58718.000173568726,Fri Aug 07 2026 18:22:34 GMT-0500 (Central Daylight Time),149698.59999990463,A,b,I,b,1274,1,1282.5,148416.09999990463,8136,WL,A,1.0
1,1.6159999370574951,learn,58384.000062942505,Fri Aug 07 2026 18:22:34 GMT-0500 (Central Daylight Time),150031.89999997616,A,bo,I,o,319,1,1615.8000000715256,148416.09999990463,8136,WL,A,1.0
1,1.866999864578247,learn,58133.00013542175,Fri Aug 07 2026 18:22:34 GMT-0500 (Central Daylight Time),150282.89999997616,A,boo,I,o,235,1,1866.8000000715256,148416.09999990463,8136,WL,A,1.0
1,2.115999937057495,learn,57884.000062942505,Fri Aug 07 2026 18:22:34 GMT-0500 (Central Daylight Time),150531.69999992847,A,book,I,k,231,1,2115.600000023842,148416.09999990463,8136,WL,A,1.0
1,2.748999834060669,learn,57251.00016593933,Fri Aug 07 2026 18:22:34 GMT-0500 (Central Daylight Time),151164.89999997616,A,bookenter,I,enter,622,1,2748.8000000715256,148416.09999990463,8136,WL,A,1.0
1,3.381999969482422,learn,56618.00003051758,Fri Aug 07 2026 18:22:34 GMT-0500 (Central Daylight Time),151798.09999990463,A,f,I,f,613,1,632.6999999284744,151165.39999997616,8136,WL,A,2.0
1,3.4649999141693115,learn,56535.00008583069,Fri Aug 07 2026 18:22:34 GMT-0500 (Central Daylight Time),151881.19999992847,A,fl,I,l,68,1,715.7999999523163,151165.39999997616,8136,WL,A,2.0
1,3.6489999294281006,learn,56351.0000705719,Fri Aug 07 2026 18:22:34 GMT-0500 (Central Daylight Time),152065.5,A,flo,I,o,162,1,900.1000000238419,151165.39999997616,8136,WL,A,2.0
1,3.748999834060669,learn,56251.00016593933,Fri Aug 07 2026 18:22:34 GMT-0500 (Central Daylight Time),152164.59999990463,A,flow,I,w,89,1,999.1999999284744,151165.39999997616,8136,WL,A,2.0
1,3.8329999446868896,learn,56167.00005531311,Fri Aug 07 2026 18:22:34 GMT-0500 (Central Daylight Time),152248.89999997616,A,flowe,I,e,62,1,1083.5,151165.39999997616,8136,WL,A,2.0
1,3.947999954223633,learn,56052.00004577637,Fri Aug 07 2026 18:22:34 GMT-0500 (Central Daylight Time),152364.19999992847,A,flower,I,r,97,1,1198.7999999523163,151165.39999997616,8136,WL,A,2.0
1,4.247999906539917,learn,55752.00009346008,Fri Aug 07 2026 18:22:34 GMT-0500 (Central Daylight Time),152664.39999997616,A,flowerenter,I,enter,278,1,1499.0,151165.39999997616,8136,WL,A,2.0
1,4.580999851226807,learn,55419.00014877319,Fri Aug 07 2026 18:22:34 GMT-0500 (Central Daylight Time),152997.39999997616,A,t,I,t,314,1,332.39999997615814,152665.0,8136,WL,A,3.0
1,4.7809998989105225,learn,55219.00010108948,Fri Aug 07 2026 18:22:34 GMT-0500 (Central Daylight Time),153197.5,A,tr,I,r,181,1,532.5,152665.0,8136,WL,A,3.0
1,4.847999811172485,learn,55152.000188827515,Fri Aug 07 2026 18:22:34 GMT-0500 (Central Daylight Time),153264.19999992847,A,tra,I,a,54,1,599.1999999284744,152665.0,8136,WL,A,3.0
1,4.9649999141693115,learn,55035.00008583069,Fri Aug 07 2026 18:22:34 GMT-0500 (Central Daylight Time),153380.69999992847,A,trai,I,i,106,1,715.6999999284744,152665.0,8136,WL,A,3.0
1,5.080999851226807,learn,54919.00014877319,Fri Aug 07 2026 18:22:34 GMT-0500 (Central Daylight Time),153497.29999995232,A,train,I,n,102,1,832.2999999523163,152665.0,8136,WL,A,3.0
1,5.514999866485596,learn,54485.000133514404,Fri Aug 07 2026 18:22:34 GMT-0500 (Central Daylight Time),153930.69999992847,A,trainenter,I,enter,418,1,1265.6999999284744,152665.0,8136,WL,A,3.0
1,5.815999984741211,learn,54184.00001525879,Fri Aug 07 2026 18:22:34 GMT-0500 (Central Daylight Time),154231.59999990463,A,r,I,r,280,1,300.59999990463257,153931.0,8136,WL,A,4.0
1,5.930999994277954,learn,54069.000005722046,Fri Aug 07 2026 18:22:34 GMT-0500 (Central Daylight Time),154347.29999995232,A,ru,I,u,107,1,416.2999999523163,153931.0,8136,WL,A,4.0
1,6.2809998989105225,learn,53719.00010108948,Fri Aug 07 2026 18:22:34 GMT-0500 (Central Daylight Time),154696.69999992847,A,rug,I,g,343,1,765.6999999284744,153931.0,8136,WL,A,4.0
1,6.630999803543091,learn,53369.00019645691,Fri Aug 07 2026 18:22:34 GMT-0500 (Central Daylight Time),155047.09999990463,A,rugenter,I,enter,339,1,1116.0999999046326,153931.0,8136,WL,A,4.0
1,6.980999946594238,learn,53019.00005340576,Fri Aug 07 2026 18:22:34 GMT-0500 (Central Daylight Time),155396.89999997616,A,m,I,m,340,1,349.39999997615814,155047.5,8136,WL,A,5.0
1,7.097999811172485,learn,52902.000188827515,Fri Aug 07 2026 18:22:34 GMT-0500 (Central Daylight Time),155513.59999990463,A,me,I,e,102,1,466.09999990463257,155047.5,8136,WL,A,5.0
1,7.197999954223633,learn,52802.00004577637,Fri Aug 07 2026 18:22:34 GMT-0500 (Central Daylight Time),155613.59999990463,A,mea,I,a,89,1,566.0999999046326,155047.5,8136,WL,A,5.0
1,7.330999851226807,learn,52669.00014877319,Fri Aug 07 2026 18:22:34 GMT-0500 (Central Daylight Time),155746.89999997616,A,mead,I,d,117,1,699.3999999761581,155047.5,8136,WL,A,5.0
1,7.496999979019165,learn,52503.000020980835,Fri Aug 07 2026 18:22:34 GMT-0500 (Central Daylight Time),155913.19999992847,A,meadu,I,u,151,1,865.6999999284744,155047.5,8136,WL,A,5.0
1,8.19700002670288,learn,51802.99997329712,Fri Aug 07 2026 18:22:34 GMT-0500 (Central Daylight Time),156613.29999995232,A,meaduo,I,o,690,1,1565.7999999523163,155047.5,8136,WL,A,5.0
1,8.679999828338623,learn,51320.00017166138,Fri Aug 07 2026 18:22:34 GMT-0500 (Central Daylight Time),157096.39999997616,A,meadu,I,backspace,461,1,2048.899999976158,155047.5,8136,WL,A,5.0
1,8.863999843597412,learn,51136.00015640259,Fri Aug 07 2026 18:22:34 GMT-0500 (Central Daylight Time),157279.79999995232,A,mead,I,backspace,163,1,2232.2999999523163,155047.5,8136,WL,A,5.0
1,9.11299991607666,learn,50887.00008392334,Fri Aug 07 2026 18:22:34 GMT-0500 (Central Daylight Time),157529.59999990463,A,meado,I,o,243,1,2482.0999999046326,155047.5,8136,WL,A,5.0
1,9.346999883651733,learn,50653.00011634827,Fri Aug 07 2026 18:22:34 GMT-0500 (Central Daylight Time),157762.79999995232,A,meadow,I,w,217,1,2715.2999999523163,155047.5,8136,WL,A,5.0
1,9.730000019073486,learn,50269.999980926514,Fri Aug 07 2026 18:22:34 GMT-0500 (Central Daylight Time),158145.79999995232,A,meadowenter,I,enter,368,1,3098.2999999523163,155047.5,8136,WL,A,5.0
1,10.796000003814697,learn,49203.9999961853,Fri Aug 07 2026 18:22:34 GMT-0500 (Central Daylight Time),159212.29999995232,A,h,I,h,1057,1,1066.1000000238419,158146.19999992847,8136,WL,A,6.0
1,10.912999868392944,learn,49087.000131607056,Fri Aug 07 2026 18:22:34 GMT-0500 (Central Daylight Time),159328.79999995232,A,ha,I,a,101,1,1182.6000000238419,158146.19999992847,8136,WL,A,6.0
1,11.02999997138977,learn,48970.00002861023,Fri Aug 07 2026 18:22:34 GMT-0500 (Central Daylight Time),159445.79999995232,A,har,I,r,98,1,1299.6000000238419,158146.19999992847,8136,WL,A,6.0
1,11.079999923706055,learn,48920.000076293945,Fri Aug 07 2026 18:22:34 GMT-0500 (Central Daylight Time),159495.69999992847,A,harp,I,p,44,1,1349.5,158146.19999992847,8136,WL,A,6.0
1,11.428999900817871,learn,48571.00009918213,Fri Aug 07 2026 18:22:34 GMT-0500 (Central Daylight Time),159845.5,A,harpenter,I,enter,340,1,1699.3000000715256,158146.19999992847,8136,WL,A,6.0
1,11.911999940872192,learn,48088.00005912781,Fri Aug 07 2026 18:22:34 GMT-0500 (Central Daylight Time),160328.59999990463,A,c,I,c,469,1,482.6999999284744,159845.89999997616,8136,WL,A,7.0
1,12.046000003814697,learn,47953.9999961853,Fri Aug 07 2026 18:22:34 GMT-0500 (Central Daylight Time),160462.09999990463,A,ci,I,i,114,1,616.1999999284744,159845.89999997616,8136,WL,A,7.0
1,12.51199984550476,learn,47488.00015449524,Fri Aug 07 2026 18:22:34 GMT-0500 (Central Daylight Time),160928.39999997616,A,c,I,backspace,461,1,1082.5,159845.89999997616,8136,WL,A,7.0
1,12.77899980545044,learn,47221.00019454956,Fri Aug 07 2026 18:22:34 GMT-0500 (Central Daylight Time),161195.19999992847,A,ch,I,h,251,1,1349.2999999523163,159845.89999997616,8136,WL,A,7.0
1,12.878999948501587,learn,47121.00005149841,Fri Aug 07 2026 18:22:34 GMT-0500 (Central Daylight Time),161295.0,A,chi,I,i,80,1,1449.1000000238419,159845.89999997616,8136,WL,A,7.0
1,13.046000003814697,learn,46953.9999961853,Fri Aug 07 2026 18:22:34 GMT-0500 (Central Daylight Time),161461.69999992847,A,chim,I,m,148,1,1615.7999999523163,159845.89999997616,8136,WL,A,7.0
1,13.461999893188477,learn,46538.00010681152,Fri Aug 07 2026 18:22:34 GMT-0500 (Central Daylight Time),161878.19999992847,A,chimn,I,n,398,1,2032.2999999523163,159845.89999997616,8136,WL,A,7.0
1,13.67799997329712,learn,46322.00002670288,Fri Aug 07 2026 18:22:34 GMT-0500 (Central Daylight Time),162094.5,A,chimne,I,e,196,1,2248.600000023842,159845.89999997616,8136,WL,A,7.0
1,13.744999885559082,learn,46255.00011444092,Fri Aug 07 2026 18:22:34 GMT-0500 (Central Daylight Time),162161.19999992847,A,chimney,I,y,52,1,2315.2999999523163,159845.89999997616,8136,WL,A,7.0
1,14.194999933242798,learn,45805.0000667572,Fri Aug 07 2026 18:22:34 GMT-0500 (Central Daylight Time),162611.0,A,chimneyenter,I,enter,442,1,2765.100000023842,159845.89999997616,8136,WL,A,7.0
1,14.544999837875366,learn,45455.000162124634,Fri Aug 07 2026 18:22:34 GMT-0500 (Central Daylight Time),162961.09999990463,A,l,I,l,336,1,349.59999990463257,162611.5,8136,WL,A,8.0
1,14.77899980545044,learn,45221.00019454956,Fri Aug 07 2026 18:22:34 GMT-0500 (Central Daylight Time),163194.79999995232,A,lo,I,o,218,1,583.2999999523163,162611.5,8136,WL,A,8.0
1,14.92799997329712,learn,45072.00002670288,Fri Aug 07 2026 18:22:34 GMT-0500 (Central Daylight Time),163344.39999997616,A,log,I,g,128,1,732.8999999761581,162611.5,8136,WL,A,8.0
1,15.394999980926514,learn,44605.000019073486,Fri Aug 07 2026 18:22:34 GMT-0500 (Central Daylight Time),163810.79999995232,A,logenter,I,enter,451,1,1199.2999999523163,162611.5,8136,WL,A,8.0
1,23.05900001525879,learn,36940.99998474121,Fri Aug 07 2026 18:22:34 GMT-0500 (Central Daylight Time),171475.0,A,r,I,r,7657,1,7664.0,163811.0,8136,WL,A,9.0
1,23.192999839782715,learn,36807.000160217285,Fri Aug 07 2026 18:22:34 GMT-0500 (Central Daylight Time),171609.39999997616,A,ru,I,u,120,1,7798.399999976158,163811.0,8136,WL,A,9.0
1,23.408999919891357,learn,36591.00008010864,Fri Aug 07 2026 18:22:34 GMT-0500 (Central Daylight Time),171825.0,A,rug,I,g,202,1,8014.0,163811.0,8136,WL,A,9.0
1,25.241999864578247,learn,34758.00013542175,Fri Aug 07 2026 18:22:34 GMT-0500 (Central Daylight Time),173657.79999995232,A,ru,I,backspace,1818,1,9846.799999952316,163811.0,8136,WL,A,9.0
1,25.44099998474121,learn,34559.00001525879,Fri Aug 07 2026 18:22:34 GMT-0500 (Central Daylight Time),173857.69999992847,A,r,I,backspace,193,1,10046.699999928474,163811.0,8136,WL,A,9.0
1,25.625,learn,34375.0,Fri Aug 07 2026 18:22:34 GMT-0500 (Central Daylight Time),174041.09999990463,A,,I,backspace,169,1,10230.099999904633,163811.0,8136,WL,A,9.0
1,57.24799990653992,learn,2752.000093460083,Fri Aug 07 2026 18:22:34 GMT-0500 (Central Daylight Time),205664.5,A,enter,I,enter,31611,1,41853.5,163811.0,8136,WL,A,9.0
1,58.64800000190735,learn,1351.9999980926514,Fri Aug 07 2026 18:22:34 GMT-0500 (Central Daylight Time),207063.89999997616,A,enter,I,enter,1378,1,1399.0,205664.89999997616,8136,WL,A,10.0
1,59.413999795913696,learn,586.0002040863037,Fri Aug 07 2026 18:22:34 GMT-0500 (Central Daylight Time),207830.29999995232,A,enter,I,enter,756,1,766.2000000476837,207064.09999990463,8136,WL,A,11.0
1,60.013999938964844,learn,-13.99993896484375,Fri Aug 07 2026 18:22:34 GMT-0500 (Central Daylight Time),208430.09999990463,A,None,I,None,595,1,599.2999999523163,207830.79999995232,8136,WL,A,12.0
2,0.5999999046325684,learn,59400.00009536743,Fri Aug 07 2026 18:22:34 GMT-0500 (Central Daylight Time),275359.59999990463,A,v,I,v,580,1,600.0,274759.59999990463,8136,WL,A,1.0
2,1.2829999923706055,learn,58717.000007629395,Fri Aug 07 2026 18:22:34 GMT-0500 (Central Daylight Time),276042.1999999285,A,,I,backspace,675,1,1282.6000000238419,274759.59999990463,8136,WL,A,1.0
2,1.6159999370574951,learn,58384.000062942505,Fri Aug 07 2026 18:22:34 GMT-0500 (Central Daylight Time),276375.5,A,b,I,b,321,1,1615.9000000953674,274759.59999990463,8136,WL,A,1.0
2,2.0329999923706055,learn,57967.000007629395,Fri Aug 07 2026 18:22:34 GMT-0500 (Central Daylight Time),276792.09999990463,A,bo,I,o,396,1,2032.5,274759.59999990463,8136,WL,A,1.0
2,2.2330000400543213,learn,57766.99995994568,Fri Aug 07 2026 18:22:34 GMT-0500 (Central Daylight Time),276992.09999990463,A,boo,I,o,179,1,2232.5,274759.59999990463,8136,WL,A,1.0
2,2.365999937057495,learn,57634.000062942505,Fri Aug 07 2026 18:22:34 GMT-0500 (Central Daylight Time),277125.39999997616,A,book,I,k,114,1,2365.8000000715256,274759.59999990463,8136,WL,A,1.0
2,3.2660000324249268,learn,56733.99996757507,Fri Aug 07 2026 18:22:34 GMT-0500 (Central Daylight Time),278025.09999990463,A,bookenter,I,enter,886,1,3265.5,274759.59999990463,8136,WL,A,1.0
2,3.615000009536743,learn,56384.99999046326,Fri Aug 07 2026 18:22:34 GMT-0500 (Central Daylight Time),278374.89999997616,A,d,I,d,338,1,349.39999997615814,278025.5,8136,WL,A,2.0
2,3.7149999141693115,learn,56285.00008583069,Fri Aug 07 2026 18:22:34 GMT-0500 (Central Daylight Time),278475.0,A,dl,I,l,92,1,449.5,278025.5,8136,WL,A,2.0
2,3.9489998817443848,learn,56051.000118255615,Fri Aug 07 2026 18:22:34 GMT-0500 (Central Daylight Time),278708.1999999285,A,dlo,I,o,224,1,682.6999999284744,278025.5,8136,WL,A,2.0
2,4.2820000648498535,learn,55717.99993515015,Fri Aug 07 2026 18:22:34 GMT-0500 (Central Daylight Time),279041.5,A,dl,I,backspace,319,1,1016.0,278025.5,8136,WL,A,2.0
2,4.4649999141693115,learn,55535.00008583069,Fri Aug 07 2026 18:22:34 GMT-0500 (Central Daylight Time),279224.5,A,d,I,backspace,169,1,1199.0,278025.5,8136,WL,A,2.0
2,4.631999969482422,learn,55368.00003051758,Fri Aug 07 2026 18:22:34 GMT-0500 (Central Daylight Time),279391.5,A,,I,backspace,155,1,1366.0,278025.5,8136,WL,A,2.0
2,4.815999984741211,learn,55184.00001525879,Fri Aug 07 2026 18:22:34 GMT-0500 (Central Daylight Time),279575.2999999523,A,f,I,f,172,1,1549.7999999523163,278025.5,8136,WL,A,2.0
2,4.9649999141693115,learn,55035.00008583069,Fri Aug 07 2026 18:22:34 GMT-0500 (Central Daylight Time),279724.59999990463,A,fl,I,l,140,1,1699.0999999046326,278025.5,8136,WL,A,2.0
2,5.2149999141693115,learn,54785.00008583069,Fri Aug 07 2026 18:22:34 GMT-0500 (Central Daylight Time),279974.5,A,flo,I,o,239,1,1949.0,278025.5,8136,WL,A,2.0
2,6.13100004196167,learn,53868.99995803833,Fri Aug 07 2026 18:22:34 GMT-0500 (Central Daylight Time),280890.89999997616,A,flow,I,w,909,1,2865.399999976158,278025.5,8136,WL,A,2.0
2,6.230999946594238,learn,53769.00005340576,Fri Aug 07 2026 18:22:34 GMT-0500 (Central Daylight Time),280990.7999999523,A,flowe,I,e,89,1,2965.2999999523163,278025.5,8136,WL,A,2.0
2,6.3480000495910645,learn,53651.999950408936,Fri Aug 07 2026 18:22:34 GMT-0500 (Central Daylight Time),281107.5,A,flower,I,r,101,1,3082.0,278025.5,8136,WL,A,2.0
2,6.63100004196167,learn,53368.99995803833,Fri Aug 07 2026 18:22:34 GMT-0500 (Central Daylight Time),281390.59999990463,A,flowerenter,I,enter,272,1,3365.0999999046326,278025.5,8136,WL,A,2.0
2,7.391999959945679,learn,52608.00004005432,Fri Aug 07 2026 18:22:34 GMT-0500 (Central Daylight Time),282151.89999997616,A,t,I,t,757,1,760.8999999761581,281391.0,8136,WL,A,3.0
2,7.466000080108643,learn,52533.99991989136,Fri Aug 07 2026 18:22:34 GMT-0500 (Central Daylight Time),282225.6999999285,A,tr,I,r,58,1,834.6999999284744,281391.0,8136,WL,A,3.0
2,7.581000089645386,learn,52418.999910354614,Fri Aug 07 2026 18:22:34 GMT-0500 (Central Daylight Time),282340.1999999285,A,tra,I,a,97,1,949.1999999284744,281391.0,8136,WL,A,3.0
2,7.697999954223633,learn,52302.00004577637,Fri Aug 07 2026 18:22:34 GMT-0500 (Central Daylight Time),282457.2999999523,A,trai,I,i,103,1,1066.2999999523163,281391.0,8136,WL,A,3.0
2,7.831000089645386,learn,52168.999910354614,Fri Aug 07 2026 18:22:34 GMT-0500 (Central Daylight Time),282590.39999997616,A,train,I,n,114,1,1199.3999999761581,281391.0,8136,WL,A,3.0
2,8.315000057220459,learn,51684.99994277954,Fri Aug 07 2026 18:22:34 GMT-0500 (Central Daylight Time),283074.5,A,trainenter,I,enter,477,1,1683.5,281391.0,8136,WL,A,3.0
2,8.681999921798706,learn,51318.000078201294,Fri Aug 07 2026 18:22:34 GMT-0500 (Central Daylight Time),283441.09999990463,A,r,I,r,344,1,366.09999990463257,283075.0,8136,WL,A,4.0
2,9.013999938964844,learn,50986.000061035156,Fri Aug 07 2026 18:22:34 GMT-0500 (Central Daylight Time),283773.2999999523,A,ru,I,u,322,1,698.2999999523163,283075.0,8136,WL,A,4.0
2,9.27999997138977,learn,50720.00002861023,Fri Aug 07 2026 18:22:34 GMT-0500 (Central Daylight Time),284040.0,A,rug,I,g,254,1,965.0,283075.0,8136,WL,A,4.0
2,9.912999868392944,learn,50087.000131607056,Fri Aug 07 2026 18:22:34 GMT-0500 (Central Daylight Time),284672.7999999523,A,rugenter,I,enter,627,1,1597.7999999523163,283075.0,8136,WL,A,4.0
2,11.081000089645386,learn,48918.999910354614,Fri Aug 07 2026 18:22:34 GMT-0500 (Central Daylight Time),285840.39999997616,A,m,I,m,1147,1,1167.5,284672.89999997616,8136,WL,A,5.0
2,11.263000011444092,learn,48736.99998855591,Fri Aug 07 2026 18:22:34 GMT-0500 (Central Daylight Time),286022.39999997616,A,me,I,e,170,1,1349.5,284672.89999997616,8136,WL,A,5.0
2,11.479000091552734,learn,48520.999908447266,Fri Aug 07 2026 18:22:34 GMT-0500 (Central Daylight Time),286239.1999999285,A,med,I,d,205,1,1566.2999999523163,284672.89999997616,8136,WL,A,5.0
2,11.86299991607666,learn,48137.00008392334,Fri Aug 07 2026 18:22:34 GMT-0500 (Central Daylight Time),286622.39999997616,A,me,I,backspace,364,1,1949.5,284672.89999997616,8136,WL,A,5.0
2,11.94599986076355,learn,48054.00013923645,Fri Aug 07 2026 18:22:34 GMT-0500 (Central Daylight Time),286705.59999990463,A,mea,I,a,69,1,2032.6999999284744,284672.89999997616,8136,WL,A,5.0
2,12.029000043869019,learn,47970.99995613098,Fri Aug 07 2026 18:22:34 GMT-0500 (Central Daylight Time),286789.0,A,mead,I,d,74,1,2116.100000023842,284672.89999997616,8136,WL,A,5.0
2,12.213000059127808,learn,47786.99994087219,Fri Aug 07 2026 18:22:34 GMT-0500 (Central Daylight Time),286972.39999997616,A,meado,I,o,166,1,2299.5,284672.89999997616,8136,WL,A,5.0
2,12.36299991607666,learn,47637.00008392334,Fri Aug 07 2026 18:22:34 GMT-0500 (Central Daylight Time),287122.39999997616,A,meadow,I,w,135,1,2449.5,284672.89999997616,8136,WL,A,5.0
2,13.19599986076355,learn,46804.00013923645,Fri Aug 07 2026 18:22:34 GMT-0500 (Central Daylight Time),287955.39999997616,A,meadowenter,I,enter,817,1,3282.5,284672.89999997616,8136,WL,A,5.0
2,13.861999988555908,learn,46138.00001144409,Fri Aug 07 2026 18:22:34 GMT-0500 (Central Daylight Time),288621.89999997616,A,h,I,h,656,1,666.1000000238419,287955.7999999523,8136,WL,A,6.0
2,13.963000059127808,learn,46036.99994087219,Fri Aug 07 2026 18:22:34 GMT-0500 (Central Daylight Time),288722.6999999285,A,ha,I,a,93,1,766.8999999761581,287955.7999999523,8136,WL,A,6.0
2,14.078999996185303,learn,45921.0000038147,Fri Aug 07 2026 18:22:34 GMT-0500 (Central Daylight Time),288838.39999997616,A,har,I,r,97,1,882.6000000238419,287955.7999999523,8136,WL,A,6.0
2,14.361999988555908,learn,45638.00001144409,Fri Aug 07 2026 18:22:34 GMT-0500 (Central Daylight Time),289121.89999997616,A,harp,I,p,268,1,1166.1000000238419,287955.7999999523,8136,WL,A,6.0
2,17.277999877929688,learn,42722.00012207031,Fri Aug 07 2026 18:22:34 GMT-0500 (Central Daylight Time),292037.2999999523,A,harpenter,I,enter,2897,1,4081.5,287955.7999999523,8136,WL,A,6.0
2,17.793999910354614,learn,42206.000089645386,Fri Aug 07 2026 18:22:34 GMT-0500 (Central Daylight Time),292553.89999997616,A,s,I,s,502,1,516.2000000476837,292037.6999999285,8136,WL,A,7.0
2,17.927000045776367,learn,42072.99995422363,Fri Aug 07 2026 18:22:34 GMT-0500 (Central Daylight Time),292687.09999990463,A,sa,I,a,121,1,649.3999999761581,292037.6999999285,8136,WL,A,7.0
2,18.043999910354614,learn,41956.000089645386,Fri Aug 07 2026 18:22:34 GMT-0500 (Central Daylight Time),292804.0,A,sal,I,l,101,1,766.3000000715256,292037.6999999285,8136,WL,A,7.0
2,18.310999870300293,learn,41689.00012969971,Fri Aug 07 2026 18:22:34 GMT-0500 (Central Daylight Time),293070.39999997616,A,salt,I,t,256,1,1032.7000000476837,292037.6999999285,8136,WL,A,7.0
2,19.776999950408936,learn,40223.000049591064,Fri Aug 07 2026 18:22:34 GMT-0500 (Central Daylight Time),294536.6999999285,A,saltenter,I,enter,1452,1,2499.0,292037.6999999285,8136,WL,A,7.0
2,20.07800006866455,learn,39921.99993133545,Fri Aug 07 2026 18:22:34 GMT-0500 (Central Daylight Time),294837.6999999285,A,a,I,a,291,1,300.6999999284744,294537.0,8136,WL,A,8.0
2,20.210000038146973,learn,39789.99996185303,Fri Aug 07 2026 18:22:34 GMT-0500 (Central Daylight Time),294969.7999999523,A,ap,I,p,117,1,432.7999999523163,294537.0,8136,WL,A,8.0
2,20.460999965667725,learn,39539.000034332275,Fri Aug 07 2026 18:22:34 GMT-0500 (Central Daylight Time),295220.7999999523,A,app,I,p,233,1,683.7999999523163,294537.0,8136,WL,A,8.0
2,20.677000045776367,learn,39322.99995422363,Fri Aug 07 2026 18:22:34 GMT-0500 (Central Daylight Time),295436.2999999523,A,appl,I,l,198,1,899.2999999523163,294537.0,8136,WL,A,8.0
2,20.825999975204468,learn,39174.00002479553,Fri Aug 07 2026 18:22:34 GMT-0500 (Central Daylight Time),295586.1999999285,A,apple,I,e,135,1,1049.1999999284744,294537.0,8136,WL,A,8.0
2,21.009000062942505,learn,38990.999937057495,Fri Aug 07 2026 18:22:34 GMT-0500 (Central Daylight Time),295769.1999999285,A,appleenter,I,enter,177,1,1232.1999999284744,294537.0,8136,WL,A,8.0
2,21.359999895095825,learn,38640.000104904175,Fri Aug 07 2026 18:22:34 GMT-0500 (Central Daylight Time),296119.59999990463,A,g,I,g,338,1,350.1999999284744,295769.39999997616,8136,WL,A,9.0
2,21.509999990463257,learn,38490.00000953674,Fri Aug 07 2026 18:22:34 GMT-0500 (Central Daylight Time),296269.2999999523,A,gi,I,i,140,1,499.89999997615814,295769.39999997616,8136,WL,A,9.0
2,21.89299988746643,learn,38107.00011253357,Fri Aug 07 2026 18:22:34 GMT-0500 (Central Daylight Time),296652.5,A,g,I,backspace,366,1,883.1000000238419,295769.39999997616,8136,WL,A,9.0
2,22.042999982833862,learn,37957.00001716614,Fri Aug 07 2026 18:22:34 GMT-0500 (Central Daylight Time),296802.6999999285,A,,I,backspace,143,1,1033.2999999523163,295769.39999997616,8136,WL,A,9.0
2,22.158999919891357,learn,37841.00008010864,Fri Aug 07 2026 18:22:34 GMT-0500 (Central Daylight Time),296919.09999990463,A,f,I,f,96,1,1149.6999999284744,295769.39999997616,8136,WL,A,9.0
2,22.342999935150146,learn,37657.00006484985,Fri Aug 07 2026 18:22:34 GMT-0500 (Central Daylight Time),297102.5,A,fi,I,i,163,1,1333.1000000238419,295769.39999997616,8136,WL,A,9.0
2,22.425999879837036,learn,37574.000120162964,Fri Aug 07 2026 18:22:34 GMT-0500 (Central Daylight Time),297186.0,A,fin,I,n,69,1,1416.6000000238419,295769.39999997616,8136,WL,A,9.0
2,22.693000078201294,learn,37306.999921798706,Fri Aug 07 2026 18:22:34 GMT-0500 (Central Daylight Time),297452.2999999523,A,fing,I,g,257,1,1682.8999999761581,295769.39999997616,8136,WL,A,9.0
2,22.925999879837036,learn,37074.000120162964,Fri Aug 07 2026 18:22:34 GMT-0500 (Central Daylight Time),297685.6999999285,A,finge,I,e,223,1,1916.2999999523163,295769.39999997616,8136,WL,A,9.0
2,22.993000030517578,learn,37006.99996948242,Fri Aug 07 2026 18:22:34 GMT-0500 (Central Daylight Time),297752.39999997616,A,finger,I,r,46,1,1983.0,295769.39999997616,8136,WL,A,9.0
2,23.092999935150146,learn,36907.00006484985,Fri Aug 07 2026 18:22:34 GMT-0500 (Central Daylight Time),297852.2999999523,A,fingerenter,I,enter,91,1,2082.899999976158,295769.39999997616,8136,WL,A,9.0
2,24.259000062942505,learn,35740.999937057495,Fri Aug 07 2026 18:22:34 GMT-0500 (Central Daylight Time),299018.39999997616,A,c,I,c,1151,1,1165.8000000715256,297852.59999990463,8136,WL,A,10.0
2,24.358999967575073,learn,35641.00003242493,Fri Aug 07 2026 18:22:34 GMT-0500 (Central Daylight Time),299118.5,A,ch,I,h,81,1,1265.9000000953674,297852.59999990463,8136,WL,A,10.0
2,24.424999952316284,learn,35575.000047683716,Fri Aug 07 2026 18:22:34 GMT-0500 (Central Daylight Time),299185.0,A,chi,I,i,53,1,1332.4000000953674,297852.59999990463,8136,WL,A,10.0
2,24.575000047683716,learn,35424.999952316284,Fri Aug 07 2026 18:22:34 GMT-0500 (Central Daylight Time),299334.6999999285,A,chim,I,m,138,1,1482.1000000238419,297852.59999990463,8136,WL,A,10.0
2,24.908999919891357,learn,35091.00008010864,Fri Aug 07 2026 18:22:34 GMT-0500 (Central Daylight Time),299668.1999999285,A,chime,I,e,317,1,1815.6000000238419,297852.59999990463,8136,WL,A,10.0
2,25.29200005531311,learn,34707.99994468689,Fri Aug 07 2026 18:22:34 GMT-0500 (Central Daylight Time),300051.5,A,chim,I,backspace,375,1,2198.9000000953674,297852.59999990463,8136,WL,A,10.0
2,25.54200005531311,learn,34457.99994468689,Fri Aug 07 2026 18:22:34 GMT-0500 (Central Daylight Time),300301.5,A,chimn,I,n,240,1,2448.9000000953674,297852.59999990463,8136,WL,A,10.0
2,25.79099988937378,learn,34209.00011062622,Fri Aug 07 2026 18:22:34 GMT-0500 (Central Daylight Time),300551.09999990463,A,chimny,I,y,229,1,2698.5,297852.59999990463,8136,WL,A,10.0
2,25.842000007629395,learn,34157.999992370605,Fri Aug 07 2026 18:22:34 GMT-0500 (Central Daylight Time),300601.39999997616,A,chimnye,I,e,44,1,2748.8000000715256,297852.59999990463,8136,WL,A,10.0
2,26.141000032424927,learn,33858.99996757507,Fri Aug 07 2026 18:22:34 GMT-0500 (Central Daylight Time),300901.09999990463,A,chimny,I,backspace,290,1,3048.5,297852.59999990463,8136,WL,A,10.0
2,26.308000087738037,learn,33691.99991226196,Fri Aug 07 2026 18:22:34 GMT-0500 (Central Daylight Time),301067.7999999523,A,chimn,I,backspace,158,1,3215.2000000476837,297852.59999990463,8136,WL,A,10.0
2,26.491999864578247,learn,33508.00013542175,Fri Aug 07 2026 18:22:34 GMT-0500 (Central Daylight Time),301251.2999999523,A,chimne,I,e,167,1,3398.7000000476837,297852.59999990463,8136,WL,A,10.0
2,26.591000080108643,learn,33408.99991989136,Fri Aug 07 2026 18:22:34 GMT-0500 (Central Daylight Time),301351.1999999285,A,chimney,I,y,88,1,3498.600000023842,297852.59999990463,8136,WL,A,10.0
2,27.45799994468689,learn,32542.00005531311,Fri Aug 07 2026 18:22:34 GMT-0500 (Central Daylight Time),302217.6999999285,A,chimneyenter,I,enter,852,1,4365.100000023842,297852.59999990463,8136,WL,A,10.0
2,27.723999977111816,learn,32276.000022888184,Fri Aug 07 2026 18:22:34 GMT-0500 (Central Daylight Time),302484.09999990463,A,l,I,l,250,1,266.09999990463257,302218.0,8136,WL,A,11.0
2,27.94099998474121,learn,32059.00001525879,Fri Aug 07 2026 18:22:34 GMT-0500 (Central Daylight Time),302700.6999999285,A,lo,I,o,199,1,482.6999999284744,302218.0,8136,WL,A,11.0
2,28.058000087738037,learn,31941.999912261963,Fri Aug 07 2026 18:22:34 GMT-0500 (Central Daylight Time),302817.2999999523,A,log,I,g,103,1,599.2999999523163,302218.0,8136,WL,A,11.0
2,28.306999921798706,learn,31693.000078201294,Fri Aug 07 2026 18:22:34 GMT-0500 (Central Daylight Time),303067.09999990463,A,logenter,I,enter,234,1,849.0999999046326,302218.0,8136,WL,A,11.0
2,28.740999937057495,learn,31259.000062942505,Fri Aug 07 2026 18:22:34 GMT-0500 (Central Daylight Time),303500.39999997616,A,k,I,k,424,1,433.0,303067.39999997616,8136,WL,A,12.0
2,28.907999992370605,learn,31092.000007629395,Fri Aug 07 2026 18:22:34 GMT-0500 (Central Daylight Time),303667.2999999523,A,ke,I,e,151,1,599.8999999761581,303067.39999997616,8136,WL,A,12.0
2,29.091000080108643,learn,30908.999919891357,Fri Aug 07 2026 18:22:34 GMT-0500 (Central Daylight Time),303850.2999999523,A,key,I,y,176,1,782.8999999761581,303067.39999997616,8136,WL,A,12.0
2,30.33999991416931,learn,29660.00008583069,Fri Aug 07 2026 18:22:34 GMT-0500 (Central Daylight Time),305099.7999999523,A,keyenter,I,enter,1233,1,2032.3999999761581,303067.39999997616,8136,WL,A,12.0
2,37.8050000667572,learn,22194.999933242798,Fri Aug 07 2026 18:22:34 GMT-0500 (Central Daylight Time),312564.2999999523,A,enter,I,enter,7447,1,7464.100000023842,305100.1999999285,8136,WL,A,13.0
2,38.3050000667572,learn,21694.999933242798,Fri Aug 07 2026 18:22:34 GMT-0500 (Central Daylight Time),313065.1999999285,A,enter,I,enter,487,1,500.39999997615814,312564.7999999523,8136,WL,A,14.0
2,38.90400004386902,learn,21095.99995613098,Fri Aug 07 2026 18:22:34 GMT-0500 (Central Daylight Time),313664.0,A,enter,I,enter,594,1,598.3000000715256,313065.6999999285,8136,WL,A,15.0
3,0.3840000629425049,learn,59615.999937057495,Fri Aug 07 2026 18:22:34 GMT-0500 (Central Daylight Time),379726.5,A,b,I,b,364,1,383.0,379343.5,8136,WL,A,1.0
3,0.6000001430511475,learn,59399.99985694885,Fri Aug 07 2026 18:22:34 GMT-0500 (Central Daylight Time),379943.1999999285,A,bu,I,u,196,1,599.6999999284744,379343.5,8136,WL,A,1.0
3,0.818000078201294,learn,59181.999921798706,Fri Aug 07 2026 18:22:34 GMT-0500 (Central Daylight Time),380160.7999999523,A,but,I,t,196,1,817.2999999523163,379343.5,8136,WL,A,1.0
3,0.9830000400543213,learn,59016.99995994568,Fri Aug 07 2026 18:22:34 GMT-0500 (Central Daylight Time),380326.2999999523,A,butt,I,t,146,1,982.7999999523163,379343.5,8136,WL,A,1.0
3,1.0329999923706055,learn,58967.000007629395,Fri Aug 07 2026 18:22:34 GMT-0500 (Central Daylight Time),380376.2999999523,A,butto,I,o,37,1,1032.7999999523163,379343.5,8136,WL,A,1.0
3,1.1670000553131104,learn,58832.99994468689,Fri Aug 07 2026 18:22:34 GMT-0500 (Central Daylight Time),380509.59999990463,A,button,I,n,123,1,1166.0999999046326,379343.5,8136,WL,A,1.0
3,1.5499999523162842,learn,58450.000047683716,Fri Aug 07 2026 18:22:34 GMT-0500 (Central Daylight Time),380892.6999999285,A,buttonenter,I,enter,374,1,1549.1999999284744,379343.5,8136,WL,A,1.0
3,2.1660001277923584,learn,57833.99987220764,Fri Aug 07 2026 18:22:34 GMT-0500 (Central Daylight Time),381509.1999999285,A,r,I,r,607,1,616.1999999284744,380893.0,8136,WL,A,2.0
3,2.3329999446868896,learn,57667.00005531311,Fri Aug 07 2026 18:22:34 GMT-0500 (Central Daylight Time),381675.89999997616,A,ra,I,a,150,1,782.8999999761581,380893.0,8136,WL,A,2.0
3,2.449000120162964,learn,57550.999879837036,Fri Aug 07 2026 18:22:34 GMT-0500 (Central Daylight Time),381792.39999997616,A,rat,I,t,95,1,899.3999999761581,380893.0,8136,WL,A,2.0
3,2.633000135421753,learn,57366.99986457825,Fri Aug 07 2026 18:22:34 GMT-0500 (Central Daylight Time),381975.7999999523,A,ratt,I,t,162,1,1082.7999999523163,380893.0,8136,WL,A,2.0
3,2.7160000801086426,learn,57283.99991989136,Fri Aug 07 2026 18:22:34 GMT-0500 (Central Daylight Time),382059.2999999523,A,rattl,I,l,67,1,1166.2999999523163,380893.0,8136,WL,A,2.0
3,2.815999984741211,learn,57184.00001525879,Fri Aug 07 2026 18:22:34 GMT-0500 (Central Daylight Time),382159.2999999523,A,rattle,I,e,80,1,1266.2999999523163,380893.0,8136,WL,A,2.0
3,3.2660000324249268,learn,56733.99996757507,Fri Aug 07 2026 18:22:34 GMT-0500 (Central Daylight Time),382609.0,A,rattleenter,I,enter,436,1,1716.0,380893.0,8136,WL,A,2.0
3,3.5329999923706055,learn,56467.000007629395,Fri Aug 07 2026 18:22:34 GMT-0500 (Central Daylight Time),382875.59999990463,A,g,I,g,250,1,266.2999999523163,382609.2999999523,8136,WL,A,3.0
3,3.5989999771118164,learn,56401.00002288818,Fri Aug 07 2026 18:22:34 GMT-0500 (Central Daylight Time),382942.1999999285,A,go,I,o,55,1,332.89999997615814,382609.2999999523,8136,WL,A,3.0
3,3.865999937057495,learn,56134.000062942505,Fri Aug 07 2026 18:22:34 GMT-0500 (Central Daylight Time),383208.89999997616,A,gol,I,l,252,1,599.6000000238419,382609.2999999523,8136,WL,A,3.0
3,4.232000112533569,learn,55767.99988746643,Fri Aug 07 2026 18:22:34 GMT-0500 (Central Daylight Time),383575.39999997616,A,gold,I,d,347,1,966.1000000238419,382609.2999999523,8136,WL,A,3.0
3,4.466000080108643,learn,55533.99991989136,Fri Aug 07 2026 18:22:34 GMT-0500 (Central Daylight Time),383808.6999999285,A,goldenter,I,enter,228,1,1199.3999999761581,382609.2999999523,8136,WL,A,3.0
3,5.582000017166138,learn,54417.99998283386,Fri Aug 07 2026 18:22:34 GMT-0500 (Central Daylight Time),384925.09999990463,A,b,I,b,1099,1,1116.0999999046326,383809.0,8136,WL,A,4.0
3,5.681999921798706,learn,54318.000078201294,Fri Aug 07 2026 18:22:34 GMT-0500 (Central Daylight Time),385024.7999999523,A,bo,I,o,86,1,1215.7999999523163,383809.0,8136,WL,A,4.0
3,5.88100004196167,learn,54118.99995803833,Fri Aug 07 2026 18:22:34 GMT-0500 (Central Daylight Time),385224.39999997616,A,boo,I,o,195,1,1415.3999999761581,383809.0,8136,WL,A,4.0
3,5.966000080108643,learn,54033.99991989136,Fri Aug 07 2026 18:22:34 GMT-0500 (Central Daylight Time),385309.39999997616,A,book,I,k,67,1,1500.3999999761581,383809.0,8136,WL,A,4.0
3,6.482000112533569,learn,53517.99988746643,Fri Aug 07 2026 18:22:34 GMT-0500 (Central Daylight Time),385824.5,A,bookenter,I,enter,495,1,2015.5,383809.0,8136,WL,A,4.0
3,6.7820000648498535,learn,53217.99993515015,Fri Aug 07 2026 18:22:34 GMT-0500 (Central Daylight Time),386124.6999999285,A,f,I,f,283,1,299.6999999284744,385825.0,8136,WL,A,5.0
3,6.898000001907349,learn,53101.99999809265,Fri Aug 07 2026 18:22:34 GMT-0500 (Central Daylight Time),386240.89999997616,A,fl,I,l,111,1,415.89999997615814,385825.0,8136,WL,A,5.0
3,7.115999937057495,learn,52884.000062942505,Fri Aug 07 2026 18:22:34 GMT-0500 (Central Daylight Time),386458.59999990463,A,flo,I,o,211,1,633.5999999046326,385825.0,8136,WL,A,5.0
3,7.281000137329102,learn,52718.9998626709,Fri Aug 07 2026 18:22:34 GMT-0500 (Central Daylight Time),386624.5,A,flow,I,w,145,1,799.5,385825.0,8136,WL,A,5.0
3,7.3480000495910645,learn,52651.999950408936,Fri Aug 07 2026 18:22:34 GMT-0500 (Central Daylight Time),386691.0,A,flowe,I,e,59,1,866.0,385825.0,8136,WL,A,5.0
3,7.46399998664856,learn,52536.00001335144,Fri Aug 07 2026 18:22:34 GMT-0500 (Central Daylight Time),386807.5,A,flower,I,r,104,1,982.5,385825.0,8136,WL,A,5.0
3,8.898000001907349,learn,51101.99999809265,Fri Aug 07 2026 18:22:34 GMT-0500 (Central Daylight Time),388240.59999990463,A,flowerenter,I,enter,1413,1,2415.5999999046326,385825.0,8136,WL,A,5.0
3,9.364000082015991,learn,50635.99991798401,Fri Aug 07 2026 18:22:34 GMT-0500 (Central Daylight Time),388707.1999999285,A,t,I,t,451,1,466.2999999523163,388240.89999997616,8136,WL,A,6.0
3,9.581000089645386,learn,50418.999910354614,Fri Aug 07 2026 18:22:34 GMT-0500 (Central Daylight Time),388923.6999999285,A,tr,I,r,208,1,682.7999999523163,388240.89999997616,8136,WL,A,6.0
3,9.746999979019165,learn,50253.000020980835,Fri Aug 07 2026 18:22:34 GMT-0500 (Central Daylight Time),389090.2999999523,A,tra,I,a,153,1,849.3999999761581,388240.89999997616,8136,WL,A,6.0
3,9.94700002670288,learn,50052.99997329712,Fri Aug 07 2026 18:22:34 GMT-0500 (Central Daylight Time),389290.5,A,trai,I,i,186,1,1049.6000000238419,388240.89999997616,8136,WL,A,6.0
3,10.064000129699707,learn,49935.99987030029,Fri Aug 07 2026 18:22:34 GMT-0500 (Central Daylight Time),389406.89999997616,A,train,I,n,106,1,1166.0,388240.89999997616,8136,WL,A,6.0
3,10.44700002670288,learn,49552.99997329712,Fri Aug 07 2026 18:22:34 GMT-0500 (Central Daylight Time),389790.09999990463,A,trainenter,I,enter,364,1,1549.1999999284744,388240.89999997616,8136,WL,A,6.0
3,10.847000122070312,learn,49152.99987792969,Fri Aug 07 2026 18:22:34 GMT-0500 (Central Daylight Time),390189.6999999285,A,r,I,r,389,1,399.2999999523163,389790.39999997616,8136,WL,A,7.0
3,10.996999979019165,learn,49003.000020980835,Fri Aug 07 2026 18:22:34 GMT-0500 (Central Daylight Time),390339.89999997616,A,ru,I,u,142,1,549.5,389790.39999997616,8136,WL,A,7.0
3,11.21399998664856,learn,48786.00001335144,Fri Aug 07 2026 18:22:34 GMT-0500 (Central Daylight Time),390556.59999990463,A,rug,I,g,208,1,766.1999999284744,389790.39999997616,8136,WL,A,7.0
3,11.397000074386597,learn,48602.9999256134,Fri Aug 07 2026 18:22:34 GMT-0500 (Central Daylight Time),390739.7999999523,A,rugenter,I,enter,175,1,949.3999999761581,389790.39999997616,8136,WL,A,7.0
3,11.94700002670288,learn,48052.99997329712,Fri Aug 07 2026 18:22:34 GMT-0500 (Central Daylight Time),391289.59999990463,A,m,I,m,544,1,549.5,390740.09999990463,8136,WL,A,8.0
3,12.180000066757202,learn,47819.9999332428,Fri Aug 07 2026 18:22:34 GMT-0500 (Central Daylight Time),391522.89999997616,A,me,I,e,226,1,782.8000000715256,390740.09999990463,8136,WL,A,8.0
3,12.430000066757202,learn,47569.9999332428,Fri Aug 07 2026 18:22:34 GMT-0500 (Central Daylight Time),391772.7999999523,A,mea,I,a,240,1,1032.7000000476837,390740.09999990463,8136,WL,A,8.0
3,12.52999997138977,learn,47470.00002861023,Fri Aug 07 2026 18:22:34 GMT-0500 (Central Daylight Time),391872.7999999523,A,mead,I,d,86,1,1132.7000000476837,390740.09999990463,8136,WL,A,8.0
3,12.746000051498413,learn,47253.99994850159,Fri Aug 07 2026 18:22:34 GMT-0500 (Central Daylight Time),392089.1999999285,A,meado,I,o,203,1,1349.1000000238419,390740.09999990463,8136,WL,A,8.0
3,13.130000114440918,learn,46869.99988555908,Fri Aug 07 2026 18:22:34 GMT-0500 (Central Daylight Time),392472.7999999523,A,meadow,I,w,370,1,1732.7000000476837,390740.09999990463,8136,WL,A,8.0
3,13.345999956130981,learn,46654.00004386902,Fri Aug 07 2026 18:22:34 GMT-0500 (Central Daylight Time),392689.0,A,meadowenter,I,enter,196,1,1948.9000000953674,390740.09999990463,8136,WL,A,8.0
3,13.812000036239624,learn,46187.999963760376,Fri Aug 07 2026 18:22:34 GMT-0500 (Central Daylight Time),393155.5,A,h,I,h,451,1,466.2000000476837,392689.2999999523,8136,WL,A,9.0
3,13.913000106811523,learn,46086.99989318848,Fri Aug 07 2026 18:22:34 GMT-0500 (Central Daylight Time),393255.7999999523,A,ha,I,a,88,1,566.5,392689.2999999523,8136,WL,A,9.0
3,14.029000043869019,learn,45970.99995613098,Fri Aug 07 2026 18:22:34 GMT-0500 (Central Daylight Time),393372.1999999285,A,har,I,r,99,1,682.8999999761581,392689.2999999523,8136,WL,A,9.0
3,14.213000059127808,learn,45786.99994087219,Fri Aug 07 2026 18:22:34 GMT-0500 (Central Daylight Time),393555.59999990463,A,harp,I,p,167,1,866.2999999523163,392689.2999999523,8136,WL,A,9.0
3,16.528000116348267,learn,43471.99988365173,Fri Aug 07 2026 18:22:34 GMT-0500 (Central Daylight Time),395871.1999999285,A,harpenter,I,enter,2295,1,3181.899999976158,392689.2999999523,8136,WL,A,9.0
3,16.84500002861023,learn,43154.99997138977,Fri Aug 07 2026 18:22:34 GMT-0500 (Central Daylight Time),396188.1999999285,A,s,I,s,307,1,316.6999999284744,395871.5,8136,WL,A,10.0
3,16.962000131607056,learn,43037.999868392944,Fri Aug 07 2026 18:22:34 GMT-0500 (Central Daylight Time),396304.89999997616,A,sa,I,a,103,1,433.39999997615814,395871.5,8136,WL,A,10.0
3,17.07800006866455,learn,42921.99993133545,Fri Aug 07 2026 18:22:34 GMT-0500 (Central Daylight Time),396421.39999997616,A,sal,I,l,108,1,549.8999999761581,395871.5,8136,WL,A,10.0
3,17.227999925613403,learn,42772.0000743866,Fri Aug 07 2026 18:22:34 GMT-0500 (Central Daylight Time),396571.39999997616,A,salt,I,t,135,1,699.8999999761581,395871.5,8136,WL,A,10.0
3,17.42799997329712,learn,42572.00002670288,Fri Aug 07 2026 18:22:34 GMT-0500 (Central Daylight Time),396771.09999990463,A,saltenter,I,enter,184,1,899.5999999046326,395871.5,8136,WL,A,10.0
3,17.66100001335144,learn,42338.99998664856,Fri Aug 07 2026 18:22:34 GMT-0500 (Central Daylight Time),397004.5,A,f,I,f,225,1,233.0,396771.5,8136,WL,A,11.0
3,17.778000116348267,learn,42221.99988365173,Fri Aug 07 2026 18:22:34 GMT-0500 (Central Daylight Time),397120.89999997616,A,fi,I,i,103,1,349.39999997615814,396771.5,8136,WL,A,11.0
3,17.894999980926514,learn,42105.000019073486,Fri Aug 07 2026 18:22:34 GMT-0500 (Central Daylight Time),397237.59999990463,A,fin,I,n,106,1,466.09999990463257,396771.5,8136,WL,A,11.0
3,18.045000076293945,learn,41954.999923706055,Fri Aug 07 2026 18:22:34 GMT-0500 (Central Daylight Time),397387.59999990463,A,find,I,d,142,1,616.0999999046326,396771.5,8136,WL,A,11.0
3,18.561000108718872,learn,41438.99989128113,Fri Aug 07 2026 18:22:34 GMT-0500 (Central Daylight Time),397904.09999990463,A,fin,I,backspace,504,1,1132.5999999046326,396771.5,8136,WL,A,11.0
3,18.944000005722046,learn,41055.999994277954,Fri Aug 07 2026 18:22:34 GMT-0500 (Central Daylight Time),398287.5,A,finf,I,f,371,1,1516.0,396771.5,8136,WL,A,11.0
3,19.227999925613403,learn,40772.0000743866,Fri Aug 07 2026 18:22:34 GMT-0500 (Central Daylight Time),398570.6999999285,A,finfe,I,e,268,1,1799.1999999284744,396771.5,8136,WL,A,11.0
3,19.64400005340576,learn,40355.99994659424,Fri Aug 07 2026 18:22:34 GMT-0500 (Central Daylight Time),398987.09999990463,A,finf,I,backspace,401,1,2215.5999999046326,396771.5,8136,WL,A,11.0
3,19.811000108718872,learn,40188.99989128113,Fri Aug 07 2026 18:22:34 GMT-0500 (Central Daylight Time),399154.0,A,fin,I,backspace,152,1,2382.5,396771.5,8136,WL,A,11.0
3,19.960999965667725,learn,40039.000034332275,Fri Aug 07 2026 18:22:34 GMT-0500 (Central Daylight Time),399303.7999999523,A,fing,I,g,137,1,2532.2999999523163,396771.5,8136,WL,A,11.0
3,20.17799997329712,learn,39822.00002670288,Fri Aug 07 2026 18:22:34 GMT-0500 (Central Daylight Time),399520.59999990463,A,finge,I,e,195,1,2749.0999999046326,396771.5,8136,WL,A,11.0
3,20.22699999809265,learn,39773.00000190735,Fri Aug 07 2026 18:22:34 GMT-0500 (Central Daylight Time),399570.2999999523,A,finger,I,r,35,1,2798.7999999523163,396771.5,8136,WL,A,11.0
3,21.39400005340576,learn,38605.99994659424,Fri Aug 07 2026 18:22:34 GMT-0500 (Central Daylight Time),400736.7999999523,A,fingerenter,I,enter,1145,1,3965.2999999523163,396771.5,8136,WL,A,11.0
3,21.844000101089478,learn,38155.99989891052,Fri Aug 07 2026 18:22:34 GMT-0500 (Central Daylight Time),401186.59999990463,A,a,I,a,443,1,449.5,400737.09999990463,8136,WL,A,12.0
3,22.0770001411438,learn,37922.9998588562,Fri Aug 07 2026 18:22:34 GMT-0500 (Central Daylight Time),401419.5,A,ap,I,p,224,1,682.4000000953674,400737.09999990463,8136,WL,A,12.0
3,22.292999982833862,learn,37707.00001716614,Fri Aug 07 2026 18:22:34 GMT-0500 (Central Daylight Time),401636.39999997616,A,app,I,p,200,1,899.3000000715256,400737.09999990463,8136,WL,A,12.0
3,22.526999950408936,learn,37473.000049591064,Fri Aug 07 2026 18:22:34 GMT-0500 (Central Daylight Time),401869.6999999285,A,appl,I,l,223,1,1132.6000000238419,400737.09999990463,8136,WL,A,12.0
3,22.676000118255615,learn,37323.999881744385,Fri Aug 07 2026 18:22:34 GMT-0500 (Central Daylight Time),402019.39999997616,A,apple,I,e,133,1,1282.3000000715256,400737.09999990463,8136,WL,A,12.0
3,22.877000093460083,learn,37122.99990653992,Fri Aug 07 2026 18:22:34 GMT-0500 (Central Daylight Time),402219.7999999523,A,appleenter,I,enter,184,1,1482.7000000476837,400737.09999990463,8136,WL,A,12.0
3,23.210999965667725,learn,36789.000034332275,Fri Aug 07 2026 18:22:34 GMT-0500 (Central Daylight Time),402553.7999999523,A,c,I,c,327,1,333.60000002384186,402220.1999999285,8136,WL,A,13.0
3,23.325999975204468,learn,36674.00002479553,Fri Aug 07 2026 18:22:34 GMT-0500 (Central Daylight Time),402669.5,A,ch,I,h,105,1,449.3000000715256,402220.1999999285,8136,WL,A,13.0
3,23.41100001335144,learn,36588.99998664856,Fri Aug 07 2026 18:22:34 GMT-0500 (Central Daylight Time),402753.6999999285,A,chi,I,i,78,1,533.5,402220.1999999285,8136,WL,A,13.0
3,23.608999967575073,learn,36391.00003242493,Fri Aug 07 2026 18:22:34 GMT-0500 (Central Daylight Time),402952.39999997616,A,chim,I,m,193,1,732.2000000476837,402220.1999999285,8136,WL,A,13.0
3,24.125999927520752,learn,35874.00007247925,Fri Aug 07 2026 18:22:34 GMT-0500 (Central Daylight Time),403469.1999999285,A,chimn,I,n,507,1,1249.0,402220.1999999285,8136,WL,A,13.0
3,25.424999952316284,learn,34575.000047683716,Fri Aug 07 2026 18:22:34 GMT-0500 (Central Daylight Time),404768.59999990463,A,chimne,I,e,1294,1,2548.399999976158,402220.1999999285,8136,WL,A,13.0
3,25.55900001525879,learn,34440.99998474121,Fri Aug 07 2026 18:22:34 GMT-0500 (Central Daylight Time),404902.0,A,chimney,I,y,115,1,2681.8000000715256,402220.1999999285,8136,WL,A,13.0
3,26.39199995994568,learn,33608.00004005432,Fri Aug 07 2026 18:22:34 GMT-0500 (Central Daylight Time),405734.89999997616,A,chimneyenter,I,enter,813,1,3514.7000000476837,402220.1999999285,8136,WL,A,13.0
3,26.64199995994568,learn,33358.00004005432,Fri Aug 07 2026 18:22:34 GMT-0500 (Central Daylight Time),405985.09999990463,A,k,I,k,236,1,249.89999997615814,405735.1999999285,8136,WL,A,14.0
3,26.79200005531311,learn,33207.99994468689,Fri Aug 07 2026 18:22:34 GMT-0500 (Central Daylight Time),406134.89999997616,A,ke,I,e,137,1,399.7000000476837,405735.1999999285,8136,WL,A,14.0
3,26.924999952316284,learn,33075.000047683716,Fri Aug 07 2026 18:22:34 GMT-0500 (Central Daylight Time),406268.2999999523,A,key,I,y,124,1,533.1000000238419,405735.1999999285,8136,WL,A,14.0
3,27.27500009536743,learn,32724.99990463257,Fri Aug 07 2026 18:22:34 GMT-0500 (Central Daylight Time),406618.09999990463,A,keyenter,I,enter,343,1,882.8999999761581,405735.1999999285,8136,WL,A,14.0
3,27.52500009536743,learn,32474.99990463257,Fri Aug 07 2026 18:22:34 GMT-0500 (Central Daylight Time),406868.09999990463,A,l,I,l,233,1,249.5,406618.59999990463,8136,WL,A,15.0
3,27.742000102996826,learn,32257.999897003174,Fri Aug 07 2026 18:22:34 GMT-0500 (Central Daylight Time),407084.89999997616,A,lo,I,o,199,1,466.3000000715256,406618.59999990463,8136,WL,A,15.0
3,27.842000007629395,learn,32157.999992370605,Fri Aug 07 2026 18:22:34 GMT-0500 (Central Daylight Time),407185.0,A,log,I,g,87,1,566.4000000953674,406618.59999990463,8136,WL,A,15.0
3,28.058000087738037,learn,31941.999912261963,Fri Aug 07 2026 18:22:34 GMT-0500 (Central Daylight Time),407401.09999990463,A,logenter,I,enter,202,1,782.5,406618.59999990463,8136,WL,A,15.0
4,0.46700000762939453,learn,59532.999992370605,Fri Aug 07 2026 18:22:34 GMT-0500 (Central Daylight Time),472064.5,A,b,I,b,455,1,466.60000002384186,471597.89999997616,8136,WL,A,1.0
4,0.6330001354217529,learn,59366.99986457825,Fri Aug 07 2026 18:22:34 GMT-0500 (Central Daylight Time),472230.59999990463,A,bu,I,u,147,1,632.6999999284744,471597.89999997616,8136,WL,A,1.0
4,0.8670001029968262,learn,59132.999897003174,Fri Aug 07 2026 18:22:34 GMT-0500 (Central Daylight Time),472464.09999990463,A,but,I,t,220,1,866.1999999284744,471597.89999997616,8136,WL,A,1.0
4,1.0500001907348633,learn,58949.99980926514,Fri Aug 07 2026 18:22:34 GMT-0500 (Central Daylight Time),472647.2999999523,A,butt,I,t,171,1,1049.3999999761581,471597.89999997616,8136,WL,A,1.0
4,1.1500000953674316,learn,58849.99990463257,Fri Aug 07 2026 18:22:34 GMT-0500 (Central Daylight Time),472747.5,A,butto,I,o,92,1,1149.6000000238419,471597.89999997616,8136,WL,A,1.0
4,1.2670001983642578,learn,58732.99980163574,Fri Aug 07 2026 18:22:34 GMT-0500 (Central Daylight Time),472864.0,A,button,I,n,104,1,1266.1000000238419,471597.89999997616,8136,WL,A,1.0
4,1.9160001277923584,learn,58083.99987220764,Fri Aug 07 2026 18:22:34 GMT-0500 (Central Daylight Time),473513.5,A,buttonenter,I,enter,643,1,1915.6000000238419,471597.89999997616,8136,WL,A,1.0
4,2.3500001430511475,learn,57649.99985694885,Fri Aug 07 2026 18:22:34 GMT-0500 (Central Daylight Time),473947.7999999523,A,r,I,r,426,1,434.10000002384186,473513.6999999285,8136,WL,A,2.0
4,2.5329999923706055,learn,57467.000007629395,Fri Aug 07 2026 18:22:34 GMT-0500 (Central Daylight Time),474130.2999999523,A,ra,I,a,176,1,616.6000000238419,473513.6999999285,8136,WL,A,2.0
4,2.616000175476074,learn,57383.999824523926,Fri Aug 07 2026 18:22:34 GMT-0500 (Central Daylight Time),474213.6999999285,A,rat,I,t,73,1,700.0,473513.6999999285,8136,WL,A,2.0
4,2.815999984741211,learn,57184.00001525879,Fri Aug 07 2026 18:22:34 GMT-0500 (Central Daylight Time),474413.7999999523,A,ratt,I,t,182,1,900.1000000238419,473513.6999999285,8136,WL,A,2.0
4,2.8990001678466797,learn,57100.99983215332,Fri Aug 07 2026 18:22:34 GMT-0500 (Central Daylight Time),474496.7999999523,A,rattl,I,l,70,1,983.1000000238419,473513.6999999285,8136,WL,A,2.0
4,3.0500001907348633,learn,56949.99980926514,Fri Aug 07 2026 18:22:34 GMT-0500 (Central Daylight Time),474647.0,A,rattle,I,e,139,1,1133.3000000715256,473513.6999999285,8136,WL,A,2.0
4,3.183000087738037,learn,56816.99991226196,Fri Aug 07 2026 18:22:34 GMT-0500 (Central Daylight Time),474780.09999990463,A,rattleenter,I,enter,124,1,1266.3999999761581,473513.6999999285,8136,WL,A,2.0
4,3.3990001678466797,learn,56600.99983215332,Fri Aug 07 2026 18:22:34 GMT-0500 (Central Daylight Time),474996.5,A,g,I,g,207,1,216.10000002384186,474780.39999997616,8136,WL,A,3.0
4,3.4830000400543213,learn,56516.99995994568,Fri Aug 07 2026 18:22:34 GMT-0500 (Central Daylight Time),475080.0,A,go,I,o,72,1,299.60000002384186,474780.39999997616,8136,WL,A,3.0
4,3.699000120162964,learn,56300.999879837036,Fri Aug 07 2026 18:22:34 GMT-0500 (Central Daylight Time),475296.6999999285,A,gol,I,l,211,1,516.2999999523163,474780.39999997616,8136,WL,A,3.0
4,3.866000175476074,learn,56133.999824523926,Fri Aug 07 2026 18:22:34 GMT-0500 (Central Daylight Time),475463.2999999523,A,gold,I,d,147,1,682.8999999761581,474780.39999997616,8136,WL,A,3.0
4,4.016000032424927,learn,55983.99996757507,Fri Aug 07 2026 18:22:34 GMT-0500 (Central Daylight Time),475613.1999999285,A,goldenter,I,enter,140,1,832.7999999523163,474780.39999997616,8136,WL,A,3.0
4,4.7829999923706055,learn,55217.000007629395,Fri Aug 07 2026 18:22:34 GMT-0500 (Central Daylight Time),476380.59999990463,A,b,I,b,758,1,767.0,475613.59999990463,8136,WL,A,4.0
4,4.89900016784668,learn,55100.99983215332,Fri Aug 07 2026 18:22:34 GMT-0500 (Central Daylight Time),476496.1999999285,A,bo,I,o,95,1,882.6000000238419,475613.59999990463,8136,WL,A,4.0
4,5.098999977111816,learn,54901.00002288818,Fri Aug 07 2026 18:22:34 GMT-0500 (Central Daylight Time),476696.1999999285,A,boo,I,o,179,1,1082.6000000238419,475613.59999990463,8136,WL,A,4.0
4,5.182000160217285,learn,54817.999839782715,Fri Aug 07 2026 18:22:34 GMT-0500 (Central Daylight Time),476779.39999997616,A,book,I,k,67,1,1165.8000000715256,475613.59999990463,8136,WL,A,4.0
4,6.465000152587891,learn,53534.99984741211,Fri Aug 07 2026 18:22:34 GMT-0500 (Central Daylight Time),478062.2999999523,A,bookenter,I,enter,1273,1,2448.7000000476837,475613.59999990463,8136,WL,A,4.0
4,6.731000185012817,learn,53268.99981498718,Fri Aug 07 2026 18:22:34 GMT-0500 (Central Daylight Time),478328.89999997616,A,f,I,f,261,1,266.2000000476837,478062.6999999285,8136,WL,A,5.0
4,6.865000009536743,learn,53134.99999046326,Fri Aug 07 2026 18:22:34 GMT-0500 (Central Daylight Time),478462.09999990463,A,fl,I,l,114,1,399.39999997615814,478062.6999999285,8136,WL,A,5.0
4,7.065000057220459,learn,52934.99994277954,Fri Aug 07 2026 18:22:34 GMT-0500 (Central Daylight Time),478662.1999999285,A,flo,I,o,190,1,599.5,478062.6999999285,8136,WL,A,5.0
4,7.1650002002716064,learn,52834.99979972839,Fri Aug 07 2026 18:22:34 GMT-0500 (Central Daylight Time),478762.2999999523,A,flow,I,w,85,1,699.6000000238419,478062.6999999285,8136,WL,A,5.0
4,7.265000104904175,learn,52734.999895095825,Fri Aug 07 2026 18:22:34 GMT-0500 (Central Daylight Time),478862.1999999285,A,flowe,I,e,89,1,799.5,478062.6999999285,8136,WL,A,5.0
4,7.398000001907349,learn,52601.99999809265,Fri Aug 07 2026 18:22:34 GMT-0500 (Central Daylight Time),478995.39999997616,A,flower,I,r,117,1,932.7000000476837,478062.6999999285,8136,WL,A,5.0
4,8.13100004196167,learn,51868.99995803833,Fri Aug 07 2026 18:22:34 GMT-0500 (Central Daylight Time),479728.5,A,flowerenter,I,enter,712,1,1665.8000000715256,478062.6999999285,8136,WL,A,5.0
4,8.614000082015991,learn,51385.99991798401,Fri Aug 07 2026 18:22:34 GMT-0500 (Central Daylight Time),480211.6999999285,A,t,I,t,467,1,482.89999997615814,479728.7999999523,8136,WL,A,6.0
4,8.781000137329102,learn,51218.9998626709,Fri Aug 07 2026 18:22:34 GMT-0500 (Central Daylight Time),480378.39999997616,A,tr,I,r,152,1,649.6000000238419,479728.7999999523,8136,WL,A,6.0
4,8.898000001907349,learn,51101.99999809265,Fri Aug 07 2026 18:22:34 GMT-0500 (Central Daylight Time),480495.0,A,tra,I,a,105,1,766.2000000476837,479728.7999999523,8136,WL,A,6.0
4,9.014000177383423,learn,50985.99982261658,Fri Aug 07 2026 18:22:34 GMT-0500 (Central Daylight Time),480611.59999990463,A,trai,I,i,100,1,882.7999999523163,479728.7999999523,8136,WL,A,6.0
4,9.13100004196167,learn,50868.99995803833,Fri Aug 07 2026 18:22:34 GMT-0500 (Central Daylight Time),480728.39999997616,A,train,I,n,104,1,999.6000000238419,479728.7999999523,8136,WL,A,6.0
4,9.897000074386597,learn,50102.9999256134,Fri Aug 07 2026 18:22:34 GMT-0500 (Central Daylight Time),481494.59999990463,A,trainenter,I,enter,747,1,1765.7999999523163,479728.7999999523,8136,WL,A,6.0
4,10.38100004196167,learn,49618.99995803833,Fri Aug 07 2026 18:22:34 GMT-0500 (Central Daylight Time),481978.7999999523,A,r,I,r,478,1,483.89999997615814,481494.89999997616,8136,WL,A,7.0
4,10.531000137329102,learn,49468.9998626709,Fri Aug 07 2026 18:22:34 GMT-0500 (Central Daylight Time),482127.89999997616,A,ru,I,u,136,1,633.0,481494.89999997616,8136,WL,A,7.0
4,10.914000034332275,learn,49085.999965667725,Fri Aug 07 2026 18:22:34 GMT-0500 (Central Daylight Time),482511.09999990463,A,rug,I,g,363,1,1016.1999999284744,481494.89999997616,8136,WL,A,7.0
4,11.147000074386597,learn,48852.9999256134,Fri Aug 07 2026 18:22:34 GMT-0500 (Central Daylight Time),482744.1999999285,A,rugenter,I,enter,220,1,1249.2999999523163,481494.89999997616,8136,WL,A,7.0
4,11.562999963760376,learn,48437.000036239624,Fri Aug 07 2026 18:22:34 GMT-0500 (Central Daylight Time),483160.6999999285,A,m,I,m,411,1,416.1999999284744,482744.5,8136,WL,A,8.0
4,11.746999979019165,learn,48253.000020980835,Fri Aug 07 2026 18:22:34 GMT-0500 (Central Daylight Time),483344.0,A,me,I,e,163,1,599.5,482744.5,8136,WL,A,8.0
4,11.880000114440918,learn,48119.99988555908,Fri Aug 07 2026 18:22:34 GMT-0500 (Central Daylight Time),483477.2999999523,A,mea,I,a,116,1,732.7999999523163,482744.5,8136,WL,A,8.0
4,11.996000051498413,learn,48003.99994850159,Fri Aug 07 2026 18:22:34 GMT-0500 (Central Daylight Time),483593.6999999285,A,mead,I,d,102,1,849.1999999284744,482744.5,8136,WL,A,8.0
4,12.130000114440918,learn,47869.99988555908,Fri Aug 07 2026 18:22:34 GMT-0500 (Central Daylight Time),483727.5,A,meado,I,o,121,1,983.0,482744.5,8136,WL,A,8.0
4,12.297000169754028,learn,47702.99983024597,Fri Aug 07 2026 18:22:34 GMT-0500 (Central Daylight Time),483894.09999990463,A,meadow,I,w,156,1,1149.5999999046326,482744.5,8136,WL,A,8.0
4,12.496000051498413,learn,47503.99994850159,Fri Aug 07 2026 18:22:34 GMT-0500 (Central Daylight Time),484093.59999990463,A,meadowenter,I,enter,182,1,1349.0999999046326,482744.5,8136,WL,A,8.0
4,12.763000011444092,learn,47236.99998855591,Fri Aug 07 2026 18:22:34 GMT-0500 (Central Daylight Time),484360.1999999285,A,h,I,h,262,1,266.2999999523163,484093.89999997616,8136,WL,A,9.0
4,12.86300015449524,learn,47136.99984550476,Fri Aug 07 2026 18:22:34 GMT-0500 (Central Daylight Time),484460.39999997616,A,ha,I,a,91,1,366.5,484093.89999997616,8136,WL,A,9.0
4,12.996000051498413,learn,47003.99994850159,Fri Aug 07 2026 18:22:34 GMT-0500 (Central Daylight Time),484593.59999990463,A,har,I,r,127,1,499.6999999284744,484093.89999997616,8136,WL,A,9.0
4,13.130000114440918,learn,46869.99988555908,Fri Aug 07 2026 18:22:34 GMT-0500 (Central Daylight Time),484726.89999997616,A,harp,I,p,123,1,633.0,484093.89999997616,8136,WL,A,9.0
4,14.312000036239624,learn,45687.999963760376,Fri Aug 07 2026 18:22:34 GMT-0500 (Central Daylight Time),485909.7999999523,A,harpenter,I,enter,1164,1,1815.8999999761581,484093.89999997616,8136,WL,A,9.0
4,14.796000003814697,learn,45203.9999961853,Fri Aug 07 2026 18:22:34 GMT-0500 (Central Daylight Time),486393.09999990463,A,s,I,s,470,1,482.89999997615814,485910.1999999285,8136,WL,A,10.0
4,14.879000186920166,learn,45120.999813079834,Fri Aug 07 2026 18:22:34 GMT-0500 (Central Daylight Time),486476.39999997616,A,sa,I,a,67,1,566.2000000476837,485910.1999999285,8136,WL,A,10.0
4,15.029000043869019,learn,44970.99995613098,Fri Aug 07 2026 18:22:34 GMT-0500 (Central Daylight Time),486626.39999997616,A,sal,I,l,143,1,716.2000000476837,485910.1999999285,8136,WL,A,10.0
4,15.212000131607056,learn,44787.999868392944,Fri Aug 07 2026 18:22:34 GMT-0500 (Central Daylight Time),486809.6999999285,A,salt,I,t,177,1,899.5,485910.1999999285,8136,WL,A,10.0
4,15.69700002670288,learn,44302.99997329712,Fri Aug 07 2026 18:22:34 GMT-0500 (Central Daylight Time),487293.89999997616,A,saltenter,I,enter,474,1,1383.7000000476837,485910.1999999285,8136,WL,A,10.0
4,16.17900013923645,learn,43820.99986076355,Fri Aug 07 2026 18:22:34 GMT-0500 (Central Daylight Time),487776.0,A,f,I,f,469,1,481.7000000476837,487294.2999999523,8136,WL,A,11.0
4,16.26200008392334,learn,43737.99991607666,Fri Aug 07 2026 18:22:34 GMT-0500 (Central Daylight Time),487859.2999999523,A,fi,I,i,67,1,565.0,487294.2999999523,8136,WL,A,11.0
4,16.379000186920166,learn,43620.999813079834,Fri Aug 07 2026 18:22:34 GMT-0500 (Central Daylight Time),487976.0,A,fin,I,n,96,1,681.7000000476837,487294.2999999523,8136,WL,A,11.0
4,16.644999980926514,learn,43355.000019073486,Fri Aug 07 2026 18:22:34 GMT-0500 (Central Daylight Time),488242.5,A,fing,I,g,251,1,948.2000000476837,487294.2999999523,8136,WL,A,11.0
4,16.861999988555908,learn,43138.00001144409,Fri Aug 07 2026 18:22:34 GMT-0500 (Central Daylight Time),488459.09999990463,A,finge,I,e,201,1,1164.7999999523163,487294.2999999523,8136,WL,A,11.0
4,16.962000131607056,learn,43037.999868392944,Fri Aug 07 2026 18:22:34 GMT-0500 (Central Daylight Time),488559.0,A,finger,I,r,80,1,1264.7000000476837,487294.2999999523,8136,WL,A,11.0
4,17.16200017929077,learn,42837.99982070923,Fri Aug 07 2026 18:22:34 GMT-0500 (Central Daylight Time),488759.1999999285,A,fingerenter,I,enter,180,1,1464.8999999761581,487294.2999999523,8136,WL,A,11.0
4,17.611000061035156,learn,42388.999938964844,Fri Aug 07 2026 18:22:34 GMT-0500 (Central Daylight Time),489208.89999997616,A,a,I,a,436,1,449.39999997615814,488759.5,8136,WL,A,12.0
4,17.74500012397766,learn,42254.99987602234,Fri Aug 07 2026 18:22:34 GMT-0500 (Central Daylight Time),489342.2999999523,A,ap,I,p,122,1,582.7999999523163,488759.5,8136,WL,A,12.0
4,17.99500012397766,learn,42004.99987602234,Fri Aug 07 2026 18:22:34 GMT-0500 (Central Daylight Time),489592.0,A,app,I,p,229,1,832.5,488759.5,8136,WL,A,12.0
4,18.261000156402588,learn,41738.99984359741,Fri Aug 07 2026 18:22:34 GMT-0500 (Central Daylight Time),489858.59999990463,A,appl,I,l,251,1,1099.0999999046326,488759.5,8136,WL,A,12.0
4,18.91100001335144,learn,41088.99998664856,Fri Aug 07 2026 18:22:34 GMT-0500 (Central Daylight Time),490508.5,A,apple,I,e,632,1,1749.0,488759.5,8136,WL,A,12.0
4,19.111000061035156,learn,40888.999938964844,Fri Aug 07 2026 18:22:34 GMT-0500 (Central Daylight Time),490708.5,A,appleenter,I,enter,183,1,1949.0,488759.5,8136,WL,A,12.0
4,19.57800006866455,learn,40421.99993133545,Fri Aug 07 2026 18:22:34 GMT-0500 (Central Daylight Time),491175.09999990463,A,c,I,c,455,1,466.1999999284744,490708.89999997616,8136,WL,A,13.0
4,19.694000005722046,learn,40305.999994277954,Fri Aug 07 2026 18:22:34 GMT-0500 (Central Daylight Time),491291.2999999523,A,ch,I,h,108,1,582.3999999761581,490708.89999997616,8136,WL,A,13.0
4,19.927000045776367,learn,40072.99995422363,Fri Aug 07 2026 18:22:34 GMT-0500 (Central Daylight Time),491524.6999999285,A,chi,I,i,216,1,815.7999999523163,490708.89999997616,8136,WL,A,13.0
4,20.061000108718872,learn,39938.99989128113,Fri Aug 07 2026 18:22:34 GMT-0500 (Central Daylight Time),491658.09999990463,A,chim,I,m,128,1,949.1999999284744,490708.89999997616,8136,WL,A,13.0
4,20.561000108718872,learn,39438.99989128113,Fri Aug 07 2026 18:22:34 GMT-0500 (Central Daylight Time),492158.1999999285,A,chimn,I,n,481,1,1449.2999999523163,490708.89999997616,8136,WL,A,13.0
4,20.74400019645691,learn,39255.99980354309,Fri Aug 07 2026 18:22:34 GMT-0500 (Central Daylight Time),492341.2999999523,A,chimne,I,e,173,1,1632.3999999761581,490708.89999997616,8136,WL,A,13.0
4,20.877000093460083,learn,39122.99990653992,Fri Aug 07 2026 18:22:34 GMT-0500 (Central Daylight Time),492474.59999990463,A,chimney,I,y,126,1,1765.6999999284744,490708.89999997616,8136,WL,A,13.0
4,21.294000148773193,learn,38705.99985122681,Fri Aug 07 2026 18:22:34 GMT-0500 (Central Daylight Time),492891.09999990463,A,chimneyenter,I,enter,401,1,2182.1999999284744,490708.89999997616,8136,WL,A,13.0
4,22.909000158309937,learn,37090.99984169006,Fri Aug 07 2026 18:22:34 GMT-0500 (Central Daylight Time),494506.89999997616,A,k,I,k,1601,1,1615.6000000238419,492891.2999999523,8136,WL,A,14.0
4,23.06000018119812,learn,36939.99981880188,Fri Aug 07 2026 18:22:34 GMT-0500 (Central Daylight Time),494657.0,A,ke,I,e,145,1,1765.7000000476837,492891.2999999523,8136,WL,A,14.0
4,23.243000030517578,learn,36756.99996948242,Fri Aug 07 2026 18:22:34 GMT-0500 (Central Daylight Time),494840.2999999523,A,key,I,y,178,1,1949.0,492891.2999999523,8136,WL,A,14.0
4,23.792999982833862,learn,36207.00001716614,Fri Aug 07 2026 18:22:34 GMT-0500 (Central Daylight Time),495390.1999999285,A,keyenter,I,enter,539,1,2498.899999976158,492891.2999999523,8136,WL,A,14.0
4,24.042999982833862,learn,35957.00001716614,Fri Aug 07 2026 18:22:34 GMT-0500 (Central Daylight Time),495640.09999990463,A,l,I,l,245,1,249.5,495390.59999990463,8136,WL,A,15.0
4,24.276000022888184,learn,35723.99997711182,Fri Aug 07 2026 18:22:34 GMT-0500 (Central Daylight Time),495873.5,A,lo,I,o,220,1,482.90000009536743,495390.59999990463,8136,WL,A,15.0
4,24.426000118255615,learn,35573.999881744385,Fri Aug 07 2026 18:22:34 GMT-0500 (Central Daylight Time),496023.39999997616,A,log,I,g,129,1,632.8000000715256,495390.59999990463,8136,WL,A,15.0
4,24.743000030517578,learn,35256.99996948242,Fri Aug 07 2026 18:22:34 GMT-0500 (Central Daylight Time),496340.0,A,logenter,I,enter,300,1,949.4000000953674,495390.59999990463,8136,WL,A,15.0
5,0.4830000400543213,learn,60000.0,Fri Aug 07 2026 18:22:34 GMT-0500 (Central Daylight Time),562819.0999999046,A,b,I,b,468,1,483.0,562336.0999999046,8136,WL,A,1.0
5,0.682999849319458,learn,60000.0,Fri Aug 07 2026 18:22:34 GMT-0500 (Central Daylight Time),563019.0999999046,A,bu,I,u,191,1,683.0,562336.0999999046,8136,WL,A,1.0
5,0.8829998970031738,learn,60000.0,Fri Aug 07 2026 18:22:34 GMT-0500 (Central Daylight Time),563218.8999999762,A,but,I,t,184,1,882.8000000715256,562336.0999999046,8136,WL,A,1.0
5,1.0499999523162842,learn,60000.0,Fri Aug 07 2026 18:22:34 GMT-0500 (Central Daylight Time),563385.6999999285,A,butt,I,t,154,1,1049.6000000238419,562336.0999999046,8136,WL,A,1.0
5,1.116999864578247,learn,60000.0,Fri Aug 07 2026 18:22:34 GMT-0500 (Central Daylight Time),563452.2999999523,A,butto,I,o,58,1,1116.2000000476837,562336.0999999046,8136,WL,A,1.0
5,1.2330000400543213,learn,60000.0,Fri Aug 07 2026 18:22:34 GMT-0500 (Central Daylight Time),563569.0,A,button,I,n,103,1,1232.9000000953674,562336.0999999046,8136,WL,A,1.0
5,1.4830000400543213,learn,60000.0,Fri Aug 07 2026 18:22:34 GMT-0500 (Central Daylight Time),563819.0,A,buttonenter,I,enter,234,1,1482.9000000953674,562336.0999999046,8136,WL,A,1.0
5,2.0339999198913574,learn,60000.0,Fri Aug 07 2026 18:22:34 GMT-0500 (Central Daylight Time),564369.2999999523,A,r,I,r,536,1,549.8999999761581,563819.3999999762,8136,WL,A,2.0
5,2.2159998416900635,learn,60000.0,Fri Aug 07 2026 18:22:34 GMT-0500 (Central Daylight Time),564551.6999999285,A,ra,I,a,169,1,732.2999999523163,563819.3999999762,8136,WL,A,2.0
5,2.315999984741211,learn,60000.0,Fri Aug 07 2026 18:22:34 GMT-0500 (Central Daylight Time),564652.0,A,rat,I,t,91,1,832.6000000238419,563819.3999999762,8136,WL,A,2.0
5,2.7269999980926514,learn,60000.0,Fri Aug 07 2026 18:22:34 GMT-0500 (Central Daylight Time),565062.6999999285,A,ratl,I,l,259,1,1243.2999999523163,563819.3999999762,8136,WL,A,2.0
5,2.734999895095825,learn,60000.0,Fri Aug 07 2026 18:22:34 GMT-0500 (Central Daylight Time),565070.2999999523,A,ratle,I,e,1,1,1250.8999999761581,563819.3999999762,8136,WL,A,2.0
5,2.865999937057495,learn,60000.0,Fri Aug 07 2026 18:22:34 GMT-0500 (Central Daylight Time),565201.5999999046,A,ratleenter,I,enter,120,1,1382.1999999284744,563819.3999999762,8136,WL,A,2.0
5,3.132999897003174,learn,60000.0,Fri Aug 07 2026 18:22:34 GMT-0500 (Central Daylight Time),565468.2999999523,A,g,I,g,246,1,266.39999997615814,565201.8999999762,8136,WL,A,3.0
5,3.2669999599456787,learn,60000.0,Fri Aug 07 2026 18:22:34 GMT-0500 (Central Daylight Time),565602.6999999285,A,go,I,o,127,1,400.7999999523163,565201.8999999762,8136,WL,A,3.0
5,3.615999937057495,learn,60000.0,Fri Aug 07 2026 18:22:34 GMT-0500 (Central Daylight Time),565951.5999999046,A,gol,I,l,327,1,749.6999999284744,565201.8999999762,8136,WL,A,3.0
5,3.9830000400543213,learn,60000.0,Fri Aug 07 2026 18:22:34 GMT-0500 (Central Daylight Time),566318.1999999285,A,gold,I,d,357,1,1116.2999999523163,565201.8999999762,8136,WL,A,3.0
5,4.4649999141693115,learn,60000.0,Fri Aug 07 2026 18:22:34 GMT-0500 (Central Daylight Time),566801.0,A,goldenter,I,enter,478,1,1599.1000000238419,565201.8999999762,8136,WL,A,3.0
5,9.747999906539917,learn,60000.0,Fri Aug 07 2026 18:22:34 GMT-0500 (Central Daylight Time),572084.0,A,t,I,t,5276,1,5282.800000071526,566801.1999999285,8136,WL,A,4.0
5,9.930999994277954,learn,60000.0,Fri Aug 07 2026 18:22:34 GMT-0500 (Central Daylight Time),572266.0999999046,A,tr,I,r,167,1,5464.899999976158,566801.1999999285,8136,WL,A,4.0
5,10.063999891281128,learn,60000.0,Fri Aug 07 2026 18:22:34 GMT-0500 (Central Daylight Time),572399.5999999046,A,tra,I,a,113,1,5598.399999976158,566801.1999999285,8136,WL,A,4.0
5,10.164000034332275,learn,60000.0,Fri Aug 07 2026 18:22:34 GMT-0500 (Central Daylight Time),572499.5,A,trai,I,i,92,1,5698.300000071526,566801.1999999285,8136,WL,A,4.0
5,10.27999997138977,learn,60000.0,Fri Aug 07 2026 18:22:34 GMT-0500 (Central Daylight Time),572616.0999999046,A,train,I,n,96,1,5814.899999976158,566801.1999999285,8136,WL,A,4.0
5,10.54699993133545,learn,60000.0,Fri Aug 07 2026 18:22:34 GMT-0500 (Central Daylight Time),572882.5999999046,A,trainenter,I,enter,260,1,6081.399999976158,566801.1999999285,8136,WL,A,4.0
5,10.846999883651733,learn,60000.0,Fri Aug 07 2026 18:22:34 GMT-0500 (Central Daylight Time),573182.3999999762,A,f,I,f,281,1,299.39999997615814,572883.0,8136,WL,A,5.0
5,10.94700002670288,learn,60000.0,Fri Aug 07 2026 18:22:34 GMT-0500 (Central Daylight Time),573282.6999999285,A,fl,I,l,85,1,399.6999999284744,572883.0,8136,WL,A,5.0
5,11.179999828338623,learn,60000.0,Fri Aug 07 2026 18:22:34 GMT-0500 (Central Daylight Time),573515.6999999285,A,flo,I,o,216,1,632.6999999284744,572883.0,8136,WL,A,5.0
5,11.36299991607666,learn,60000.0,Fri Aug 07 2026 18:22:34 GMT-0500 (Central Daylight Time),573699.0999999046,A,flow,I,w,168,1,816.0999999046326,572883.0,8136,WL,A,5.0
5,11.462999820709229,learn,60000.0,Fri Aug 07 2026 18:22:34 GMT-0500 (Central Daylight Time),573798.8999999762,A,flowe,I,e,80,1,915.8999999761581,572883.0,8136,WL,A,5.0
5,11.662999868392944,learn,60000.0,Fri Aug 07 2026 18:22:34 GMT-0500 (Central Daylight Time),573999.0,A,flower,I,r,181,1,1116.0,572883.0,8136,WL,A,5.0
5,11.86299991607666,learn,60000.0,Fri Aug 07 2026 18:22:34 GMT-0500 (Central Daylight Time),574198.8999999762,A,flowerenter,I,enter,189,1,1315.8999999761581,572883.0,8136,WL,A,5.0
5,12.164000034332275,learn,60000.0,Fri Aug 07 2026 18:22:34 GMT-0500 (Central Daylight Time),574500.0,A,r,I,r,285,1,300.8000000715256,574199.1999999285,8136,WL,A,6.0
5,12.29699993133545,learn,60000.0,Fri Aug 07 2026 18:22:34 GMT-0500 (Central Daylight Time),574632.0999999046,A,ru,I,u,111,1,432.89999997615814,574199.1999999285,8136,WL,A,6.0
5,13.328999996185303,learn,60000.0,Fri Aug 07 2026 18:22:34 GMT-0500 (Central Daylight Time),575665.0999999046,A,rug,I,g,1020,1,1465.8999999761581,574199.1999999285,8136,WL,A,6.0
5,16.01199984550476,learn,60000.0,Fri Aug 07 2026 18:22:34 GMT-0500 (Central Daylight Time),578347.5999999046,A,rugenter,I,enter,2675,1,4148.399999976158,574199.1999999285,8136,WL,A,6.0
5,17.044999837875366,learn,60000.0,Fri Aug 07 2026 18:22:34 GMT-0500 (Central Daylight Time),579380.5999999046,A,m,I,m,1024,1,1032.2999999523163,578348.2999999523,8136,WL,A,7.0
5,17.477999925613403,learn,60000.0,Fri Aug 07 2026 18:22:34 GMT-0500 (Central Daylight Time),579813.8999999762,A,ma,I,a,422,1,1465.6000000238419,578348.2999999523,8136,WL,A,7.0
5,17.860999822616577,learn,60000.0,Fri Aug 07 2026 18:22:34 GMT-0500 (Central Daylight Time),580197.0,A,m,I,backspace,375,1,1848.7000000476837,578348.2999999523,8136,WL,A,7.0
5,17.944999933242798,learn,60000.0,Fri Aug 07 2026 18:22:34 GMT-0500 (Central Daylight Time),580280.3999999762,A,me,I,e,70,1,1932.1000000238419,578348.2999999523,8136,WL,A,7.0
5,18.044999837875366,learn,60000.0,Fri Aug 07 2026 18:22:34 GMT-0500 (Central Daylight Time),580380.5999999046,A,mea,I,a,92,1,2032.2999999523163,578348.2999999523,8136,WL,A,7.0
5,18.16100001335144,learn,60000.0,Fri Aug 07 2026 18:22:34 GMT-0500 (Central Daylight Time),580496.5999999046,A,mead,I,d,111,1,2148.2999999523163,578348.2999999523,8136,WL,A,7.0
5,18.360999822616577,learn,60000.0,Fri Aug 07 2026 18:22:34 GMT-0500 (Central Daylight Time),580696.5,A,meado,I,o,195,1,2348.2000000476837,578348.2999999523,8136,WL,A,7.0
5,18.610999822616577,learn,60000.0,Fri Aug 07 2026 18:22:34 GMT-0500 (Central Daylight Time),580946.7999999523,A,meadow,I,w,235,1,2598.5,578348.2999999523,8136,WL,A,7.0
5,21.009999990463257,learn,60000.0,Fri Aug 07 2026 18:22:34 GMT-0500 (Central Daylight Time),583346.0,A,meadowenter,I,enter,2385,1,4997.700000047684,578348.2999999523,8136,WL,A,7.0
5,21.55999994277954,learn,60000.0,Fri Aug 07 2026 18:22:34 GMT-0500 (Central Daylight Time),583895.8999999762,A,h,I,h,537,1,549.5,583346.3999999762,8136,WL,A,8.0
5,21.710000038146973,learn,60000.0,Fri Aug 07 2026 18:22:34 GMT-0500 (Central Daylight Time),584045.8999999762,A,ha,I,a,132,1,699.5,583346.3999999762,8136,WL,A,8.0
5,21.80999994277954,learn,60000.0,Fri Aug 07 2026 18:22:34 GMT-0500 (Central Daylight Time),584145.5,A,har,I,r,94,1,799.1000000238419,583346.3999999762,8136,WL,A,8.0
5,21.942999839782715,learn,60000.0,Fri Aug 07 2026 18:22:34 GMT-0500 (Central Daylight Time),584278.8999999762,A,harp,I,p,114,1,932.5,583346.3999999762,8136,WL,A,8.0
5,22.32699990272522,learn,60000.0,Fri Aug 07 2026 18:22:34 GMT-0500 (Central Daylight Time),584662.2999999523,A,harpenter,I,enter,373,1,1315.8999999761581,583346.3999999762,8136,WL,A,8.0
5,23.858999967575073,learn,60000.0,Fri Aug 07 2026 18:22:34 GMT-0500 (Central Daylight Time),586195.1999999285,A,s,I,s,1517,1,1532.6000000238419,584662.5999999046,8136,WL,A,9.0
5,24.008999824523926,learn,60000.0,Fri Aug 07 2026 18:22:34 GMT-0500 (Central Daylight Time),586345.0999999046,A,sa,I,a,136,1,1682.5,584662.5999999046,8136,WL,A,9.0
5,24.092999935150146,learn,60000.0,Fri Aug 07 2026 18:22:34 GMT-0500 (Central Daylight Time),586428.5,A,sal,I,l,74,1,1765.9000000953674,584662.5999999046,8136,WL,A,9.0
5,24.241999864578247,learn,60000.0,Fri Aug 07 2026 18:22:34 GMT-0500 (Central Daylight Time),586578.2999999523,A,salt,I,t,143,1,1915.7000000476837,584662.5999999046,8136,WL,A,9.0
5,24.39199995994568,learn,60000.0,Fri Aug 07 2026 18:22:34 GMT-0500 (Central Daylight Time),586728.2999999523,A,saltenter,I,enter,145,1,2065.7000000476837,584662.5999999046,8136,WL,A,9.0
5,24.72599983215332,learn,60000.0,Fri Aug 07 2026 18:22:34 GMT-0500 (Central Daylight Time),587061.5,A,f,I,f,323,1,332.90000009536743,586728.5999999046,8136,WL,A,10.0
5,24.792999982833862,learn,60000.0,Fri Aug 07 2026 18:22:34 GMT-0500 (Central Daylight Time),587129.1999999285,A,fi,I,i,46,1,400.60000002384186,586728.5999999046,8136,WL,A,10.0
5,25.075999975204468,learn,60000.0,Fri Aug 07 2026 18:22:34 GMT-0500 (Central Daylight Time),587411.5999999046,A,fin,I,n,267,1,683.0,586728.5999999046,8136,WL,A,10.0
5,25.20899987220764,learn,60000.0,Fri Aug 07 2026 18:22:34 GMT-0500 (Central Daylight Time),587544.7999999523,A,fing,I,g,129,1,816.2000000476837,586728.5999999046,8136,WL,A,10.0
5,25.424999952316284,learn,60000.0,Fri Aug 07 2026 18:22:34 GMT-0500 (Central Daylight Time),587761.2999999523,A,finge,I,e,203,1,1032.7000000476837,586728.5999999046,8136,WL,A,10.0
5,25.47499990463257,learn,60000.0,Fri Aug 07 2026 18:22:34 GMT-0500 (Central Daylight Time),587811.2999999523,A,finger,I,r,42,1,1082.7000000476837,586728.5999999046,8136,WL,A,10.0
5,25.625999927520752,learn,60000.0,Fri Aug 07 2026 18:22:34 GMT-0500 (Central Daylight Time),587961.5,A,fingerenter,I,enter,137,1,1232.9000000953674,586728.5999999046,8136,WL,A,10.0
5,27.657999992370605,learn,60000.0,Fri Aug 07 2026 18:22:34 GMT-0500 (Central Daylight Time),589993.8999999762,A,a,I,a,2018,1,2032.1000000238419,587961.7999999523,8136,WL,A,11.0
5,27.740999937057495,learn,60000.0,Fri Aug 07 2026 18:22:34 GMT-0500 (Central Daylight Time),590077.2999999523,A,ap,I,p,66,1,2115.5,587961.7999999523,8136,WL,A,11.0
5,27.924999952316284,learn,60000.0,Fri Aug 07 2026 18:22:34 GMT-0500 (Central Daylight Time),590260.5,A,app,I,p,166,1,2298.7000000476837,587961.7999999523,8136,WL,A,11.0
5,28.141000032424927,learn,60000.0,Fri Aug 07 2026 18:22:34 GMT-0500 (Central Daylight Time),590477.2999999523,A,appl,I,l,199,1,2515.5,587961.7999999523,8136,WL,A,11.0
5,28.240999937057495,learn,60000.0,Fri Aug 07 2026 18:22:34 GMT-0500 (Central Daylight Time),590576.8999999762,A,apple,I,e,94,1,2615.100000023842,587961.7999999523,8136,WL,A,11.0
5,28.44099998474121,learn,60000.0,Fri Aug 07 2026 18:22:34 GMT-0500 (Central Daylight Time),590777.1999999285,A,appleenter,I,enter,179,1,2815.399999976158,587961.7999999523,8136,WL,A,11.0
5,29.007999897003174,learn,60000.0,Fri Aug 07 2026 18:22:34 GMT-0500 (Central Daylight Time),591343.3999999762,A,c,I,c,546,1,565.8000000715256,590777.5999999046,8136,WL,A,12.0
5,29.092000007629395,learn,60000.0,Fri Aug 07 2026 18:22:34 GMT-0500 (Central Daylight Time),591427.8999999762,A,ch,I,h,76,1,650.3000000715256,590777.5999999046,8136,WL,A,12.0
5,29.174000024795532,learn,60000.0,Fri Aug 07 2026 18:22:34 GMT-0500 (Central Daylight Time),591510.0,A,chi,I,i,63,1,732.4000000953674,590777.5999999046,8136,WL,A,12.0
5,29.35699987411499,learn,60000.0,Fri Aug 07 2026 18:22:34 GMT-0500 (Central Daylight Time),591693.1999999285,A,chim,I,m,165,1,915.6000000238419,590777.5999999046,8136,WL,A,12.0
5,29.641000032424927,learn,60000.0,Fri Aug 07 2026 18:22:34 GMT-0500 (Central Daylight Time),591976.7999999523,A,chimn,I,n,270,1,1199.2000000476837,590777.5999999046,8136,WL,A,12.0
5,29.80900001525879,learn,60000.0,Fri Aug 07 2026 18:22:34 GMT-0500 (Central Daylight Time),592144.3999999762,A,chimne,I,e,147,1,1366.8000000715256,590777.5999999046,8136,WL,A,12.0
5,29.906999826431274,learn,60000.0,Fri Aug 07 2026 18:22:34 GMT-0500 (Central Daylight Time),592243.0,A,chimney,I,y,91,1,1465.4000000953674,590777.5999999046,8136,WL,A,12.0
5,30.19099998474121,learn,60000.0,Fri Aug 07 2026 18:22:34 GMT-0500 (Central Daylight Time),592526.3999999762,A,chimneyenter,I,enter,264,1,1748.8000000715256,590777.5999999046,8136,WL,A,12.0
5,32.4229998588562,learn,60000.0,Fri Aug 07 2026 18:22:34 GMT-0500 (Central Daylight Time),594759.0,A,l,I,l,2213,1,2232.2000000476837,592526.7999999523,8136,WL,A,13.0
5,32.639999866485596,learn,60000.0,Fri Aug 07 2026 18:22:34 GMT-0500 (Central Daylight Time),594976.0999999046,A,lo,I,o,212,1,2449.2999999523163,592526.7999999523,8136,WL,A,13.0
5,32.84099984169006,learn,60000.0,Fri Aug 07 2026 18:22:34 GMT-0500 (Central Daylight Time),595176.7999999523,A,log,I,g,179,1,2650.0,592526.7999999523,8136,WL,A,13.0
5,33.055999994277954,learn,60000.0,Fri Aug 07 2026 18:22:34 GMT-0500 (Central Daylight Time),595392.2999999523,A,logenter,I,enter,203,1,2865.5,592526.7999999523,8136,WL,A,13.0
5,33.4229998588562,learn,60000.0,Fri Aug 07 2026 18:22:34 GMT-0500 (Central Daylight Time),595758.8999999762,A,k,I,k,347,1,366.3000000715256,595392.5999999046,8136,WL,A,14.0
5,33.53999996185303,learn,60000.0,Fri Aug 07 2026 18:22:34 GMT-0500 (Central Daylight Time),595875.5,A,ke,I,e,108,1,482.90000009536743,595392.5999999046,8136,WL,A,14.0
5,33.74000000953674,learn,60000.0,Fri Aug 07 2026 18:22:34 GMT-0500 (Central Daylight Time),596075.2999999523,A,key,I,y,184,1,682.7000000476837,595392.5999999046,8136,WL,A,14.0
5,34.07299995422363,learn,60000.0,Fri Aug 07 2026 18:22:34 GMT-0500 (Central Daylight Time),596408.2999999523,A,keyenter,I,enter,312,1,1015.7000000476837,595392.5999999046,8136,WL,A,14.0
5,44.003000020980835,learn,60000.0,Fri Aug 07 2026 18:22:34 GMT-0500 (Central Daylight Time),606339.2999999523,A,enter,I,enter,9923,1,9930.700000047684,596408.5999999046,8136,WL,A,15.0
6,1.5169999599456787,distr,58483.00004005432,Fri Aug 07 2026 18:22:34 GMT-0500 (Central Daylight Time),682098.5,B,p,I,p,1511,1,1516.2000000476837,680582.2999999523,8136,WL,A,1.0
6,1.7829999923706055,distr,58217.000007629395,Fri Aug 07 2026 18:22:34 GMT-0500 (Central Daylight Time),682365.0,B,pe,I,e,249,1,1782.7000000476837,680582.2999999523,8136,WL,A,1.0
6,1.9839999675750732,distr,58016.00003242493,Fri Aug 07 2026 18:22:34 GMT-0500 (Central Daylight Time),682566.0999999046,B,pea,I,a,182,1,1983.7999999523163,680582.2999999523,8136,WL,A,1.0
6,2.386000156402588,distr,57613.99984359741,Fri Aug 07 2026 18:22:34 GMT-0500 (Central Daylight Time),682967.7999999523,B,peah,I,h,382,1,2385.5,680582.2999999523,8136,WL,A,1.0
6,2.683000087738037,distr,57316.99991226196,Fri Aug 07 2026 18:22:34 GMT-0500 (Central Daylight Time),683264.7999999523,B,peahenter,I,enter,282,1,2682.5,680582.2999999523,8136,WL,A,1.0
6,4.266000032424927,distr,55733.99996757507,Fri Aug 07 2026 18:22:34 GMT-0500 (Central Daylight Time),684847.3999999762,B,j,I,j,1571,1,1582.3000000715256,683265.0999999046,8136,WL,A,2.0
6,4.466000080108643,distr,55533.99991989136,Fri Aug 07 2026 18:22:34 GMT-0500 (Central Daylight Time),685047.6999999285,B,ju,I,u,189,1,1782.6000000238419,683265.0999999046,8136,WL,A,2.0
6,4.565999984741211,distr,55434.00001525879,Fri Aug 07 2026 18:22:34 GMT-0500 (Central Daylight Time),685147.3999999762,B,jud,I,d,91,1,1882.3000000715256,683265.0999999046,8136,WL,A,2.0
6,4.732000112533569,distr,55267.99988746643,Fri Aug 07 2026 18:22:34 GMT-0500 (Central Daylight Time),685313.8999999762,B,judg,I,g,161,1,2048.8000000715256,683265.0999999046,8136,WL,A,2.0
6,4.934000015258789,distr,55065.99998474121,Fri Aug 07 2026 18:22:34 GMT-0500 (Central Daylight Time),685515.2999999523,B,judge,I,e,194,1,2250.2000000476837,683265.0999999046,8136,WL,A,2.0
6,5.398999929428101,distr,54601.0000705719,Fri Aug 07 2026 18:22:34 GMT-0500 (Central Daylight Time),685980.5,B,judgeenter,I,enter,456,1,2715.4000000953674,683265.0999999046,8136,WL,A,2.0
6,5.749000072479248,distr,54250.99992752075,Fri Aug 07 2026 18:22:34 GMT-0500 (Central Daylight Time),686330.5,B,g,I,g,343,1,349.7000000476837,685980.7999999523,8136,WL,A,3.0
6,6.065000057220459,distr,53934.99994277954,Fri Aug 07 2026 18:22:34 GMT-0500 (Central Daylight Time),686646.7999999523,B,gr,I,r,304,1,666.0,685980.7999999523,8136,WL,A,3.0
6,6.148999929428101,distr,53851.0000705719,Fri Aug 07 2026 18:22:34 GMT-0500 (Central Daylight Time),686730.5999999046,B,gra,I,a,69,1,749.7999999523163,685980.7999999523,8136,WL,A,3.0
6,6.2820000648498535,distr,53717.99993515015,Fri Aug 07 2026 18:22:34 GMT-0500 (Central Daylight Time),686863.6999999285,B,gran,I,n,113,1,882.8999999761581,685980.7999999523,8136,WL,A,3.0
6,6.498000144958496,distr,53501.999855041504,Fri Aug 07 2026 18:22:34 GMT-0500 (Central Daylight Time),687080.1999999285,B,grant,I,t,195,1,1099.3999999761581,685980.7999999523,8136,WL,A,3.0
6,6.648999929428101,distr,53351.0000705719,Fri Aug 07 2026 18:22:34 GMT-0500 (Central Daylight Time),687230.2999999523,B,grantenter,I,enter,140,1,1249.5,685980.7999999523,8136,WL,A,3.0
6,6.982000112533569,distr,53017.99988746643,Fri Aug 07 2026 18:22:34 GMT-0500 (Central Daylight Time),687563.5999999046,B,m,I,m,326,1,333.0,687230.5999999046,8136,WL,A,4.0
6,7.0980000495910645,distr,52901.999950408936,Fri Aug 07 2026 18:22:34 GMT-0500 (Central Daylight Time),687680.1999999285,B,me,I,e,105,1,449.60000002384186,687230.5999999046,8136,WL,A,4.0
6,7.232000112533569,distr,52767.99988746643,Fri Aug 07 2026 18:22:34 GMT-0500 (Central Daylight Time),687813.2999999523,B,mea,I,a,116,1,582.7000000476837,687230.5999999046,8136,WL,A,4.0
6,7.398000001907349,distr,52601.99999809265,Fri Aug 07 2026 18:22:34 GMT-0500 (Central Daylight Time),687979.8999999762,B,meal,I,l,150,1,749.3000000715256,687230.5999999046,8136,WL,A,4.0
6,7.763999938964844,distr,52236.000061035156,Fri Aug 07 2026 18:22:34 GMT-0500 (Central Daylight Time),688346.1999999285,B,mealenter,I,enter,351,1,1115.6000000238419,687230.5999999046,8136,WL,A,4.0
6,8.098000049591064,distr,51901.999950408936,Fri Aug 07 2026 18:22:34 GMT-0500 (Central Daylight Time),688679.8999999762,B,s,I,s,313,1,333.3000000715256,688346.5999999046,8136,WL,A,5.0
6,8.13100004196167,distr,51868.99995803833,Fri Aug 07 2026 18:22:34 GMT-0500 (Central Daylight Time),688713.0,B,se,I,e,19,1,366.40000009536743,688346.5999999046,8136,WL,A,5.0
6,8.763999938964844,distr,51236.000061035156,Fri Aug 07 2026 18:22:34 GMT-0500 (Central Daylight Time),689346.1999999285,B,see,I,e,620,1,999.6000000238419,688346.5999999046,8136,WL,A,5.0
6,9.015000104904175,distr,50984.999895095825,Fri Aug 07 2026 18:22:34 GMT-0500 (Central Daylight Time),689596.2999999523,B,seed,I,d,233,1,1249.7000000476837,688346.5999999046,8136,WL,A,5.0
6,10.04699993133545,distr,49953.00006866455,Fri Aug 07 2026 18:22:34 GMT-0500 (Central Daylight Time),690629.0999999046,B,seedenter,I,enter,1016,1,2282.5,688346.5999999046,8136,WL,A,5.0
6,10.38100004196167,distr,49618.99995803833,Fri Aug 07 2026 18:22:34 GMT-0500 (Central Daylight Time),690962.3999999762,B,b,I,b,326,1,333.0,690629.3999999762,8136,WL,A,6.0
6,10.54699993133545,distr,49453.00006866455,Fri Aug 07 2026 18:22:34 GMT-0500 (Central Daylight Time),691128.8999999762,B,bo,I,o,161,1,499.5,690629.3999999762,8136,WL,A,6.0
6,11.513999938964844,distr,48486.000061035156,Fri Aug 07 2026 18:22:34 GMT-0500 (Central Daylight Time),692095.1999999285,B,bow,I,w,956,1,1465.7999999523163,690629.3999999762,8136,WL,A,6.0
6,12.013000011444092,distr,47986.99998855591,Fri Aug 07 2026 18:22:34 GMT-0500 (Central Daylight Time),692595.1999999285,B,bowl,I,l,484,1,1965.7999999523163,690629.3999999762,8136,WL,A,6.0
6,15.312000036239624,distr,44687.999963760376,Fri Aug 07 2026 18:22:34 GMT-0500 (Central Daylight Time),695894.0,B,bowlenter,I,enter,3280,1,5264.600000023842,690629.3999999762,8136,WL,A,6.0
6,15.712000131607056,distr,44287.999868392944,Fri Aug 07 2026 18:22:34 GMT-0500 (Central Daylight Time),696294.0,B,c,I,c,390,1,399.7000000476837,695894.2999999523,8136,WL,A,7.0
6,15.828999996185303,distr,44171.0000038147,Fri Aug 07 2026 18:22:34 GMT-0500 (Central Daylight Time),696410.6999999285,B,ch,I,h,109,1,516.3999999761581,695894.2999999523,8136,WL,A,7.0
6,16.128999948501587,distr,43871.00005149841,Fri Aug 07 2026 18:22:34 GMT-0500 (Central Daylight Time),696710.5,B,cha,I,a,290,1,816.2000000476837,695894.2999999523,8136,WL,A,7.0
6,16.246000051498413,distr,43753.99994850159,Fri Aug 07 2026 18:22:34 GMT-0500 (Central Daylight Time),696827.2999999523,B,chai,I,i,101,1,933.0,695894.2999999523,8136,WL,A,7.0
6,16.394999980926514,distr,43605.000019073486,Fri Aug 07 2026 18:22:34 GMT-0500 (Central Daylight Time),696976.7999999523,B,chair,I,r,144,1,1082.5,695894.2999999523,8136,WL,A,7.0
6,16.661999940872192,distr,43338.00005912781,Fri Aug 07 2026 18:22:34 GMT-0500 (Central Daylight Time),697243.6999999285,B,chairenter,I,enter,260,1,1349.3999999761581,695894.2999999523,8136,WL,A,7.0
6,25.075000047683716,distr,34924.999952316284,Fri Aug 07 2026 18:22:34 GMT-0500 (Central Daylight Time),705657.5999999046,B,s,I,s,8400,1,8413.599999904633,697244.0,8136,WL,A,8.0
6,25.29100012779236,distr,34708.99987220764,Fri Aug 07 2026 18:22:34 GMT-0500 (Central Daylight Time),705874.3999999762,B,sl,I,l,208,1,8630.399999976158,697244.0,8136,WL,A,8.0
6,25.819999933242798,distr,34180.0000667572,Fri Aug 07 2026 18:22:34 GMT-0500 (Central Daylight Time),706403.0999999046,B,sle,I,e,513,1,9159.099999904633,697244.0,8136,WL,A,8.0
6,26.04100012779236,distr,33958.99987220764,Fri Aug 07 2026 18:22:34 GMT-0500 (Central Daylight Time),706623.7999999523,B,slee,I,e,207,1,9379.799999952316,697244.0,8136,WL,A,8.0
6,26.157999992370605,distr,33842.000007629395,Fri Aug 07 2026 18:22:34 GMT-0500 (Central Daylight Time),706740.8999999762,B,sleep,I,p,99,1,9496.899999976158,697244.0,8136,WL,A,8.0
6,26.574000120162964,distr,33425.999879837036,Fri Aug 07 2026 18:22:34 GMT-0500 (Central Daylight Time),707157.0999999046,B,sleepenter,I,enter,406,1,9913.099999904633,697244.0,8136,WL,A,8.0
6,28.0239999294281,distr,31976.0000705719,Fri Aug 07 2026 18:22:34 GMT-0500 (Central Daylight Time),708606.8999999762,B,enter,I,enter,1439,1,1449.3999999761581,707157.5,8136,WL,A,9.0
6,28.390000104904175,distr,31609.999895095825,Fri Aug 07 2026 18:22:34 GMT-0500 (Central Daylight Time),708973.0999999046,B,enter,I,enter,356,1,365.7999999523163,708607.2999999523,8136,WL,A,10.0
6,28.756999969482422,distr,31243.000030517578,Fri Aug 07 2026 18:22:34 GMT-0500 (Central Daylight Time),709340.0999999046,B,enter,I,enter,351,1,366.59999990463257,708973.5,8136,WL,A,11.0
6,29.10700011253357,distr,30892.99988746643,Fri Aug 07 2026 18:22:34 GMT-0500 (Central Daylight Time),709689.7999999523,B,enter,I,enter,344,1,349.2999999523163,709340.5,8136,WL,A,12.0
6,29.5239999294281,distr,30476.0000705719,Fri Aug 07 2026 18:22:34 GMT-0500 (Central Daylight Time),710106.5999999046,B,enter,I,enter,403,1,416.5,709690.0999999046,8136,WL,A,13.0
6,29.85599994659424,distr,30144.00005340576,Fri Aug 07 2026 18:22:34 GMT-0500 (Central Daylight Time),710439.3999999762,B,enter,I,enter,322,1,332.5,710106.8999999762,8136,WL,A,14.0
6,30.572999954223633,distr,29427.000045776367,Fri Aug 07 2026 18:22:34 GMT-0500 (Central Daylight Time),711155.5999999046,B,enter,I,enter,699,1,715.7999999523163,710439.7999999523,8136,WL,A,15.0
7,2.2160000801086426,immed,57783.99991989136,Fri Aug 07 2026 18:22:34 GMT-0500 (Central Daylight Time),723569.0,A,t,I,t,2196,1,2216.0,721353.0,8136,WL,A,1.0
7,2.432000160217285,immed,57567.999839782715,Fri Aug 07 2026 18:22:34 GMT-0500 (Central Daylight Time),723785.3999999762,A,tr,I,r,210,1,2432.399999976158,721353.0,8136,WL,A,1.0
7,2.565999984741211,immed,57434.00001525879,Fri Aug 07 2026 18:22:34 GMT-0500 (Central Daylight Time),723918.5,A,tra,I,a,114,1,2565.5,721353.0,8136,WL,A,1.0
7,2.7660000324249268,immed,57233.99996757507,Fri Aug 07 2026 18:22:34 GMT-0500 (Central Daylight Time),724118.5999999046,A,trai,I,i,189,1,2765.5999999046326,721353.0,8136,WL,A,1.0
7,2.866000175476074,immed,57133.999824523926,Fri Aug 07 2026 18:22:34 GMT-0500 (Central Daylight Time),724218.5999999046,A,train,I,n,85,1,2865.5999999046326,721353.0,8136,WL,A,1.0
7,3.381999969482422,immed,56618.00003051758,Fri Aug 07 2026 18:22:34 GMT-0500 (Central Daylight Time),724735.1999999285,A,trainenter,I,enter,505,1,3382.1999999284744,721353.0,8136,WL,A,1.0
7,3.7820000648498535,immed,56217.99993515015,Fri Aug 07 2026 18:22:34 GMT-0500 (Central Daylight Time),725134.8999999762,A,r,I,r,388,1,399.39999997615814,724735.5,8136,WL,A,2.0
7,3.932000160217285,immed,56067.999839782715,Fri Aug 07 2026 18:22:34 GMT-0500 (Central Daylight Time),725284.7999999523,A,ru,I,u,141,1,549.2999999523163,724735.5,8136,WL,A,2.0
7,4.2820000648498535,immed,55717.99993515015,Fri Aug 07 2026 18:22:34 GMT-0500 (Central Daylight Time),725634.6999999285,A,rug,I,g,335,1,899.1999999284744,724735.5,8136,WL,A,2.0
7,5.3480000495910645,immed,54651.999950408936,Fri Aug 07 2026 18:22:34 GMT-0500 (Central Daylight Time),726701.0999999046,A,rugenter,I,enter,1058,1,1965.5999999046326,724735.5,8136,WL,A,2.0
7,6.414999961853027,immed,53585.00003814697,Fri Aug 07 2026 18:22:34 GMT-0500 (Central Daylight Time),727767.5,A,m,I,m,1046,1,1066.1000000238419,726701.3999999762,8136,WL,A,3.0
7,6.54800009727478,immed,53451.99990272522,Fri Aug 07 2026 18:22:34 GMT-0500 (Central Daylight Time),727900.6999999285,A,me,I,e,125,1,1199.2999999523163,726701.3999999762,8136,WL,A,3.0
7,6.664000034332275,immed,53335.999965667725,Fri Aug 07 2026 18:22:34 GMT-0500 (Central Daylight Time),728017.2999999523,A,mea,I,a,103,1,1315.8999999761581,726701.3999999762,8136,WL,A,3.0
7,6.79800009727478,immed,53201.99990272522,Fri Aug 07 2026 18:22:34 GMT-0500 (Central Daylight Time),728150.5999999046,A,mead,I,d,122,1,1449.1999999284744,726701.3999999762,8136,WL,A,3.0
7,6.980999946594238,immed,53019.00005340576,Fri Aug 07 2026 18:22:34 GMT-0500 (Central Daylight Time),728333.8999999762,A,meado,I,o,173,1,1632.5,726701.3999999762,8136,WL,A,3.0
7,7.447000026702881,immed,52552.99997329712,Fri Aug 07 2026 18:22:34 GMT-0500 (Central Daylight Time),728800.1999999285,A,meadow,I,w,461,1,2098.7999999523163,726701.3999999762,8136,WL,A,3.0
7,8.46399998664856,immed,51536.00001335144,Fri Aug 07 2026 18:22:34 GMT-0500 (Central Daylight Time),729816.7999999523,A,meadowenter,I,enter,996,1,3115.399999976158,726701.3999999762,8136,WL,A,3.0
7,9.46399998664856,immed,50536.00001335144,Fri Aug 07 2026 18:22:34 GMT-0500 (Central Daylight Time),730816.5,A,h,I,h,987,1,999.4000000953674,729817.0999999046,8136,WL,A,4.0
7,9.565000057220459,immed,50434.99994277954,Fri Aug 07 2026 18:22:34 GMT-0500 (Central Daylight Time),730917.5999999046,A,ha,I,a,83,1,1100.5,729817.0999999046,8136,WL,A,4.0
7,9.680000066757202,immed,50319.9999332428,Fri Aug 07 2026 18:22:34 GMT-0500 (Central Daylight Time),731032.8999999762,A,har,I,r,101,1,1215.8000000715256,729817.0999999046,8136,WL,A,4.0
7,9.763000011444092,immed,50236.99998855591,Fri Aug 07 2026 18:22:34 GMT-0500 (Central Daylight Time),731116.3999999762,A,harp,I,p,74,1,1299.3000000715256,729817.0999999046,8136,WL,A,4.0
7,10.080000162124634,immed,49919.999837875366,Fri Aug 07 2026 18:22:34 GMT-0500 (Central Daylight Time),731433.2999999523,A,harpenter,I,enter,304,1,1616.2000000476837,729817.0999999046,8136,WL,A,4.0
7,13.412000179290771,immed,46587.99982070923,Fri Aug 07 2026 18:22:34 GMT-0500 (Central Daylight Time),734765.0999999046,A,s,I,s,3322,1,3331.5,731433.5999999046,8136,WL,A,5.0
7,13.513000011444092,immed,46486.99998855591,Fri Aug 07 2026 18:22:34 GMT-0500 (Central Daylight Time),734866.1999999285,A,sa,I,a,94,1,3432.600000023842,731433.5999999046,8136,WL,A,5.0
7,13.713000059127808,immed,46286.99994087219,Fri Aug 07 2026 18:22:34 GMT-0500 (Central Daylight Time),735066.1999999285,A,sal,I,l,186,1,3632.600000023842,731433.5999999046,8136,WL,A,5.0
7,14.09500002861023,immed,45904.99997138977,Fri Aug 07 2026 18:22:34 GMT-0500 (Central Daylight Time),735448.5,A,salt,I,t,361,1,4014.9000000953674,731433.5999999046,8136,WL,A,5.0
7,14.462000131607056,immed,45537.999868392944,Fri Aug 07 2026 18:22:34 GMT-0500 (Central Daylight Time),735815.0,A,saltenter,I,enter,347,1,4381.400000095367,731433.5999999046,8136,WL,A,5.0
7,14.82800006866455,immed,45171.99993133545,Fri Aug 07 2026 18:22:34 GMT-0500 (Central Daylight Time),736181.1999999285,A,f,I,f,349,1,365.7999999523163,735815.3999999762,8136,WL,A,6.0
7,14.91100001335144,immed,45088.99998664856,Fri Aug 07 2026 18:22:34 GMT-0500 (Central Daylight Time),736264.3999999762,A,fi,I,i,78,1,449.0,735815.3999999762,8136,WL,A,6.0
7,15.062000036239624,immed,44937.999963760376,Fri Aug 07 2026 18:22:34 GMT-0500 (Central Daylight Time),736414.5,A,fin,I,n,131,1,599.1000000238419,735815.3999999762,8136,WL,A,6.0
7,15.195000171661377,immed,44804.99982833862,Fri Aug 07 2026 18:22:34 GMT-0500 (Central Daylight Time),736547.7999999523,A,fing,I,g,126,1,732.3999999761581,735815.3999999762,8136,WL,A,6.0
7,15.412000179290771,immed,44587.99982070923,Fri Aug 07 2026 18:22:34 GMT-0500 (Central Daylight Time),736764.6999999285,A,finge,I,e,207,1,949.2999999523163,735815.3999999762,8136,WL,A,6.0
7,15.495000123977661,immed,44504.99987602234,Fri Aug 07 2026 18:22:34 GMT-0500 (Central Daylight Time),736847.5,A,finger,I,r,71,1,1032.1000000238419,735815.3999999762,8136,WL,A,6.0
7,15.91100001335144,immed,44088.99998664856,Fri Aug 07 2026 18:22:34 GMT-0500 (Central Daylight Time),737264.1999999285,A,fingerenter,I,enter,404,1,1448.7999999523163,735815.3999999762,8136,WL,A,6.0
7,16.24500012397766,immed,43754.99987602234,Fri Aug 07 2026 18:22:34 GMT-0500 (Central Daylight Time),737597.7999999523,A,a,I,a,315,1,333.2000000476837,737264.5999999046,8136,WL,A,7.0
7,16.32800006866455,immed,43671.99993133545,Fri Aug 07 2026 18:22:34 GMT-0500 (Central Daylight Time),737681.0999999046,A,ap,I,p,63,1,416.5,737264.5999999046,8136,WL,A,7.0
7,16.546000003814697,immed,43453.9999961853,Fri Aug 07 2026 18:22:34 GMT-0500 (Central Daylight Time),737898.6999999285,A,app,I,p,210,1,634.1000000238419,737264.5999999046,8136,WL,A,7.0
7,16.74500012397766,immed,43254.99987602234,Fri Aug 07 2026 18:22:34 GMT-0500 (Central Daylight Time),738097.6999999285,A,appl,I,l,184,1,833.1000000238419,737264.5999999046,8136,WL,A,7.0
7,16.844000101089478,immed,43155.99989891052,Fri Aug 07 2026 18:22:34 GMT-0500 (Central Daylight Time),738197.1999999285,A,apple,I,e,82,1,932.6000000238419,737264.5999999046,8136,WL,A,7.0
7,16.99500012397766,immed,43004.99987602234,Fri Aug 07 2026 18:22:34 GMT-0500 (Central Daylight Time),738347.5999999046,A,appleenter,I,enter,143,1,1083.0,737264.5999999046,8136,WL,A,7.0
7,17.295000076293945,immed,42704.999923706055,Fri Aug 07 2026 18:22:34 GMT-0500 (Central Daylight Time),738647.5,A,c,I,c,280,1,299.60000002384186,738347.8999999762,8136,WL,A,8.0
7,17.361999988555908,immed,42638.00001144409,Fri Aug 07 2026 18:22:34 GMT-0500 (Central Daylight Time),738715.1999999285,A,ch,I,h,60,1,367.2999999523163,738347.8999999762,8136,WL,A,8.0
7,17.445000171661377,immed,42554.99982833862,Fri Aug 07 2026 18:22:34 GMT-0500 (Central Daylight Time),738797.5,A,chi,I,i,64,1,449.60000002384186,738347.8999999762,8136,WL,A,8.0
7,17.611000061035156,immed,42388.999938964844,Fri Aug 07 2026 18:22:34 GMT-0500 (Central Daylight Time),738963.6999999285,A,chim,I,m,150,1,615.7999999523163,738347.8999999762,8136,WL,A,8.0
7,17.960999965667725,immed,42039.000034332275,Fri Aug 07 2026 18:22:34 GMT-0500 (Central Daylight Time),739313.7999999523,A,chimn,I,n,344,1,965.8999999761581,738347.8999999762,8136,WL,A,8.0
7,18.22699999809265,immed,41773.00000190735,Fri Aug 07 2026 18:22:34 GMT-0500 (Central Daylight Time),739580.5,A,chimne,I,e,257,1,1232.6000000238419,738347.8999999762,8136,WL,A,8.0
7,18.3270001411438,immed,41672.9998588562,Fri Aug 07 2026 18:22:34 GMT-0500 (Central Daylight Time),739680.1999999285,A,chimney,I,y,95,1,1332.2999999523163,738347.8999999762,8136,WL,A,8.0
7,18.66000008583069,immed,41339.99991416931,Fri Aug 07 2026 18:22:34 GMT-0500 (Central Daylight Time),740013.3999999762,A,chimneyenter,I,enter,323,1,1665.5,738347.8999999762,8136,WL,A,8.0
7,19.011000156402588,immed,40988.99984359741,Fri Aug 07 2026 18:22:34 GMT-0500 (Central Daylight Time),740363.5,A,b,I,b,342,1,349.7000000476837,740013.7999999523,8136,WL,A,9.0
7,19.111000061035156,immed,40888.999938964844,Fri Aug 07 2026 18:22:34 GMT-0500 (Central Daylight Time),740463.8999999762,A,bu,I,u,80,1,450.10000002384186,740013.7999999523,8136,WL,A,9.0
7,19.30999994277954,immed,40690.00005722046,Fri Aug 07 2026 18:22:34 GMT-0500 (Central Daylight Time),740663.3999999762,A,but,I,t,180,1,649.6000000238419,740013.7999999523,8136,WL,A,9.0
7,19.509999990463257,immed,40490.00000953674,Fri Aug 07 2026 18:22:34 GMT-0500 (Central Daylight Time),740863.0999999046,A,butt,I,t,188,1,849.2999999523163,740013.7999999523,8136,WL,A,9.0
7,19.544000148773193,immed,40455.99985122681,Fri Aug 07 2026 18:22:34 GMT-0500 (Central Daylight Time),740896.7999999523,A,butto,I,o,30,1,883.0,740013.7999999523,8136,WL,A,9.0
7,19.66000008583069,immed,40339.99991416931,Fri Aug 07 2026 18:22:34 GMT-0500 (Central Daylight Time),741013.2999999523,A,button,I,n,100,1,999.5,740013.7999999523,8136,WL,A,9.0
7,20.861000061035156,immed,39138.999938964844,Fri Aug 07 2026 18:22:34 GMT-0500 (Central Daylight Time),742214.1999999285,A,buttonenter,I,enter,1183,1,2200.399999976158,740013.7999999523,8136,WL,A,9.0
7,21.093000173568726,immed,38906.999826431274,Fri Aug 07 2026 18:22:34 GMT-0500 (Central Daylight Time),742446.2999999523,A,l,I,l,222,1,231.60000002384186,742214.6999999285,8136,WL,A,10.0
7,21.30999994277954,immed,38690.00005722046,Fri Aug 07 2026 18:22:34 GMT-0500 (Central Daylight Time),742662.5,A,lo,I,o,197,1,447.8000000715256,742214.6999999285,8136,WL,A,10.0
7,21.460000038146973,immed,38539.99996185303,Fri Aug 07 2026 18:22:34 GMT-0500 (Central Daylight Time),742812.7999999523,A,log,I,g,133,1,598.1000000238419,742214.6999999285,8136,WL,A,10.0
7,21.64300012588501,immed,38356.99987411499,Fri Aug 07 2026 18:22:34 GMT-0500 (Central Daylight Time),742996.0,A,logenter,I,enter,176,1,781.3000000715256,742214.6999999285,8136,WL,A,10.0
7,21.943000078201294,immed,38056.999921798706,Fri Aug 07 2026 18:22:34 GMT-0500 (Central Daylight Time),743296.0999999046,A,k,I,k,288,1,299.7999999523163,742996.2999999523,8136,WL,A,11.0
7,22.110000133514404,immed,37889.999866485596,Fri Aug 07 2026 18:22:34 GMT-0500 (Central Daylight Time),743462.6999999285,A,ke,I,e,156,1,466.39999997615814,742996.2999999523,8136,WL,A,11.0
7,22.409000158309937,immed,37590.99984169006,Fri Aug 07 2026 18:22:34 GMT-0500 (Central Daylight Time),743762.2999999523,A,key,I,y,285,1,766.0,742996.2999999523,8136,WL,A,11.0
7,23.526000022888184,immed,36473.99997711182,Fri Aug 07 2026 18:22:34 GMT-0500 (Central Daylight Time),744878.6999999285,A,keyenter,I,enter,1105,1,1882.3999999761581,742996.2999999523,8136,WL,A,11.0
7,23.842000007629395,immed,36157.999992370605,Fri Aug 07 2026 18:22:34 GMT-0500 (Central Daylight Time),745195.2999999523,A,g,I,g,310,1,316.2999999523163,744879.0,8136,WL,A,12.0
7,23.943000078201294,immed,36056.999921798706,Fri Aug 07 2026 18:22:34 GMT-0500 (Central Daylight Time),745295.5,A,go,I,o,80,1,416.5,744879.0,8136,WL,A,12.0
7,24.192000150680542,immed,35807.99984931946,Fri Aug 07 2026 18:22:34 GMT-0500 (Central Daylight Time),745545.3999999762,A,gol,I,l,229,1,666.3999999761581,744879.0,8136,WL,A,12.0
7,24.426000118255615,immed,35573.999881744385,Fri Aug 07 2026 18:22:34 GMT-0500 (Central Daylight Time),745778.5,A,gold,I,d,219,1,899.5,744879.0,8136,WL,A,12.0
7,26.058000087738037,immed,33941.99991226196,Fri Aug 07 2026 18:22:34 GMT-0500 (Central Daylight Time),747411.1999999285,A,goldenter,I,enter,1617,1,2532.1999999284744,744879.0,8136,WL,A,12.0
7,31.490000009536743,immed,28509.999990463257,Fri Aug 07 2026 18:22:34 GMT-0500 (Central Daylight Time),752843.0,A,f,I,f,5417,1,5431.5,747411.5,8136,WL,A,13.0
7,31.640000104904175,immed,28359.999895095825,Fri Aug 07 2026 18:22:34 GMT-0500 (Central Daylight Time),752992.8999999762,A,fl,I,l,137,1,5581.399999976158,747411.5,8136,WL,A,13.0
7,31.805999994277954,immed,28194.000005722046,Fri Aug 07 2026 18:22:34 GMT-0500 (Central Daylight Time),753159.3999999762,A,flo,I,o,155,1,5747.899999976158,747411.5,8136,WL,A,13.0
7,31.973000049591064,immed,28026.999950408936,Fri Aug 07 2026 18:22:34 GMT-0500 (Central Daylight Time),753326.1999999285,A,flow,I,w,148,1,5914.699999928474,747411.5,8136,WL,A,13.0
7,32.057000160217285,immed,27942.999839782715,Fri Aug 07 2026 18:22:34 GMT-0500 (Central Daylight Time),753410.0,A,flowe,I,e,70,1,5998.5,747411.5,8136,WL,A,13.0
7,32.22800016403198,immed,27771.999835968018,Fri Aug 07 2026 18:22:34 GMT-0500 (Central Daylight Time),753580.3999999762,A,flower,I,r,163,1,6168.899999976158,747411.5,8136,WL,A,13.0
7,32.99000000953674,immed,27009.999990463257,Fri Aug 07 2026 18:22:34 GMT-0500 (Central Daylight Time),754342.5,A,flowerenter,I,enter,752,1,6931.0,747411.5,8136,WL,A,13.0
7,37.687999963760376,immed,22312.000036239624,Fri Aug 07 2026 18:22:34 GMT-0500 (Central Daylight Time),759040.5,A,r,I,r,4693,1,4697.700000047684,754342.7999999523,8136,WL,A,14.0
7,37.82100009918213,immed,22178.99990081787,Fri Aug 07 2026 18:22:34 GMT-0500 (Central Daylight Time),759174.3999999762,A,ra,I,a,123,1,4831.600000023842,754342.7999999523,8136,WL,A,14.0
7,37.955000162124634,immed,22044.999837875366,Fri Aug 07 2026 18:22:34 GMT-0500 (Central Daylight Time),759307.5999999046,A,rat,I,t,117,1,4964.799999952316,754342.7999999523,8136,WL,A,14.0
7,38.1710000038147,immed,21828.999996185303,Fri Aug 07 2026 18:22:34 GMT-0500 (Central Daylight Time),759524.0999999046,A,ratt,I,t,200,1,5181.299999952316,754342.7999999523,8136,WL,A,14.0
7,38.25600004196167,immed,21743.99995803833,Fri Aug 07 2026 18:22:34 GMT-0500 (Central Daylight Time),759608.5,A,rattl,I,l,63,1,5265.700000047684,754342.7999999523,8136,WL,A,14.0
7,38.42200016975403,immed,21577.99983024597,Fri Aug 07 2026 18:22:34 GMT-0500 (Central Daylight Time),759774.5,A,rattle,I,e,146,1,5431.700000047684,754342.7999999523,8136,WL,A,14.0
7,38.58800005912781,immed,21411.999940872192,Fri Aug 07 2026 18:22:34 GMT-0500 (Central Daylight Time),759940.5999999046,A,rattleenter,I,enter,158,1,5597.799999952316,754342.7999999523,8136,WL,A,14.0
7,40.23699998855591,immed,19763.00001144409,Fri Aug 07 2026 18:22:34 GMT-0500 (Central Daylight Time),761590.1999999285,A,enter,I,enter,1640,1,1649.1999999284744,759941.0,8136,WL,A,15.0
