block_c,block_dur,condition,countdown,datetime,endtime,list,multichar_response,project,response,response_time,session_number,start_end,starttime,subject_id,task,task_vers,trial
,,,,Sun Jun 07 2026 19:07:41 GMT-0500 (Central Daylight Time),,,,I,space,1648,,,,33333,WL,B,
prac,,0,,Sun Jun 07 2026 19:07:41 GMT-0500 (Central Daylight Time),,NA,b,I,b,1155,,,,33333,WL,B,1.0
prac,,0,,Sun Jun 07 2026 19:07:41 GMT-0500 (Central Daylight Time),,NA,bo,I,o,95,,,,33333,WL,B,1.0
prac,,0,,Sun Jun 07 2026 19:07:41 GMT-0500 (Central Daylight Time),,NA,boo,I,o,110,,,,33333,WL,B,1.0
prac,,0,,Sun Jun 07 2026 19:07:41 GMT-0500 (Central Daylight Time),,NA,boos,I,s,74,,,,33333,WL,B,1.0
prac,,0,,Sun Jun 07 2026 19:07:41 GMT-0500 (Central Daylight Time),,NA,boost,I,t,46,,,,33333,WL,B,1.0
prac,,0,,Sun Jun 07 2026 19:07:41 GMT-0500 (Central Daylight Time),,NA,boostenter,I,enter,247,,,,33333,WL,B,1.0
1,4.816999912261963,learn,55183.00008773804,Sun Jun 07 2026 19:07:41 GMT-0500 (Central Daylight Time),98158.40000000596,A,b,I,b,4799,,4816.70000000298,93341.70000000298,33333,WL,B,1.0
1,4.983999967575073,learn,55016.00003242493,Sun Jun 07 2026 19:07:41 GMT-0500 (Central Daylight Time),98324.80000001192,A,bo,I,o,145,,4983.100000008941,93341.70000000298,33333,WL,B,1.0
1,5.134000062942505,learn,54865.999937057495,Sun Jun 07 2026 19:07:41 GMT-0500 (Central Daylight Time),98474.60000000894,A,boo,I,o,133,,5132.9000000059605,93341.70000000298,33333,WL,B,1.0
1,5.283999919891357,learn,54716.00008010864,Sun Jun 07 2026 19:07:41 GMT-0500 (Central Daylight Time),98624.90000000596,A,boos,I,s,129,,5283.20000000298,93341.70000000298,33333,WL,B,1.0
1,5.368000030517578,learn,54631.99996948242,Sun Jun 07 2026 19:07:41 GMT-0500 (Central Daylight Time),98708.70000000298,A,boost,I,t,71,,5367.0,93341.70000000298,33333,WL,B,1.0
1,5.91700005531311,learn,54082.99994468689,Sun Jun 07 2026 19:07:41 GMT-0500 (Central Daylight Time),99258.0,A,boos,I,backspace,534,,5916.29999999702,93341.70000000298,33333,WL,B,1.0
1,6.083999872207642,learn,53916.00012779236,Sun Jun 07 2026 19:07:41 GMT-0500 (Central Daylight Time),99424.90000000596,A,boo,I,backspace,147,,6083.20000000298,93341.70000000298,33333,WL,B,1.0
1,6.233999967575073,learn,53766.00003242493,Sun Jun 07 2026 19:07:41 GMT-0500 (Central Daylight Time),99575.0,A,bo,I,backspace,122,,6233.29999999702,93341.70000000298,33333,WL,B,1.0
1,6.349999904632568,learn,53650.00009536743,Sun Jun 07 2026 19:07:41 GMT-0500 (Central Daylight Time),99691.40000000596,A,b,I,backspace,97,,6349.70000000298,93341.70000000298,33333,WL,B,1.0
1,6.516999959945679,learn,53483.00004005432,Sun Jun 07 2026 19:07:41 GMT-0500 (Central Daylight Time),99858.20000000298,A,,I,backspace,142,,6516.5,93341.70000000298,33333,WL,B,1.0
1,6.983999967575073,learn,53016.00003242493,Sun Jun 07 2026 19:07:41 GMT-0500 (Central Daylight Time),100324.90000000596,A,s,I,s,440,,6983.20000000298,93341.70000000298,33333,WL,B,1.0
1,7.049999952316284,learn,52950.000047683716,Sun Jun 07 2026 19:07:41 GMT-0500 (Central Daylight Time),100391.10000000894,A,st,I,t,52,,7049.4000000059605,93341.70000000298,33333,WL,B,1.0
1,7.300999879837036,learn,52699.000120162964,Sun Jun 07 2026 19:07:41 GMT-0500 (Central Daylight Time),100641.5,A,str,I,r,240,,7299.79999999702,93341.70000000298,33333,WL,B,1.0
1,7.366999864578247,learn,52633.00013542175,Sun Jun 07 2026 19:07:41 GMT-0500 (Central Daylight Time),100707.60000000894,A,stre,I,e,49,,7365.9000000059605,93341.70000000298,33333,WL,B,1.0
1,7.550999879837036,learn,52449.000120162964,Sun Jun 07 2026 19:07:41 GMT-0500 (Central Daylight Time),100891.5,A,stree,I,e,170,,7549.79999999702,93341.70000000298,33333,WL,B,1.0
1,7.634000062942505,learn,52365.999937057495,Sun Jun 07 2026 19:07:41 GMT-0500 (Central Daylight Time),100974.70000000298,A,street,I,t,73,,7633.0,93341.70000000298,33333,WL,B,1.0
1,7.750999927520752,learn,52249.00007247925,Sun Jun 07 2026 19:07:41 GMT-0500 (Central Daylight Time),101091.5,A,streetenter,I,enter,97,,7749.79999999702,93341.70000000298,33333,WL,B,1.0
1,8.467000007629395,learn,51532.999992370605,Sun Jun 07 2026 19:07:41 GMT-0500 (Central Daylight Time),101808.20000000298,A,g,I,g,698,,715.7000000029802,101092.5,33333,WL,B,2.0
1,8.700999975204468,learn,51299.00002479553,Sun Jun 07 2026 19:07:41 GMT-0500 (Central Daylight Time),102041.5,A,gr,I,r,222,,949.0,101092.5,33333,WL,B,2.0
1,8.783999919891357,learn,51216.00008010864,Sun Jun 07 2026 19:07:41 GMT-0500 (Central Daylight Time),102124.40000000596,A,gra,I,a,70,,1031.9000000059605,101092.5,33333,WL,B,2.0
1,8.884999990463257,learn,51115.00000953674,Sun Jun 07 2026 19:07:41 GMT-0500 (Central Daylight Time),102225.60000000894,A,gras,I,s,78,,1133.1000000089407,101092.5,33333,WL,B,2.0
1,9.067999839782715,learn,50932.000160217285,Sun Jun 07 2026 19:07:41 GMT-0500 (Central Daylight Time),102408.80000001192,A,grass,I,s,173,,1316.300000011921,101092.5,33333,WL,B,2.0
1,9.516999959945679,learn,50483.00004005432,Sun Jun 07 2026 19:07:41 GMT-0500 (Central Daylight Time),102858.20000000298,A,grassenter,I,enter,425,,1765.7000000029802,101092.5,33333,WL,B,2.0
1,10.983999967575073,learn,49016.00003242493,Sun Jun 07 2026 19:07:41 GMT-0500 (Central Daylight Time),104324.90000000596,A,d,I,d,1452,,1465.7000000029802,102859.20000000298,33333,WL,B,3.0
1,11.085000038146973,learn,48914.99996185303,Sun Jun 07 2026 19:07:41 GMT-0500 (Central Daylight Time),104425.70000000298,A,do,I,o,83,,1566.5,102859.20000000298,33333,WL,B,3.0
1,11.233999967575073,learn,48766.00003242493,Sun Jun 07 2026 19:07:41 GMT-0500 (Central Daylight Time),104574.90000000596,A,doo,I,o,125,,1715.7000000029802,102859.20000000298,33333,WL,B,3.0
1,11.316999912261963,learn,48683.00008773804,Sun Jun 07 2026 19:07:41 GMT-0500 (Central Daylight Time),104658.20000000298,A,door,I,r,61,,1799.0,102859.20000000298,33333,WL,B,3.0
1,11.500999927520752,learn,48499.00007247925,Sun Jun 07 2026 19:07:41 GMT-0500 (Central Daylight Time),104841.5,A,doorenter,I,enter,162,,1982.2999999970198,102859.20000000298,33333,WL,B,3.0
1,17.15400004386902,learn,42845.99995613098,Sun Jun 07 2026 19:07:41 GMT-0500 (Central Daylight Time),110495.40000000596,A,a,I,a,5632,,5653.0999999940395,104842.30000001192,33333,WL,B,4.0
1,17.26699995994568,learn,42733.00004005432,Sun Jun 07 2026 19:07:41 GMT-0500 (Central Daylight Time),110607.90000000596,A,ar,I,r,82,,5765.5999999940395,104842.30000001192,33333,WL,B,4.0
1,17.41700005531311,learn,42582.99994468689,Sun Jun 07 2026 19:07:41 GMT-0500 (Central Daylight Time),110758.0,A,arm,I,m,146,,5915.699999988079,104842.30000001192,33333,WL,B,4.0
1,18.950999975204468,learn,41049.00002479553,Sun Jun 07 2026 19:07:41 GMT-0500 (Central Daylight Time),112291.90000000596,A,ar,I,backspace,1517,,7449.5999999940395,104842.30000001192,33333,WL,B,4.0
1,19.116999864578247,learn,40883.00013542175,Sun Jun 07 2026 19:07:41 GMT-0500 (Central Daylight Time),112458.40000000596,A,a,I,backspace,151,,7616.0999999940395,104842.30000001192,33333,WL,B,4.0
1,19.26699995994568,learn,40733.00004005432,Sun Jun 07 2026 19:07:41 GMT-0500 (Central Daylight Time),112608.5,A,,I,backspace,129,,7766.199999988079,104842.30000001192,33333,WL,B,4.0
1,19.41700005531311,learn,40582.99994468689,Sun Jun 07 2026 19:07:41 GMT-0500 (Central Daylight Time),112758.30000001192,A,,I,backspace,132,,7916.0,104842.30000001192,33333,WL,B,4.0
1,26.800999879837036,learn,33199.000120162964,Sun Jun 07 2026 19:07:41 GMT-0500 (Central Daylight Time),120142.5,A,a,I,a,7371,,15300.199999988079,104842.30000001192,33333,WL,B,4.0
1,27.151000022888184,learn,32848.99997711182,Sun Jun 07 2026 19:07:41 GMT-0500 (Central Daylight Time),120492.10000000894,A,,I,backspace,332,,15649.79999999702,104842.30000001192,33333,WL,B,4.0
1,27.651000022888184,learn,32348.999977111816,Sun Jun 07 2026 19:07:41 GMT-0500 (Central Daylight Time),120992.0,A,s,I,s,482,,16149.699999988079,104842.30000001192,33333,WL,B,4.0
1,27.733999967575073,learn,32266.000032424927,Sun Jun 07 2026 19:07:41 GMT-0500 (Central Daylight Time),121075.5,A,st,I,t,63,,16233.199999988079,104842.30000001192,33333,WL,B,4.0
1,27.83399987220764,learn,32166.00012779236,Sun Jun 07 2026 19:07:41 GMT-0500 (Central Daylight Time),121174.90000000596,A,sta,I,a,89,,16332.59999999404,104842.30000001192,33333,WL,B,4.0
1,27.93400001525879,learn,32065.99998474121,Sun Jun 07 2026 19:07:41 GMT-0500 (Central Daylight Time),121275.0,A,star,I,r,82,,16432.69999998808,104842.30000001192,33333,WL,B,4.0
1,28.08399987220764,learn,31916.00012779236,Sun Jun 07 2026 19:07:41 GMT-0500 (Central Daylight Time),121425.30000001192,A,starenter,I,enter,137,,16583.0,104842.30000001192,33333,WL,B,4.0
1,28.967000007629395,learn,31032.999992370605,Sun Jun 07 2026 19:07:41 GMT-0500 (Central Daylight Time),122308.60000000894,A,a,I,a,863,,882.2999999970198,121426.30000001192,33333,WL,B,5.0
1,29.066999912261963,learn,30933.000087738037,Sun Jun 07 2026 19:07:41 GMT-0500 (Central Daylight Time),122408.5,A,ar,I,r,86,,982.1999999880791,121426.30000001192,33333,WL,B,5.0
1,29.16700005531311,learn,30832.99994468689,Sun Jun 07 2026 19:07:41 GMT-0500 (Central Daylight Time),122508.30000001192,A,arm,I,m,86,,1082.0,121426.30000001192,33333,WL,B,5.0
1,29.384000062942505,learn,30615.999937057495,Sun Jun 07 2026 19:07:41 GMT-0500 (Central Daylight Time),122725.30000001192,A,armenter,I,enter,207,,1299.0,121426.30000001192,33333,WL,B,5.0
1,29.83399987220764,learn,30166.00012779236,Sun Jun 07 2026 19:07:41 GMT-0500 (Central Daylight Time),123175.40000000596,A,w,I,w,439,,449.5,122725.90000000596,33333,WL,B,6.0
1,29.950999975204468,learn,30049.000024795532,Sun Jun 07 2026 19:07:41 GMT-0500 (Central Daylight Time),123291.90000000596,A,wi,I,i,103,,566.0,122725.90000000596,33333,WL,B,6.0
1,30.717999935150146,learn,29282.000064849854,Sun Jun 07 2026 19:07:41 GMT-0500 (Central Daylight Time),124059.5,A,wiv,I,v,756,,1333.5999999940395,122725.90000000596,33333,WL,B,6.0
1,30.884000062942505,learn,29115.999937057495,Sun Jun 07 2026 19:07:41 GMT-0500 (Central Daylight Time),124225.40000000596,A,wive,I,e,143,,1499.5,122725.90000000596,33333,WL,B,6.0
1,31.118000030517578,learn,28881.999969482422,Sun Jun 07 2026 19:07:41 GMT-0500 (Central Daylight Time),124459.0,A,wiveenter,I,enter,209,,1733.0999999940395,122725.90000000596,33333,WL,B,6.0
1,40.2189998626709,learn,19781.0001373291,Sun Jun 07 2026 19:07:41 GMT-0500 (Central Daylight Time),133560.0,A,c,I,c,9087,,9100.09999999404,124459.90000000596,33333,WL,B,7.0
1,40.28399991989136,learn,19716.000080108643,Sun Jun 07 2026 19:07:41 GMT-0500 (Central Daylight Time),133625.30000001192,A,ca,I,a,51,,9165.40000000596,124459.90000000596,33333,WL,B,7.0
1,40.45199990272522,learn,19548.00009727478,Sun Jun 07 2026 19:07:41 GMT-0500 (Central Daylight Time),133793.10000000894,A,cab,I,b,149,,9333.20000000298,124459.90000000596,33333,WL,B,7.0
1,40.567999839782715,learn,19432.000160217285,Sun Jun 07 2026 19:07:41 GMT-0500 (Central Daylight Time),133909.10000000894,A,cabi,I,i,98,,9449.20000000298,124459.90000000596,33333,WL,B,7.0
1,40.66700005531311,learn,19332.99994468689,Sun Jun 07 2026 19:07:41 GMT-0500 (Central Daylight Time),134008.70000000298,A,cabin,I,n,87,,9548.79999999702,124459.90000000596,33333,WL,B,7.0
1,41.13499999046326,learn,18865.000009536743,Sun Jun 07 2026 19:07:41 GMT-0500 (Central Daylight Time),134475.90000000596,A,cabinenter,I,enter,451,,10016.0,124459.90000000596,33333,WL,B,7.0
1,42.83399987220764,learn,17166.00012779236,Sun Jun 07 2026 19:07:41 GMT-0500 (Central Daylight Time),136175.80000001192,A,l,I,l,1680,,1699.0,134476.80000001192,33333,WL,B,8.0
1,42.95099997520447,learn,17049.000024795532,Sun Jun 07 2026 19:07:41 GMT-0500 (Central Daylight Time),136292.40000000596,A,la,I,a,102,,1815.5999999940395,134476.80000001192,33333,WL,B,8.0
1,43.067999839782715,learn,16932.000160217285,Sun Jun 07 2026 19:07:41 GMT-0500 (Central Daylight Time),136409.10000000894,A,lak,I,k,97,,1932.2999999970198,134476.80000001192,33333,WL,B,8.0
1,43.151000022888184,learn,16848.999977111816,Sun Jun 07 2026 19:07:41 GMT-0500 (Central Daylight Time),136492.20000000298,A,lake,I,e,70,,2015.3999999910593,134476.80000001192,33333,WL,B,8.0
1,43.317999839782715,learn,16682.000160217285,Sun Jun 07 2026 19:07:41 GMT-0500 (Central Daylight Time),136659.10000000894,A,lakeenter,I,enter,153,,2182.2999999970198,134476.80000001192,33333,WL,B,8.0
1,45.668999910354614,learn,14331.000089645386,Sun Jun 07 2026 19:07:41 GMT-0500 (Central Daylight Time),139009.90000000596,A,p,I,p,2325,,2349.7999999970198,136660.10000000894,33333,WL,B,9.0
1,45.78499984741211,learn,14215.00015258789,Sun Jun 07 2026 19:07:41 GMT-0500 (Central Daylight Time),139126.0,A,pu,I,u,108,,2465.8999999910593,136660.10000000894,33333,WL,B,9.0
1,45.93499994277954,learn,14065.000057220459,Sun Jun 07 2026 19:07:41 GMT-0500 (Central Daylight Time),139275.90000000596,A,pup,I,p,135,,2615.7999999970198,136660.10000000894,33333,WL,B,9.0
1,46.20099997520447,learn,13799.000024795532,Sun Jun 07 2026 19:07:41 GMT-0500 (Central Daylight Time),139542.60000000894,A,pupi,I,i,249,,2882.5,136660.10000000894,33333,WL,B,9.0
1,46.28399991989136,learn,13716.000080108643,Sun Jun 07 2026 19:07:41 GMT-0500 (Central Daylight Time),139625.70000000298,A,pupil,I,l,66,,2965.5999999940395,136660.10000000894,33333,WL,B,9.0
1,46.61800003051758,learn,13381.999969482422,Sun Jun 07 2026 19:07:41 GMT-0500 (Central Daylight Time),139959.40000000596,A,pupilenter,I,enter,312,,3299.2999999970198,136660.10000000894,33333,WL,B,9.0
1,49.6010000705719,learn,10398.9999294281,Sun Jun 07 2026 19:07:41 GMT-0500 (Central Daylight Time),142942.5,A,p,I,p,2962,,2982.2999999970198,139960.20000000298,33333,WL,B,10.0
1,49.817999839782715,learn,10182.000160217285,Sun Jun 07 2026 19:07:41 GMT-0500 (Central Daylight Time),143159.30000001192,A,pi,I,i,200,,3199.1000000089407,139960.20000000298,33333,WL,B,10.0
1,49.91799998283386,learn,10082.000017166138,Sun Jun 07 2026 19:07:41 GMT-0500 (Central Daylight Time),143259.30000001192,A,pip,I,p,82,,3299.1000000089407,139960.20000000298,33333,WL,B,10.0
1,50.067999839782715,learn,9932.000160217285,Sun Jun 07 2026 19:07:41 GMT-0500 (Central Daylight Time),143409.10000000894,A,pipe,I,e,126,,3448.9000000059605,139960.20000000298,33333,WL,B,10.0
1,50.45099997520447,learn,9549.000024795532,Sun Jun 07 2026 19:07:41 GMT-0500 (Central Daylight Time),143792.5,A,pipeenter,I,enter,373,,3832.2999999970198,139960.20000000298,33333,WL,B,10.0
1,51.66799998283386,learn,8332.000017166138,Sun Jun 07 2026 19:07:41 GMT-0500 (Central Daylight Time),145009.40000000596,A,w,I,w,1195,,1216.2999999970198,143793.10000000894,33333,WL,B,11.0
1,51.73399996757507,learn,8266.000032424927,Sun Jun 07 2026 19:07:41 GMT-0500 (Central Daylight Time),145075.70000000298,A,wi,I,i,55,,1282.5999999940395,143793.10000000894,33333,WL,B,11.0
1,51.85199999809265,learn,8148.000001907349,Sun Jun 07 2026 19:07:41 GMT-0500 (Central Daylight Time),145193.0,A,win,I,n,112,,1399.8999999910593,143793.10000000894,33333,WL,B,11.0
1,51.93400001525879,learn,8065.999984741211,Sun Jun 07 2026 19:07:41 GMT-0500 (Central Daylight Time),145275.90000000596,A,wind,I,d,73,,1482.7999999970198,143793.10000000894,33333,WL,B,11.0
1,52.01799988746643,learn,7982.000112533569,Sun Jun 07 2026 19:07:41 GMT-0500 (Central Daylight Time),145359.10000000894,A,windo,I,o,60,,1566.0,143793.10000000894,33333,WL,B,11.0
1,52.08399987220764,learn,7916.000127792358,Sun Jun 07 2026 19:07:41 GMT-0500 (Central Daylight Time),145425.80000001192,A,window,I,w,54,,1632.7000000029802,143793.10000000894,33333,WL,B,11.0
1,52.41799998283386,learn,7582.000017166138,Sun Jun 07 2026 19:07:41 GMT-0500 (Central Daylight Time),145759.40000000596,A,windowenter,I,enter,315,,1966.2999999970198,143793.10000000894,33333,WL,B,11.0
1,55.08500003814697,learn,4914.999961853027,Sun Jun 07 2026 19:07:41 GMT-0500 (Central Daylight Time),148426.20000000298,A,c,I,c,2656,,2666.0999999940395,145760.10000000894,33333,WL,B,12.0
1,55.16799998283386,learn,4832.000017166138,Sun Jun 07 2026 19:07:41 GMT-0500 (Central Daylight Time),148509.40000000596,A,ci,I,i,69,,2749.2999999970198,145760.10000000894,33333,WL,B,12.0
1,55.28499984741211,learn,4715.000152587891,Sun Jun 07 2026 19:07:41 GMT-0500 (Central Daylight Time),148626.10000000894,A,cit,I,t,94,,2866.0,145760.10000000894,33333,WL,B,12.0
1,55.484999895095825,learn,4515.000104904175,Sun Jun 07 2026 19:07:41 GMT-0500 (Central Daylight Time),148826.0,A,city,I,y,189,,3065.8999999910593,145760.10000000894,33333,WL,B,12.0
1,55.75099992752075,learn,4249.000072479248,Sun Jun 07 2026 19:07:41 GMT-0500 (Central Daylight Time),149092.70000000298,A,cityenter,I,enter,247,,3332.5999999940395,145760.10000000894,33333,WL,B,12.0
1,60.01900005340576,learn,-19.00005340576172,Sun Jun 07 2026 19:07:41 GMT-0500 (Central Daylight Time),153360.60000000894,A,None,I,None,4257,,4267.20000000298,149093.40000000596,33333,WL,B,13.0
2,1.5329999923706055,learn,58467.000007629395,Sun Jun 07 2026 19:07:41 GMT-0500 (Central Daylight Time),222211.80000001192,A,s,I,s,1518,,1532.300000011921,220679.5,33333,WL,B,1.0
2,1.6659998893737793,learn,58334.00011062622,Sun Jun 07 2026 19:07:41 GMT-0500 (Central Daylight Time),222344.90000000596,A,st,I,t,121,,1665.4000000059605,220679.5,33333,WL,B,1.0
2,1.8840000629425049,learn,58115.999937057495,Sun Jun 07 2026 19:07:41 GMT-0500 (Central Daylight Time),222562.40000000596,A,str,I,r,198,,1882.9000000059605,220679.5,33333,WL,B,1.0
2,1.9159998893737793,learn,58084.00011062622,Sun Jun 07 2026 19:07:41 GMT-0500 (Central Daylight Time),222594.5,A,stre,I,e,22,,1915.0,220679.5,33333,WL,B,1.0
2,2.0829999446868896,learn,57917.00005531311,Sun Jun 07 2026 19:07:41 GMT-0500 (Central Daylight Time),222761.80000001192,A,stree,I,e,160,,2082.300000011921,220679.5,33333,WL,B,1.0
2,2.2170000076293945,learn,57782.999992370605,Sun Jun 07 2026 19:07:41 GMT-0500 (Central Daylight Time),222895.10000000894,A,street,I,t,117,,2215.6000000089407,220679.5,33333,WL,B,1.0
2,2.382999897003174,learn,57617.000102996826,Sun Jun 07 2026 19:07:41 GMT-0500 (Central Daylight Time),223061.60000000894,A,streetenter,I,enter,150,,2382.1000000089407,220679.5,33333,WL,B,1.0
2,2.882999897003174,learn,57117.000102996826,Sun Jun 07 2026 19:07:41 GMT-0500 (Central Daylight Time),223561.70000000298,A,g,I,g,476,,499.5,223062.20000000298,33333,WL,B,2.0
2,3.117000102996826,learn,56882.999897003174,Sun Jun 07 2026 19:07:41 GMT-0500 (Central Daylight Time),223795.10000000894,A,gr,I,r,208,,732.9000000059605,223062.20000000298,33333,WL,B,2.0
2,3.183000087738037,learn,56816.99991226196,Sun Jun 07 2026 19:07:41 GMT-0500 (Central Daylight Time),223861.30000001192,A,gra,I,a,49,,799.1000000089407,223062.20000000298,33333,WL,B,2.0
2,3.2660000324249268,learn,56733.99996757507,Sun Jun 07 2026 19:07:41 GMT-0500 (Central Daylight Time),223944.70000000298,A,gras,I,s,64,,882.5,223062.20000000298,33333,WL,B,2.0
2,3.450000047683716,learn,56549.999952316284,Sun Jun 07 2026 19:07:41 GMT-0500 (Central Daylight Time),224128.40000000596,A,grass,I,s,169,,1066.2000000029802,223062.20000000298,33333,WL,B,2.0
2,3.9660000801086426,learn,56033.99991989136,Sun Jun 07 2026 19:07:41 GMT-0500 (Central Daylight Time),224645.0,A,grassenter,I,enter,496,,1582.7999999970198,223062.20000000298,33333,WL,B,2.0
2,4.900000095367432,learn,55099.99990463257,Sun Jun 07 2026 19:07:41 GMT-0500 (Central Daylight Time),225578.40000000596,A,d,I,d,922,,932.7999999970198,224645.60000000894,33333,WL,B,3.0
2,5.0329999923706055,learn,54967.000007629395,Sun Jun 07 2026 19:07:41 GMT-0500 (Central Daylight Time),225711.90000000596,A,do,I,o,117,,1066.2999999970198,224645.60000000894,33333,WL,B,3.0
2,5.200000047683716,learn,54799.999952316284,Sun Jun 07 2026 19:07:41 GMT-0500 (Central Daylight Time),225878.40000000596,A,doo,I,o,142,,1232.7999999970198,224645.60000000894,33333,WL,B,3.0
2,5.266000032424927,learn,54733.99996757507,Sun Jun 07 2026 19:07:41 GMT-0500 (Central Daylight Time),225944.70000000298,A,door,I,r,45,,1299.0999999940395,224645.60000000894,33333,WL,B,3.0
2,5.516000032424927,learn,54483.99996757507,Sun Jun 07 2026 19:07:41 GMT-0500 (Central Daylight Time),226194.60000000894,A,doorenter,I,enter,239,,1549.0,224645.60000000894,33333,WL,B,3.0
2,6.7829999923706055,learn,53217.000007629395,Sun Jun 07 2026 19:07:41 GMT-0500 (Central Daylight Time),227461.80000001192,A,a,I,a,1261,,1266.9000000059605,226194.90000000596,33333,WL,B,4.0
2,6.867000102996826,learn,53132.999897003174,Sun Jun 07 2026 19:07:41 GMT-0500 (Central Daylight Time),227544.90000000596,A,ar,I,r,65,,1350.0,226194.90000000596,33333,WL,B,4.0
2,7.0,learn,53000.0,Sun Jun 07 2026 19:07:41 GMT-0500 (Central Daylight Time),227678.40000000596,A,arm,I,m,112,,1483.5,226194.90000000596,33333,WL,B,4.0
2,7.183000087738037,learn,52816.99991226196,Sun Jun 07 2026 19:07:41 GMT-0500 (Central Daylight Time),227862.0,A,armenter,I,enter,158,,1667.0999999940395,226194.90000000596,33333,WL,B,4.0
2,7.549999952316284,learn,52450.000047683716,Sun Jun 07 2026 19:07:41 GMT-0500 (Central Daylight Time),228228.70000000298,A,s,I,s,355,,365.8999999910593,227862.80000001192,33333,WL,B,5.0
2,7.617000102996826,learn,52382.999897003174,Sun Jun 07 2026 19:07:41 GMT-0500 (Central Daylight Time),228295.10000000894,A,st,I,t,46,,432.29999999701977,227862.80000001192,33333,WL,B,5.0
2,7.75,learn,52250.0,Sun Jun 07 2026 19:07:41 GMT-0500 (Central Daylight Time),228428.30000001192,A,sta,I,a,115,,565.5,227862.80000001192,33333,WL,B,5.0
2,7.851000070571899,learn,52148.9999294281,Sun Jun 07 2026 19:07:41 GMT-0500 (Central Daylight Time),228529.30000001192,A,star,I,r,75,,666.5,227862.80000001192,33333,WL,B,5.0
2,8.800999879837036,learn,51199.000120162964,Sun Jun 07 2026 19:07:41 GMT-0500 (Central Daylight Time),229479.20000000298,A,starenter,I,enter,938,,1616.3999999910593,227862.80000001192,33333,WL,B,5.0
2,9.5,learn,50500.0,Sun Jun 07 2026 19:07:41 GMT-0500 (Central Daylight Time),230178.5,A,w,I,w,678,,698.6999999880791,229479.80000001192,33333,WL,B,6.0
2,9.617000102996826,learn,50382.999897003174,Sun Jun 07 2026 19:07:41 GMT-0500 (Central Daylight Time),230295.90000000596,A,wi,I,i,98,,816.0999999940395,229479.80000001192,33333,WL,B,6.0
2,9.717000007629395,learn,50282.999992370605,Sun Jun 07 2026 19:07:41 GMT-0500 (Central Daylight Time),230395.10000000894,A,wif,I,f,86,,915.2999999970198,229479.80000001192,33333,WL,B,6.0
2,9.782999992370605,learn,50217.000007629395,Sun Jun 07 2026 19:07:41 GMT-0500 (Central Daylight Time),230461.80000001192,A,wife,I,e,51,,982.0,229479.80000001192,33333,WL,B,6.0
2,10.316999912261963,learn,49683.00008773804,Sun Jun 07 2026 19:07:41 GMT-0500 (Central Daylight Time),230995.30000001192,A,wifeenter,I,enter,516,,1515.5,229479.80000001192,33333,WL,B,6.0
2,10.867000102996826,learn,49132.999897003174,Sun Jun 07 2026 19:07:41 GMT-0500 (Central Daylight Time),231545.10000000894,A,w,I,w,538,,549.2000000029802,230995.90000000596,33333,WL,B,7.0
2,10.950000047683716,learn,49049.999952316284,Sun Jun 07 2026 19:07:41 GMT-0500 (Central Daylight Time),231628.40000000596,A,wi,I,i,70,,632.5,230995.90000000596,33333,WL,B,7.0
2,11.550999879837036,learn,48449.000120162964,Sun Jun 07 2026 19:07:41 GMT-0500 (Central Daylight Time),232229.30000001192,A,wid,I,d,590,,1233.4000000059605,230995.90000000596,33333,WL,B,7.0
2,12.049999952316284,learn,47950.000047683716,Sun Jun 07 2026 19:07:41 GMT-0500 (Central Daylight Time),232728.70000000298,A,wi,I,backspace,473,,1732.7999999970198,230995.90000000596,33333,WL,B,7.0
2,12.300999879837036,learn,47699.000120162964,Sun Jun 07 2026 19:07:41 GMT-0500 (Central Daylight Time),232979.5,A,win,I,n,224,,1983.5999999940395,230995.90000000596,33333,WL,B,7.0
2,12.349999904632568,learn,47650.00009536743,Sun Jun 07 2026 19:07:41 GMT-0500 (Central Daylight Time),233028.10000000894,A,wind,I,d,29,,2032.2000000029802,230995.90000000596,33333,WL,B,7.0
2,12.450000047683716,learn,47549.999952316284,Sun Jun 07 2026 19:07:41 GMT-0500 (Central Daylight Time),233128.20000000298,A,windo,I,o,84,,2132.2999999970198,230995.90000000596,33333,WL,B,7.0
2,12.516000032424927,learn,47483.99996757507,Sun Jun 07 2026 19:07:41 GMT-0500 (Central Daylight Time),233195.0,A,window,I,w,50,,2199.0999999940395,230995.90000000596,33333,WL,B,7.0
2,12.867000102996826,learn,47132.999897003174,Sun Jun 07 2026 19:07:41 GMT-0500 (Central Daylight Time),233545.40000000596,A,windowenter,I,enter,332,,2549.5,230995.90000000596,33333,WL,B,7.0
2,13.566999912261963,learn,46433.00008773804,Sun Jun 07 2026 19:07:41 GMT-0500 (Central Daylight Time),234245.40000000596,A,c,I,c,678,,699.2000000029802,233546.20000000298,33333,WL,B,8.0
2,13.650000095367432,learn,46349.99990463257,Sun Jun 07 2026 19:07:41 GMT-0500 (Central Daylight Time),234328.60000000894,A,ci,I,i,62,,782.4000000059605,233546.20000000298,33333,WL,B,8.0
2,13.766999959945679,learn,46233.00004005432,Sun Jun 07 2026 19:07:41 GMT-0500 (Central Daylight Time),234445.10000000894,A,cit,I,t,94,,898.9000000059605,233546.20000000298,33333,WL,B,8.0
2,13.867000102996826,learn,46132.999897003174,Sun Jun 07 2026 19:07:41 GMT-0500 (Central Daylight Time),234545.20000000298,A,city,I,y,87,,999.0,233546.20000000298,33333,WL,B,8.0
2,14.634000062942505,learn,45365.999937057495,Sun Jun 07 2026 19:07:41 GMT-0500 (Central Daylight Time),235312.80000001192,A,cityenter,I,enter,758,,1766.6000000089407,233546.20000000298,33333,WL,B,8.0
2,16.91700005531311,learn,43082.99994468689,Sun Jun 07 2026 19:07:41 GMT-0500 (Central Daylight Time),237595.40000000596,A,p,I,p,2266,,2281.9000000059605,235313.5,33333,WL,B,9.0
2,17.08399987220764,learn,42916.00012779236,Sun Jun 07 2026 19:07:41 GMT-0500 (Central Daylight Time),237762.10000000894,A,pu,I,u,144,,2448.6000000089407,235313.5,33333,WL,B,9.0
2,17.200000047683716,learn,42799.999952316284,Sun Jun 07 2026 19:07:41 GMT-0500 (Central Daylight Time),237878.5,A,pup,I,p,100,,2565.0,235313.5,33333,WL,B,9.0
2,17.433000087738037,learn,42566.99991226196,Sun Jun 07 2026 19:07:41 GMT-0500 (Central Daylight Time),238112.0,A,pupi,I,i,214,,2798.5,235313.5,33333,WL,B,9.0
2,17.51699995994568,learn,42483.00004005432,Sun Jun 07 2026 19:07:41 GMT-0500 (Central Daylight Time),238195.20000000298,A,pupil,I,l,71,,2881.7000000029802,235313.5,33333,WL,B,9.0
2,18.68499994277954,learn,41315.00005722046,Sun Jun 07 2026 19:07:41 GMT-0500 (Central Daylight Time),239363.10000000894,A,pupilenter,I,enter,1158,,4049.6000000089407,235313.5,33333,WL,B,9.0
2,19.800999879837036,learn,40199.000120162964,Sun Jun 07 2026 19:07:41 GMT-0500 (Central Daylight Time),240479.20000000298,A,c,I,c,1097,,1115.5999999940395,239363.60000000894,33333,WL,B,10.0
2,19.882999897003174,learn,40117.000102996826,Sun Jun 07 2026 19:07:41 GMT-0500 (Central Daylight Time),240561.80000001192,A,ca,I,a,71,,1198.2000000029802,239363.60000000894,33333,WL,B,10.0
2,20.117000102996826,learn,39882.999897003174,Sun Jun 07 2026 19:07:41 GMT-0500 (Central Daylight Time),240795.20000000298,A,cab,I,b,221,,1431.5999999940395,239363.60000000894,33333,WL,B,10.0
2,20.367000102996826,learn,39632.999897003174,Sun Jun 07 2026 19:07:41 GMT-0500 (Central Daylight Time),241046.0,A,cabi,I,i,242,,1682.3999999910593,239363.60000000894,33333,WL,B,10.0
2,20.5,learn,39500.0,Sun Jun 07 2026 19:07:41 GMT-0500 (Central Daylight Time),241178.80000001192,A,cabin,I,n,118,,1815.2000000029802,239363.60000000894,33333,WL,B,10.0
2,20.884000062942505,learn,39115.999937057495,Sun Jun 07 2026 19:07:41 GMT-0500 (Central Daylight Time),241562.20000000298,A,cabinenter,I,enter,364,,2198.5999999940395,239363.60000000894,33333,WL,B,10.0
2,21.59999990463257,learn,38400.00009536743,Sun Jun 07 2026 19:07:41 GMT-0500 (Central Daylight Time),242278.90000000596,A,l,I,l,703,,716.0999999940395,241562.80000001192,33333,WL,B,11.0
2,21.799999952316284,learn,38200.000047683716,Sun Jun 07 2026 19:07:41 GMT-0500 (Central Daylight Time),242478.70000000298,A,la,I,a,190,,915.8999999910593,241562.80000001192,33333,WL,B,11.0
2,21.91700005531311,learn,38082.99994468689,Sun Jun 07 2026 19:07:41 GMT-0500 (Central Daylight Time),242595.30000001192,A,lak,I,k,107,,1032.5,241562.80000001192,33333,WL,B,11.0
2,22.033999919891357,learn,37966.00008010864,Sun Jun 07 2026 19:07:41 GMT-0500 (Central Daylight Time),242712.5,A,lake,I,e,92,,1149.699999988079,241562.80000001192,33333,WL,B,11.0
2,22.41700005531311,learn,37582.99994468689,Sun Jun 07 2026 19:07:41 GMT-0500 (Central Daylight Time),243095.5,A,lakeenter,I,enter,369,,1532.699999988079,241562.80000001192,33333,WL,B,11.0
2,27.34999990463257,learn,32650.00009536743,Sun Jun 07 2026 19:07:41 GMT-0500 (Central Daylight Time),248028.90000000596,A,p,I,p,4916,,4932.70000000298,243096.20000000298,33333,WL,B,12.0
2,27.634000062942505,learn,32365.999937057495,Sun Jun 07 2026 19:07:41 GMT-0500 (Central Daylight Time),248312.30000001192,A,pi,I,i,265,,5216.100000008941,243096.20000000298,33333,WL,B,12.0
2,27.76699995994568,learn,32233.00004005432,Sun Jun 07 2026 19:07:41 GMT-0500 (Central Daylight Time),248445.5,A,pip,I,p,121,,5349.29999999702,243096.20000000298,33333,WL,B,12.0
2,28.33399987220764,learn,31666.00012779236,Sun Jun 07 2026 19:07:41 GMT-0500 (Central Daylight Time),249012.30000001192,A,pipe,I,e,553,,5916.100000008941,243096.20000000298,33333,WL,B,12.0
2,28.58399987220764,learn,31416.00012779236,Sun Jun 07 2026 19:07:41 GMT-0500 (Central Daylight Time),249262.30000001192,A,pipeenter,I,enter,236,,6166.100000008941,243096.20000000298,33333,WL,B,12.0
2,28.93400001525879,learn,31065.99998474121,Sun Jun 07 2026 19:07:41 GMT-0500 (Central Daylight Time),249612.40000000596,A,s,I,s,340,,349.40000000596046,249263.0,33333,WL,B,13.0
2,29.01699995994568,learn,30983.00004005432,Sun Jun 07 2026 19:07:41 GMT-0500 (Central Daylight Time),249695.5,A,sk,I,k,60,,432.5,249263.0,33333,WL,B,13.0
2,29.16700005531311,learn,30832.99994468689,Sun Jun 07 2026 19:07:41 GMT-0500 (Central Daylight Time),249845.70000000298,A,ski,I,i,136,,582.7000000029802,249263.0,33333,WL,B,13.0
2,29.26699995994568,learn,30733.00004005432,Sun Jun 07 2026 19:07:41 GMT-0500 (Central Daylight Time),249945.5,A,skin,I,n,86,,682.5,249263.0,33333,WL,B,13.0
2,29.733999967575073,learn,30266.000032424927,Sun Jun 07 2026 19:07:41 GMT-0500 (Central Daylight Time),250412.30000001192,A,skinenter,I,enter,456,,1149.300000011921,249263.0,33333,WL,B,13.0
2,34.384000062942505,learn,25615.999937057495,Sun Jun 07 2026 19:07:41 GMT-0500 (Central Daylight Time),255062.5,A,f,I,f,4627,,4649.5999999940395,250412.90000000596,33333,WL,B,14.0
2,34.48399996757507,learn,25516.000032424927,Sun Jun 07 2026 19:07:41 GMT-0500 (Central Daylight Time),255162.5,A,fi,I,i,78,,4749.5999999940395,250412.90000000596,33333,WL,B,14.0
2,34.75,learn,25250.0,Sun Jun 07 2026 19:07:41 GMT-0500 (Central Daylight Time),255429.20000000298,A,fir,I,r,243,,5016.29999999702,250412.90000000596,33333,WL,B,14.0
2,34.83399987220764,learn,25166.00012779236,Sun Jun 07 2026 19:07:41 GMT-0500 (Central Daylight Time),255512.40000000596,A,fire,I,e,70,,5099.5,250412.90000000596,33333,WL,B,14.0
2,35.0,learn,25000.0,Sun Jun 07 2026 19:07:41 GMT-0500 (Central Daylight Time),255679.20000000298,A,fireenter,I,enter,147,,5266.29999999702,250412.90000000596,33333,WL,B,14.0
2,36.151000022888184,learn,23848.999977111816,Sun Jun 07 2026 19:07:41 GMT-0500 (Central Daylight Time),256829.5,A,c,I,c,1125,,1149.3999999910593,255680.10000000894,33333,WL,B,15.0
2,36.217000007629395,learn,23782.999992370605,Sun Jun 07 2026 19:07:41 GMT-0500 (Central Daylight Time),256895.90000000596,A,cl,I,l,39,,1215.7999999970198,255680.10000000894,33333,WL,B,15.0
2,36.34999990463257,learn,23650.00009536743,Sun Jun 07 2026 19:07:41 GMT-0500 (Central Daylight Time),257029.0,A,clo,I,o,120,,1348.8999999910593,255680.10000000894,33333,WL,B,15.0
2,36.467000007629395,learn,23532.999992370605,Sun Jun 07 2026 19:07:41 GMT-0500 (Central Daylight Time),257146.0,A,cloc,I,c,100,,1465.8999999910593,255680.10000000894,33333,WL,B,15.0
2,36.58399987220764,learn,23416.00012779236,Sun Jun 07 2026 19:07:41 GMT-0500 (Central Daylight Time),257262.5,A,clock,I,k,93,,1582.3999999910593,255680.10000000894,33333,WL,B,15.0
2,37.1010000705719,learn,22898.9999294281,Sun Jun 07 2026 19:07:41 GMT-0500 (Central Daylight Time),257779.30000001192,A,clockenter,I,enter,496,,2099.2000000029802,255680.10000000894,33333,WL,B,15.0
3,0.7999999523162842,learn,59200.000047683716,Sun Jun 07 2026 19:07:41 GMT-0500 (Central Daylight Time),324614.8000000119,A,s,I,s,783,,798.9000000059605,323815.90000000596,33333,WL,B,1.0
3,0.9670000076293945,learn,59032.999992370605,Sun Jun 07 2026 19:07:41 GMT-0500 (Central Daylight Time),324782.0,A,st,I,t,145,,966.0999999940395,323815.90000000596,33333,WL,B,1.0
3,1.1500000953674316,learn,58849.99990463257,Sun Jun 07 2026 19:07:41 GMT-0500 (Central Daylight Time),324964.5,A,str,I,r,168,,1148.5999999940395,323815.90000000596,33333,WL,B,1.0
3,1.2000000476837158,learn,58799.999952316284,Sun Jun 07 2026 19:07:41 GMT-0500 (Central Daylight Time),325014.200000003,A,stre,I,e,36,,1198.2999999970198,323815.90000000596,33333,WL,B,1.0
3,1.3840000629425049,learn,58615.999937057495,Sun Jun 07 2026 19:07:41 GMT-0500 (Central Daylight Time),325199.200000003,A,stree,I,e,181,,1383.2999999970198,323815.90000000596,33333,WL,B,1.0
3,1.4660000801086426,learn,58533.99991989136,Sun Jun 07 2026 19:07:41 GMT-0500 (Central Daylight Time),325281.10000000894,A,street,I,t,67,,1465.2000000029802,323815.90000000596,33333,WL,B,1.0
3,1.9170000553131104,learn,58082.99994468689,Sun Jun 07 2026 19:07:41 GMT-0500 (Central Daylight Time),325731.40000000596,A,streetenter,I,enter,430,,1915.5,323815.90000000596,33333,WL,B,1.0
3,2.450000047683716,learn,57549.999952316284,Sun Jun 07 2026 19:07:41 GMT-0500 (Central Daylight Time),326264.40000000596,A,g,I,g,519,,532.0999999940395,325732.3000000119,33333,WL,B,2.0
3,2.6670000553131104,learn,57332.99994468689,Sun Jun 07 2026 19:07:41 GMT-0500 (Central Daylight Time),326481.3000000119,A,gr,I,r,201,,749.0,325732.3000000119,33333,WL,B,2.0
3,2.7330000400543213,learn,57266.99995994568,Sun Jun 07 2026 19:07:41 GMT-0500 (Central Daylight Time),326547.8000000119,A,gra,I,a,49,,815.5,325732.3000000119,33333,WL,B,2.0
3,2.8329999446868896,learn,57167.00005531311,Sun Jun 07 2026 19:07:41 GMT-0500 (Central Daylight Time),326647.90000000596,A,gras,I,s,76,,915.5999999940395,325732.3000000119,33333,WL,B,2.0
3,3.0169999599456787,learn,56983.00004005432,Sun Jun 07 2026 19:07:41 GMT-0500 (Central Daylight Time),326831.3000000119,A,grass,I,s,162,,1099.0,325732.3000000119,33333,WL,B,2.0
3,3.1670000553131104,learn,56832.99994468689,Sun Jun 07 2026 19:07:41 GMT-0500 (Central Daylight Time),326981.200000003,A,grassenter,I,enter,124,,1248.8999999910593,325732.3000000119,33333,WL,B,2.0
3,3.549999952316284,learn,56450.000047683716,Sun Jun 07 2026 19:07:41 GMT-0500 (Central Daylight Time),327364.60000000894,A,d,I,d,360,,382.6000000089407,326982.0,33333,WL,B,3.0
3,3.700000047683716,learn,56299.999952316284,Sun Jun 07 2026 19:07:41 GMT-0500 (Central Daylight Time),327514.60000000894,A,do,I,o,135,,532.6000000089407,326982.0,33333,WL,B,3.0
3,3.867000102996826,learn,56132.999897003174,Sun Jun 07 2026 19:07:41 GMT-0500 (Central Daylight Time),327681.5,A,doo,I,o,143,,699.5,326982.0,33333,WL,B,3.0
3,3.9660000801086426,learn,56033.99991989136,Sun Jun 07 2026 19:07:41 GMT-0500 (Central Daylight Time),327781.10000000894,A,door,I,r,74,,799.1000000089407,326982.0,33333,WL,B,3.0
3,4.867000102996826,learn,55132.999897003174,Sun Jun 07 2026 19:07:41 GMT-0500 (Central Daylight Time),328681.200000003,A,doorenter,I,enter,886,,1699.2000000029802,326982.0,33333,WL,B,3.0
3,5.983000040054321,learn,54016.99995994568,Sun Jun 07 2026 19:07:41 GMT-0500 (Central Daylight Time),329798.0,A,a,I,a,1092,,1116.199999988079,328681.8000000119,33333,WL,B,4.0
3,6.08299994468689,learn,53917.00005531311,Sun Jun 07 2026 19:07:41 GMT-0500 (Central Daylight Time),329897.90000000596,A,ar,I,r,75,,1216.0999999940395,328681.8000000119,33333,WL,B,4.0
3,6.183000087738037,learn,53816.99991226196,Sun Jun 07 2026 19:07:41 GMT-0500 (Central Daylight Time),329998.0,A,arm,I,m,78,,1316.199999988079,328681.8000000119,33333,WL,B,4.0
3,6.549999952316284,learn,53450.000047683716,Sun Jun 07 2026 19:07:41 GMT-0500 (Central Daylight Time),330364.60000000894,A,armenter,I,enter,353,,1682.7999999970198,328681.8000000119,33333,WL,B,4.0
3,6.867000102996826,learn,53132.999897003174,Sun Jun 07 2026 19:07:41 GMT-0500 (Central Daylight Time),330681.40000000596,A,s,I,s,305,,316.20000000298023,330365.200000003,33333,WL,B,5.0
3,6.950000047683716,learn,53049.999952316284,Sun Jun 07 2026 19:07:41 GMT-0500 (Central Daylight Time),330764.700000003,A,st,I,t,63,,399.5,330365.200000003,33333,WL,B,5.0
3,7.08299994468689,learn,52917.00005531311,Sun Jun 07 2026 19:07:41 GMT-0500 (Central Daylight Time),330898.200000003,A,sta,I,a,111,,533.0,330365.200000003,33333,WL,B,5.0
3,7.184000015258789,learn,52815.99998474121,Sun Jun 07 2026 19:07:41 GMT-0500 (Central Daylight Time),330998.90000000596,A,star,I,r,78,,633.7000000029802,330365.200000003,33333,WL,B,5.0
3,7.400000095367432,learn,52599.99990463257,Sun Jun 07 2026 19:07:41 GMT-0500 (Central Daylight Time),331214.60000000894,A,starenter,I,enter,200,,849.4000000059605,330365.200000003,33333,WL,B,5.0
3,7.766999959945679,learn,52233.00004005432,Sun Jun 07 2026 19:07:41 GMT-0500 (Central Daylight Time),331581.60000000894,A,w,I,w,343,,366.29999999701977,331215.3000000119,33333,WL,B,6.0
3,7.900000095367432,learn,52099.99990463257,Sun Jun 07 2026 19:07:41 GMT-0500 (Central Daylight Time),331714.700000003,A,wi,I,i,114,,499.3999999910593,331215.3000000119,33333,WL,B,6.0
3,8.016999959945679,learn,51983.00004005432,Sun Jun 07 2026 19:07:41 GMT-0500 (Central Daylight Time),331831.8000000119,A,wif,I,f,95,,616.5,331215.3000000119,33333,WL,B,6.0
3,8.08299994468689,learn,51917.00005531311,Sun Jun 07 2026 19:07:41 GMT-0500 (Central Daylight Time),331898.0,A,wife,I,e,48,,682.6999999880791,331215.3000000119,33333,WL,B,6.0
3,8.349999904632568,learn,51650.00009536743,Sun Jun 07 2026 19:07:41 GMT-0500 (Central Daylight Time),332164.90000000596,A,wifeenter,I,enter,251,,949.5999999940395,331215.3000000119,33333,WL,B,6.0
3,8.599999904632568,learn,51400.00009536743,Sun Jun 07 2026 19:07:41 GMT-0500 (Central Daylight Time),332414.5,A,w,I,w,236,,248.8999999910593,332165.60000000894,33333,WL,B,7.0
3,8.66700005531311,learn,51332.99994468689,Sun Jun 07 2026 19:07:41 GMT-0500 (Central Daylight Time),332482.0,A,wi,I,i,53,,316.3999999910593,332165.60000000894,33333,WL,B,7.0
3,8.799999952316284,learn,51200.000047683716,Sun Jun 07 2026 19:07:41 GMT-0500 (Central Daylight Time),332614.700000003,A,win,I,n,120,,449.09999999403954,332165.60000000894,33333,WL,B,7.0
3,8.849999904632568,learn,51150.00009536743,Sun Jun 07 2026 19:07:41 GMT-0500 (Central Daylight Time),332664.40000000596,A,wind,I,d,40,,498.79999999701977,332165.60000000894,33333,WL,B,7.0
3,9.0,learn,51000.0,Sun Jun 07 2026 19:07:41 GMT-0500 (Central Daylight Time),332814.8000000119,A,windo,I,o,134,,649.2000000029802,332165.60000000894,33333,WL,B,7.0
3,9.099999904632568,learn,50900.00009536743,Sun Jun 07 2026 19:07:41 GMT-0500 (Central Daylight Time),332914.700000003,A,window,I,w,78,,749.0999999940395,332165.60000000894,33333,WL,B,7.0
3,9.41700005531311,learn,50582.99994468689,Sun Jun 07 2026 19:07:41 GMT-0500 (Central Daylight Time),333231.3000000119,A,windowenter,I,enter,296,,1065.7000000029802,332165.60000000894,33333,WL,B,7.0
3,9.816999912261963,learn,50183.00008773804,Sun Jun 07 2026 19:07:41 GMT-0500 (Central Daylight Time),333631.40000000596,A,c,I,c,389,,399.40000000596046,333232.0,33333,WL,B,8.0
3,9.91599988937378,learn,50084.00011062622,Sun Jun 07 2026 19:07:41 GMT-0500 (Central Daylight Time),333731.200000003,A,ci,I,i,89,,499.20000000298023,333232.0,33333,WL,B,8.0
3,10.049999952316284,learn,49950.000047683716,Sun Jun 07 2026 19:07:41 GMT-0500 (Central Daylight Time),333864.700000003,A,cit,I,t,114,,632.7000000029802,333232.0,33333,WL,B,8.0
3,10.200000047683716,learn,49799.999952316284,Sun Jun 07 2026 19:07:41 GMT-0500 (Central Daylight Time),334014.700000003,A,city,I,y,128,,782.7000000029802,333232.0,33333,WL,B,8.0
3,10.882999897003174,learn,49117.000102996826,Sun Jun 07 2026 19:07:41 GMT-0500 (Central Daylight Time),334698.200000003,A,cityenter,I,enter,664,,1466.2000000029802,333232.0,33333,WL,B,8.0
3,11.367000102996826,learn,48632.999897003174,Sun Jun 07 2026 19:07:41 GMT-0500 (Central Daylight Time),335181.60000000894,A,p,I,p,463,,482.70000000298023,334698.90000000596,33333,WL,B,9.0
3,11.450000047683716,learn,48549.999952316284,Sun Jun 07 2026 19:07:41 GMT-0500 (Central Daylight Time),335265.10000000894,A,pu,I,u,68,,566.2000000029802,334698.90000000596,33333,WL,B,9.0
3,11.599999904632568,learn,48400.00009536743,Sun Jun 07 2026 19:07:41 GMT-0500 (Central Daylight Time),335414.90000000596,A,pup,I,p,132,,716.0,334698.90000000596,33333,WL,B,9.0
3,11.799999952316284,learn,48200.000047683716,Sun Jun 07 2026 19:07:41 GMT-0500 (Central Daylight Time),335614.700000003,A,pupi,I,i,183,,915.7999999970198,334698.90000000596,33333,WL,B,9.0
3,11.865999937057495,learn,48134.000062942505,Sun Jun 07 2026 19:07:41 GMT-0500 (Central Daylight Time),335681.10000000894,A,pupil,I,l,44,,982.2000000029802,334698.90000000596,33333,WL,B,9.0
3,12.450000047683716,learn,47549.999952316284,Sun Jun 07 2026 19:07:41 GMT-0500 (Central Daylight Time),336264.90000000596,A,pupilenter,I,enter,572,,1566.0,334698.90000000596,33333,WL,B,9.0
3,13.032999992370605,learn,46967.000007629395,Sun Jun 07 2026 19:07:41 GMT-0500 (Central Daylight Time),336848.200000003,A,c,I,c,566,,582.3999999910593,336265.8000000119,33333,WL,B,10.0
3,13.099999904632568,learn,46900.00009536743,Sun Jun 07 2026 19:07:41 GMT-0500 (Central Daylight Time),336914.8000000119,A,ca,I,a,44,,649.0,336265.8000000119,33333,WL,B,10.0
3,13.283999919891357,learn,46716.00008010864,Sun Jun 07 2026 19:07:41 GMT-0500 (Central Daylight Time),337098.40000000596,A,cab,I,b,166,,832.5999999940395,336265.8000000119,33333,WL,B,10.0
3,13.384000062942505,learn,46615.999937057495,Sun Jun 07 2026 19:07:41 GMT-0500 (Central Daylight Time),337198.90000000596,A,cabi,I,i,79,,933.0999999940395,336265.8000000119,33333,WL,B,10.0
3,13.5,learn,46500.0,Sun Jun 07 2026 19:07:41 GMT-0500 (Central Daylight Time),337314.90000000596,A,cabin,I,n,102,,1049.0999999940395,336265.8000000119,33333,WL,B,10.0
3,14.617000102996826,learn,45382.999897003174,Sun Jun 07 2026 19:07:41 GMT-0500 (Central Daylight Time),338431.8000000119,A,cabinenter,I,enter,1093,,2166.0,336265.8000000119,33333,WL,B,10.0
3,14.933000087738037,learn,45066.99991226196,Sun Jun 07 2026 19:07:41 GMT-0500 (Central Daylight Time),338748.3000000119,A,l,I,l,295,,316.0,338432.3000000119,33333,WL,B,11.0
3,15.032999992370605,learn,44967.000007629395,Sun Jun 07 2026 19:07:41 GMT-0500 (Central Daylight Time),338848.0,A,la,I,a,88,,415.69999998807907,338432.3000000119,33333,WL,B,11.0
3,15.1489999294281,learn,44851.0000705719,Sun Jun 07 2026 19:07:41 GMT-0500 (Central Daylight Time),338964.200000003,A,lak,I,k,103,,531.8999999910593,338432.3000000119,33333,WL,B,11.0
3,15.233000040054321,learn,44766.99995994568,Sun Jun 07 2026 19:07:41 GMT-0500 (Central Daylight Time),339048.10000000894,A,lake,I,e,69,,615.7999999970198,338432.3000000119,33333,WL,B,11.0
3,15.516999959945679,learn,44483.00004005432,Sun Jun 07 2026 19:07:41 GMT-0500 (Central Daylight Time),339331.60000000894,A,lakeenter,I,enter,271,,899.2999999970198,338432.3000000119,33333,WL,B,11.0
3,15.8510000705719,learn,44148.9999294281,Sun Jun 07 2026 19:07:41 GMT-0500 (Central Daylight Time),339666.0,A,p,I,p,315,,333.8999999910593,339332.10000000894,33333,WL,B,12.0
3,16.049999952316284,learn,43950.000047683716,Sun Jun 07 2026 19:07:41 GMT-0500 (Central Daylight Time),339864.90000000596,A,pi,I,i,172,,532.7999999970198,339332.10000000894,33333,WL,B,12.0
3,16.09999990463257,learn,43900.00009536743,Sun Jun 07 2026 19:07:41 GMT-0500 (Central Daylight Time),339914.60000000894,A,pip,I,p,32,,582.5,339332.10000000894,33333,WL,B,12.0
3,16.250999927520752,learn,43749.00007247925,Sun Jun 07 2026 19:07:41 GMT-0500 (Central Daylight Time),340065.700000003,A,pipe,I,e,145,,733.5999999940395,339332.10000000894,33333,WL,B,12.0
3,16.51699995994568,learn,43483.00004005432,Sun Jun 07 2026 19:07:41 GMT-0500 (Central Daylight Time),340331.60000000894,A,pipeenter,I,enter,257,,999.5,339332.10000000894,33333,WL,B,12.0
3,16.799999952316284,learn,43200.000047683716,Sun Jun 07 2026 19:07:41 GMT-0500 (Central Daylight Time),340614.90000000596,A,s,I,s,270,,282.59999999403954,340332.3000000119,33333,WL,B,13.0
3,16.884000062942505,learn,43115.999937057495,Sun Jun 07 2026 19:07:41 GMT-0500 (Central Daylight Time),340698.8000000119,A,sk,I,k,74,,366.5,340332.3000000119,33333,WL,B,13.0
3,17.049999952316284,learn,42950.000047683716,Sun Jun 07 2026 19:07:41 GMT-0500 (Central Daylight Time),340864.60000000894,A,ski,I,i,155,,532.2999999970198,340332.3000000119,33333,WL,B,13.0
3,17.15000009536743,learn,42849.99990463257,Sun Jun 07 2026 19:07:41 GMT-0500 (Central Daylight Time),340964.90000000596,A,skin,I,n,86,,632.5999999940395,340332.3000000119,33333,WL,B,13.0
3,17.41700005531311,learn,42582.99994468689,Sun Jun 07 2026 19:07:41 GMT-0500 (Central Daylight Time),341231.60000000894,A,skinenter,I,enter,256,,899.2999999970198,340332.3000000119,33333,WL,B,13.0
3,17.68400001525879,learn,42315.99998474121,Sun Jun 07 2026 19:07:41 GMT-0500 (Central Daylight Time),341499.0,A,f,I,f,242,,266.69999998807907,341232.3000000119,33333,WL,B,14.0
3,17.782999992370605,learn,42217.000007629395,Sun Jun 07 2026 19:07:41 GMT-0500 (Central Daylight Time),341598.3000000119,A,fi,I,i,86,,366.0,341232.3000000119,33333,WL,B,14.0
3,17.91700005531311,learn,42082.99994468689,Sun Jun 07 2026 19:07:41 GMT-0500 (Central Daylight Time),341731.5,A,fir,I,r,122,,499.19999998807907,341232.3000000119,33333,WL,B,14.0
3,18.0,learn,42000.0,Sun Jun 07 2026 19:07:41 GMT-0500 (Central Daylight Time),341814.90000000596,A,fire,I,e,61,,582.5999999940395,341232.3000000119,33333,WL,B,14.0
3,18.299999952316284,learn,41700.000047683716,Sun Jun 07 2026 19:07:41 GMT-0500 (Central Daylight Time),342115.10000000894,A,fireenter,I,enter,278,,882.7999999970198,341232.3000000119,33333,WL,B,14.0
3,18.882999897003174,learn,41117.000102996826,Sun Jun 07 2026 19:07:41 GMT-0500 (Central Daylight Time),342698.40000000596,A,c,I,c,560,,582.5999999940395,342115.8000000119,33333,WL,B,15.0
3,18.950000047683716,learn,41049.999952316284,Sun Jun 07 2026 19:07:41 GMT-0500 (Central Daylight Time),342764.90000000596,A,cl,I,l,54,,649.0999999940395,342115.8000000119,33333,WL,B,15.0
3,19.08400011062622,learn,40915.99988937378,Sun Jun 07 2026 19:07:41 GMT-0500 (Central Daylight Time),342898.8000000119,A,clo,I,o,124,,783.0,342115.8000000119,33333,WL,B,15.0
3,19.200000047683716,learn,40799.999952316284,Sun Jun 07 2026 19:07:41 GMT-0500 (Central Daylight Time),343014.8000000119,A,cloc,I,c,96,,899.0,342115.8000000119,33333,WL,B,15.0
3,19.316999912261963,learn,40683.00008773804,Sun Jun 07 2026 19:07:41 GMT-0500 (Central Daylight Time),343131.8000000119,A,clock,I,k,98,,1016.0,342115.8000000119,33333,WL,B,15.0
3,19.617000102996826,learn,40382.999897003174,Sun Jun 07 2026 19:07:41 GMT-0500 (Central Daylight Time),343431.60000000894,A,clockenter,I,enter,288,,1315.7999999970198,342115.8000000119,33333,WL,B,15.0
4,0.34999990463256836,learn,59650.00009536743,Sun Jun 07 2026 19:07:41 GMT-0500 (Central Daylight Time),411317.10000000894,A,s,I,s,336,,348.90000000596046,410968.200000003,33333,WL,B,1.0
4,0.4830000400543213,learn,59516.99995994568,Sun Jun 07 2026 19:07:41 GMT-0500 (Central Daylight Time),411450.0,A,st,I,t,110,,481.79999999701977,410968.200000003,33333,WL,B,1.0
4,0.7000000476837158,learn,59299.999952316284,Sun Jun 07 2026 19:07:41 GMT-0500 (Central Daylight Time),411666.60000000894,A,str,I,r,206,,698.4000000059605,410968.200000003,33333,WL,B,1.0
4,0.75,learn,59250.0,Sun Jun 07 2026 19:07:41 GMT-0500 (Central Daylight Time),411716.60000000894,A,stre,I,e,44,,748.4000000059605,410968.200000003,33333,WL,B,1.0
4,0.9330000877380371,learn,59066.99991226196,Sun Jun 07 2026 19:07:41 GMT-0500 (Central Daylight Time),411900.0,A,stree,I,e,164,,931.7999999970198,410968.200000003,33333,WL,B,1.0
4,1.0169999599456787,learn,58983.00004005432,Sun Jun 07 2026 19:07:41 GMT-0500 (Central Daylight Time),411983.200000003,A,street,I,t,76,,1015.0,410968.200000003,33333,WL,B,1.0
4,1.4830000400543213,learn,58516.99995994568,Sun Jun 07 2026 19:07:41 GMT-0500 (Central Daylight Time),412449.90000000596,A,streetenter,I,enter,460,,1481.7000000029802,410968.200000003,33333,WL,B,1.0
4,2.049999952316284,learn,57950.000047683716,Sun Jun 07 2026 19:07:41 GMT-0500 (Central Daylight Time),413016.60000000894,A,g,I,g,556,,566.5,412450.10000000894,33333,WL,B,2.0
4,2.2669999599456787,learn,57733.00004005432,Sun Jun 07 2026 19:07:41 GMT-0500 (Central Daylight Time),413233.8000000119,A,gr,I,r,201,,783.7000000029802,412450.10000000894,33333,WL,B,2.0
4,2.316999912261963,learn,57683.00008773804,Sun Jun 07 2026 19:07:41 GMT-0500 (Central Daylight Time),413283.60000000894,A,gra,I,a,34,,833.5,412450.10000000894,33333,WL,B,2.0
4,2.3999998569488525,learn,57600.00014305115,Sun Jun 07 2026 19:07:41 GMT-0500 (Central Daylight Time),413367.10000000894,A,gras,I,s,70,,917.0,412450.10000000894,33333,WL,B,2.0
4,2.5839998722076416,learn,57416.00012779236,Sun Jun 07 2026 19:07:41 GMT-0500 (Central Daylight Time),413550.5,A,grass,I,s,166,,1100.3999999910593,412450.10000000894,33333,WL,B,2.0
4,2.7669999599456787,learn,57233.00004005432,Sun Jun 07 2026 19:07:41 GMT-0500 (Central Daylight Time),413733.8000000119,A,grassenter,I,enter,165,,1283.7000000029802,412450.10000000894,33333,WL,B,2.0
4,3.134000062942505,learn,56865.999937057495,Sun Jun 07 2026 19:07:41 GMT-0500 (Central Daylight Time),414101.0,A,d,I,d,349,,366.59999999403954,413734.40000000596,33333,WL,B,3.0
4,3.2669999599456787,learn,56733.00004005432,Sun Jun 07 2026 19:07:41 GMT-0500 (Central Daylight Time),414233.40000000596,A,do,I,o,92,,499.0,413734.40000000596,33333,WL,B,3.0
4,3.7330000400543213,learn,56266.99995994568,Sun Jun 07 2026 19:07:41 GMT-0500 (Central Daylight Time),414700.0,A,doo,I,o,454,,965.5999999940395,413734.40000000596,33333,WL,B,3.0
4,3.866999864578247,learn,56133.00013542175,Sun Jun 07 2026 19:07:41 GMT-0500 (Central Daylight Time),414833.700000003,A,door,I,r,123,,1099.2999999970198,413734.40000000596,33333,WL,B,3.0
4,4.083999872207642,learn,55916.00012779236,Sun Jun 07 2026 19:07:41 GMT-0500 (Central Daylight Time),415050.40000000596,A,doorenter,I,enter,201,,1316.0,413734.40000000596,33333,WL,B,3.0
4,4.366999864578247,learn,55633.00013542175,Sun Jun 07 2026 19:07:41 GMT-0500 (Central Daylight Time),415333.8000000119,A,a,I,a,262,,282.80000001192093,415051.0,33333,WL,B,4.0
4,4.434000015258789,learn,55565.99998474121,Sun Jun 07 2026 19:07:41 GMT-0500 (Central Daylight Time),415400.3000000119,A,ar,I,r,54,,349.30000001192093,415051.0,33333,WL,B,4.0
4,4.566999912261963,learn,55433.00008773804,Sun Jun 07 2026 19:07:41 GMT-0500 (Central Daylight Time),415533.5,A,arm,I,m,111,,482.5,415051.0,33333,WL,B,4.0
4,4.799999952316284,learn,55200.000047683716,Sun Jun 07 2026 19:07:41 GMT-0500 (Central Daylight Time),415767.3000000119,A,armenter,I,enter,216,,716.3000000119209,415051.0,33333,WL,B,4.0
4,5.134000062942505,learn,54865.999937057495,Sun Jun 07 2026 19:07:41 GMT-0500 (Central Daylight Time),416100.60000000894,A,s,I,s,308,,332.5,415768.10000000894,33333,WL,B,5.0
4,5.233999967575073,learn,54766.00003242493,Sun Jun 07 2026 19:07:41 GMT-0500 (Central Daylight Time),416200.40000000596,A,st,I,t,86,,432.29999999701977,415768.10000000894,33333,WL,B,5.0
4,5.349999904632568,learn,54650.00009536743,Sun Jun 07 2026 19:07:41 GMT-0500 (Central Daylight Time),416317.10000000894,A,sta,I,a,93,,549.0,415768.10000000894,33333,WL,B,5.0
4,5.4670000076293945,learn,54532.999992370605,Sun Jun 07 2026 19:07:41 GMT-0500 (Central Daylight Time),416433.5,A,star,I,r,96,,665.3999999910593,415768.10000000894,33333,WL,B,5.0
4,5.684000015258789,learn,54315.99998474121,Sun Jun 07 2026 19:07:41 GMT-0500 (Central Daylight Time),416650.5,A,starenter,I,enter,204,,882.3999999910593,415768.10000000894,33333,WL,B,5.0
4,6.134000062942505,learn,53865.999937057495,Sun Jun 07 2026 19:07:41 GMT-0500 (Central Daylight Time),417101.200000003,A,w,I,w,442,,450.09999999403954,416651.10000000894,33333,WL,B,6.0
4,6.266999959945679,learn,53733.00004005432,Sun Jun 07 2026 19:07:41 GMT-0500 (Central Daylight Time),417233.60000000894,A,wi,I,i,116,,582.5,416651.10000000894,33333,WL,B,6.0
4,6.365999937057495,learn,53634.000062942505,Sun Jun 07 2026 19:07:41 GMT-0500 (Central Daylight Time),417333.10000000894,A,wif,I,f,88,,682.0,416651.10000000894,33333,WL,B,6.0
4,6.41700005531311,learn,53582.99994468689,Sun Jun 07 2026 19:07:41 GMT-0500 (Central Daylight Time),417383.60000000894,A,wife,I,e,34,,732.5,416651.10000000894,33333,WL,B,6.0
4,6.601000070571899,learn,53398.9999294281,Sun Jun 07 2026 19:07:41 GMT-0500 (Central Daylight Time),417568.200000003,A,wifeenter,I,enter,162,,917.0999999940395,416651.10000000894,33333,WL,B,6.0
4,6.833999872207642,learn,53166.00012779236,Sun Jun 07 2026 19:07:41 GMT-0500 (Central Daylight Time),417800.60000000894,A,w,I,w,208,,231.79999999701977,417568.8000000119,33333,WL,B,7.0
4,6.91700005531311,learn,53082.99994468689,Sun Jun 07 2026 19:07:41 GMT-0500 (Central Daylight Time),417883.90000000596,A,wi,I,i,57,,315.09999999403954,417568.8000000119,33333,WL,B,7.0
4,7.033999919891357,learn,52966.00008010864,Sun Jun 07 2026 19:07:41 GMT-0500 (Central Daylight Time),418001.10000000894,A,win,I,n,92,,432.29999999701977,417568.8000000119,33333,WL,B,7.0
4,7.099999904632568,learn,52900.00009536743,Sun Jun 07 2026 19:07:41 GMT-0500 (Central Daylight Time),418067.0,A,wind,I,d,47,,498.19999998807907,417568.8000000119,33333,WL,B,7.0
4,7.200000047683716,learn,52799.999952316284,Sun Jun 07 2026 19:07:41 GMT-0500 (Central Daylight Time),418167.0,A,windo,I,o,88,,598.1999999880791,417568.8000000119,33333,WL,B,7.0
4,7.283999919891357,learn,52716.00008010864,Sun Jun 07 2026 19:07:41 GMT-0500 (Central Daylight Time),418250.5,A,window,I,w,66,,681.6999999880791,417568.8000000119,33333,WL,B,7.0
4,7.700000047683716,learn,52299.999952316284,Sun Jun 07 2026 19:07:41 GMT-0500 (Central Daylight Time),418667.40000000596,A,windowenter,I,enter,392,,1098.5999999940395,417568.8000000119,33333,WL,B,7.0
4,7.9670000076293945,learn,52032.999992370605,Sun Jun 07 2026 19:07:41 GMT-0500 (Central Daylight Time),418933.90000000596,A,c,I,c,251,,265.70000000298023,418668.200000003,33333,WL,B,8.0
4,8.050999879837036,learn,51949.000120162964,Sun Jun 07 2026 19:07:41 GMT-0500 (Central Daylight Time),419018.10000000894,A,ci,I,i,66,,349.90000000596046,418668.200000003,33333,WL,B,8.0
4,8.134000062942505,learn,51865.999937057495,Sun Jun 07 2026 19:07:41 GMT-0500 (Central Daylight Time),419100.5,A,cit,I,t,65,,432.29999999701977,418668.200000003,33333,WL,B,8.0
4,8.283999919891357,learn,51716.00008010864,Sun Jun 07 2026 19:07:41 GMT-0500 (Central Daylight Time),419250.40000000596,A,city,I,y,142,,582.2000000029802,418668.200000003,33333,WL,B,8.0
4,8.533999919891357,learn,51466.00008010864,Sun Jun 07 2026 19:07:41 GMT-0500 (Central Daylight Time),419500.60000000894,A,cityenter,I,enter,230,,832.4000000059605,418668.200000003,33333,WL,B,8.0
4,8.884000062942505,learn,51115.999937057495,Sun Jun 07 2026 19:07:41 GMT-0500 (Central Daylight Time),419850.700000003,A,p,I,p,326,,349.3999999910593,419501.3000000119,33333,WL,B,9.0
4,8.983999967575073,learn,51016.00003242493,Sun Jun 07 2026 19:07:41 GMT-0500 (Central Daylight Time),419950.60000000894,A,pu,I,u,88,,449.29999999701977,419501.3000000119,33333,WL,B,9.0
4,9.134000062942505,learn,50865.999937057495,Sun Jun 07 2026 19:07:41 GMT-0500 (Central Daylight Time),420100.5,A,pup,I,p,128,,599.1999999880791,419501.3000000119,33333,WL,B,9.0
4,9.283999919891357,learn,50716.00008010864,Sun Jun 07 2026 19:07:41 GMT-0500 (Central Daylight Time),420250.8000000119,A,pupi,I,i,140,,749.5,419501.3000000119,33333,WL,B,9.0
4,9.399999856948853,learn,50600.00014305115,Sun Jun 07 2026 19:07:41 GMT-0500 (Central Daylight Time),420367.200000003,A,pupil,I,l,98,,865.8999999910593,419501.3000000119,33333,WL,B,9.0
4,10.083999872207642,learn,49916.00012779236,Sun Jun 07 2026 19:07:41 GMT-0500 (Central Daylight Time),421050.700000003,A,pupilenter,I,enter,672,,1549.3999999910593,419501.3000000119,33333,WL,B,9.0
4,10.76799988746643,learn,49232.00011253357,Sun Jun 07 2026 19:07:41 GMT-0500 (Central Daylight Time),421734.40000000596,A,c,I,c,673,,683.0999999940395,421051.3000000119,33333,WL,B,10.0
4,10.849999904632568,learn,49150.00009536743,Sun Jun 07 2026 19:07:41 GMT-0500 (Central Daylight Time),421817.200000003,A,ca,I,a,67,,765.8999999910593,421051.3000000119,33333,WL,B,10.0
4,11.016999959945679,learn,48983.00004005432,Sun Jun 07 2026 19:07:41 GMT-0500 (Central Daylight Time),421984.0,A,cab,I,b,155,,932.6999999880791,421051.3000000119,33333,WL,B,10.0
4,11.134000062942505,learn,48865.999937057495,Sun Jun 07 2026 19:07:41 GMT-0500 (Central Daylight Time),422100.60000000894,A,cabi,I,i,102,,1049.2999999970198,421051.3000000119,33333,WL,B,10.0
4,11.25,learn,48750.0,Sun Jun 07 2026 19:07:41 GMT-0500 (Central Daylight Time),422217.200000003,A,cabin,I,n,95,,1165.8999999910593,421051.3000000119,33333,WL,B,10.0
4,11.750999927520752,learn,48249.00007247925,Sun Jun 07 2026 19:07:41 GMT-0500 (Central Daylight Time),422717.60000000894,A,cabinenter,I,enter,481,,1666.2999999970198,421051.3000000119,33333,WL,B,10.0
4,12.049999952316284,learn,47950.000047683716,Sun Jun 07 2026 19:07:41 GMT-0500 (Central Daylight Time),423017.3000000119,A,l,I,l,273,,298.70000000298023,422718.60000000894,33333,WL,B,11.0
4,12.16700005531311,learn,47832.99994468689,Sun Jun 07 2026 19:07:41 GMT-0500 (Central Daylight Time),423134.0,A,la,I,a,102,,415.3999999910593,422718.60000000894,33333,WL,B,11.0
4,12.283999919891357,learn,47716.00008010864,Sun Jun 07 2026 19:07:41 GMT-0500 (Central Daylight Time),423250.5,A,lak,I,k,105,,531.8999999910593,422718.60000000894,33333,WL,B,11.0
4,12.384000062942505,learn,47615.999937057495,Sun Jun 07 2026 19:07:41 GMT-0500 (Central Daylight Time),423350.8000000119,A,lake,I,e,79,,632.2000000029802,422718.60000000894,33333,WL,B,11.0
4,12.950000047683716,learn,47049.999952316284,Sun Jun 07 2026 19:07:41 GMT-0500 (Central Daylight Time),423917.3000000119,A,lakeenter,I,enter,555,,1198.7000000029802,422718.60000000894,33333,WL,B,11.0
4,13.333999872207642,learn,46666.00012779236,Sun Jun 07 2026 19:07:41 GMT-0500 (Central Daylight Time),424301.0,A,p,I,p,365,,383.0,423918.0,33333,WL,B,12.0
4,13.5,learn,46500.0,Sun Jun 07 2026 19:07:41 GMT-0500 (Central Daylight Time),424467.3000000119,A,pi,I,i,153,,549.3000000119209,423918.0,33333,WL,B,12.0
4,13.6010000705719,learn,46398.9999294281,Sun Jun 07 2026 19:07:41 GMT-0500 (Central Daylight Time),424568.10000000894,A,pip,I,p,81,,650.1000000089407,423918.0,33333,WL,B,12.0
4,13.766999959945679,learn,46233.00004005432,Sun Jun 07 2026 19:07:41 GMT-0500 (Central Daylight Time),424734.200000003,A,pipe,I,e,146,,816.2000000029802,423918.0,33333,WL,B,12.0
4,13.934000015258789,learn,46065.99998474121,Sun Jun 07 2026 19:07:41 GMT-0500 (Central Daylight Time),424900.60000000894,A,pipeenter,I,enter,154,,982.6000000089407,423918.0,33333,WL,B,12.0
4,14.16700005531311,learn,45832.99994468689,Sun Jun 07 2026 19:07:41 GMT-0500 (Central Daylight Time),425134.10000000894,A,f,I,f,207,,232.6000000089407,424901.5,33333,WL,B,13.0
4,14.283999919891357,learn,45716.00008010864,Sun Jun 07 2026 19:07:41 GMT-0500 (Central Daylight Time),425250.700000003,A,fi,I,i,97,,349.20000000298023,424901.5,33333,WL,B,13.0
4,14.399999856948853,learn,45600.00014305115,Sun Jun 07 2026 19:07:41 GMT-0500 (Central Daylight Time),425367.200000003,A,fir,I,r,104,,465.70000000298023,424901.5,33333,WL,B,13.0
4,14.483999967575073,learn,45516.00003242493,Sun Jun 07 2026 19:07:41 GMT-0500 (Central Daylight Time),425450.8000000119,A,fire,I,e,74,,549.3000000119209,424901.5,33333,WL,B,13.0
4,15.516999959945679,learn,44483.00004005432,Sun Jun 07 2026 19:07:41 GMT-0500 (Central Daylight Time),426484.0,A,fireenter,I,enter,1022,,1582.5,424901.5,33333,WL,B,13.0
4,18.483999967575073,learn,41516.00003242493,Sun Jun 07 2026 19:07:41 GMT-0500 (Central Daylight Time),429450.8000000119,A,f,I,f,2957,,2966.1000000089407,426484.700000003,33333,WL,B,14.0
4,18.59999990463257,learn,41400.00009536743,Sun Jun 07 2026 19:07:41 GMT-0500 (Central Daylight Time),429567.40000000596,A,fi,I,i,93,,3082.7000000029802,426484.700000003,33333,WL,B,14.0
4,18.700999975204468,learn,41299.00002479553,Sun Jun 07 2026 19:07:41 GMT-0500 (Central Daylight Time),429668.10000000894,A,fir,I,r,91,,3183.4000000059605,426484.700000003,33333,WL,B,14.0
4,18.783999919891357,learn,41216.00008010864,Sun Jun 07 2026 19:07:41 GMT-0500 (Central Daylight Time),429751.10000000894,A,fire,I,e,74,,3266.4000000059605,426484.700000003,33333,WL,B,14.0
4,20.01699995994568,learn,39983.00004005432,Sun Jun 07 2026 19:07:41 GMT-0500 (Central Daylight Time),430984.3000000119,A,fireenter,I,enter,1208,,4499.600000008941,426484.700000003,33333,WL,B,14.0
4,24.634000062942505,learn,35365.999937057495,Sun Jun 07 2026 19:07:41 GMT-0500 (Central Daylight Time),435601.200000003,A,c,I,c,4604,,4616.0,430985.200000003,33333,WL,B,15.0
4,24.68400001525879,learn,35315.99998474121,Sun Jun 07 2026 19:07:41 GMT-0500 (Central Daylight Time),435650.700000003,A,cl,I,l,34,,4665.5,430985.200000003,33333,WL,B,15.0
4,24.816999912261963,learn,35183.00008773804,Sun Jun 07 2026 19:07:41 GMT-0500 (Central Daylight Time),435784.3000000119,A,clo,I,o,121,,4799.100000008941,430985.200000003,33333,WL,B,15.0
4,24.901000022888184,learn,35098.99997711182,Sun Jun 07 2026 19:07:41 GMT-0500 (Central Daylight Time),435867.60000000894,A,cloc,I,c,72,,4882.4000000059605,430985.200000003,33333,WL,B,15.0
4,24.983999967575073,learn,35016.00003242493,Sun Jun 07 2026 19:07:41 GMT-0500 (Central Daylight Time),435950.90000000596,A,clock,I,k,63,,4965.70000000298,430985.200000003,33333,WL,B,15.0
4,25.25,learn,34750.0,Sun Jun 07 2026 19:07:41 GMT-0500 (Central Daylight Time),436217.5,A,clockenter,I,enter,256,,5232.29999999702,430985.200000003,33333,WL,B,15.0
5,0.43400001525878906,learn,60000.0,Sun Jun 07 2026 19:07:41 GMT-0500 (Central Daylight Time),503386.8000000119,A,s,I,s,412,,433.40000000596046,502953.40000000596,33333,WL,B,1.0
5,0.5500001907348633,learn,60000.0,Sun Jun 07 2026 19:07:41 GMT-0500 (Central Daylight Time),503503.10000000894,A,st,I,t,99,,549.7000000029802,502953.40000000596,33333,WL,B,1.0
5,0.75,learn,60000.0,Sun Jun 07 2026 19:07:41 GMT-0500 (Central Daylight Time),503703.0,A,str,I,r,180,,749.5999999940395,502953.40000000596,33333,WL,B,1.0
5,0.7660000324249268,learn,60000.0,Sun Jun 07 2026 19:07:41 GMT-0500 (Central Daylight Time),503719.3000000119,A,stre,I,e,7,,765.9000000059605,502953.40000000596,33333,WL,B,1.0
5,0.9680001735687256,learn,60000.0,Sun Jun 07 2026 19:07:41 GMT-0500 (Central Daylight Time),503920.60000000894,A,stree,I,e,184,,967.2000000029802,502953.40000000596,33333,WL,B,1.0
5,1.0329999923706055,learn,60000.0,Sun Jun 07 2026 19:07:41 GMT-0500 (Central Daylight Time),503986.10000000894,A,street,I,t,47,,1032.7000000029802,502953.40000000596,33333,WL,B,1.0
5,2.9170000553131104,learn,60000.0,Sun Jun 07 2026 19:07:41 GMT-0500 (Central Daylight Time),505870.40000000596,A,streetenter,I,enter,1861,,2917.0,502953.40000000596,33333,WL,B,1.0
5,4.0340001583099365,learn,60000.0,Sun Jun 07 2026 19:07:41 GMT-0500 (Central Daylight Time),506986.5,A,g,I,g,1096,,1115.199999988079,505871.3000000119,33333,WL,B,2.0
5,4.2840001583099365,learn,60000.0,Sun Jun 07 2026 19:07:41 GMT-0500 (Central Daylight Time),507236.5,A,gr,I,r,230,,1365.199999988079,505871.3000000119,33333,WL,B,2.0
5,4.368000030517578,learn,60000.0,Sun Jun 07 2026 19:07:41 GMT-0500 (Central Daylight Time),507320.60000000894,A,gra,I,a,56,,1449.2999999970198,505871.3000000119,33333,WL,B,2.0
5,4.4670000076293945,learn,60000.0,Sun Jun 07 2026 19:07:41 GMT-0500 (Central Daylight Time),507419.8000000119,A,gras,I,s,83,,1548.5,505871.3000000119,33333,WL,B,2.0
5,4.634000062942505,learn,60000.0,Sun Jun 07 2026 19:07:41 GMT-0500 (Central Daylight Time),507587.10000000894,A,grass,I,s,154,,1715.7999999970198,505871.3000000119,33333,WL,B,2.0
5,4.833000183105469,learn,60000.0,Sun Jun 07 2026 19:07:41 GMT-0500 (Central Daylight Time),507786.40000000596,A,grassenter,I,enter,186,,1915.0999999940395,505871.3000000119,33333,WL,B,2.0
5,5.300000190734863,learn,60000.0,Sun Jun 07 2026 19:07:41 GMT-0500 (Central Daylight Time),508253.10000000894,A,d,I,d,448,,466.0,507787.10000000894,33333,WL,B,3.0
5,5.517000198364258,learn,60000.0,Sun Jun 07 2026 19:07:41 GMT-0500 (Central Daylight Time),508469.700000003,A,do,I,o,193,,682.5999999940395,507787.10000000894,33333,WL,B,3.0
5,5.617000102996826,learn,60000.0,Sun Jun 07 2026 19:07:41 GMT-0500 (Central Daylight Time),508569.5,A,dor,I,r,84,,782.3999999910593,507787.10000000894,33333,WL,B,3.0
5,6.0329999923706055,learn,60000.0,Sun Jun 07 2026 19:07:41 GMT-0500 (Central Daylight Time),508986.40000000596,A,do,I,backspace,410,,1199.2999999970198,507787.10000000894,33333,WL,B,3.0
5,6.317000150680542,learn,60000.0,Sun Jun 07 2026 19:07:41 GMT-0500 (Central Daylight Time),509270.10000000894,A,doo,I,o,274,,1483.0,507787.10000000894,33333,WL,B,3.0
5,6.400000095367432,learn,60000.0,Sun Jun 07 2026 19:07:41 GMT-0500 (Central Daylight Time),509353.10000000894,A,door,I,r,69,,1566.0,507787.10000000894,33333,WL,B,3.0
5,6.7840001583099365,learn,60000.0,Sun Jun 07 2026 19:07:41 GMT-0500 (Central Daylight Time),509736.60000000894,A,doorenter,I,enter,366,,1949.5,507787.10000000894,33333,WL,B,3.0
5,7.0,learn,60000.0,Sun Jun 07 2026 19:07:41 GMT-0500 (Central Daylight Time),509953.200000003,A,a,I,a,196,,216.0,509737.200000003,33333,WL,B,4.0
5,7.083000183105469,learn,60000.0,Sun Jun 07 2026 19:07:41 GMT-0500 (Central Daylight Time),510036.200000003,A,ar,I,r,63,,299.0,509737.200000003,33333,WL,B,4.0
5,7.16700005531311,learn,60000.0,Sun Jun 07 2026 19:07:41 GMT-0500 (Central Daylight Time),510119.700000003,A,arm,I,m,67,,382.5,509737.200000003,33333,WL,B,4.0
5,7.450000047683716,learn,60000.0,Sun Jun 07 2026 19:07:41 GMT-0500 (Central Daylight Time),510403.10000000894,A,armenter,I,enter,270,,665.9000000059605,509737.200000003,33333,WL,B,4.0
5,7.900000095367432,learn,60000.0,Sun Jun 07 2026 19:07:41 GMT-0500 (Central Daylight Time),510853.10000000894,A,s,I,s,429,,449.5,510403.60000000894,33333,WL,B,5.0
5,7.983999967575073,learn,60000.0,Sun Jun 07 2026 19:07:41 GMT-0500 (Central Daylight Time),510936.60000000894,A,st,I,t,63,,533.0,510403.60000000894,33333,WL,B,5.0
5,8.083000183105469,learn,60000.0,Sun Jun 07 2026 19:07:41 GMT-0500 (Central Daylight Time),511036.5,A,sta,I,a,89,,632.8999999910593,510403.60000000894,33333,WL,B,5.0
5,8.183000087738037,learn,60000.0,Sun Jun 07 2026 19:07:41 GMT-0500 (Central Daylight Time),511136.40000000596,A,star,I,r,89,,732.7999999970198,510403.60000000894,33333,WL,B,5.0
5,8.383000135421753,learn,60000.0,Sun Jun 07 2026 19:07:41 GMT-0500 (Central Daylight Time),511336.40000000596,A,starenter,I,enter,192,,932.7999999970198,510403.60000000894,33333,WL,B,5.0
5,8.733999967575073,learn,60000.0,Sun Jun 07 2026 19:07:41 GMT-0500 (Central Daylight Time),511687.40000000596,A,w,I,w,331,,350.5,511336.90000000596,33333,WL,B,6.0
5,8.867000102996826,learn,60000.0,Sun Jun 07 2026 19:07:41 GMT-0500 (Central Daylight Time),511819.90000000596,A,wi,I,i,123,,483.0,511336.90000000596,33333,WL,B,6.0
5,9.017000198364258,learn,60000.0,Sun Jun 07 2026 19:07:41 GMT-0500 (Central Daylight Time),511970.10000000894,A,wif,I,f,130,,633.2000000029802,511336.90000000596,33333,WL,B,6.0
5,9.08400011062622,learn,60000.0,Sun Jun 07 2026 19:07:41 GMT-0500 (Central Daylight Time),512036.700000003,A,wife,I,e,52,,699.7999999970198,511336.90000000596,33333,WL,B,6.0
5,9.417999982833862,learn,60000.0,Sun Jun 07 2026 19:07:41 GMT-0500 (Central Daylight Time),512370.8000000119,A,wifeenter,I,enter,318,,1033.9000000059605,511336.90000000596,33333,WL,B,6.0
5,9.634000062942505,learn,60000.0,Sun Jun 07 2026 19:07:41 GMT-0500 (Central Daylight Time),512586.700000003,A,w,I,w,191,,215.09999999403954,512371.60000000894,33333,WL,B,7.0
5,9.717000007629395,learn,60000.0,Sun Jun 07 2026 19:07:41 GMT-0500 (Central Daylight Time),512669.90000000596,A,wi,I,i,65,,298.29999999701977,512371.60000000894,33333,WL,B,7.0
5,9.817000150680542,learn,60000.0,Sun Jun 07 2026 19:07:41 GMT-0500 (Central Daylight Time),512770.0,A,win,I,n,75,,398.3999999910593,512371.60000000894,33333,WL,B,7.0
5,9.867000102996826,learn,60000.0,Sun Jun 07 2026 19:07:41 GMT-0500 (Central Daylight Time),512819.60000000894,A,wind,I,d,35,,448.0,512371.60000000894,33333,WL,B,7.0
5,9.968000173568726,learn,60000.0,Sun Jun 07 2026 19:07:41 GMT-0500 (Central Daylight Time),512920.8000000119,A,windo,I,o,89,,549.2000000029802,512371.60000000894,33333,WL,B,7.0
5,10.032999992370605,learn,60000.0,Sun Jun 07 2026 19:07:41 GMT-0500 (Central Daylight Time),512986.3000000119,A,window,I,w,51,,614.7000000029802,512371.60000000894,33333,WL,B,7.0
5,10.617000102996826,learn,60000.0,Sun Jun 07 2026 19:07:41 GMT-0500 (Central Daylight Time),513570.0,A,windowenter,I,enter,567,,1198.3999999910593,512371.60000000894,33333,WL,B,7.0
5,10.900000095367432,learn,60000.0,Sun Jun 07 2026 19:07:41 GMT-0500 (Central Daylight Time),513853.200000003,A,c,I,c,268,,282.3999999910593,513570.8000000119,33333,WL,B,8.0
5,10.983000040054321,learn,60000.0,Sun Jun 07 2026 19:07:41 GMT-0500 (Central Daylight Time),513936.200000003,A,ci,I,i,68,,365.3999999910593,513570.8000000119,33333,WL,B,8.0
5,11.083000183105469,learn,60000.0,Sun Jun 07 2026 19:07:41 GMT-0500 (Central Daylight Time),514036.200000003,A,cit,I,t,81,,465.3999999910593,513570.8000000119,33333,WL,B,8.0
5,11.183000087738037,learn,60000.0,Sun Jun 07 2026 19:07:41 GMT-0500 (Central Daylight Time),514136.5,A,city,I,y,85,,565.6999999880791,513570.8000000119,33333,WL,B,8.0
5,11.450999975204468,learn,60000.0,Sun Jun 07 2026 19:07:41 GMT-0500 (Central Daylight Time),514403.60000000894,A,cityenter,I,enter,245,,832.7999999970198,513570.8000000119,33333,WL,B,8.0
5,11.733999967575073,learn,60000.0,Sun Jun 07 2026 19:07:41 GMT-0500 (Central Daylight Time),514686.60000000894,A,p,I,p,272,,282.29999999701977,514404.3000000119,33333,WL,B,9.0
5,11.900000095367432,learn,60000.0,Sun Jun 07 2026 19:07:41 GMT-0500 (Central Daylight Time),514853.40000000596,A,pu,I,u,142,,449.09999999403954,514404.3000000119,33333,WL,B,9.0
5,12.567000150680542,learn,60000.0,Sun Jun 07 2026 19:07:41 GMT-0500 (Central Daylight Time),515520.0,A,pup,I,p,641,,1115.699999988079,514404.3000000119,33333,WL,B,9.0
5,12.717000007629395,learn,60000.0,Sun Jun 07 2026 19:07:41 GMT-0500 (Central Daylight Time),515670.0,A,pupi,I,i,134,,1265.699999988079,514404.3000000119,33333,WL,B,9.0
5,12.782999992370605,learn,60000.0,Sun Jun 07 2026 19:07:41 GMT-0500 (Central Daylight Time),515736.5,A,pupil,I,l,49,,1332.199999988079,514404.3000000119,33333,WL,B,9.0
5,13.08400011062622,learn,60000.0,Sun Jun 07 2026 19:07:41 GMT-0500 (Central Daylight Time),516036.700000003,A,pupilenter,I,enter,280,,1632.3999999910593,514404.3000000119,33333,WL,B,9.0
5,13.383000135421753,learn,60000.0,Sun Jun 07 2026 19:07:41 GMT-0500 (Central Daylight Time),516336.60000000894,A,c,I,c,285,,299.29999999701977,516037.3000000119,33333,WL,B,10.0
5,13.450000047683716,learn,60000.0,Sun Jun 07 2026 19:07:41 GMT-0500 (Central Daylight Time),516403.3000000119,A,ca,I,a,50,,366.0,516037.3000000119,33333,WL,B,10.0
5,13.583000183105469,learn,60000.0,Sun Jun 07 2026 19:07:41 GMT-0500 (Central Daylight Time),516536.5,A,cab,I,b,123,,499.19999998807907,516037.3000000119,33333,WL,B,10.0
5,13.700000047683716,learn,60000.0,Sun Jun 07 2026 19:07:41 GMT-0500 (Central Daylight Time),516653.3000000119,A,cabi,I,i,96,,616.0,516037.3000000119,33333,WL,B,10.0
5,13.801000118255615,learn,60000.0,Sun Jun 07 2026 19:07:41 GMT-0500 (Central Daylight Time),516754.200000003,A,cabin,I,n,75,,716.8999999910593,516037.3000000119,33333,WL,B,10.0
5,14.017000198364258,learn,60000.0,Sun Jun 07 2026 19:07:41 GMT-0500 (Central Daylight Time),516970.0,A,cabinenter,I,enter,200,,932.6999999880791,516037.3000000119,33333,WL,B,10.0
5,14.384000062942505,learn,60000.0,Sun Jun 07 2026 19:07:41 GMT-0500 (Central Daylight Time),517336.700000003,A,l,I,l,350,,366.20000000298023,516970.5,33333,WL,B,11.0
5,14.517000198364258,learn,60000.0,Sun Jun 07 2026 19:07:41 GMT-0500 (Central Daylight Time),517469.700000003,A,la,I,a,120,,499.20000000298023,516970.5,33333,WL,B,11.0
5,14.617000102996826,learn,60000.0,Sun Jun 07 2026 19:07:41 GMT-0500 (Central Daylight Time),517570.0,A,lak,I,k,87,,599.5,516970.5,33333,WL,B,11.0
5,14.700000047683716,learn,60000.0,Sun Jun 07 2026 19:07:41 GMT-0500 (Central Daylight Time),517653.3000000119,A,lake,I,e,70,,682.8000000119209,516970.5,33333,WL,B,11.0
5,15.41700005531311,learn,60000.0,Sun Jun 07 2026 19:07:41 GMT-0500 (Central Daylight Time),518370.10000000894,A,lakeenter,I,enter,696,,1399.6000000089407,516970.5,33333,WL,B,11.0
5,16.1010000705719,learn,60000.0,Sun Jun 07 2026 19:07:41 GMT-0500 (Central Daylight Time),519053.700000003,A,p,I,p,665,,682.8999999910593,518370.8000000119,33333,WL,B,12.0
5,16.284000158309937,learn,60000.0,Sun Jun 07 2026 19:07:41 GMT-0500 (Central Daylight Time),519236.700000003,A,pi,I,i,168,,865.8999999910593,518370.8000000119,33333,WL,B,12.0
5,16.367000102996826,learn,60000.0,Sun Jun 07 2026 19:07:41 GMT-0500 (Central Daylight Time),519320.10000000894,A,pip,I,p,59,,949.2999999970198,518370.8000000119,33333,WL,B,12.0
5,16.517000198364258,learn,60000.0,Sun Jun 07 2026 19:07:41 GMT-0500 (Central Daylight Time),519469.90000000596,A,pipe,I,e,139,,1099.0999999940395,518370.8000000119,33333,WL,B,12.0
5,17.017000198364258,learn,60000.0,Sun Jun 07 2026 19:07:41 GMT-0500 (Central Daylight Time),519970.200000003,A,pipeenter,I,enter,487,,1599.3999999910593,518370.8000000119,33333,WL,B,12.0
5,17.267000198364258,learn,60000.0,Sun Jun 07 2026 19:07:41 GMT-0500 (Central Daylight Time),520220.10000000894,A,s,I,s,235,,249.29999999701977,519970.8000000119,33333,WL,B,13.0
5,17.33400011062622,learn,60000.0,Sun Jun 07 2026 19:07:41 GMT-0500 (Central Daylight Time),520286.8000000119,A,sk,I,k,46,,316.0,519970.8000000119,33333,WL,B,13.0
5,17.467000007629395,learn,60000.0,Sun Jun 07 2026 19:07:41 GMT-0500 (Central Daylight Time),520420.0,A,ski,I,i,122,,449.19999998807907,519970.8000000119,33333,WL,B,13.0
5,17.532999992370605,learn,60000.0,Sun Jun 07 2026 19:07:41 GMT-0500 (Central Daylight Time),520486.60000000894,A,skin,I,n,56,,515.7999999970198,519970.8000000119,33333,WL,B,13.0
5,17.800000190734863,learn,60000.0,Sun Jun 07 2026 19:07:41 GMT-0500 (Central Daylight Time),520753.5,A,skinenter,I,enter,249,,782.6999999880791,519970.8000000119,33333,WL,B,13.0
5,18.200999975204468,learn,60000.0,Sun Jun 07 2026 19:07:41 GMT-0500 (Central Daylight Time),521154.40000000596,A,f,I,f,374,,400.09999999403954,520754.3000000119,33333,WL,B,14.0
5,18.33300018310547,learn,60000.0,Sun Jun 07 2026 19:07:41 GMT-0500 (Central Daylight Time),521286.700000003,A,fi,I,i,116,,532.3999999910593,520754.3000000119,33333,WL,B,14.0
5,18.41700005531311,learn,60000.0,Sun Jun 07 2026 19:07:41 GMT-0500 (Central Daylight Time),521370.200000003,A,fir,I,r,68,,615.8999999910593,520754.3000000119,33333,WL,B,14.0
5,18.517000198364258,learn,60000.0,Sun Jun 07 2026 19:07:41 GMT-0500 (Central Daylight Time),521470.0,A,fire,I,e,83,,715.6999999880791,520754.3000000119,33333,WL,B,14.0
5,18.68400001525879,learn,60000.0,Sun Jun 07 2026 19:07:41 GMT-0500 (Central Daylight Time),521636.8000000119,A,fireenter,I,enter,156,,882.5,520754.3000000119,33333,WL,B,14.0
5,18.983999967575073,learn,60000.0,Sun Jun 07 2026 19:07:41 GMT-0500 (Central Daylight Time),521937.10000000894,A,c,I,c,279,,299.79999999701977,521637.3000000119,33333,WL,B,15.0
5,19.067000150680542,learn,60000.0,Sun Jun 07 2026 19:07:41 GMT-0500 (Central Daylight Time),522020.0,A,cl,I,l,64,,382.69999998807907,521637.3000000119,33333,WL,B,15.0
5,19.23300004005432,learn,60000.0,Sun Jun 07 2026 19:07:41 GMT-0500 (Central Daylight Time),522186.5,A,clo,I,o,142,,549.1999999880791,521637.3000000119,33333,WL,B,15.0
5,19.350000143051147,learn,60000.0,Sun Jun 07 2026 19:07:41 GMT-0500 (Central Daylight Time),522303.40000000596,A,cloc,I,c,101,,666.0999999940395,521637.3000000119,33333,WL,B,15.0
5,19.450000047683716,learn,60000.0,Sun Jun 07 2026 19:07:41 GMT-0500 (Central Daylight Time),522403.40000000596,A,clock,I,k,88,,766.0999999940395,521637.3000000119,33333,WL,B,15.0
5,19.817000150680542,learn,60000.0,Sun Jun 07 2026 19:07:41 GMT-0500 (Central Daylight Time),522770.40000000596,A,clockenter,I,enter,343,,1133.0999999940395,521637.3000000119,33333,WL,B,15.0
6,1.8840000629425049,distr,58115.999937057495,Sun Jun 07 2026 19:07:41 GMT-0500 (Central Daylight Time),592289.400000006,B,b,I,b,1868,,1883.9000000059605,590405.5,33333,WL,B,1.0
6,1.9670000076293945,distr,58032.999992370605,Sun Jun 07 2026 19:07:41 GMT-0500 (Central Daylight Time),592372.200000003,B,ba,I,a,68,,1966.7000000029802,590405.5,33333,WL,B,1.0
6,2.067000150680542,distr,57932.99984931946,Sun Jun 07 2026 19:07:41 GMT-0500 (Central Daylight Time),592472.1000000089,B,bab,I,b,85,,2066.6000000089407,590405.5,33333,WL,B,1.0
6,2.68500018119812,distr,57314.99981880188,Sun Jun 07 2026 19:07:41 GMT-0500 (Central Daylight Time),593089.900000006,B,baby,I,y,607,,2684.4000000059605,590405.5,33333,WL,B,1.0
6,3.183000087738037,distr,56816.99991226196,Sun Jun 07 2026 19:07:41 GMT-0500 (Central Daylight Time),593588.5,B,babyenter,I,enter,477,,3183.0,590405.5,33333,WL,B,1.0
6,3.5840001106262207,distr,56415.99988937378,Sun Jun 07 2026 19:07:41 GMT-0500 (Central Daylight Time),593988.900000006,B,o,I,o,389,,400.20000000298023,593588.700000003,33333,WL,B,2.0
6,3.7340002059936523,distr,56265.99979400635,Sun Jun 07 2026 19:07:41 GMT-0500 (Central Daylight Time),594138.700000003,B,oc,I,c,139,,550.0,593588.700000003,33333,WL,B,2.0
6,3.75,distr,56250.0,Sun Jun 07 2026 19:07:41 GMT-0500 (Central Daylight Time),594155.3000000119,B,oca,I,a,4,,566.6000000089407,593588.700000003,33333,WL,B,2.0
6,4.151000022888184,distr,55848.99997711182,Sun Jun 07 2026 19:07:41 GMT-0500 (Central Daylight Time),594555.700000003,B,oc,I,backspace,380,,967.0,593588.700000003,33333,WL,B,2.0
6,4.402000188827515,distr,55597.999811172485,Sun Jun 07 2026 19:07:41 GMT-0500 (Central Daylight Time),594806.8000000119,B,oce,I,e,240,,1218.1000000089407,593588.700000003,33333,WL,B,2.0
6,4.4670000076293945,distr,55532.999992370605,Sun Jun 07 2026 19:07:41 GMT-0500 (Central Daylight Time),594872.1000000089,B,ocea,I,a,51,,1283.4000000059605,593588.700000003,33333,WL,B,2.0
6,4.617000102996826,distr,55382.999897003174,Sun Jun 07 2026 19:07:41 GMT-0500 (Central Daylight Time),595022.200000003,B,ocean,I,n,141,,1433.5,593588.700000003,33333,WL,B,2.0
6,5.384000062942505,distr,54615.999937057495,Sun Jun 07 2026 19:07:41 GMT-0500 (Central Daylight Time),595788.900000006,B,oceanenter,I,enter,750,,2200.2000000029802,593588.700000003,33333,WL,B,2.0
6,5.801000118255615,distr,54198.999881744385,Sun Jun 07 2026 19:07:41 GMT-0500 (Central Daylight Time),596205.6000000089,B,p,I,p,401,,416.0,595789.6000000089,33333,WL,B,3.0
6,5.91700005531311,distr,54082.99994468689,Sun Jun 07 2026 19:07:41 GMT-0500 (Central Daylight Time),596322.6000000089,B,pa,I,a,94,,533.0,595789.6000000089,33333,WL,B,3.0
6,6.067000150680542,distr,53932.99984931946,Sun Jun 07 2026 19:07:41 GMT-0500 (Central Daylight Time),596472.400000006,B,pal,I,l,129,,682.7999999970198,595789.6000000089,33333,WL,B,3.0
6,6.201000213623047,distr,53798.99978637695,Sun Jun 07 2026 19:07:41 GMT-0500 (Central Daylight Time),596605.8000000119,B,pala,I,a,111,,816.2000000029802,595789.6000000089,33333,WL,B,3.0
6,6.468000173568726,distr,53531.999826431274,Sun Jun 07 2026 19:07:41 GMT-0500 (Central Daylight Time),596872.700000003,B,palac,I,c,257,,1083.0999999940395,595789.6000000089,33333,WL,B,3.0
6,6.734000205993652,distr,53265.99979400635,Sun Jun 07 2026 19:07:41 GMT-0500 (Central Daylight Time),597139.0,B,palace,I,e,244,,1349.3999999910593,595789.6000000089,33333,WL,B,3.0
6,7.151000022888184,distr,52848.99997711182,Sun Jun 07 2026 19:07:41 GMT-0500 (Central Daylight Time),597555.700000003,B,palaceenter,I,enter,395,,1766.0999999940395,595789.6000000089,33333,WL,B,3.0
6,7.418000221252441,distr,52581.99977874756,Sun Jun 07 2026 19:07:41 GMT-0500 (Central Daylight Time),597823.400000006,B,l,I,l,257,,266.90000000596046,597556.5,33333,WL,B,4.0
6,7.651000022888184,distr,52348.99997711182,Sun Jun 07 2026 19:07:41 GMT-0500 (Central Daylight Time),598055.6000000089,B,li,I,i,219,,499.1000000089407,597556.5,33333,WL,B,4.0
6,7.767000198364258,distr,52232.99980163574,Sun Jun 07 2026 19:07:41 GMT-0500 (Central Daylight Time),598172.400000006,B,lip,I,p,96,,615.9000000059605,597556.5,33333,WL,B,4.0
6,8.58400011062622,distr,51415.99988937378,Sun Jun 07 2026 19:07:41 GMT-0500 (Central Daylight Time),598989.0,B,lipenter,I,enter,794,,1432.5,597556.5,33333,WL,B,4.0
6,9.784000158309937,distr,50215.99984169006,Sun Jun 07 2026 19:07:41 GMT-0500 (Central Daylight Time),600189.1000000089,B,b,I,b,1175,,1199.2000000029802,598989.900000006,33333,WL,B,5.0
6,9.884000062942505,distr,50115.999937057495,Sun Jun 07 2026 19:07:41 GMT-0500 (Central Daylight Time),600288.900000006,B,ba,I,a,80,,1299.0,598989.900000006,33333,WL,B,5.0
6,10.034000158309937,distr,49965.99984169006,Sun Jun 07 2026 19:07:41 GMT-0500 (Central Daylight Time),600439.6000000089,B,bar,I,r,141,,1449.7000000029802,598989.900000006,33333,WL,B,5.0
6,11.751000165939331,distr,48248.99983406067,Sun Jun 07 2026 19:07:41 GMT-0500 (Central Daylight Time),602156.6000000089,B,barenter,I,enter,1694,,3166.7000000029802,598989.900000006,33333,WL,B,5.0
6,16.26800012588501,distr,43731.99987411499,Sun Jun 07 2026 19:07:41 GMT-0500 (Central Daylight Time),606673.0,B,d,I,d,4492,,4515.699999988079,602157.3000000119,33333,WL,B,6.0
6,16.485000133514404,distr,43514.999866485596,Sun Jun 07 2026 19:07:41 GMT-0500 (Central Daylight Time),606890.200000003,B,dr,I,r,198,,4732.899999991059,602157.3000000119,33333,WL,B,6.0
6,16.534000158309937,distr,43465.99984169006,Sun Jun 07 2026 19:07:41 GMT-0500 (Central Daylight Time),606939.0,B,dre,I,e,27,,4781.699999988079,602157.3000000119,33333,WL,B,6.0
6,16.66700005531311,distr,43332.99994468689,Sun Jun 07 2026 19:07:41 GMT-0500 (Central Daylight Time),607072.5,B,dres,I,s,122,,4915.199999988079,602157.3000000119,33333,WL,B,6.0
6,16.901000022888184,distr,43098.99997711182,Sun Jun 07 2026 19:07:41 GMT-0500 (Central Daylight Time),607306.1000000089,B,dress,I,s,219,,5148.79999999702,602157.3000000119,33333,WL,B,6.0
6,17.868000030517578,distr,42131.99996948242,Sun Jun 07 2026 19:07:41 GMT-0500 (Central Daylight Time),608272.900000006,B,dressenter,I,enter,941,,6115.5999999940395,602157.3000000119,33333,WL,B,6.0
6,18.318000078201294,distr,41681.999921798706,Sun Jun 07 2026 19:07:41 GMT-0500 (Central Daylight Time),608722.8000000119,B,s,I,s,426,,449.1000000089407,608273.700000003,33333,WL,B,7.0
6,18.43400001525879,distr,41565.99998474121,Sun Jun 07 2026 19:07:41 GMT-0500 (Central Daylight Time),608838.900000006,B,st,I,t,90,,565.2000000029802,608273.700000003,33333,WL,B,7.0
6,18.517000198364258,distr,41482.99980163574,Sun Jun 07 2026 19:07:41 GMT-0500 (Central Daylight Time),608922.3000000119,B,ste,I,e,72,,648.6000000089407,608273.700000003,33333,WL,B,7.0
6,18.58400011062622,distr,41415.99988937378,Sun Jun 07 2026 19:07:41 GMT-0500 (Central Daylight Time),608989.1000000089,B,stea,I,a,56,,715.4000000059605,608273.700000003,33333,WL,B,7.0
6,18.75100016593933,distr,41248.99983406067,Sun Jun 07 2026 19:07:41 GMT-0500 (Central Daylight Time),609156.0,B,steam,I,m,148,,882.2999999970198,608273.700000003,33333,WL,B,7.0
6,18.93400001525879,distr,41065.99998474121,Sun Jun 07 2026 19:07:41 GMT-0500 (Central Daylight Time),609339.400000006,B,steami,I,i,166,,1065.7000000029802,608273.700000003,33333,WL,B,7.0
6,19.01800012588501,distr,40981.99987411499,Sun Jun 07 2026 19:07:41 GMT-0500 (Central Daylight Time),609423.400000006,B,steamin,I,n,72,,1149.7000000029802,608273.700000003,33333,WL,B,7.0
6,19.151000022888184,distr,40848.99997711182,Sun Jun 07 2026 19:07:41 GMT-0500 (Central Daylight Time),609556.0,B,steaming,I,g,122,,1282.2999999970198,608273.700000003,33333,WL,B,7.0
6,20.26800012588501,distr,39731.99987411499,Sun Jun 07 2026 19:07:41 GMT-0500 (Central Daylight Time),610672.900000006,B,steamingenter,I,enter,1100,,2399.2000000029802,608273.700000003,33333,WL,B,7.0
6,22.034000158309937,distr,37965.99984169006,Sun Jun 07 2026 19:07:41 GMT-0500 (Central Daylight Time),612439.400000006,B,c,I,c,1744,,1765.7999999970198,610673.6000000089,33333,WL,B,8.0
6,22.151000022888184,distr,37848.99997711182,Sun Jun 07 2026 19:07:41 GMT-0500 (Central Daylight Time),612555.8000000119,B,co,I,o,90,,1882.2000000029802,610673.6000000089,33333,WL,B,8.0
6,22.201000213623047,distr,37798.99978637695,Sun Jun 07 2026 19:07:41 GMT-0500 (Central Daylight Time),612606.1000000089,B,coi,I,i,44,,1932.5,610673.6000000089,33333,WL,B,8.0
6,22.367000102996826,distr,37632.999897003174,Sun Jun 07 2026 19:07:41 GMT-0500 (Central Daylight Time),612772.700000003,B,coin,I,n,157,,2099.0999999940395,610673.6000000089,33333,WL,B,8.0
6,24.08400011062622,distr,35915.99988937378,Sun Jun 07 2026 19:07:41 GMT-0500 (Central Daylight Time),614489.5,B,coinenter,I,enter,1698,,3815.8999999910593,610673.6000000089,33333,WL,B,8.0
6,24.368000030517578,distr,35631.99996948242,Sun Jun 07 2026 19:07:41 GMT-0500 (Central Daylight Time),614773.0,B,r,I,r,263,,282.69999998807907,614490.3000000119,33333,WL,B,9.0
6,24.451000213623047,distr,35548.99978637695,Sun Jun 07 2026 19:07:41 GMT-0500 (Central Daylight Time),614856.1000000089,B,ro,I,o,67,,365.79999999701977,614490.3000000119,33333,WL,B,9.0
6,24.617000102996826,distr,35382.999897003174,Sun Jun 07 2026 19:07:41 GMT-0500 (Central Daylight Time),615022.8000000119,B,roc,I,c,143,,532.5,614490.3000000119,33333,WL,B,9.0
6,24.734000205993652,distr,35265.99979400635,Sun Jun 07 2026 19:07:41 GMT-0500 (Central Daylight Time),615139.5,B,rock,I,k,94,,649.1999999880791,614490.3000000119,33333,WL,B,9.0
6,25.83400011062622,distr,34165.99988937378,Sun Jun 07 2026 19:07:41 GMT-0500 (Central Daylight Time),616239.6000000089,B,rockenter,I,enter,1084,,1749.2999999970198,614490.3000000119,33333,WL,B,9.0
6,26.43500018119812,distr,33564.99981880188,Sun Jun 07 2026 19:07:41 GMT-0500 (Central Daylight Time),616839.900000006,B,a,I,a,579,,599.5999999940395,616240.3000000119,33333,WL,B,10.0
6,26.534000158309937,distr,33465.99984169006,Sun Jun 07 2026 19:07:41 GMT-0500 (Central Daylight Time),616939.6000000089,B,ar,I,r,74,,699.2999999970198,616240.3000000119,33333,WL,B,10.0
6,26.634000062942505,distr,33365.999937057495,Sun Jun 07 2026 19:07:41 GMT-0500 (Central Daylight Time),617039.3000000119,B,arm,I,m,88,,799.0,616240.3000000119,33333,WL,B,10.0
6,26.868000030517578,distr,33131.99996948242,Sun Jun 07 2026 19:07:41 GMT-0500 (Central Daylight Time),617272.900000006,B,army,I,y,219,,1032.5999999940395,616240.3000000119,33333,WL,B,10.0
6,27.301000118255615,distr,32698.999881744385,Sun Jun 07 2026 19:07:41 GMT-0500 (Central Daylight Time),617706.3000000119,B,armyenter,I,enter,410,,1466.0,616240.3000000119,33333,WL,B,10.0
6,30.00100016593933,distr,29998.99983406067,Sun Jun 07 2026 19:07:41 GMT-0500 (Central Daylight Time),620406.3000000119,B,b,I,b,2676,,2699.4000000059605,617706.900000006,33333,WL,B,11.0
6,30.118000030517578,distr,29881.999969482422,Sun Jun 07 2026 19:07:41 GMT-0500 (Central Daylight Time),620523.8000000119,B,bu,I,u,100,,2816.9000000059605,617706.900000006,33333,WL,B,11.0
6,30.18400001525879,distr,29815.99998474121,Sun Jun 07 2026 19:07:41 GMT-0500 (Central Daylight Time),620589.400000006,B,bui,I,i,45,,2882.5,617706.900000006,33333,WL,B,11.0
6,30.218000173568726,distr,29781.999826431274,Sun Jun 07 2026 19:07:41 GMT-0500 (Central Daylight Time),620623.400000006,B,buil,I,l,26,,2916.5,617706.900000006,33333,WL,B,11.0
6,30.317000150680542,distr,29682.999849319458,Sun Jun 07 2026 19:07:41 GMT-0500 (Central Daylight Time),620722.6000000089,B,build,I,d,84,,3015.7000000029802,617706.900000006,33333,WL,B,11.0
6,30.402000188827515,distr,29597.999811172485,Sun Jun 07 2026 19:07:41 GMT-0500 (Central Daylight Time),620806.900000006,B,buildi,I,i,73,,3100.0,617706.900000006,33333,WL,B,11.0
6,30.51800012588501,distr,29481.99987411499,Sun Jun 07 2026 19:07:41 GMT-0500 (Central Daylight Time),620923.0,B,buildin,I,n,104,,3216.0999999940395,617706.900000006,33333,WL,B,11.0
6,30.567000150680542,distr,29432.999849319458,Sun Jun 07 2026 19:07:41 GMT-0500 (Central Daylight Time),620972.6000000089,B,building,I,g,39,,3265.7000000029802,617706.900000006,33333,WL,B,11.0
6,31.201000213623047,distr,28798.999786376953,Sun Jun 07 2026 19:07:41 GMT-0500 (Central Daylight Time),621606.400000006,B,buildingenter,I,enter,620,,3899.5,617706.900000006,33333,WL,B,11.0
6,32.11800003051758,distr,27881.999969482422,Sun Jun 07 2026 19:07:41 GMT-0500 (Central Daylight Time),622523.3000000119,B,f,I,f,892,,916.4000000059605,621606.900000006,33333,WL,B,12.0
6,32.33400011062622,distr,27665.99988937378,Sun Jun 07 2026 19:07:41 GMT-0500 (Central Daylight Time),622739.6000000089,B,fr,I,r,205,,1132.7000000029802,621606.900000006,33333,WL,B,12.0
6,32.45100021362305,distr,27548.999786376953,Sun Jun 07 2026 19:07:41 GMT-0500 (Central Daylight Time),622856.700000003,B,fri,I,i,94,,1249.7999999970198,621606.900000006,33333,WL,B,12.0
6,32.51800012588501,distr,27481.99987411499,Sun Jun 07 2026 19:07:41 GMT-0500 (Central Daylight Time),622923.3000000119,B,frie,I,e,57,,1316.4000000059605,621606.900000006,33333,WL,B,12.0
6,32.634000062942505,distr,27365.999937057495,Sun Jun 07 2026 19:07:41 GMT-0500 (Central Daylight Time),623039.900000006,B,frien,I,n,94,,1433.0,621606.900000006,33333,WL,B,12.0
6,32.735000133514404,distr,27264.999866485596,Sun Jun 07 2026 19:07:41 GMT-0500 (Central Daylight Time),623140.5,B,friend,I,d,87,,1533.5999999940395,621606.900000006,33333,WL,B,12.0
6,33.05200004577637,distr,26947.999954223633,Sun Jun 07 2026 19:07:41 GMT-0500 (Central Daylight Time),623457.200000003,B,friendenter,I,enter,303,,1850.2999999970198,621606.900000006,33333,WL,B,12.0
6,33.86800003051758,distr,26131.999969482422,Sun Jun 07 2026 19:07:41 GMT-0500 (Central Daylight Time),624273.200000003,B,s,I,s,802,,815.5,623457.700000003,33333,WL,B,13.0
6,33.968000173568726,distr,26031.999826431274,Sun Jun 07 2026 19:07:41 GMT-0500 (Central Daylight Time),624373.1000000089,B,st,I,t,85,,915.4000000059605,623457.700000003,33333,WL,B,13.0
6,34.068000078201294,distr,25931.999921798706,Sun Jun 07 2026 19:07:41 GMT-0500 (Central Daylight Time),624473.1000000089,B,sto,I,o,86,,1015.4000000059605,623457.700000003,33333,WL,B,13.0
6,34.16800022125244,distr,25831.99977874756,Sun Jun 07 2026 19:07:41 GMT-0500 (Central Daylight Time),624573.1000000089,B,stor,I,r,74,,1115.4000000059605,623457.700000003,33333,WL,B,13.0
6,34.26800012588501,distr,25731.99987411499,Sun Jun 07 2026 19:07:41 GMT-0500 (Central Daylight Time),624673.1000000089,B,storm,I,m,79,,1215.4000000059605,623457.700000003,33333,WL,B,13.0
6,35.25100016593933,distr,24748.99983406067,Sun Jun 07 2026 19:07:41 GMT-0500 (Central Daylight Time),625656.6000000089,B,stormenter,I,enter,965,,2198.9000000059605,623457.700000003,33333,WL,B,13.0
6,35.718000173568726,distr,24281.999826431274,Sun Jun 07 2026 19:07:41 GMT-0500 (Central Daylight Time),626123.3000000119,B,v,I,v,445,,465.80000001192093,625657.5,33333,WL,B,14.0
6,35.818000078201294,distr,24181.999921798706,Sun Jun 07 2026 19:07:41 GMT-0500 (Central Daylight Time),626223.1000000089,B,vi,I,i,76,,565.6000000089407,625657.5,33333,WL,B,14.0
6,35.86800003051758,distr,24131.999969482422,Sun Jun 07 2026 19:07:41 GMT-0500 (Central Daylight Time),626273.1000000089,B,vil,I,l,38,,615.6000000089407,625657.5,33333,WL,B,14.0
6,36.01700019836426,distr,23982.999801635742,Sun Jun 07 2026 19:07:41 GMT-0500 (Central Daylight Time),626422.8000000119,B,vill,I,l,136,,765.3000000119209,625657.5,33333,WL,B,14.0
6,36.08400011062622,distr,23915.99988937378,Sun Jun 07 2026 19:07:41 GMT-0500 (Central Daylight Time),626489.900000006,B,villa,I,a,61,,832.4000000059605,625657.5,33333,WL,B,14.0
6,36.20100021362305,distr,23798.999786376953,Sun Jun 07 2026 19:07:41 GMT-0500 (Central Daylight Time),626606.6000000089,B,villag,I,g,101,,949.1000000089407,625657.5,33333,WL,B,14.0
6,36.25100016593933,distr,23748.99983406067,Sun Jun 07 2026 19:07:41 GMT-0500 (Central Daylight Time),626656.200000003,B,village,I,e,34,,998.7000000029802,625657.5,33333,WL,B,14.0
6,36.48400020599365,distr,23515.999794006348,Sun Jun 07 2026 19:07:41 GMT-0500 (Central Daylight Time),626889.900000006,B,villageenter,I,enter,218,,1232.4000000059605,625657.5,33333,WL,B,14.0
6,36.76800012588501,distr,23231.99987411499,Sun Jun 07 2026 19:07:41 GMT-0500 (Central Daylight Time),627173.200000003,B,c,I,c,262,,282.70000000298023,626890.5,33333,WL,B,15.0
6,36.95100021362305,distr,23048.999786376953,Sun Jun 07 2026 19:07:41 GMT-0500 (Central Daylight Time),627356.5,B,ce,I,e,162,,466.0,626890.5,33333,WL,B,15.0
6,37.03500008583069,distr,22964.99991416931,Sun Jun 07 2026 19:07:41 GMT-0500 (Central Daylight Time),627440.700000003,B,ceg,I,g,70,,550.2000000029802,626890.5,33333,WL,B,15.0
6,37.3510000705719,distr,22648.9999294281,Sun Jun 07 2026 19:07:41 GMT-0500 (Central Daylight Time),627756.6000000089,B,ce,I,backspace,295,,866.1000000089407,626890.5,33333,WL,B,15.0
6,37.58400011062622,distr,22415.99988937378,Sun Jun 07 2026 19:07:41 GMT-0500 (Central Daylight Time),627989.8000000119,B,cel,I,l,213,,1099.300000011921,626890.5,33333,WL,B,15.0
6,37.7020001411438,distr,22297.9998588562,Sun Jun 07 2026 19:07:41 GMT-0500 (Central Daylight Time),628107.200000003,B,cell,I,l,107,,1216.7000000029802,626890.5,33333,WL,B,15.0
6,37.95100021362305,distr,22048.999786376953,Sun Jun 07 2026 19:07:41 GMT-0500 (Central Daylight Time),628356.6000000089,B,cellenter,I,enter,232,,1466.1000000089407,626890.5,33333,WL,B,15.0
7,2.4170000553131104,immed,57582.99994468689,Sun Jun 07 2026 19:07:41 GMT-0500 (Central Daylight Time),633890.1000000089,A,b,I,b,2404,,2416.4000000059605,631473.700000003,33333,WL,B,1.0
7,2.5,immed,57500.0,Sun Jun 07 2026 19:07:41 GMT-0500 (Central Daylight Time),633973.3000000119,A,ba,I,a,63,,2499.6000000089407,631473.700000003,33333,WL,B,1.0
7,2.566999912261963,immed,57433.00008773804,Sun Jun 07 2026 19:07:41 GMT-0500 (Central Daylight Time),634040.400000006,A,bab,I,b,57,,2566.7000000029802,631473.700000003,33333,WL,B,1.0
7,2.7330000400543213,immed,57266.99995994568,Sun Jun 07 2026 19:07:41 GMT-0500 (Central Daylight Time),634206.5,A,baby,I,y,159,,2732.7999999970198,631473.700000003,33333,WL,B,1.0
7,3.4000000953674316,immed,56599.99990463257,Sun Jun 07 2026 19:07:41 GMT-0500 (Central Daylight Time),634873.6000000089,A,babyenter,I,enter,655,,3399.9000000059605,631473.700000003,33333,WL,B,1.0
7,3.883000135421753,immed,56116.99986457825,Sun Jun 07 2026 19:07:41 GMT-0500 (Central Daylight Time),635356.900000006,A,o,I,o,465,,482.70000000298023,634874.200000003,33333,WL,B,2.0
7,4.0,immed,56000.0,Sun Jun 07 2026 19:07:41 GMT-0500 (Central Daylight Time),635473.3000000119,A,oc,I,c,97,,599.1000000089407,634874.200000003,33333,WL,B,2.0
7,4.200000047683716,immed,55799.999952316284,Sun Jun 07 2026 19:07:41 GMT-0500 (Central Daylight Time),635673.3000000119,A,oce,I,e,184,,799.1000000089407,634874.200000003,33333,WL,B,2.0
7,4.266000032424927,immed,55733.99996757507,Sun Jun 07 2026 19:07:41 GMT-0500 (Central Daylight Time),635740.0,A,ocea,I,a,53,,865.7999999970198,634874.200000003,33333,WL,B,2.0
7,4.416000127792358,immed,55583.99987220764,Sun Jun 07 2026 19:07:41 GMT-0500 (Central Daylight Time),635889.700000003,A,ocean,I,n,134,,1015.5,634874.200000003,33333,WL,B,2.0
7,4.950000047683716,immed,55049.999952316284,Sun Jun 07 2026 19:07:41 GMT-0500 (Central Daylight Time),636423.3000000119,A,oceanenter,I,enter,520,,1549.1000000089407,634874.200000003,33333,WL,B,2.0
7,5.2829999923706055,immed,54717.000007629395,Sun Jun 07 2026 19:07:41 GMT-0500 (Central Daylight Time),636756.8000000119,A,p,I,p,313,,332.90000000596046,636423.900000006,33333,WL,B,3.0
7,5.383000135421753,immed,54616.99986457825,Sun Jun 07 2026 19:07:41 GMT-0500 (Central Daylight Time),636856.6000000089,A,pa,I,a,87,,432.70000000298023,636423.900000006,33333,WL,B,3.0
7,5.4670000076293945,immed,54532.999992370605,Sun Jun 07 2026 19:07:41 GMT-0500 (Central Daylight Time),636940.1000000089,A,pal,I,l,71,,516.2000000029802,636423.900000006,33333,WL,B,3.0
7,5.766999959945679,immed,54233.00004005432,Sun Jun 07 2026 19:07:41 GMT-0500 (Central Daylight Time),637240.200000003,A,pala,I,a,277,,816.2999999970198,636423.900000006,33333,WL,B,3.0
7,5.983000040054321,immed,54016.99995994568,Sun Jun 07 2026 19:07:41 GMT-0500 (Central Daylight Time),637456.8000000119,A,palac,I,c,196,,1032.9000000059605,636423.900000006,33333,WL,B,3.0
7,6.166000127792358,immed,53833.99987220764,Sun Jun 07 2026 19:07:41 GMT-0500 (Central Daylight Time),637640.0,A,palace,I,e,165,,1216.0999999940395,636423.900000006,33333,WL,B,3.0
7,6.266000032424927,immed,53733.99996757507,Sun Jun 07 2026 19:07:41 GMT-0500 (Central Daylight Time),637740.0,A,palaceenter,I,enter,86,,1316.0999999940395,636423.900000006,33333,WL,B,3.0
7,6.5329999923706055,immed,53467.000007629395,Sun Jun 07 2026 19:07:41 GMT-0500 (Central Daylight Time),638007.0,A,l,I,l,243,,266.5,637740.5,33333,WL,B,4.0
7,6.7170000076293945,immed,53282.999992370605,Sun Jun 07 2026 19:07:41 GMT-0500 (Central Daylight Time),638190.400000006,A,li,I,i,169,,449.90000000596046,637740.5,33333,WL,B,4.0
7,6.7829999923706055,immed,53217.000007629395,Sun Jun 07 2026 19:07:41 GMT-0500 (Central Daylight Time),638256.8000000119,A,lip,I,p,43,,516.3000000119209,637740.5,33333,WL,B,4.0
7,7.766999959945679,immed,52233.00004005432,Sun Jun 07 2026 19:07:41 GMT-0500 (Central Daylight Time),639240.5,A,lips,I,s,962,,1500.0,637740.5,33333,WL,B,4.0
7,9.217000007629395,immed,50782.999992370605,Sun Jun 07 2026 19:07:41 GMT-0500 (Central Daylight Time),640690.200000003,A,lipsenter,I,enter,1431,,2949.7000000029802,637740.5,33333,WL,B,4.0
7,9.433000087738037,immed,50566.99991226196,Sun Jun 07 2026 19:07:41 GMT-0500 (Central Daylight Time),640906.8000000119,A,b,I,b,204,,216.0,640690.8000000119,33333,WL,B,5.0
7,9.549999952316284,immed,50450.000047683716,Sun Jun 07 2026 19:07:41 GMT-0500 (Central Daylight Time),641023.6000000089,A,ba,I,a,90,,332.79999999701977,640690.8000000119,33333,WL,B,5.0
7,9.683000087738037,immed,50316.99991226196,Sun Jun 07 2026 19:07:41 GMT-0500 (Central Daylight Time),641156.900000006,A,bar,I,r,123,,466.09999999403954,640690.8000000119,33333,WL,B,5.0
7,10.266999959945679,immed,49733.00004005432,Sun Jun 07 2026 19:07:41 GMT-0500 (Central Daylight Time),641741.1000000089,A,barenter,I,enter,573,,1050.2999999970198,640690.8000000119,33333,WL,B,5.0
7,10.566999912261963,immed,49433.00008773804,Sun Jun 07 2026 19:07:41 GMT-0500 (Central Daylight Time),642040.3000000119,A,d,I,d,274,,298.5,641741.8000000119,33333,WL,B,6.0
7,10.799999952316284,immed,49200.000047683716,Sun Jun 07 2026 19:07:41 GMT-0500 (Central Daylight Time),642273.400000006,A,dr,I,r,220,,531.5999999940395,641741.8000000119,33333,WL,B,6.0
7,10.865000009536743,immed,49134.99999046326,Sun Jun 07 2026 19:07:41 GMT-0500 (Central Daylight Time),642339.0,A,dre,I,e,53,,597.1999999880791,641741.8000000119,33333,WL,B,6.0
7,10.967000007629395,immed,49032.999992370605,Sun Jun 07 2026 19:07:41 GMT-0500 (Central Daylight Time),642440.3000000119,A,dres,I,s,88,,698.5,641741.8000000119,33333,WL,B,6.0
7,11.150000095367432,immed,48849.99990463257,Sun Jun 07 2026 19:07:41 GMT-0500 (Central Daylight Time),642623.5,A,dress,I,s,172,,881.6999999880791,641741.8000000119,33333,WL,B,6.0
7,11.33299994468689,immed,48667.00005531311,Sun Jun 07 2026 19:07:41 GMT-0500 (Central Daylight Time),642806.900000006,A,dressenter,I,enter,165,,1065.0999999940395,641741.8000000119,33333,WL,B,6.0
7,11.883000135421753,immed,48116.99986457825,Sun Jun 07 2026 19:07:41 GMT-0500 (Central Daylight Time),643356.900000006,A,s,I,s,536,,549.5999999940395,642807.3000000119,33333,WL,B,7.0
7,12.0,immed,48000.0,Sun Jun 07 2026 19:07:41 GMT-0500 (Central Daylight Time),643473.400000006,A,st,I,t,106,,666.0999999940395,642807.3000000119,33333,WL,B,7.0
7,12.100000143051147,immed,47899.99985694885,Sun Jun 07 2026 19:07:41 GMT-0500 (Central Daylight Time),643573.900000006,A,ste,I,e,81,,766.5999999940395,642807.3000000119,33333,WL,B,7.0
7,12.150000095367432,immed,47849.99990463257,Sun Jun 07 2026 19:07:41 GMT-0500 (Central Daylight Time),643623.700000003,A,stea,I,a,40,,816.3999999910593,642807.3000000119,33333,WL,B,7.0
7,12.266999959945679,immed,47733.00004005432,Sun Jun 07 2026 19:07:41 GMT-0500 (Central Daylight Time),643740.200000003,A,steam,I,m,97,,932.8999999910593,642807.3000000119,33333,WL,B,7.0
7,12.850000143051147,immed,47149.99985694885,Sun Jun 07 2026 19:07:41 GMT-0500 (Central Daylight Time),644323.6000000089,A,steamenter,I,enter,570,,1516.2999999970198,642807.3000000119,33333,WL,B,7.0
7,13.467000007629395,immed,46532.999992370605,Sun Jun 07 2026 19:07:41 GMT-0500 (Central Daylight Time),644940.400000006,A,c,I,c,596,,616.0999999940395,644324.3000000119,33333,WL,B,8.0
7,13.532999992370605,immed,46467.000007629395,Sun Jun 07 2026 19:07:41 GMT-0500 (Central Daylight Time),645006.900000006,A,co,I,o,54,,682.5999999940395,644324.3000000119,33333,WL,B,8.0
7,13.634000062942505,immed,46365.999937057495,Sun Jun 07 2026 19:07:41 GMT-0500 (Central Daylight Time),645107.900000006,A,coi,I,i,88,,783.5999999940395,644324.3000000119,33333,WL,B,8.0
7,13.83400011062622,immed,46165.99988937378,Sun Jun 07 2026 19:07:41 GMT-0500 (Central Daylight Time),645308.200000003,A,coin,I,n,179,,983.8999999910593,644324.3000000119,33333,WL,B,8.0
7,14.75,immed,45250.0,Sun Jun 07 2026 19:07:41 GMT-0500 (Central Daylight Time),646223.700000003,A,coinenter,I,enter,903,,1899.3999999910593,644324.3000000119,33333,WL,B,8.0
7,16.08299994468689,immed,43917.00005531311,Sun Jun 07 2026 19:07:41 GMT-0500 (Central Daylight Time),647557.1000000089,A,r,I,r,1309,,1332.7000000029802,646224.400000006,33333,WL,B,9.0
7,16.183000087738037,immed,43816.99991226196,Sun Jun 07 2026 19:07:41 GMT-0500 (Central Daylight Time),647657.0,A,ro,I,o,74,,1432.5999999940395,646224.400000006,33333,WL,B,9.0
7,16.299999952316284,immed,43700.000047683716,Sun Jun 07 2026 19:07:41 GMT-0500 (Central Daylight Time),647773.8000000119,A,roc,I,c,94,,1549.4000000059605,646224.400000006,33333,WL,B,9.0
7,16.384000062942505,immed,43615.999937057495,Sun Jun 07 2026 19:07:41 GMT-0500 (Central Daylight Time),647858.0,A,rock,I,k,65,,1633.5999999940395,646224.400000006,33333,WL,B,9.0
7,16.65000009536743,immed,43349.99990463257,Sun Jun 07 2026 19:07:41 GMT-0500 (Central Daylight Time),648123.900000006,A,rockenter,I,enter,246,,1899.5,646224.400000006,33333,WL,B,9.0
7,17.634000062942505,immed,42365.999937057495,Sun Jun 07 2026 19:07:41 GMT-0500 (Central Daylight Time),649107.5,A,a,I,a,966,,982.7999999970198,648124.700000003,33333,WL,B,10.0
7,17.75,immed,42250.0,Sun Jun 07 2026 19:07:41 GMT-0500 (Central Daylight Time),649223.900000006,A,ar,I,r,96,,1099.2000000029802,648124.700000003,33333,WL,B,10.0
7,17.850000143051147,immed,42149.99985694885,Sun Jun 07 2026 19:07:41 GMT-0500 (Central Daylight Time),649323.5,A,arm,I,m,78,,1198.7999999970198,648124.700000003,33333,WL,B,10.0
7,18.032999992370605,immed,41967.000007629395,Sun Jun 07 2026 19:07:41 GMT-0500 (Central Daylight Time),649507.200000003,A,army,I,y,173,,1382.5,648124.700000003,33333,WL,B,10.0
7,18.282999992370605,immed,41717.000007629395,Sun Jun 07 2026 19:07:41 GMT-0500 (Central Daylight Time),649757.200000003,A,armyenter,I,enter,235,,1632.5,648124.700000003,33333,WL,B,10.0
7,19.700000047683716,immed,40299.999952316284,Sun Jun 07 2026 19:07:41 GMT-0500 (Central Daylight Time),651174.0,A,b,I,b,1402,,1416.0999999940395,649757.900000006,33333,WL,B,11.0
7,19.782999992370605,immed,40217.000007629395,Sun Jun 07 2026 19:07:41 GMT-0500 (Central Daylight Time),651257.200000003,A,bu,I,u,65,,1499.2999999970198,649757.900000006,33333,WL,B,11.0
7,19.81599998474121,immed,40184.00001525879,Sun Jun 07 2026 19:07:41 GMT-0500 (Central Daylight Time),651290.1000000089,A,bui,I,i,23,,1532.2000000029802,649757.900000006,33333,WL,B,11.0
7,19.883000135421753,immed,40116.99986457825,Sun Jun 07 2026 19:07:41 GMT-0500 (Central Daylight Time),651356.8000000119,A,buil,I,l,49,,1598.9000000059605,649757.900000006,33333,WL,B,11.0
7,20.000999927520752,immed,39999.00007247925,Sun Jun 07 2026 19:07:41 GMT-0500 (Central Daylight Time),651474.700000003,A,build,I,d,98,,1716.7999999970198,649757.900000006,33333,WL,B,11.0
7,20.08299994468689,immed,39917.00005531311,Sun Jun 07 2026 19:07:41 GMT-0500 (Central Daylight Time),651557.200000003,A,buildi,I,i,71,,1799.2999999970198,649757.900000006,33333,WL,B,11.0
7,20.183000087738037,immed,39816.99991226196,Sun Jun 07 2026 19:07:41 GMT-0500 (Central Daylight Time),651657.200000003,A,buildin,I,n,79,,1899.2999999970198,649757.900000006,33333,WL,B,11.0
7,20.23300004005432,immed,39766.99995994568,Sun Jun 07 2026 19:07:41 GMT-0500 (Central Daylight Time),651706.900000006,A,building,I,g,34,,1949.0,649757.900000006,33333,WL,B,11.0
7,20.75,immed,39250.0,Sun Jun 07 2026 19:07:41 GMT-0500 (Central Daylight Time),652223.8000000119,A,buildingenter,I,enter,506,,2465.9000000059605,649757.900000006,33333,WL,B,11.0
7,22.700000047683716,immed,37299.999952316284,Sun Jun 07 2026 19:07:41 GMT-0500 (Central Daylight Time),654174.0,A,f,I,f,1941,,1949.5999999940395,652224.400000006,33333,WL,B,12.0
7,22.884000062942505,immed,37115.999937057495,Sun Jun 07 2026 19:07:41 GMT-0500 (Central Daylight Time),654357.5,A,fr,I,r,170,,2133.0999999940395,652224.400000006,33333,WL,B,12.0
7,22.967000007629395,immed,37032.999992370605,Sun Jun 07 2026 19:07:41 GMT-0500 (Central Daylight Time),654440.700000003,A,fri,I,i,64,,2216.2999999970198,652224.400000006,33333,WL,B,12.0
7,23.016000032424927,immed,36983.99996757507,Sun Jun 07 2026 19:07:41 GMT-0500 (Central Daylight Time),654490.3000000119,A,frie,I,e,39,,2265.9000000059605,652224.400000006,33333,WL,B,12.0
7,23.100000143051147,immed,36899.99985694885,Sun Jun 07 2026 19:07:41 GMT-0500 (Central Daylight Time),654574.0,A,frien,I,n,75,,2349.5999999940395,652224.400000006,33333,WL,B,12.0
7,23.217000007629395,immed,36782.999992370605,Sun Jun 07 2026 19:07:41 GMT-0500 (Central Daylight Time),654691.0,A,friend,I,d,93,,2466.5999999940395,652224.400000006,33333,WL,B,12.0
7,23.51699995994568,immed,36483.00004005432,Sun Jun 07 2026 19:07:41 GMT-0500 (Central Daylight Time),654991.0,A,friendenter,I,enter,275,,2766.5999999940395,652224.400000006,33333,WL,B,12.0
7,24.283999919891357,immed,35716.00008010864,Sun Jun 07 2026 19:07:41 GMT-0500 (Central Daylight Time),655757.400000006,A,s,I,s,746,,765.7000000029802,654991.700000003,33333,WL,B,13.0
7,24.350000143051147,immed,35649.99985694885,Sun Jun 07 2026 19:07:41 GMT-0500 (Central Daylight Time),655823.6000000089,A,st,I,t,55,,831.9000000059605,654991.700000003,33333,WL,B,13.0
7,24.51699995994568,immed,35483.00004005432,Sun Jun 07 2026 19:07:41 GMT-0500 (Central Daylight Time),655990.700000003,A,sto,I,o,156,,999.0,654991.700000003,33333,WL,B,13.0
7,24.717000007629395,immed,35282.999992370605,Sun Jun 07 2026 19:07:41 GMT-0500 (Central Daylight Time),656191.0,A,stor,I,r,180,,1199.2999999970198,654991.700000003,33333,WL,B,13.0
7,24.816999912261963,immed,35183.00008773804,Sun Jun 07 2026 19:07:41 GMT-0500 (Central Daylight Time),656290.6000000089,A,storm,I,m,86,,1298.9000000059605,654991.700000003,33333,WL,B,13.0
7,25.3510000705719,immed,34648.9999294281,Sun Jun 07 2026 19:07:41 GMT-0500 (Central Daylight Time),656824.6000000089,A,stormenter,I,enter,512,,1832.9000000059605,654991.700000003,33333,WL,B,13.0
7,27.068000078201294,immed,32931.999921798706,Sun Jun 07 2026 19:07:41 GMT-0500 (Central Daylight Time),658541.700000003,A,v,I,v,1704,,1716.2999999970198,656825.400000006,33333,WL,B,14.0
7,27.18400001525879,immed,32815.99998474121,Sun Jun 07 2026 19:07:41 GMT-0500 (Central Daylight Time),658657.5,A,vi,I,i,90,,1832.0999999940395,656825.400000006,33333,WL,B,14.0
7,27.23300004005432,immed,32766.99995994568,Sun Jun 07 2026 19:07:41 GMT-0500 (Central Daylight Time),658707.200000003,A,vil,I,l,28,,1881.7999999970198,656825.400000006,33333,WL,B,14.0
7,27.384000062942505,immed,32615.999937057495,Sun Jun 07 2026 19:07:41 GMT-0500 (Central Daylight Time),658857.5,A,vill,I,l,134,,2032.0999999940395,656825.400000006,33333,WL,B,14.0
7,27.48300004005432,immed,32516.99995994568,Sun Jun 07 2026 19:07:41 GMT-0500 (Central Daylight Time),658957.400000006,A,villa,I,a,74,,2132.0,656825.400000006,33333,WL,B,14.0
7,27.549999952316284,immed,32450.000047683716,Sun Jun 07 2026 19:07:41 GMT-0500 (Central Daylight Time),659024.1000000089,A,villag,I,g,50,,2198.7000000029802,656825.400000006,33333,WL,B,14.0
7,27.65000009536743,immed,32349.99990463257,Sun Jun 07 2026 19:07:41 GMT-0500 (Central Daylight Time),659124.0,A,village,I,e,81,,2298.5999999940395,656825.400000006,33333,WL,B,14.0
7,27.983999967575073,immed,32016.000032424927,Sun Jun 07 2026 19:07:41 GMT-0500 (Central Daylight Time),659458.200000003,A,villageenter,I,enter,324,,2632.7999999970198,656825.400000006,33333,WL,B,14.0
7,28.83400011062622,immed,31165.99988937378,Sun Jun 07 2026 19:07:41 GMT-0500 (Central Daylight Time),660308.1000000089,A,c,I,c,840,,849.4000000059605,659458.700000003,33333,WL,B,15.0
7,29.01699995994568,immed,30983.00004005432,Sun Jun 07 2026 19:07:41 GMT-0500 (Central Daylight Time),660490.900000006,A,ce,I,e,164,,1032.2000000029802,659458.700000003,33333,WL,B,15.0
7,29.117000102996826,immed,30882.999897003174,Sun Jun 07 2026 19:07:41 GMT-0500 (Central Daylight Time),660590.8000000119,A,cel,I,l,78,,1132.1000000089407,659458.700000003,33333,WL,B,15.0
7,29.25,immed,30750.0,Sun Jun 07 2026 19:07:41 GMT-0500 (Central Daylight Time),660724.5,A,cell,I,l,120,,1265.7999999970198,659458.700000003,33333,WL,B,15.0
7,29.483999967575073,immed,30516.000032424927,Sun Jun 07 2026 19:07:41 GMT-0500 (Central Daylight Time),660958.3000000119,A,cellenter,I,enter,220,,1499.6000000089407,659458.700000003,33333,WL,B,15.0
