block_c,block_dur,condition,countdown,datetime,endtime,list,multichar_response,project,response,response_time,session_number,start_end,starttime,subject_id,task,task_vers,trial
,,,,Wed Oct 15 2025 18:36:25 GMT-0500 (Central Daylight Time),,,,I,space,400,1,,,8079,WL,B,
prac,,0,,Wed Oct 15 2025 18:36:25 GMT-0500 (Central Daylight Time),,NA,b,I,b,1491,1,,,8079,WL,B,1.0
prac,,0,,Wed Oct 15 2025 18:36:25 GMT-0500 (Central Daylight Time),,NA,bo,I,o,396,1,,,8079,WL,B,1.0
prac,,0,,Wed Oct 15 2025 18:36:25 GMT-0500 (Central Daylight Time),,NA,boo,I,o,121,1,,,8079,WL,B,1.0
prac,,0,,Wed Oct 15 2025 18:36:25 GMT-0500 (Central Daylight Time),,NA,boos,I,s,141,1,,,8079,WL,B,1.0
prac,,0,,Wed Oct 15 2025 18:36:25 GMT-0500 (Central Daylight Time),,NA,boost,I,t,135,1,,,8079,WL,B,1.0
prac,,0,,Wed Oct 15 2025 18:36:25 GMT-0500 (Central Daylight Time),,NA,boostenter,I,enter,1383,1,,,8079,WL,B,1.0
1,3.365999937057495,learn,56634.000062942505,Wed Oct 15 2025 18:36:25 GMT-0500 (Central Daylight Time),143759.70000004768,A,s,I,s,3353,1,3365.399999856949,140394.30000019073,8079,WL,B,1.0
1,3.549999952316284,learn,56450.000047683716,Wed Oct 15 2025 18:36:25 GMT-0500 (Central Daylight Time),143943.90000009537,A,st,I,t,164,1,3549.5999999046326,140394.30000019073,8079,WL,B,1.0
1,3.9809999465942383,learn,56019.00005340576,Wed Oct 15 2025 18:36:25 GMT-0500 (Central Daylight Time),144375.0,A,str,I,r,409,1,3980.699999809265,140394.30000019073,8079,WL,B,1.0
1,4.13100004196167,learn,55868.99995803833,Wed Oct 15 2025 18:36:25 GMT-0500 (Central Daylight Time),144525.10000014305,A,stre,I,e,134,1,4130.799999952316,140394.30000019073,8079,WL,B,1.0
1,4.331000089645386,learn,55668.999910354614,Wed Oct 15 2025 18:36:25 GMT-0500 (Central Daylight Time),144724.70000004768,A,stree,I,e,192,1,4330.399999856949,140394.30000019073,8079,WL,B,1.0
1,4.582000017166138,learn,55417.99998283386,Wed Oct 15 2025 18:36:25 GMT-0500 (Central Daylight Time),144975.60000014305,A,street,I,t,230,1,4581.299999952316,140394.30000019073,8079,WL,B,1.0
1,6.148999929428101,learn,53851.0000705719,Wed Oct 15 2025 18:36:25 GMT-0500 (Central Daylight Time),146542.70000004768,A,streetenter,I,enter,1548,1,6148.399999856949,140394.30000019073,8079,WL,B,1.0
1,7.447000026702881,learn,52552.99997329712,Wed Oct 15 2025 18:36:25 GMT-0500 (Central Daylight Time),147840.5,A,w,I,w,1284,1,1297.3999998569489,146543.10000014305,8079,WL,B,2.0
1,7.581000089645386,learn,52418.999910354614,Wed Oct 15 2025 18:36:25 GMT-0500 (Central Daylight Time),147974.90000009537,A,wi,I,i,124,1,1431.7999999523163,146543.10000014305,8079,WL,B,2.0
1,7.730000019073486,learn,52269.999980926514,Wed Oct 15 2025 18:36:25 GMT-0500 (Central Daylight Time),148124.0,A,win,I,n,141,1,1580.8999998569489,146543.10000014305,8079,WL,B,2.0
1,7.846999883651733,learn,52153.00011634827,Wed Oct 15 2025 18:36:25 GMT-0500 (Central Daylight Time),148241.30000019073,A,wind,I,d,104,1,1698.2000000476837,146543.10000014305,8079,WL,B,2.0
1,7.996999979019165,learn,52003.000020980835,Wed Oct 15 2025 18:36:25 GMT-0500 (Central Daylight Time),148391.0,A,windo,I,o,137,1,1847.8999998569489,146543.10000014305,8079,WL,B,2.0
1,8.096999883651733,learn,51903.00011634827,Wed Oct 15 2025 18:36:25 GMT-0500 (Central Daylight Time),148490.70000004768,A,window,I,w,94,1,1947.5999999046326,146543.10000014305,8079,WL,B,2.0
1,8.348000049591064,learn,51651.999950408936,Wed Oct 15 2025 18:36:25 GMT-0500 (Central Daylight Time),148742.10000014305,A,windowenter,I,enter,241,1,2199.0,146543.10000014305,8079,WL,B,2.0
1,8.746000051498413,learn,51253.99994850159,Wed Oct 15 2025 18:36:25 GMT-0500 (Central Daylight Time),149139.80000019073,A,g,I,g,381,1,397.40000009536743,148742.40000009537,8079,WL,B,3.0
1,8.930999994277954,learn,51069.000005722046,Wed Oct 15 2025 18:36:25 GMT-0500 (Central Daylight Time),149324.80000019073,A,gr,I,r,179,1,582.4000000953674,148742.40000009537,8079,WL,B,3.0
1,9.062999963760376,learn,50937.000036239624,Wed Oct 15 2025 18:36:25 GMT-0500 (Central Daylight Time),149457.20000004768,A,gra,I,a,118,1,714.7999999523163,148742.40000009537,8079,WL,B,3.0
1,9.282000064849854,learn,50717.99993515015,Wed Oct 15 2025 18:36:25 GMT-0500 (Central Daylight Time),149675.70000004768,A,gras,I,s,204,1,933.2999999523163,148742.40000009537,8079,WL,B,3.0
1,9.463000059127808,learn,50536.99994087219,Wed Oct 15 2025 18:36:25 GMT-0500 (Central Daylight Time),149857.10000014305,A,grass,I,s,169,1,1114.7000000476837,148742.40000009537,8079,WL,B,3.0
1,9.730999946594238,learn,50269.00005340576,Wed Oct 15 2025 18:36:25 GMT-0500 (Central Daylight Time),150125.10000014305,A,grassenter,I,enter,251,1,1382.7000000476837,148742.40000009537,8079,WL,B,3.0
1,10.246999979019165,learn,49753.000020980835,Wed Oct 15 2025 18:36:25 GMT-0500 (Central Daylight Time),150641.30000019073,A,d,I,d,496,1,515.8000001907349,150125.5,8079,WL,B,4.0
1,10.345999956130981,learn,49654.00004386902,Wed Oct 15 2025 18:36:25 GMT-0500 (Central Daylight Time),150739.5,A,do,I,o,83,1,614.0,150125.5,8079,WL,B,4.0
1,10.530999898910522,learn,49469.00010108948,Wed Oct 15 2025 18:36:25 GMT-0500 (Central Daylight Time),150924.60000014305,A,doo,I,o,179,1,799.1000001430511,150125.5,8079,WL,B,4.0
1,10.746000051498413,learn,49253.99994850159,Wed Oct 15 2025 18:36:25 GMT-0500 (Central Daylight Time),151140.40000009537,A,door,I,r,198,1,1014.9000000953674,150125.5,8079,WL,B,4.0
1,11.032000064849854,learn,48967.99993515015,Wed Oct 15 2025 18:36:25 GMT-0500 (Central Daylight Time),151425.70000004768,A,doorenter,I,enter,281,1,1300.2000000476837,150125.5,8079,WL,B,4.0
1,11.480000019073486,learn,48519.999980926514,Wed Oct 15 2025 18:36:25 GMT-0500 (Central Daylight Time),151873.5,A,a,I,a,442,1,447.5,151426.0,8079,WL,B,5.0
1,11.645999908447266,learn,48354.000091552734,Wed Oct 15 2025 18:36:25 GMT-0500 (Central Daylight Time),152039.60000014305,A,ar,I,r,147,1,613.6000001430511,151426.0,8079,WL,B,5.0
1,11.86299991607666,learn,48137.00008392334,Wed Oct 15 2025 18:36:25 GMT-0500 (Central Daylight Time),152256.5,A,arm,I,m,202,1,830.5,151426.0,8079,WL,B,5.0
1,12.178999900817871,learn,47821.00009918213,Wed Oct 15 2025 18:36:25 GMT-0500 (Central Daylight Time),152573.30000019073,A,armenter,I,enter,307,1,1147.3000001907349,151426.0,8079,WL,B,5.0
1,13.263000011444092,learn,46736.99998855591,Wed Oct 15 2025 18:36:25 GMT-0500 (Central Daylight Time),153656.5,A,w,I,w,1062,1,1082.8999998569489,152573.60000014305,8079,WL,B,6.0
1,13.444999933242798,learn,46555.0000667572,Wed Oct 15 2025 18:36:25 GMT-0500 (Central Daylight Time),153839.30000019073,A,wi,I,i,163,1,1265.7000000476837,152573.60000014305,8079,WL,B,6.0
1,13.645999908447266,learn,46354.000091552734,Wed Oct 15 2025 18:36:25 GMT-0500 (Central Daylight Time),154039.60000014305,A,win,I,n,175,1,1466.0,152573.60000014305,8079,WL,B,6.0
1,13.765000104904175,learn,46234.999895095825,Wed Oct 15 2025 18:36:25 GMT-0500 (Central Daylight Time),154158.80000019073,A,wind,I,d,106,1,1585.2000000476837,152573.60000014305,8079,WL,B,6.0
1,13.878999948501587,learn,46121.00005149841,Wed Oct 15 2025 18:36:25 GMT-0500 (Central Daylight Time),154273.20000004768,A,windo,I,o,97,1,1699.5999999046326,152573.60000014305,8079,WL,B,6.0
1,14.01200008392334,learn,45987.99991607666,Wed Oct 15 2025 18:36:25 GMT-0500 (Central Daylight Time),154406.0,A,window,I,w,118,1,1832.3999998569489,152573.60000014305,8079,WL,B,6.0
1,14.295000076293945,learn,45704.999923706055,Wed Oct 15 2025 18:36:25 GMT-0500 (Central Daylight Time),154689.40000009537,A,windowenter,I,enter,262,1,2115.7999999523163,152573.60000014305,8079,WL,B,6.0
1,17.89400005340576,learn,42105.99994659424,Wed Oct 15 2025 18:36:25 GMT-0500 (Central Daylight Time),158287.60000014305,A,s,I,s,3578,1,3597.9000000953674,154689.70000004768,8079,WL,B,7.0
1,18.05999994277954,learn,41940.00005722046,Wed Oct 15 2025 18:36:25 GMT-0500 (Central Daylight Time),158454.0,A,st,I,t,154,1,3764.2999999523163,154689.70000004768,8079,WL,B,7.0
1,18.342999935150146,learn,41657.00006484985,Wed Oct 15 2025 18:36:25 GMT-0500 (Central Daylight Time),158737.30000019073,A,sta,I,a,255,1,4047.600000143051,154689.70000004768,8079,WL,B,7.0
1,18.444000005722046,learn,41555.999994277954,Wed Oct 15 2025 18:36:25 GMT-0500 (Central Daylight Time),158837.70000004768,A,star,I,r,87,1,4148.0,154689.70000004768,8079,WL,B,7.0
1,18.82699990272522,learn,41173.00009727478,Wed Oct 15 2025 18:36:25 GMT-0500 (Central Daylight Time),159221.0,A,starenter,I,enter,362,1,4531.299999952316,154689.70000004768,8079,WL,B,7.0
1,22.575999975204468,learn,37424.00002479553,Wed Oct 15 2025 18:36:25 GMT-0500 (Central Daylight Time),162970.0,A,w,I,w,3728,1,3748.7999999523163,159221.20000004768,8079,WL,B,8.0
1,22.72499990463257,learn,37275.00009536743,Wed Oct 15 2025 18:36:25 GMT-0500 (Central Daylight Time),163119.40000009537,A,wi,I,i,137,1,3898.2000000476837,159221.20000004768,8079,WL,B,8.0
1,22.89299988746643,learn,37107.00011253357,Wed Oct 15 2025 18:36:25 GMT-0500 (Central Daylight Time),163286.80000019073,A,wif,I,f,154,1,4065.600000143051,159221.20000004768,8079,WL,B,8.0
1,23.125999927520752,learn,36874.00007247925,Wed Oct 15 2025 18:36:25 GMT-0500 (Central Daylight Time),163520.10000014305,A,wife,I,e,213,1,4298.900000095367,159221.20000004768,8079,WL,B,8.0
1,23.30900001525879,learn,36690.99998474121,Wed Oct 15 2025 18:36:25 GMT-0500 (Central Daylight Time),163703.0,A,wifeenter,I,enter,163,1,4481.799999952316,159221.20000004768,8079,WL,B,8.0
1,25.47499990463257,learn,34525.00009536743,Wed Oct 15 2025 18:36:25 GMT-0500 (Central Daylight Time),165869.20000004768,A,c,I,c,2150,1,2165.899999856949,163703.30000019073,8079,WL,B,9.0
1,25.69099998474121,learn,34309.00001525879,Wed Oct 15 2025 18:36:25 GMT-0500 (Central Daylight Time),166085.0,A,ca,I,a,197,1,2381.699999809265,163703.30000019073,8079,WL,B,9.0
1,25.907999992370605,learn,34092.000007629395,Wed Oct 15 2025 18:36:25 GMT-0500 (Central Daylight Time),166302.10000014305,A,cab,I,b,205,1,2598.7999999523163,163703.30000019073,8079,WL,B,9.0
1,26.026000022888184,learn,33973.99997711182,Wed Oct 15 2025 18:36:25 GMT-0500 (Central Daylight Time),166419.60000014305,A,cabi,I,i,110,1,2716.2999999523163,163703.30000019073,8079,WL,B,9.0
1,26.19099998474121,learn,33809.00001525879,Wed Oct 15 2025 18:36:25 GMT-0500 (Central Daylight Time),166585.20000004768,A,cabin,I,n,153,1,2881.899999856949,163703.30000019073,8079,WL,B,9.0
1,26.575000047683716,learn,33424.999952316284,Wed Oct 15 2025 18:36:25 GMT-0500 (Central Daylight Time),166968.80000019073,A,cabinenter,I,enter,369,1,3265.5,163703.30000019073,8079,WL,B,9.0
1,29.305000066757202,learn,30694.999933242798,Wed Oct 15 2025 18:36:25 GMT-0500 (Central Daylight Time),169699.20000004768,A,f,I,f,2714,1,2730.2000000476837,166969.0,8079,WL,B,10.0
1,29.542999982833862,learn,30457.000017166138,Wed Oct 15 2025 18:36:25 GMT-0500 (Central Daylight Time),169936.60000014305,A,fi,I,i,218,1,2967.600000143051,166969.0,8079,WL,B,10.0
1,29.657000064849854,learn,30342.999935150146,Wed Oct 15 2025 18:36:25 GMT-0500 (Central Daylight Time),170050.60000014305,A,fir,I,r,95,1,3081.600000143051,166969.0,8079,WL,B,10.0
1,29.77300000190735,learn,30226.99999809265,Wed Oct 15 2025 18:36:25 GMT-0500 (Central Daylight Time),170167.40000009537,A,fire,I,e,103,1,3198.4000000953674,166969.0,8079,WL,B,10.0
1,30.02500009536743,learn,29974.99990463257,Wed Oct 15 2025 18:36:25 GMT-0500 (Central Daylight Time),170418.5,A,fireenter,I,enter,234,1,3449.5,166969.0,8079,WL,B,10.0
1,30.25600004196167,learn,29743.99995803833,Wed Oct 15 2025 18:36:25 GMT-0500 (Central Daylight Time),170650.20000004768,A,s,I,s,226,1,231.39999985694885,170418.80000019073,8079,WL,B,11.0
1,30.456000089645386,learn,29543.999910354614,Wed Oct 15 2025 18:36:25 GMT-0500 (Central Daylight Time),170850.30000019073,A,sk,I,k,181,1,431.5,170418.80000019073,8079,WL,B,11.0
1,30.67300009727478,learn,29326.99990272522,Wed Oct 15 2025 18:36:25 GMT-0500 (Central Daylight Time),171067.20000004768,A,ski,I,i,210,1,648.3999998569489,170418.80000019073,8079,WL,B,11.0
1,30.990000009536743,learn,29009.999990463257,Wed Oct 15 2025 18:36:25 GMT-0500 (Central Daylight Time),171383.60000014305,A,skin,I,n,295,1,964.7999999523163,170418.80000019073,8079,WL,B,11.0
1,31.322999954223633,learn,28677.000045776367,Wed Oct 15 2025 18:36:25 GMT-0500 (Central Daylight Time),171717.20000004768,A,skinenter,I,enter,311,1,1298.3999998569489,170418.80000019073,8079,WL,B,11.0
1,46.01799988746643,learn,13982.00011253357,Wed Oct 15 2025 18:36:25 GMT-0500 (Central Daylight Time),186412.5,A,f,I,f,14679,1,14695.0,171717.5,8079,WL,B,12.0
1,46.21799993515015,learn,13782.000064849854,Wed Oct 15 2025 18:36:25 GMT-0500 (Central Daylight Time),186612.40000009537,A,fi,I,i,186,1,14894.900000095367,171717.5,8079,WL,B,12.0
1,46.35199999809265,learn,13648.000001907349,Wed Oct 15 2025 18:36:25 GMT-0500 (Central Daylight Time),186746.10000014305,A,fir,I,r,119,1,15028.600000143051,171717.5,8079,WL,B,12.0
1,46.46799993515015,learn,13532.000064849854,Wed Oct 15 2025 18:36:25 GMT-0500 (Central Daylight Time),186862.10000014305,A,fire,I,e,96,1,15144.600000143051,171717.5,8079,WL,B,12.0
1,46.984999895095825,learn,13015.000104904175,Wed Oct 15 2025 18:36:25 GMT-0500 (Central Daylight Time),187378.90000009537,A,fireenter,I,enter,502,1,15661.400000095367,171717.5,8079,WL,B,12.0
1,53.56599998474121,learn,6434.000015258789,Wed Oct 15 2025 18:36:25 GMT-0500 (Central Daylight Time),193960.30000019073,A,d,I,d,6570,1,6581.200000047684,187379.10000014305,8079,WL,B,13.0
1,53.75,learn,6250.0,Wed Oct 15 2025 18:36:25 GMT-0500 (Central Daylight Time),194143.80000019073,A,do,I,o,171,1,6764.700000047684,187379.10000014305,8079,WL,B,13.0
1,53.949000120162964,learn,6050.999879837036,Wed Oct 15 2025 18:36:25 GMT-0500 (Central Daylight Time),194343.5,A,doo,I,o,189,1,6964.399999856949,187379.10000014305,8079,WL,B,13.0
1,54.13199996948242,learn,5868.000030517578,Wed Oct 15 2025 18:36:25 GMT-0500 (Central Daylight Time),194526.40000009537,A,door,I,r,174,1,7147.299999952316,187379.10000014305,8079,WL,B,13.0
1,54.66499996185303,learn,5335.000038146973,Wed Oct 15 2025 18:36:25 GMT-0500 (Central Daylight Time),195059.60000014305,A,doorenter,I,enter,526,1,7680.5,187379.10000014305,8079,WL,B,13.0
1,57.38100004196167,learn,2618.99995803833,Wed Oct 15 2025 18:36:25 GMT-0500 (Central Daylight Time),197775.5,A,p,I,p,2706,1,2715.5,195060.0,8079,WL,B,14.0
1,57.6489999294281,learn,2351.0000705718994,Wed Oct 15 2025 18:36:25 GMT-0500 (Central Daylight Time),198043.10000014305,A,pu,I,u,254,1,2983.100000143051,195060.0,8079,WL,B,14.0
1,57.848000049591064,learn,2151.9999504089355,Wed Oct 15 2025 18:36:25 GMT-0500 (Central Daylight Time),198242.60000014305,A,pup,I,p,195,1,3182.600000143051,195060.0,8079,WL,B,14.0
1,58.13100004196167,learn,1868.99995803833,Wed Oct 15 2025 18:36:25 GMT-0500 (Central Daylight Time),198525.0,A,pupi,I,i,276,1,3465.0,195060.0,8079,WL,B,14.0
1,58.36400008201599,learn,1635.9999179840088,Wed Oct 15 2025 18:36:25 GMT-0500 (Central Daylight Time),198758.10000014305,A,pupil,I,l,225,1,3698.100000143051,195060.0,8079,WL,B,14.0
1,58.848000049591064,learn,1151.9999504089355,Wed Oct 15 2025 18:36:25 GMT-0500 (Central Daylight Time),199242.5,A,pupilenter,I,enter,480,1,4182.5,195060.0,8079,WL,B,14.0
1,59.54800009727478,learn,451.9999027252197,Wed Oct 15 2025 18:36:25 GMT-0500 (Central Daylight Time),199941.80000019073,A,c,I,c,690,1,699.0,199242.80000019073,8079,WL,B,15.0
1,59.680999994277954,learn,319.0000057220459,Wed Oct 15 2025 18:36:25 GMT-0500 (Central Daylight Time),200075.70000004768,A,cl,I,l,125,1,832.8999998569489,199242.80000019073,8079,WL,B,15.0
1,59.88199996948242,learn,118.00003051757812,Wed Oct 15 2025 18:36:25 GMT-0500 (Central Daylight Time),200275.80000019073,A,clo,I,o,191,1,1033.0,199242.80000019073,8079,WL,B,15.0
1,60.013999938964844,learn,-13.99993896484375,Wed Oct 15 2025 18:36:25 GMT-0500 (Central Daylight Time),200407.90000009537,A,cloNone,I,None,126,1,1165.0999999046326,199242.80000019073,8079,WL,B,15.0
2,1.817000150680542,learn,58182.99984931946,Wed Oct 15 2025 18:36:25 GMT-0500 (Central Daylight Time),273751.2000000477,A,s,I,s,1808,1,1816.5,271934.7000000477,8079,WL,B,1.0
2,2.184000015258789,learn,57815.99998474121,Wed Oct 15 2025 18:36:25 GMT-0500 (Central Daylight Time),274117.90000009537,A,st,I,t,345,1,2183.2000000476837,271934.7000000477,8079,WL,B,1.0
2,2.5,learn,57500.0,Wed Oct 15 2025 18:36:25 GMT-0500 (Central Daylight Time),274434.10000014305,A,str,I,r,309,1,2499.4000000953674,271934.7000000477,8079,WL,B,1.0
2,2.617000102996826,learn,57382.999897003174,Wed Oct 15 2025 18:36:25 GMT-0500 (Central Daylight Time),274551.0,A,stre,I,e,97,1,2616.2999999523163,271934.7000000477,8079,WL,B,1.0
2,2.818000078201294,learn,57181.999921798706,Wed Oct 15 2025 18:36:25 GMT-0500 (Central Daylight Time),274751.90000009537,A,stree,I,e,178,1,2817.2000000476837,271934.7000000477,8079,WL,B,1.0
2,3.049999952316284,learn,56950.000047683716,Wed Oct 15 2025 18:36:25 GMT-0500 (Central Daylight Time),274984.7000000477,A,street,I,t,211,1,3050.0,271934.7000000477,8079,WL,B,1.0
2,3.8329999446868896,learn,56167.00005531311,Wed Oct 15 2025 18:36:25 GMT-0500 (Central Daylight Time),275767.60000014305,A,streetenter,I,enter,771,1,3832.9000000953674,271934.7000000477,8079,WL,B,1.0
2,4.431999921798706,learn,55568.000078201294,Wed Oct 15 2025 18:36:25 GMT-0500 (Central Daylight Time),276366.7000000477,A,g,I,g,580,1,598.8999998569489,275767.80000019073,8079,WL,B,2.0
2,4.702000141143799,learn,55297.9998588562,Wed Oct 15 2025 18:36:25 GMT-0500 (Central Daylight Time),276635.90000009537,A,gr,I,r,263,1,868.0999999046326,275767.80000019073,8079,WL,B,2.0
2,4.867000102996826,learn,55132.999897003174,Wed Oct 15 2025 18:36:25 GMT-0500 (Central Daylight Time),276801.0,A,gra,I,a,144,1,1033.1999998092651,275767.80000019073,8079,WL,B,2.0
2,5.398999929428101,learn,54601.0000705719,Wed Oct 15 2025 18:36:25 GMT-0500 (Central Daylight Time),277333.30000019073,A,gras,I,s,512,1,1565.5,275767.80000019073,8079,WL,B,2.0
2,5.58299994468689,learn,54417.00005531311,Wed Oct 15 2025 18:36:25 GMT-0500 (Central Daylight Time),277517.30000019073,A,grass,I,s,166,1,1749.5,275767.80000019073,8079,WL,B,2.0
2,5.898999929428101,learn,54101.0000705719,Wed Oct 15 2025 18:36:25 GMT-0500 (Central Daylight Time),277833.60000014305,A,grassenter,I,enter,309,1,2065.7999999523163,275767.80000019073,8079,WL,B,2.0
2,6.232000112533569,learn,53767.99988746643,Wed Oct 15 2025 18:36:25 GMT-0500 (Central Daylight Time),278166.30000019073,A,d,I,d,315,1,332.40000009536743,277833.90000009537,8079,WL,B,3.0
2,6.365000009536743,learn,53634.99999046326,Wed Oct 15 2025 18:36:25 GMT-0500 (Central Daylight Time),278299.7000000477,A,do,I,o,126,1,465.7999999523163,277833.90000009537,8079,WL,B,3.0
2,6.565000057220459,learn,53434.99994277954,Wed Oct 15 2025 18:36:25 GMT-0500 (Central Daylight Time),278499.60000014305,A,doo,I,o,183,1,665.7000000476837,277833.90000009537,8079,WL,B,3.0
2,6.715000152587891,learn,53284.99984741211,Wed Oct 15 2025 18:36:25 GMT-0500 (Central Daylight Time),278649.60000014305,A,door,I,r,136,1,815.7000000476837,277833.90000009537,8079,WL,B,3.0
2,7.04800009727478,learn,52951.99990272522,Wed Oct 15 2025 18:36:25 GMT-0500 (Central Daylight Time),278982.7000000477,A,doorenter,I,enter,311,1,1148.7999999523163,277833.90000009537,8079,WL,B,3.0
2,7.46399998664856,learn,52536.00001335144,Wed Oct 15 2025 18:36:25 GMT-0500 (Central Daylight Time),279398.60000014305,A,a,I,a,397,1,415.60000014305115,278983.0,8079,WL,B,4.0
2,7.582000017166138,learn,52417.99998283386,Wed Oct 15 2025 18:36:25 GMT-0500 (Central Daylight Time),279515.80000019073,A,ar,I,r,102,1,532.8000001907349,278983.0,8079,WL,B,4.0
2,7.781000137329102,learn,52218.9998626709,Wed Oct 15 2025 18:36:25 GMT-0500 (Central Daylight Time),279715.0,A,arm,I,m,185,1,732.0,278983.0,8079,WL,B,4.0
2,8.065000057220459,learn,51934.99994277954,Wed Oct 15 2025 18:36:25 GMT-0500 (Central Daylight Time),279999.30000019073,A,armenter,I,enter,274,1,1016.3000001907349,278983.0,8079,WL,B,4.0
2,8.781000137329102,learn,51218.9998626709,Wed Oct 15 2025 18:36:25 GMT-0500 (Central Daylight Time),280715.30000019073,A,w,I,w,701,1,715.7000000476837,279999.60000014305,8079,WL,B,5.0
2,8.914000034332275,learn,51085.999965667725,Wed Oct 15 2025 18:36:25 GMT-0500 (Central Daylight Time),280848.80000019073,A,wi,I,i,120,1,849.2000000476837,279999.60000014305,8079,WL,B,5.0
2,9.148000001907349,learn,50851.99999809265,Wed Oct 15 2025 18:36:25 GMT-0500 (Central Daylight Time),281082.10000014305,A,win,I,n,208,1,1082.5,279999.60000014305,8079,WL,B,5.0
2,9.282000064849854,learn,50717.99993515015,Wed Oct 15 2025 18:36:25 GMT-0500 (Central Daylight Time),281215.80000019073,A,wind,I,d,111,1,1216.2000000476837,279999.60000014305,8079,WL,B,5.0
2,9.414000034332275,learn,50585.999965667725,Wed Oct 15 2025 18:36:25 GMT-0500 (Central Daylight Time),281348.30000019073,A,windo,I,o,123,1,1348.7000000476837,279999.60000014305,8079,WL,B,5.0
2,9.63100004196167,learn,50368.99995803833,Wed Oct 15 2025 18:36:25 GMT-0500 (Central Daylight Time),281565.2000000477,A,window,I,w,206,1,1565.5999999046326,279999.60000014305,8079,WL,B,5.0
2,9.88100004196167,learn,50118.99995803833,Wed Oct 15 2025 18:36:25 GMT-0500 (Central Daylight Time),281815.5,A,windowenter,I,enter,229,1,1815.8999998569489,279999.60000014305,8079,WL,B,5.0
2,10.04800009727478,learn,49951.99990272522,Wed Oct 15 2025 18:36:25 GMT-0500 (Central Daylight Time),281982.0,A,w,I,w,149,1,166.29999995231628,281815.7000000477,8079,WL,B,6.0
2,10.230000019073486,learn,49769.999980926514,Wed Oct 15 2025 18:36:25 GMT-0500 (Central Daylight Time),282164.5,A,wi,I,i,164,1,348.7999999523163,281815.7000000477,8079,WL,B,6.0
2,10.348000049591064,learn,49651.999950408936,Wed Oct 15 2025 18:36:25 GMT-0500 (Central Daylight Time),282281.90000009537,A,wif,I,f,112,1,466.2000000476837,281815.7000000477,8079,WL,B,6.0
2,10.564000129699707,learn,49435.99987030029,Wed Oct 15 2025 18:36:25 GMT-0500 (Central Daylight Time),282498.60000014305,A,wife,I,e,207,1,682.9000000953674,281815.7000000477,8079,WL,B,6.0
2,10.847000122070312,learn,49152.99987792969,Wed Oct 15 2025 18:36:25 GMT-0500 (Central Daylight Time),282781.80000019073,A,wifeenter,I,enter,265,1,966.1000001430511,281815.7000000477,8079,WL,B,6.0
2,12.246999979019165,learn,47753.000020980835,Wed Oct 15 2025 18:36:25 GMT-0500 (Central Daylight Time),284181.10000014305,A,s,I,s,1383,1,1399.0,282782.10000014305,8079,WL,B,7.0
2,12.413000106811523,learn,47586.99989318848,Wed Oct 15 2025 18:36:25 GMT-0500 (Central Daylight Time),284347.60000014305,A,st,I,t,159,1,1565.5,282782.10000014305,8079,WL,B,7.0
2,12.647000074386597,learn,47352.9999256134,Wed Oct 15 2025 18:36:25 GMT-0500 (Central Daylight Time),284581.40000009537,A,sta,I,a,220,1,1799.2999999523163,282782.10000014305,8079,WL,B,7.0
2,12.746999979019165,learn,47253.000020980835,Wed Oct 15 2025 18:36:25 GMT-0500 (Central Daylight Time),284681.40000009537,A,star,I,r,76,1,1899.2999999523163,282782.10000014305,8079,WL,B,7.0
2,13.064000129699707,learn,46935.99987030029,Wed Oct 15 2025 18:36:25 GMT-0500 (Central Daylight Time),284997.90000009537,A,starenter,I,enter,298,1,2215.7999999523163,282782.10000014305,8079,WL,B,7.0
2,16.411999940872192,learn,43588.00005912781,Wed Oct 15 2025 18:36:25 GMT-0500 (Central Daylight Time),288346.7000000477,A,c,I,c,3335,1,3348.5,284998.2000000477,8079,WL,B,8.0
2,16.562000036239624,learn,43437.999963760376,Wed Oct 15 2025 18:36:25 GMT-0500 (Central Daylight Time),288496.5,A,ci,I,i,134,1,3498.2999999523163,284998.2000000477,8079,WL,B,8.0
2,16.694999933242798,learn,43305.0000667572,Wed Oct 15 2025 18:36:25 GMT-0500 (Central Daylight Time),288629.60000014305,A,cit,I,t,114,1,3631.4000000953674,284998.2000000477,8079,WL,B,8.0
2,16.829999923706055,learn,43170.000076293945,Wed Oct 15 2025 18:36:25 GMT-0500 (Central Daylight Time),288764.0,A,city,I,y,115,1,3765.7999999523163,284998.2000000477,8079,WL,B,8.0
2,17.144999980926514,learn,42855.000019073486,Wed Oct 15 2025 18:36:25 GMT-0500 (Central Daylight Time),289079.60000014305,A,cityenter,I,enter,304,1,4081.4000000953674,284998.2000000477,8079,WL,B,8.0
2,17.49500012397766,learn,42504.99987602234,Wed Oct 15 2025 18:36:25 GMT-0500 (Central Daylight Time),289429.40000009537,A,p,I,p,334,1,349.59999990463257,289079.80000019073,8079,WL,B,9.0
2,17.661999940872192,learn,42338.00005912781,Wed Oct 15 2025 18:36:25 GMT-0500 (Central Daylight Time),289596.5,A,pu,I,u,149,1,516.6999998092651,289079.80000019073,8079,WL,B,9.0
2,17.878000020980835,learn,42121.999979019165,Wed Oct 15 2025 18:36:25 GMT-0500 (Central Daylight Time),289812.7000000477,A,pup,I,p,199,1,732.8999998569489,289079.80000019073,8079,WL,B,9.0
2,18.09500002861023,learn,41904.99997138977,Wed Oct 15 2025 18:36:25 GMT-0500 (Central Daylight Time),290029.30000019073,A,pupi,I,i,197,1,949.5,289079.80000019073,8079,WL,B,9.0
2,18.361999988555908,learn,41638.00001144409,Wed Oct 15 2025 18:36:25 GMT-0500 (Central Daylight Time),290295.90000009537,A,pupil,I,l,245,1,1216.0999999046326,289079.80000019073,8079,WL,B,9.0
2,18.67900013923645,learn,41320.99986076355,Wed Oct 15 2025 18:36:25 GMT-0500 (Central Daylight Time),290612.80000019073,A,pupilenter,I,enter,299,1,1533.0,289079.80000019073,8079,WL,B,9.0
2,19.479000091552734,learn,40520.999908447266,Wed Oct 15 2025 18:36:25 GMT-0500 (Central Daylight Time),291412.90000009537,A,c,I,c,784,1,799.7999999523163,290613.10000014305,8079,WL,B,10.0
2,19.694000005722046,learn,40305.999994277954,Wed Oct 15 2025 18:36:25 GMT-0500 (Central Daylight Time),291628.60000014305,A,ca,I,a,199,1,1015.5,290613.10000014305,8079,WL,B,10.0
2,19.92799997329712,learn,40072.00002670288,Wed Oct 15 2025 18:36:25 GMT-0500 (Central Daylight Time),291862.5,A,cab,I,b,215,1,1249.3999998569489,290613.10000014305,8079,WL,B,10.0
2,20.061000108718872,learn,39938.99989128113,Wed Oct 15 2025 18:36:25 GMT-0500 (Central Daylight Time),291995.40000009537,A,cabi,I,i,126,1,1382.2999999523163,290613.10000014305,8079,WL,B,10.0
2,20.161999940872192,learn,39838.00005912781,Wed Oct 15 2025 18:36:25 GMT-0500 (Central Daylight Time),292096.0,A,cabin,I,n,89,1,1482.8999998569489,290613.10000014305,8079,WL,B,10.0
2,20.479000091552734,learn,39520.999908447266,Wed Oct 15 2025 18:36:25 GMT-0500 (Central Daylight Time),292413.40000009537,A,cabinenter,I,enter,296,1,1800.2999999523163,290613.10000014305,8079,WL,B,10.0
2,20.77900004386902,learn,39220.99995613098,Wed Oct 15 2025 18:36:25 GMT-0500 (Central Daylight Time),292713.30000019073,A,l,I,l,279,1,299.7000000476837,292413.60000014305,8079,WL,B,11.0
2,20.927000045776367,learn,39072.99995422363,Wed Oct 15 2025 18:36:25 GMT-0500 (Central Daylight Time),292861.30000019073,A,la,I,a,136,1,447.7000000476837,292413.60000014305,8079,WL,B,11.0
2,21.111000061035156,learn,38888.999938964844,Wed Oct 15 2025 18:36:25 GMT-0500 (Central Daylight Time),293045.30000019073,A,lak,I,k,173,1,631.7000000476837,292413.60000014305,8079,WL,B,11.0
2,21.311000108718872,learn,38688.99989128113,Wed Oct 15 2025 18:36:25 GMT-0500 (Central Daylight Time),293245.30000019073,A,lake,I,e,183,1,831.7000000476837,292413.60000014305,8079,WL,B,11.0
2,21.526999950408936,learn,38473.000049591064,Wed Oct 15 2025 18:36:25 GMT-0500 (Central Daylight Time),293461.40000009537,A,lakeenter,I,enter,198,1,1047.7999999523163,292413.60000014305,8079,WL,B,11.0
2,24.610000133514404,learn,35389.999866485596,Wed Oct 15 2025 18:36:25 GMT-0500 (Central Daylight Time),296544.40000009537,A,p,I,p,3071,1,3082.7000000476837,293461.7000000477,8079,WL,B,12.0
2,24.80999994277954,learn,35190.00005722046,Wed Oct 15 2025 18:36:25 GMT-0500 (Central Daylight Time),296744.7000000477,A,pi,I,i,177,1,3283.0,293461.7000000477,8079,WL,B,12.0
2,25.009000062942505,learn,34990.999937057495,Wed Oct 15 2025 18:36:25 GMT-0500 (Central Daylight Time),296943.7000000477,A,pip,I,p,186,1,3482.0,293461.7000000477,8079,WL,B,12.0
2,25.20900011062622,learn,34790.99988937378,Wed Oct 15 2025 18:36:25 GMT-0500 (Central Daylight Time),297143.80000019073,A,pipe,I,e,187,1,3682.100000143051,293461.7000000477,8079,WL,B,12.0
2,25.443000078201294,learn,34556.999921798706,Wed Oct 15 2025 18:36:25 GMT-0500 (Central Daylight Time),297377.0,A,pipeenter,I,enter,210,1,3915.2999999523163,293461.7000000477,8079,WL,B,12.0
2,26.009000062942505,learn,33990.999937057495,Wed Oct 15 2025 18:36:25 GMT-0500 (Central Daylight Time),297943.0,A,f,I,f,556,1,565.6999998092651,297377.30000019073,8079,WL,B,13.0
2,27.276000022888184,learn,32723.999977111816,Wed Oct 15 2025 18:36:25 GMT-0500 (Central Daylight Time),299210.80000019073,A,,I,backspace,1260,1,1833.5,297377.30000019073,8079,WL,B,13.0
2,27.4760000705719,learn,32523.9999294281,Wed Oct 15 2025 18:36:25 GMT-0500 (Central Daylight Time),299410.10000014305,A,s,I,s,194,1,2032.7999999523163,297377.30000019073,8079,WL,B,13.0
2,27.592000007629395,learn,32407.999992370605,Wed Oct 15 2025 18:36:25 GMT-0500 (Central Daylight Time),299526.5,A,sk,I,k,104,1,2149.199999809265,297377.30000019073,8079,WL,B,13.0
2,27.792999982833862,learn,32207.000017166138,Wed Oct 15 2025 18:36:25 GMT-0500 (Central Daylight Time),299727.80000019073,A,ski,I,i,188,1,2350.5,297377.30000019073,8079,WL,B,13.0
2,28.008000135421753,learn,31991.999864578247,Wed Oct 15 2025 18:36:25 GMT-0500 (Central Daylight Time),299942.5,A,skin,I,n,197,1,2565.199999809265,297377.30000019073,8079,WL,B,13.0
2,28.242000102996826,learn,31757.999897003174,Wed Oct 15 2025 18:36:25 GMT-0500 (Central Daylight Time),300175.90000009537,A,skinenter,I,enter,218,1,2798.5999999046326,297377.30000019073,8079,WL,B,13.0
2,28.424999952316284,learn,31575.000047683716,Wed Oct 15 2025 18:36:25 GMT-0500 (Central Daylight Time),300359.10000014305,A,f,I,f,172,1,182.90000009536743,300176.2000000477,8079,WL,B,14.0
2,28.55999994277954,learn,31440.00005722046,Wed Oct 15 2025 18:36:25 GMT-0500 (Central Daylight Time),300494.30000019073,A,fi,I,i,125,1,318.10000014305115,300176.2000000477,8079,WL,B,14.0
2,28.725000143051147,learn,31274.999856948853,Wed Oct 15 2025 18:36:25 GMT-0500 (Central Daylight Time),300659.5,A,fir,I,r,149,1,483.2999999523163,300176.2000000477,8079,WL,B,14.0
2,28.841000080108643,learn,31158.999919891357,Wed Oct 15 2025 18:36:25 GMT-0500 (Central Daylight Time),300775.30000019073,A,fire,I,e,100,1,599.1000001430511,300176.2000000477,8079,WL,B,14.0
2,29.092000007629395,learn,30907.999992370605,Wed Oct 15 2025 18:36:25 GMT-0500 (Central Daylight Time),301026.40000009537,A,fireenter,I,enter,229,1,850.2000000476837,300176.2000000477,8079,WL,B,14.0
2,30.493000030517578,learn,29506.999969482422,Wed Oct 15 2025 18:36:25 GMT-0500 (Central Daylight Time),302427.2000000477,A,c,I,c,1388,1,1400.5999999046326,301026.60000014305,8079,WL,B,15.0
2,30.610000133514404,learn,29389.999866485596,Wed Oct 15 2025 18:36:25 GMT-0500 (Central Daylight Time),302544.30000019073,A,cl,I,l,99,1,1517.7000000476837,301026.60000014305,8079,WL,B,15.0
2,30.79100012779236,learn,29208.99987220764,Wed Oct 15 2025 18:36:25 GMT-0500 (Central Daylight Time),302724.90000009537,A,clo,I,o,171,1,1698.2999999523163,301026.60000014305,8079,WL,B,15.0
2,30.891000032424927,learn,29108.999967575073,Wed Oct 15 2025 18:36:25 GMT-0500 (Central Daylight Time),302825.10000014305,A,cloc,I,c,86,1,1798.5,301026.60000014305,8079,WL,B,15.0
2,31.075999975204468,learn,28924.000024795532,Wed Oct 15 2025 18:36:25 GMT-0500 (Central Daylight Time),303010.30000019073,A,clock,I,k,182,1,1983.7000000476837,301026.60000014305,8079,WL,B,15.0
2,32.10800004005432,learn,27891.99995994568,Wed Oct 15 2025 18:36:25 GMT-0500 (Central Daylight Time),304042.2000000477,A,clockenter,I,enter,1026,1,3015.5999999046326,301026.60000014305,8079,WL,B,15.0
3,1.0320000648498535,learn,58967.99993515015,Wed Oct 15 2025 18:36:25 GMT-0500 (Central Daylight Time),376468.2000000477,A,s,I,s,1017,1,1031.8999998569489,375436.30000019073,8079,WL,B,1.0
3,1.249000072479248,learn,58750.99992752075,Wed Oct 15 2025 18:36:25 GMT-0500 (Central Daylight Time),376685.60000014305,A,st,I,t,201,1,1249.2999999523163,375436.30000019073,8079,WL,B,1.0
3,1.4490001201629639,learn,58550.999879837036,Wed Oct 15 2025 18:36:25 GMT-0500 (Central Daylight Time),376885.0,A,str,I,r,182,1,1448.6999998092651,375436.30000019073,8079,WL,B,1.0
3,1.5990002155303955,learn,58400.999784469604,Wed Oct 15 2025 18:36:25 GMT-0500 (Central Daylight Time),377034.80000019073,A,stre,I,e,143,1,1598.5,375436.30000019073,8079,WL,B,1.0
3,1.7650001049041748,learn,58234.999895095825,Wed Oct 15 2025 18:36:25 GMT-0500 (Central Daylight Time),377201.7000000477,A,stree,I,e,153,1,1765.3999998569489,375436.30000019073,8079,WL,B,1.0
3,1.9820001125335693,learn,58017.99988746643,Wed Oct 15 2025 18:36:25 GMT-0500 (Central Daylight Time),377418.60000014305,A,street,I,t,201,1,1982.2999999523163,375436.30000019073,8079,WL,B,1.0
3,2.865000009536743,learn,57134.99999046326,Wed Oct 15 2025 18:36:25 GMT-0500 (Central Daylight Time),378301.60000014305,A,streetenter,I,enter,872,1,2865.2999999523163,375436.30000019073,8079,WL,B,1.0
3,5.648000001907349,learn,54351.99999809265,Wed Oct 15 2025 18:36:25 GMT-0500 (Central Daylight Time),381084.7000000477,A,g,I,g,2767,1,2782.7999999523163,378301.90000009537,8079,WL,B,2.0
3,5.89900016784668,learn,54100.99983215332,Wed Oct 15 2025 18:36:25 GMT-0500 (Central Daylight Time),381335.60000014305,A,gr,I,r,234,1,3033.7000000476837,378301.90000009537,8079,WL,B,2.0
3,6.015000104904175,learn,53984.999895095825,Wed Oct 15 2025 18:36:25 GMT-0500 (Central Daylight Time),381451.2000000477,A,gre,I,e,109,1,3149.2999999523163,378301.90000009537,8079,WL,B,2.0
3,6.564000129699707,learn,53435.99987030029,Wed Oct 15 2025 18:36:25 GMT-0500 (Central Daylight Time),382000.5,A,gr,I,backspace,539,1,3698.5999999046326,378301.90000009537,8079,WL,B,2.0
3,6.697000026702881,learn,53302.99997329712,Wed Oct 15 2025 18:36:25 GMT-0500 (Central Daylight Time),382133.5,A,gra,I,a,125,1,3831.5999999046326,378301.90000009537,8079,WL,B,2.0
3,6.897000074386597,learn,53102.9999256134,Wed Oct 15 2025 18:36:25 GMT-0500 (Central Daylight Time),382333.30000019073,A,gras,I,s,181,1,4031.4000000953674,378301.90000009537,8079,WL,B,2.0
3,7.064000129699707,learn,52935.99987030029,Wed Oct 15 2025 18:36:25 GMT-0500 (Central Daylight Time),382499.80000019073,A,grass,I,s,158,1,4197.900000095367,378301.90000009537,8079,WL,B,2.0
3,7.314000129699707,learn,52685.99987030029,Wed Oct 15 2025 18:36:25 GMT-0500 (Central Daylight Time),382749.90000009537,A,grassenter,I,enter,231,1,4448.0,378301.90000009537,8079,WL,B,2.0
3,8.282000064849854,learn,51717.99993515015,Wed Oct 15 2025 18:36:25 GMT-0500 (Central Daylight Time),383718.5,A,d,I,d,963,1,968.3999998569489,382750.10000014305,8079,WL,B,3.0
3,8.480000019073486,learn,51519.999980926514,Wed Oct 15 2025 18:36:25 GMT-0500 (Central Daylight Time),383916.5,A,do,I,o,190,1,1166.3999998569489,382750.10000014305,8079,WL,B,3.0
3,8.647000074386597,learn,51352.9999256134,Wed Oct 15 2025 18:36:25 GMT-0500 (Central Daylight Time),384082.80000019073,A,doo,I,o,153,1,1332.7000000476837,382750.10000014305,8079,WL,B,3.0
3,8.730000019073486,learn,51269.999980926514,Wed Oct 15 2025 18:36:25 GMT-0500 (Central Daylight Time),384165.80000019073,A,door,I,r,74,1,1415.7000000476837,382750.10000014305,8079,WL,B,3.0
3,8.996000051498413,learn,51003.99994850159,Wed Oct 15 2025 18:36:25 GMT-0500 (Central Daylight Time),384432.5,A,doorenter,I,enter,254,1,1682.3999998569489,382750.10000014305,8079,WL,B,3.0
3,9.930999994277954,learn,50069.000005722046,Wed Oct 15 2025 18:36:25 GMT-0500 (Central Daylight Time),385366.80000019073,A,s,I,s,918,1,934.1000001430511,384432.7000000477,8079,WL,B,4.0
3,10.129000186920166,learn,49870.999813079834,Wed Oct 15 2025 18:36:25 GMT-0500 (Central Daylight Time),385565.60000014305,A,st,I,t,180,1,1132.9000000953674,384432.7000000477,8079,WL,B,4.0
3,10.313000202178955,learn,49686.999797821045,Wed Oct 15 2025 18:36:25 GMT-0500 (Central Daylight Time),385749.5,A,sta,I,a,175,1,1316.7999999523163,384432.7000000477,8079,WL,B,4.0
3,10.397000074386597,learn,49602.9999256134,Wed Oct 15 2025 18:36:25 GMT-0500 (Central Daylight Time),385833.0,A,star,I,r,63,1,1400.2999999523163,384432.7000000477,8079,WL,B,4.0
3,10.628000020980835,learn,49371.999979019165,Wed Oct 15 2025 18:36:25 GMT-0500 (Central Daylight Time),386064.40000009537,A,starenter,I,enter,218,1,1631.7000000476837,384432.7000000477,8079,WL,B,4.0
3,11.562000036239624,learn,48437.999963760376,Wed Oct 15 2025 18:36:25 GMT-0500 (Central Daylight Time),386998.5,A,w,I,w,919,1,933.8999998569489,386064.60000014305,8079,WL,B,5.0
3,11.729000091552734,learn,48270.999908447266,Wed Oct 15 2025 18:36:25 GMT-0500 (Central Daylight Time),387164.80000019073,A,wi,I,i,157,1,1100.2000000476837,386064.60000014305,8079,WL,B,5.0
3,11.86300015449524,learn,48136.99984550476,Wed Oct 15 2025 18:36:25 GMT-0500 (Central Daylight Time),387298.80000019073,A,wif,I,f,119,1,1234.2000000476837,386064.60000014305,8079,WL,B,5.0
3,12.029000043869019,learn,47970.99995613098,Wed Oct 15 2025 18:36:25 GMT-0500 (Central Daylight Time),387465.10000014305,A,wife,I,e,154,1,1400.5,386064.60000014305,8079,WL,B,5.0
3,12.261000156402588,learn,47738.99984359741,Wed Oct 15 2025 18:36:25 GMT-0500 (Central Daylight Time),387697.10000014305,A,wifeenter,I,enter,225,1,1632.5,386064.60000014305,8079,WL,B,5.0
3,12.78000020980835,learn,47219.99979019165,Wed Oct 15 2025 18:36:25 GMT-0500 (Central Daylight Time),388215.7000000477,A,w,I,w,501,1,518.5,387697.2000000477,8079,WL,B,6.0
3,12.912000179290771,learn,47087.99982070923,Wed Oct 15 2025 18:36:25 GMT-0500 (Central Daylight Time),388348.5,A,wi,I,i,117,1,651.2999999523163,387697.2000000477,8079,WL,B,6.0
3,13.09600019454956,learn,46903.99980545044,Wed Oct 15 2025 18:36:25 GMT-0500 (Central Daylight Time),388532.10000014305,A,win,I,n,169,1,834.9000000953674,387697.2000000477,8079,WL,B,6.0
3,13.245000123977661,learn,46754.99987602234,Wed Oct 15 2025 18:36:25 GMT-0500 (Central Daylight Time),388681.30000019073,A,wind,I,d,129,1,984.1000001430511,387697.2000000477,8079,WL,B,6.0
3,13.378000020980835,learn,46621.999979019165,Wed Oct 15 2025 18:36:25 GMT-0500 (Central Daylight Time),388814.80000019073,A,windo,I,o,115,1,1117.6000001430511,387697.2000000477,8079,WL,B,6.0
3,13.578999996185303,learn,46421.0000038147,Wed Oct 15 2025 18:36:25 GMT-0500 (Central Daylight Time),389015.5,A,window,I,w,179,1,1318.2999999523163,387697.2000000477,8079,WL,B,6.0
3,14.011000156402588,learn,45988.99984359741,Wed Oct 15 2025 18:36:25 GMT-0500 (Central Daylight Time),389447.40000009537,A,windowenter,I,enter,419,1,1750.2000000476837,387697.2000000477,8079,WL,B,6.0
3,14.378000020980835,learn,45621.999979019165,Wed Oct 15 2025 18:36:25 GMT-0500 (Central Daylight Time),389814.0,A,a,I,a,349,1,366.2999999523163,389447.7000000477,8079,WL,B,7.0
3,14.495000123977661,learn,45504.99987602234,Wed Oct 15 2025 18:36:25 GMT-0500 (Central Daylight Time),389930.80000019073,A,ar,I,r,111,1,483.10000014305115,389447.7000000477,8079,WL,B,7.0
3,14.711000204086304,learn,45288.999795913696,Wed Oct 15 2025 18:36:25 GMT-0500 (Central Daylight Time),390147.0,A,arm,I,m,207,1,699.2999999523163,389447.7000000477,8079,WL,B,7.0
3,15.111000061035156,learn,44888.999938964844,Wed Oct 15 2025 18:36:25 GMT-0500 (Central Daylight Time),390547.60000014305,A,armenter,I,enter,386,1,1099.9000000953674,389447.7000000477,8079,WL,B,7.0
3,17.145000219345093,learn,42854.99978065491,Wed Oct 15 2025 18:36:25 GMT-0500 (Central Daylight Time),392581.2000000477,A,c,I,c,2013,1,2033.3999998569489,390547.80000019073,8079,WL,B,8.0
3,17.278000116348267,learn,42721.99988365173,Wed Oct 15 2025 18:36:25 GMT-0500 (Central Daylight Time),392713.80000019073,A,ci,I,i,118,1,2166.0,390547.80000019073,8079,WL,B,8.0
3,17.426000118255615,learn,42573.999881744385,Wed Oct 15 2025 18:36:25 GMT-0500 (Central Daylight Time),392862.40000009537,A,cit,I,t,128,1,2314.5999999046326,390547.80000019073,8079,WL,B,8.0
3,17.611000061035156,learn,42388.999938964844,Wed Oct 15 2025 18:36:25 GMT-0500 (Central Daylight Time),393047.0,A,city,I,y,173,1,2499.199999809265,390547.80000019073,8079,WL,B,8.0
3,17.960000038146973,learn,42039.99996185303,Wed Oct 15 2025 18:36:25 GMT-0500 (Central Daylight Time),393396.5,A,cityenter,I,enter,340,1,2848.699999809265,390547.80000019073,8079,WL,B,8.0
3,20.243000030517578,learn,39756.99996948242,Wed Oct 15 2025 18:36:25 GMT-0500 (Central Daylight Time),395678.90000009537,A,p,I,p,2264,1,2282.2000000476837,393396.7000000477,8079,WL,B,9.0
3,20.45900011062622,learn,39540.99988937378,Wed Oct 15 2025 18:36:25 GMT-0500 (Central Daylight Time),395895.60000014305,A,pu,I,u,205,1,2498.9000000953674,393396.7000000477,8079,WL,B,9.0
3,20.642000198364258,learn,39357.99980163574,Wed Oct 15 2025 18:36:25 GMT-0500 (Central Daylight Time),396078.30000019073,A,pup,I,p,177,1,2681.600000143051,393396.7000000477,8079,WL,B,9.0
3,20.87600016593933,learn,39123.99983406067,Wed Oct 15 2025 18:36:25 GMT-0500 (Central Daylight Time),396312.30000019073,A,pupi,I,i,222,1,2915.600000143051,393396.7000000477,8079,WL,B,9.0
3,21.125,learn,38875.0,Wed Oct 15 2025 18:36:25 GMT-0500 (Central Daylight Time),396561.5,A,pupil,I,l,234,1,3164.7999999523163,393396.7000000477,8079,WL,B,9.0
3,21.658000230789185,learn,38341.999769210815,Wed Oct 15 2025 18:36:25 GMT-0500 (Central Daylight Time),397094.30000019073,A,pupilenter,I,enter,514,1,3697.600000143051,393396.7000000477,8079,WL,B,9.0
3,22.943000078201294,learn,37056.999921798706,Wed Oct 15 2025 18:36:25 GMT-0500 (Central Daylight Time),398379.0,A,c,I,c,1271,1,1284.3999998569489,397094.60000014305,8079,WL,B,10.0
3,23.842000007629395,learn,36157.999992370605,Wed Oct 15 2025 18:36:25 GMT-0500 (Central Daylight Time),399278.2000000477,A,ca,I,a,882,1,2183.5999999046326,397094.60000014305,8079,WL,B,10.0
3,24.141000032424927,learn,35858.99996757507,Wed Oct 15 2025 18:36:25 GMT-0500 (Central Daylight Time),399577.40000009537,A,cab,I,b,287,1,2482.7999999523163,397094.60000014305,8079,WL,B,10.0
3,24.324000120162964,learn,35675.999879837036,Wed Oct 15 2025 18:36:25 GMT-0500 (Central Daylight Time),399760.10000014305,A,cabi,I,i,172,1,2665.5,397094.60000014305,8079,WL,B,10.0
3,24.591000080108643,learn,35408.99991989136,Wed Oct 15 2025 18:36:25 GMT-0500 (Central Daylight Time),400027.30000019073,A,cabin,I,n,264,1,2932.7000000476837,397094.60000014305,8079,WL,B,10.0
3,24.895000219345093,learn,35104.99978065491,Wed Oct 15 2025 18:36:25 GMT-0500 (Central Daylight Time),400331.2000000477,A,cabinenter,I,enter,301,1,3236.5999999046326,397094.60000014305,8079,WL,B,10.0
3,26.823000192642212,learn,33176.99980735779,Wed Oct 15 2025 18:36:25 GMT-0500 (Central Daylight Time),402259.10000014305,A,p,I,p,1921,1,1927.6000001430511,400331.5,8079,WL,B,11.0
3,27.47699999809265,learn,32523.00000190735,Wed Oct 15 2025 18:36:25 GMT-0500 (Central Daylight Time),402913.10000014305,A,,I,backspace,647,1,2581.600000143051,400331.5,8079,WL,B,11.0
3,27.924000024795532,learn,32075.999975204468,Wed Oct 15 2025 18:36:25 GMT-0500 (Central Daylight Time),403360.10000014305,A,l,I,l,435,1,3028.600000143051,400331.5,8079,WL,B,11.0
3,28.177000045776367,learn,31822.999954223633,Wed Oct 15 2025 18:36:25 GMT-0500 (Central Daylight Time),403612.90000009537,A,la,I,a,247,1,3281.4000000953674,400331.5,8079,WL,B,11.0
3,28.308000087738037,learn,31691.999912261963,Wed Oct 15 2025 18:36:25 GMT-0500 (Central Daylight Time),403744.0,A,lak,I,k,112,1,3412.5,400331.5,8079,WL,B,11.0
3,28.44100022315979,learn,31558.99977684021,Wed Oct 15 2025 18:36:25 GMT-0500 (Central Daylight Time),403876.90000009537,A,lake,I,e,125,1,3545.4000000953674,400331.5,8079,WL,B,11.0
3,28.957000017166138,learn,31042.999982833862,Wed Oct 15 2025 18:36:25 GMT-0500 (Central Daylight Time),404393.40000009537,A,lakeenter,I,enter,502,1,4061.9000000953674,400331.5,8079,WL,B,11.0
3,29.473000049591064,learn,30526.999950408936,Wed Oct 15 2025 18:36:25 GMT-0500 (Central Daylight Time),404909.80000019073,A,p,I,p,508,1,516.2000000476837,404393.60000014305,8079,WL,B,12.0
3,29.706000089645386,learn,30293.999910354614,Wed Oct 15 2025 18:36:25 GMT-0500 (Central Daylight Time),405142.0,A,pi,I,i,213,1,748.3999998569489,404393.60000014305,8079,WL,B,12.0
3,29.89300012588501,learn,30106.99987411499,Wed Oct 15 2025 18:36:25 GMT-0500 (Central Daylight Time),405329.5,A,pip,I,p,166,1,935.8999998569489,404393.60000014305,8079,WL,B,12.0
3,30.224000215530396,learn,29775.999784469604,Wed Oct 15 2025 18:36:25 GMT-0500 (Central Daylight Time),405660.30000019073,A,pipe,I,e,325,1,1266.7000000476837,404393.60000014305,8079,WL,B,12.0
3,30.59000015258789,learn,29409.99984741211,Wed Oct 15 2025 18:36:25 GMT-0500 (Central Daylight Time),406026.0,A,pipeenter,I,enter,344,1,1632.3999998569489,404393.60000014305,8079,WL,B,12.0
3,30.85800004005432,learn,29141.99995994568,Wed Oct 15 2025 18:36:25 GMT-0500 (Central Daylight Time),406294.2000000477,A,k,I,k,259,1,268.0,406026.2000000477,8079,WL,B,13.0
3,31.23900008201599,learn,28760.99991798401,Wed Oct 15 2025 18:36:25 GMT-0500 (Central Daylight Time),406675.5,A,,I,backspace,366,1,649.2999999523163,406026.2000000477,8079,WL,B,13.0
3,31.4060001373291,learn,28593.9998626709,Wed Oct 15 2025 18:36:25 GMT-0500 (Central Daylight Time),406842.10000014305,A,s,I,s,147,1,815.9000000953674,406026.2000000477,8079,WL,B,13.0
3,31.540000200271606,learn,28459.999799728394,Wed Oct 15 2025 18:36:25 GMT-0500 (Central Daylight Time),406976.30000019073,A,sk,I,k,121,1,950.1000001430511,406026.2000000477,8079,WL,B,13.0
3,31.77300000190735,learn,28226.99999809265,Wed Oct 15 2025 18:36:25 GMT-0500 (Central Daylight Time),407208.80000019073,A,ski,I,i,219,1,1182.6000001430511,406026.2000000477,8079,WL,B,13.0
3,31.972000122070312,learn,28027.999877929688,Wed Oct 15 2025 18:36:25 GMT-0500 (Central Daylight Time),407408.10000014305,A,skin,I,n,186,1,1381.9000000953674,406026.2000000477,8079,WL,B,13.0
3,32.28800010681152,learn,27711.999893188477,Wed Oct 15 2025 18:36:25 GMT-0500 (Central Daylight Time),407724.40000009537,A,skinenter,I,enter,307,1,1698.2000000476837,406026.2000000477,8079,WL,B,13.0
3,33.09100008010864,learn,26908.999919891357,Wed Oct 15 2025 18:36:25 GMT-0500 (Central Daylight Time),408526.90000009537,A,f,I,f,793,1,802.4000000953674,407724.5,8079,WL,B,14.0
3,33.289000034332275,learn,26710.999965667725,Wed Oct 15 2025 18:36:25 GMT-0500 (Central Daylight Time),408724.80000019073,A,fi,I,i,187,1,1000.3000001907349,407724.5,8079,WL,B,14.0
3,33.43900012969971,learn,26560.999870300293,Wed Oct 15 2025 18:36:25 GMT-0500 (Central Daylight Time),408875.7000000477,A,fir,I,r,135,1,1151.2000000476837,407724.5,8079,WL,B,14.0
3,33.53800010681152,learn,26461.999893188477,Wed Oct 15 2025 18:36:25 GMT-0500 (Central Daylight Time),408974.2000000477,A,fire,I,e,89,1,1249.7000000476837,407724.5,8079,WL,B,14.0
3,34.92200016975403,learn,25077.99983024597,Wed Oct 15 2025 18:36:25 GMT-0500 (Central Daylight Time),410358.10000014305,A,fireenter,I,enter,1375,1,2633.600000143051,407724.5,8079,WL,B,14.0
3,35.72200012207031,learn,24277.999877929688,Wed Oct 15 2025 18:36:25 GMT-0500 (Central Daylight Time),411158.5,A,c,I,c,784,1,800.0999999046326,410358.40000009537,8079,WL,B,15.0
3,35.90500020980835,learn,24094.99979019165,Wed Oct 15 2025 18:36:25 GMT-0500 (Central Daylight Time),411341.40000009537,A,cl,I,l,164,1,983.0,410358.40000009537,8079,WL,B,15.0
3,36.13700008392334,learn,23862.99991607666,Wed Oct 15 2025 18:36:25 GMT-0500 (Central Daylight Time),411573.5,A,clo,I,o,214,1,1215.0999999046326,410358.40000009537,8079,WL,B,15.0
3,36.28800010681152,learn,23711.999893188477,Wed Oct 15 2025 18:36:25 GMT-0500 (Central Daylight Time),411724.2000000477,A,cloc,I,c,134,1,1365.7999999523163,410358.40000009537,8079,WL,B,15.0
3,36.438000202178955,learn,23561.999797821045,Wed Oct 15 2025 18:36:25 GMT-0500 (Central Daylight Time),411874.10000014305,A,clock,I,k,128,1,1515.7000000476837,410358.40000009537,8079,WL,B,15.0
3,36.78700017929077,learn,23212.99982070923,Wed Oct 15 2025 18:36:25 GMT-0500 (Central Daylight Time),412223.60000014305,A,clockenter,I,enter,328,1,1865.2000000476837,410358.40000009537,8079,WL,B,15.0
4,1.0839998722076416,learn,58916.00012779236,Wed Oct 15 2025 18:36:25 GMT-0500 (Central Daylight Time),485200.80000019073,A,s,I,s,1073,1,1083.6000001430511,484117.2000000477,8079,WL,B,1.0
4,1.2999999523162842,learn,58700.000047683716,Wed Oct 15 2025 18:36:25 GMT-0500 (Central Daylight Time),485416.90000009537,A,st,I,t,206,1,1299.7000000476837,484117.2000000477,8079,WL,B,1.0
4,1.5189998149871826,learn,58481.00018501282,Wed Oct 15 2025 18:36:25 GMT-0500 (Central Daylight Time),485636.0,A,str,I,r,212,1,1518.7999999523163,484117.2000000477,8079,WL,B,1.0
4,1.6339998245239258,learn,58366.000175476074,Wed Oct 15 2025 18:36:25 GMT-0500 (Central Daylight Time),485750.7000000477,A,stre,I,e,106,1,1633.5,484117.2000000477,8079,WL,B,1.0
4,1.7999999523162842,learn,58200.000047683716,Wed Oct 15 2025 18:36:25 GMT-0500 (Central Daylight Time),485916.40000009537,A,stree,I,e,146,1,1799.2000000476837,484117.2000000477,8079,WL,B,1.0
4,2.0339999198913574,learn,57966.00008010864,Wed Oct 15 2025 18:36:25 GMT-0500 (Central Daylight Time),486150.90000009537,A,street,I,t,216,1,2033.7000000476837,484117.2000000477,8079,WL,B,1.0
4,2.866999864578247,learn,57133.00013542175,Wed Oct 15 2025 18:36:25 GMT-0500 (Central Daylight Time),486984.0,A,streetenter,I,enter,814,1,2866.7999999523163,484117.2000000477,8079,WL,B,1.0
4,3.382999897003174,learn,56617.000102996826,Wed Oct 15 2025 18:36:25 GMT-0500 (Central Daylight Time),487499.7000000477,A,g,I,g,509,1,515.5,486984.2000000477,8079,WL,B,2.0
4,3.5999999046325684,learn,56400.00009536743,Wed Oct 15 2025 18:36:25 GMT-0500 (Central Daylight Time),487716.80000019073,A,gr,I,r,210,1,732.6000001430511,486984.2000000477,8079,WL,B,2.0
4,3.7839999198913574,learn,56216.00008010864,Wed Oct 15 2025 18:36:25 GMT-0500 (Central Daylight Time),487900.40000009537,A,gra,I,a,177,1,916.2000000476837,486984.2000000477,8079,WL,B,2.0
4,3.9670000076293945,learn,56032.999992370605,Wed Oct 15 2025 18:36:25 GMT-0500 (Central Daylight Time),488084.0,A,gras,I,s,167,1,1099.7999999523163,486984.2000000477,8079,WL,B,2.0
4,4.1499998569488525,learn,55850.00014305115,Wed Oct 15 2025 18:36:25 GMT-0500 (Central Daylight Time),488266.90000009537,A,grass,I,s,178,1,1282.7000000476837,486984.2000000477,8079,WL,B,2.0
4,4.434000015258789,learn,55565.99998474121,Wed Oct 15 2025 18:36:25 GMT-0500 (Central Daylight Time),488550.40000009537,A,grassenter,I,enter,275,1,1566.2000000476837,486984.2000000477,8079,WL,B,2.0
4,4.733999967575073,learn,55266.00003242493,Wed Oct 15 2025 18:36:25 GMT-0500 (Central Daylight Time),488850.40000009537,A,d,I,d,295,1,299.7999999523163,488550.60000014305,8079,WL,B,3.0
4,4.883999824523926,learn,55116.000175476074,Wed Oct 15 2025 18:36:25 GMT-0500 (Central Daylight Time),489000.40000009537,A,do,I,o,130,1,449.7999999523163,488550.60000014305,8079,WL,B,3.0
4,5.066999912261963,learn,54933.00008773804,Wed Oct 15 2025 18:36:25 GMT-0500 (Central Daylight Time),489183.40000009537,A,doo,I,o,171,1,632.7999999523163,488550.60000014305,8079,WL,B,3.0
4,5.265999794006348,learn,54734.00020599365,Wed Oct 15 2025 18:36:25 GMT-0500 (Central Daylight Time),489382.2000000477,A,door,I,r,192,1,831.5999999046326,488550.60000014305,8079,WL,B,3.0
4,5.7170000076293945,learn,54282.999992370605,Wed Oct 15 2025 18:36:25 GMT-0500 (Central Daylight Time),489833.7000000477,A,doorenter,I,enter,440,1,1283.0999999046326,488550.60000014305,8079,WL,B,3.0
4,6.616999864578247,learn,53383.00013542175,Wed Oct 15 2025 18:36:25 GMT-0500 (Central Daylight Time),490733.30000019073,A,s,I,s,894,1,899.3000001907349,489834.0,8079,WL,B,4.0
4,6.83299994468689,learn,53167.00005531311,Wed Oct 15 2025 18:36:25 GMT-0500 (Central Daylight Time),490950.0,A,st,I,t,200,1,1116.0,489834.0,8079,WL,B,4.0
4,7.0329999923706055,learn,52967.000007629395,Wed Oct 15 2025 18:36:25 GMT-0500 (Central Daylight Time),491150.10000014305,A,sta,I,a,192,1,1316.1000001430511,489834.0,8079,WL,B,4.0
4,7.097999811172485,learn,52902.000188827515,Wed Oct 15 2025 18:36:25 GMT-0500 (Central Daylight Time),491214.90000009537,A,star,I,r,47,1,1380.9000000953674,489834.0,8079,WL,B,4.0
4,7.565999984741211,learn,52434.00001525879,Wed Oct 15 2025 18:36:25 GMT-0500 (Central Daylight Time),491683.10000014305,A,starenter,I,enter,454,1,1849.1000001430511,489834.0,8079,WL,B,4.0
4,7.898000001907349,learn,52101.99999809265,Wed Oct 15 2025 18:36:25 GMT-0500 (Central Daylight Time),492015.10000014305,A,a,I,a,321,1,331.7000000476837,491683.40000009537,8079,WL,B,5.0
4,7.980999946594238,learn,52019.00005340576,Wed Oct 15 2025 18:36:25 GMT-0500 (Central Daylight Time),492097.60000014305,A,ar,I,r,61,1,414.2000000476837,491683.40000009537,8079,WL,B,5.0
4,8.181999921798706,learn,51818.000078201294,Wed Oct 15 2025 18:36:25 GMT-0500 (Central Daylight Time),492299.0,A,arm,I,m,185,1,615.5999999046326,491683.40000009537,8079,WL,B,5.0
4,8.547999858856201,learn,51452.0001411438,Wed Oct 15 2025 18:36:25 GMT-0500 (Central Daylight Time),492665.10000014305,A,armenter,I,enter,353,1,981.7000000476837,491683.40000009537,8079,WL,B,5.0
4,9.047999858856201,learn,50952.0001411438,Wed Oct 15 2025 18:36:25 GMT-0500 (Central Daylight Time),493164.40000009537,A,w,I,w,483,1,499.09999990463257,492665.30000019073,8079,WL,B,6.0
4,9.214999914169312,learn,50785.00008583069,Wed Oct 15 2025 18:36:25 GMT-0500 (Central Daylight Time),493331.5,A,wi,I,i,152,1,666.1999998092651,492665.30000019073,8079,WL,B,6.0
4,9.330999851226807,learn,50669.00014877319,Wed Oct 15 2025 18:36:25 GMT-0500 (Central Daylight Time),493448.10000014305,A,wif,I,f,107,1,782.7999999523163,492665.30000019073,8079,WL,B,6.0
4,9.547999858856201,learn,50452.0001411438,Wed Oct 15 2025 18:36:25 GMT-0500 (Central Daylight Time),493664.60000014305,A,wife,I,e,203,1,999.2999999523163,492665.30000019073,8079,WL,B,6.0
4,9.881999969482422,learn,50118.00003051758,Wed Oct 15 2025 18:36:25 GMT-0500 (Central Daylight Time),493998.2000000477,A,wifeenter,I,enter,324,1,1332.8999998569489,492665.30000019073,8079,WL,B,6.0
4,10.797999858856201,learn,49202.0001411438,Wed Oct 15 2025 18:36:25 GMT-0500 (Central Daylight Time),494914.80000019073,A,w,I,w,902,1,916.3000001907349,493998.5,8079,WL,B,7.0
4,10.914999961853027,learn,49085.00003814697,Wed Oct 15 2025 18:36:25 GMT-0500 (Central Daylight Time),495032.10000014305,A,wi,I,i,99,1,1033.6000001430511,493998.5,8079,WL,B,7.0
4,11.063999891281128,learn,48936.00010871887,Wed Oct 15 2025 18:36:25 GMT-0500 (Central Daylight Time),495181.10000014305,A,win,I,n,140,1,1182.6000001430511,493998.5,8079,WL,B,7.0
4,11.19599986076355,learn,48804.00013923645,Wed Oct 15 2025 18:36:25 GMT-0500 (Central Daylight Time),495313.10000014305,A,wind,I,d,118,1,1314.6000001430511,493998.5,8079,WL,B,7.0
4,11.29699993133545,learn,48703.00006866455,Wed Oct 15 2025 18:36:25 GMT-0500 (Central Daylight Time),495414.2000000477,A,windo,I,o,92,1,1415.7000000476837,493998.5,8079,WL,B,7.0
4,11.46399998664856,learn,48536.00001335144,Wed Oct 15 2025 18:36:25 GMT-0500 (Central Daylight Time),495580.2000000477,A,window,I,w,159,1,1581.7000000476837,493998.5,8079,WL,B,7.0
4,11.780999898910522,learn,48219.00010108948,Wed Oct 15 2025 18:36:25 GMT-0500 (Central Daylight Time),495897.7000000477,A,windowenter,I,enter,303,1,1899.2000000476837,493998.5,8079,WL,B,7.0
4,12.163999795913696,learn,47836.000204086304,Wed Oct 15 2025 18:36:25 GMT-0500 (Central Daylight Time),496280.5,A,c,I,c,363,1,382.59999990463257,495897.90000009537,8079,WL,B,8.0
4,12.29699993133545,learn,47703.00006866455,Wed Oct 15 2025 18:36:25 GMT-0500 (Central Daylight Time),496413.90000009537,A,ci,I,i,116,1,516.0,495897.90000009537,8079,WL,B,8.0
4,12.431999921798706,learn,47568.000078201294,Wed Oct 15 2025 18:36:25 GMT-0500 (Central Daylight Time),496548.7000000477,A,cit,I,t,128,1,650.7999999523163,495897.90000009537,8079,WL,B,8.0
4,12.54699993133545,learn,47453.00006866455,Wed Oct 15 2025 18:36:25 GMT-0500 (Central Daylight Time),496664.10000014305,A,city,I,y,102,1,766.2000000476837,495897.90000009537,8079,WL,B,8.0
4,12.846999883651733,learn,47153.00011634827,Wed Oct 15 2025 18:36:25 GMT-0500 (Central Daylight Time),496963.90000009537,A,cityenter,I,enter,285,1,1066.0,495897.90000009537,8079,WL,B,8.0
4,13.212999820709229,learn,46787.00017929077,Wed Oct 15 2025 18:36:25 GMT-0500 (Central Daylight Time),497330.10000014305,A,p,I,p,353,1,366.0,496964.10000014305,8079,WL,B,9.0
4,13.400999784469604,learn,46599.000215530396,Wed Oct 15 2025 18:36:25 GMT-0500 (Central Daylight Time),497517.2000000477,A,pu,I,u,182,1,553.0999999046326,496964.10000014305,8079,WL,B,9.0
4,13.596999883651733,learn,46403.00011634827,Wed Oct 15 2025 18:36:25 GMT-0500 (Central Daylight Time),497713.2000000477,A,pup,I,p,173,1,749.0999999046326,496964.10000014305,8079,WL,B,9.0
4,13.980000019073486,learn,46019.999980926514,Wed Oct 15 2025 18:36:25 GMT-0500 (Central Daylight Time),498096.30000019073,A,pupi,I,i,370,1,1132.2000000476837,496964.10000014305,8079,WL,B,9.0
4,14.246999979019165,learn,45753.000020980835,Wed Oct 15 2025 18:36:25 GMT-0500 (Central Daylight Time),498364.10000014305,A,pupil,I,l,262,1,1400.0,496964.10000014305,8079,WL,B,9.0
4,14.730000019073486,learn,45269.999980926514,Wed Oct 15 2025 18:36:25 GMT-0500 (Central Daylight Time),498847.0,A,pupilenter,I,enter,465,1,1882.8999998569489,496964.10000014305,8079,WL,B,9.0
4,17.161999940872192,learn,42838.00005912781,Wed Oct 15 2025 18:36:25 GMT-0500 (Central Daylight Time),501278.60000014305,A,c,I,c,2414,1,2431.2000000476837,498847.40000009537,8079,WL,B,10.0
4,17.429999828338623,learn,42570.00017166138,Wed Oct 15 2025 18:36:25 GMT-0500 (Central Daylight Time),501546.40000009537,A,ca,I,a,245,1,2699.0,498847.40000009537,8079,WL,B,10.0
4,17.679999828338623,learn,42320.00017166138,Wed Oct 15 2025 18:36:25 GMT-0500 (Central Daylight Time),501796.40000009537,A,cab,I,b,234,1,2949.0,498847.40000009537,8079,WL,B,10.0
4,17.84599995613098,learn,42154.00004386902,Wed Oct 15 2025 18:36:25 GMT-0500 (Central Daylight Time),501962.30000019073,A,cabi,I,i,152,1,3114.9000000953674,498847.40000009537,8079,WL,B,10.0
4,17.978999853134155,learn,42021.000146865845,Wed Oct 15 2025 18:36:25 GMT-0500 (Central Daylight Time),502095.7000000477,A,cabin,I,n,114,1,3248.2999999523163,498847.40000009537,8079,WL,B,10.0
4,18.277999877929688,learn,41722.00012207031,Wed Oct 15 2025 18:36:25 GMT-0500 (Central Daylight Time),502395.10000014305,A,cabinenter,I,enter,286,1,3547.7000000476837,498847.40000009537,8079,WL,B,10.0
4,18.561999797821045,learn,41438.000202178955,Wed Oct 15 2025 18:36:25 GMT-0500 (Central Daylight Time),502678.30000019073,A,l,I,l,268,1,283.0,502395.30000019073,8079,WL,B,11.0
4,18.69599986076355,learn,41304.00013923645,Wed Oct 15 2025 18:36:25 GMT-0500 (Central Daylight Time),502812.7000000477,A,la,I,a,129,1,417.39999985694885,502395.30000019073,8079,WL,B,11.0
4,18.863999843597412,learn,41136.00015640259,Wed Oct 15 2025 18:36:25 GMT-0500 (Central Daylight Time),502980.30000019073,A,lak,I,k,160,1,585.0,502395.30000019073,8079,WL,B,11.0
4,19.046000003814697,learn,40953.9999961853,Wed Oct 15 2025 18:36:25 GMT-0500 (Central Daylight Time),503162.80000019073,A,lake,I,e,176,1,767.5,502395.30000019073,8079,WL,B,11.0
4,19.294999837875366,learn,40705.000162124634,Wed Oct 15 2025 18:36:25 GMT-0500 (Central Daylight Time),503411.30000019073,A,lakeenter,I,enter,227,1,1016.0,502395.30000019073,8079,WL,B,11.0
4,21.07799983024597,learn,38922.00016975403,Wed Oct 15 2025 18:36:25 GMT-0500 (Central Daylight Time),505194.5,A,p,I,p,1778,1,1782.8999998569489,503411.60000014305,8079,WL,B,12.0
4,21.30999994277954,learn,38690.00005722046,Wed Oct 15 2025 18:36:25 GMT-0500 (Central Daylight Time),505426.60000014305,A,pi,I,i,209,1,2015.0,503411.60000014305,8079,WL,B,12.0
4,21.477999925613403,learn,38522.0000743866,Wed Oct 15 2025 18:36:25 GMT-0500 (Central Daylight Time),505594.7000000477,A,pip,I,p,165,1,2183.0999999046326,503411.60000014305,8079,WL,B,12.0
4,22.194999933242798,learn,37805.0000667572,Wed Oct 15 2025 18:36:25 GMT-0500 (Central Daylight Time),506311.5,A,pipe,I,e,699,1,2899.899999856949,503411.60000014305,8079,WL,B,12.0
4,22.793999910354614,learn,37206.000089645386,Wed Oct 15 2025 18:36:25 GMT-0500 (Central Daylight Time),506910.7000000477,A,pipeenter,I,enter,579,1,3499.0999999046326,503411.60000014305,8079,WL,B,12.0
4,23.26099991798401,learn,36739.00008201599,Wed Oct 15 2025 18:36:25 GMT-0500 (Central Daylight Time),507377.30000019073,A,s,I,s,457,1,466.40000009536743,506910.90000009537,8079,WL,B,13.0
4,23.459999799728394,learn,36540.00020027161,Wed Oct 15 2025 18:36:25 GMT-0500 (Central Daylight Time),507576.60000014305,A,sk,I,k,180,1,665.7000000476837,506910.90000009537,8079,WL,B,13.0
4,23.676999807357788,learn,36323.00019264221,Wed Oct 15 2025 18:36:25 GMT-0500 (Central Daylight Time),507793.7000000477,A,ski,I,i,205,1,882.7999999523163,506910.90000009537,8079,WL,B,13.0
4,23.876999855041504,learn,36123.000144958496,Wed Oct 15 2025 18:36:25 GMT-0500 (Central Daylight Time),507994.0,A,skin,I,n,180,1,1083.0999999046326,506910.90000009537,8079,WL,B,13.0
4,24.194999933242798,learn,35805.0000667572,Wed Oct 15 2025 18:36:25 GMT-0500 (Central Daylight Time),508311.80000019073,A,skinenter,I,enter,309,1,1400.9000000953674,506910.90000009537,8079,WL,B,13.0
4,25.375999927520752,learn,34624.00007247925,Wed Oct 15 2025 18:36:25 GMT-0500 (Central Daylight Time),509492.7000000477,A,f,I,f,1173,1,1180.7000000476837,508312.0,8079,WL,B,14.0
4,25.775999784469604,learn,34224.000215530396,Wed Oct 15 2025 18:36:25 GMT-0500 (Central Daylight Time),509892.7000000477,A,fi,I,i,392,1,1580.7000000476837,508312.0,8079,WL,B,14.0
4,26.008999824523926,learn,33991.000175476074,Wed Oct 15 2025 18:36:25 GMT-0500 (Central Daylight Time),510125.90000009537,A,fir,I,r,222,1,1813.9000000953674,508312.0,8079,WL,B,14.0
4,26.143999814987183,learn,33856.00018501282,Wed Oct 15 2025 18:36:25 GMT-0500 (Central Daylight Time),510260.60000014305,A,fire,I,e,130,1,1948.6000001430511,508312.0,8079,WL,B,14.0
4,27.242999792099,learn,32757.000207901,Wed Oct 15 2025 18:36:25 GMT-0500 (Central Daylight Time),511359.5,A,fireenter,I,enter,1080,1,3047.5,508312.0,8079,WL,B,14.0
4,28.691999912261963,learn,31308.000087738037,Wed Oct 15 2025 18:36:25 GMT-0500 (Central Daylight Time),512808.60000014305,A,c,I,c,1438,1,1448.7999999523163,511359.80000019073,8079,WL,B,15.0
4,28.823999881744385,learn,31176.000118255615,Wed Oct 15 2025 18:36:25 GMT-0500 (Central Daylight Time),512940.80000019073,A,cl,I,l,111,1,1581.0,511359.80000019073,8079,WL,B,15.0
4,29.007999897003174,learn,30992.000102996826,Wed Oct 15 2025 18:36:25 GMT-0500 (Central Daylight Time),513125.2000000477,A,clo,I,o,176,1,1765.3999998569489,511359.80000019073,8079,WL,B,15.0
4,29.14199995994568,learn,30858.00004005432,Wed Oct 15 2025 18:36:25 GMT-0500 (Central Daylight Time),513259.0,A,cloc,I,c,119,1,1899.1999998092651,511359.80000019073,8079,WL,B,15.0
4,29.274999856948853,learn,30725.000143051147,Wed Oct 15 2025 18:36:25 GMT-0500 (Central Daylight Time),513391.7000000477,A,clock,I,k,110,1,2031.8999998569489,511359.80000019073,8079,WL,B,15.0
4,29.60699987411499,learn,30393.00012588501,Wed Oct 15 2025 18:36:25 GMT-0500 (Central Daylight Time),513724.0,A,clockenter,I,enter,320,1,2364.199999809265,511359.80000019073,8079,WL,B,15.0
5,0.6989998817443848,learn,60000.0,Wed Oct 15 2025 18:36:25 GMT-0500 (Central Daylight Time),581702.5,A,s,I,s,691,1,698.0999999046326,581004.4000000954,8079,WL,B,1.0
5,0.8819999694824219,learn,60000.0,Wed Oct 15 2025 18:36:25 GMT-0500 (Central Daylight Time),581885.9000000954,A,st,I,t,173,1,881.5,581004.4000000954,8079,WL,B,1.0
5,1.0999999046325684,learn,60000.0,Wed Oct 15 2025 18:36:25 GMT-0500 (Central Daylight Time),582103.9000000954,A,str,I,r,208,1,1099.5,581004.4000000954,8079,WL,B,1.0
5,1.2330000400543213,learn,60000.0,Wed Oct 15 2025 18:36:25 GMT-0500 (Central Daylight Time),582236.7000000477,A,stre,I,e,127,1,1232.2999999523163,581004.4000000954,8079,WL,B,1.0
5,1.3529999256134033,learn,60000.0,Wed Oct 15 2025 18:36:25 GMT-0500 (Central Daylight Time),582356.9000000954,A,stree,I,e,116,1,1352.5,581004.4000000954,8079,WL,B,1.0
5,1.5829999446868896,learn,60000.0,Wed Oct 15 2025 18:36:25 GMT-0500 (Central Daylight Time),582587.2000000477,A,street,I,t,225,1,1582.7999999523163,581004.4000000954,8079,WL,B,1.0
5,2.382999897003174,learn,60000.0,Wed Oct 15 2025 18:36:25 GMT-0500 (Central Daylight Time),583387.3000001907,A,streetenter,I,enter,796,1,2382.9000000953674,581004.4000000954,8079,WL,B,1.0
5,2.8320000171661377,learn,60000.0,Wed Oct 15 2025 18:36:25 GMT-0500 (Central Daylight Time),583836.3000001907,A,g,I,g,444,1,448.80000019073486,583387.5,8079,WL,B,2.0
5,3.0490000247955322,learn,60000.0,Wed Oct 15 2025 18:36:25 GMT-0500 (Central Daylight Time),584052.600000143,A,gr,I,r,202,1,665.1000001430511,583387.5,8079,WL,B,2.0
5,3.1679999828338623,learn,60000.0,Wed Oct 15 2025 18:36:25 GMT-0500 (Central Daylight Time),584172.100000143,A,gra,I,a,116,1,784.6000001430511,583387.5,8079,WL,B,2.0
5,3.3489999771118164,learn,60000.0,Wed Oct 15 2025 18:36:25 GMT-0500 (Central Daylight Time),584352.8000001907,A,gras,I,s,168,1,965.3000001907349,583387.5,8079,WL,B,2.0
5,3.5309998989105225,learn,60000.0,Wed Oct 15 2025 18:36:25 GMT-0500 (Central Daylight Time),584535.100000143,A,grass,I,s,171,1,1147.6000001430511,583387.5,8079,WL,B,2.0
5,3.7820000648498535,learn,60000.0,Wed Oct 15 2025 18:36:25 GMT-0500 (Central Daylight Time),584786.0,A,grassenter,I,enter,239,1,1398.5,583387.5,8079,WL,B,2.0
5,4.247999906539917,learn,60000.0,Wed Oct 15 2025 18:36:25 GMT-0500 (Central Daylight Time),585251.600000143,A,d,I,d,452,1,465.2999999523163,584786.3000001907,8079,WL,B,3.0
5,4.431999921798706,learn,60000.0,Wed Oct 15 2025 18:36:25 GMT-0500 (Central Daylight Time),585435.8000001907,A,do,I,o,181,1,649.5,584786.3000001907,8079,WL,B,3.0
5,4.58299994468689,learn,60000.0,Wed Oct 15 2025 18:36:25 GMT-0500 (Central Daylight Time),585587.2000000477,A,doo,I,o,146,1,800.8999998569489,584786.3000001907,8079,WL,B,3.0
5,4.747999906539917,learn,60000.0,Wed Oct 15 2025 18:36:25 GMT-0500 (Central Daylight Time),585752.100000143,A,door,I,r,154,1,965.7999999523163,584786.3000001907,8079,WL,B,3.0
5,5.066999912261963,learn,60000.0,Wed Oct 15 2025 18:36:25 GMT-0500 (Central Daylight Time),586070.9000000954,A,doorenter,I,enter,300,1,1284.5999999046326,584786.3000001907,8079,WL,B,3.0
5,5.615999937057495,learn,60000.0,Wed Oct 15 2025 18:36:25 GMT-0500 (Central Daylight Time),586619.7000000477,A,a,I,a,543,1,548.5999999046326,586071.100000143,8079,WL,B,4.0
5,5.914000034332275,learn,60000.0,Wed Oct 15 2025 18:36:25 GMT-0500 (Central Daylight Time),586918.100000143,A,ar,I,r,289,1,847.0,586071.100000143,8079,WL,B,4.0
5,6.063999891281128,learn,60000.0,Wed Oct 15 2025 18:36:25 GMT-0500 (Central Daylight Time),587068.2000000477,A,arm,I,m,143,1,997.0999999046326,586071.100000143,8079,WL,B,4.0
5,6.365000009536743,learn,60000.0,Wed Oct 15 2025 18:36:25 GMT-0500 (Central Daylight Time),587368.9000000954,A,armenter,I,enter,290,1,1297.7999999523163,586071.100000143,8079,WL,B,4.0
5,6.831000089645386,learn,60000.0,Wed Oct 15 2025 18:36:25 GMT-0500 (Central Daylight Time),587834.600000143,A,s,I,s,446,1,465.5,587369.100000143,8079,WL,B,5.0
5,7.0,learn,60000.0,Wed Oct 15 2025 18:36:25 GMT-0500 (Central Daylight Time),588003.5,A,st,I,t,161,1,634.3999998569489,587369.100000143,8079,WL,B,5.0
5,7.197999954223633,learn,60000.0,Wed Oct 15 2025 18:36:25 GMT-0500 (Central Daylight Time),588201.9000000954,A,sta,I,a,194,1,832.7999999523163,587369.100000143,8079,WL,B,5.0
5,7.263000011444092,learn,60000.0,Wed Oct 15 2025 18:36:25 GMT-0500 (Central Daylight Time),588266.7000000477,A,star,I,r,50,1,897.5999999046326,587369.100000143,8079,WL,B,5.0
5,7.582000017166138,learn,60000.0,Wed Oct 15 2025 18:36:25 GMT-0500 (Central Daylight Time),588585.5,A,starenter,I,enter,315,1,1216.3999998569489,587369.100000143,8079,WL,B,5.0
5,7.980000019073486,learn,60000.0,Wed Oct 15 2025 18:36:25 GMT-0500 (Central Daylight Time),588984.0,A,w,I,w,379,1,398.19999980926514,588585.8000001907,8079,WL,B,6.0
5,8.114000082015991,learn,60000.0,Wed Oct 15 2025 18:36:25 GMT-0500 (Central Daylight Time),589117.4000000954,A,wi,I,i,113,1,531.5999999046326,588585.8000001907,8079,WL,B,6.0
5,8.230000019073486,learn,60000.0,Wed Oct 15 2025 18:36:25 GMT-0500 (Central Daylight Time),589234.0,A,win,I,n,113,1,648.1999998092651,588585.8000001907,8079,WL,B,6.0
5,8.364000082015991,learn,60000.0,Wed Oct 15 2025 18:36:25 GMT-0500 (Central Daylight Time),589367.9000000954,A,wind,I,d,113,1,782.0999999046326,588585.8000001907,8079,WL,B,6.0
5,8.496999979019165,learn,60000.0,Wed Oct 15 2025 18:36:25 GMT-0500 (Central Daylight Time),589501.100000143,A,windo,I,o,123,1,915.2999999523163,588585.8000001907,8079,WL,B,6.0
5,8.647000074386597,learn,60000.0,Wed Oct 15 2025 18:36:25 GMT-0500 (Central Daylight Time),589651.3000001907,A,window,I,w,136,1,1065.5,588585.8000001907,8079,WL,B,6.0
5,8.930999994277954,learn,60000.0,Wed Oct 15 2025 18:36:25 GMT-0500 (Central Daylight Time),589934.600000143,A,windowenter,I,enter,272,1,1348.7999999523163,588585.8000001907,8079,WL,B,6.0
5,10.329999923706055,learn,60000.0,Wed Oct 15 2025 18:36:25 GMT-0500 (Central Daylight Time),591334.0,A,c,I,c,1385,1,1399.1999998092651,589934.8000001907,8079,WL,B,7.0
5,10.447999954223633,learn,60000.0,Wed Oct 15 2025 18:36:25 GMT-0500 (Central Daylight Time),591451.5,A,ci,I,i,113,1,1516.6999998092651,589934.8000001907,8079,WL,B,7.0
5,10.599999904632568,learn,60000.0,Wed Oct 15 2025 18:36:25 GMT-0500 (Central Daylight Time),591604.0,A,cit,I,t,147,1,1669.1999998092651,589934.8000001907,8079,WL,B,7.0
5,10.713000059127808,learn,60000.0,Wed Oct 15 2025 18:36:25 GMT-0500 (Central Daylight Time),591716.600000143,A,city,I,y,104,1,1781.7999999523163,589934.8000001907,8079,WL,B,7.0
5,11.030999898910522,learn,60000.0,Wed Oct 15 2025 18:36:25 GMT-0500 (Central Daylight Time),592035.0,A,cityenter,I,enter,298,1,2100.199999809265,589934.8000001907,8079,WL,B,7.0
5,11.345999956130981,learn,60000.0,Wed Oct 15 2025 18:36:25 GMT-0500 (Central Daylight Time),592350.3000001907,A,p,I,p,307,1,315.10000014305115,592035.2000000477,8079,WL,B,8.0
5,11.480999946594238,learn,60000.0,Wed Oct 15 2025 18:36:25 GMT-0500 (Central Daylight Time),592484.9000000954,A,pu,I,u,128,1,449.7000000476837,592035.2000000477,8079,WL,B,8.0
5,11.662999868392944,learn,60000.0,Wed Oct 15 2025 18:36:25 GMT-0500 (Central Daylight Time),592666.8000001907,A,pup,I,p,166,1,631.6000001430511,592035.2000000477,8079,WL,B,8.0
5,11.895999908447266,learn,60000.0,Wed Oct 15 2025 18:36:25 GMT-0500 (Central Daylight Time),592899.9000000954,A,pupi,I,i,229,1,864.7000000476837,592035.2000000477,8079,WL,B,8.0
5,12.144999980926514,learn,60000.0,Wed Oct 15 2025 18:36:25 GMT-0500 (Central Daylight Time),593150.3000001907,A,pupil,I,l,235,1,1115.1000001430511,592035.2000000477,8079,WL,B,8.0
5,12.527999877929688,learn,60000.0,Wed Oct 15 2025 18:36:25 GMT-0500 (Central Daylight Time),593532.7000000477,A,pupilenter,I,enter,374,1,1497.5,592035.2000000477,8079,WL,B,8.0
5,13.66100001335144,learn,60000.0,Wed Oct 15 2025 18:36:25 GMT-0500 (Central Daylight Time),594666.2000000477,A,c,I,c,1129,1,1133.2999999523163,593532.9000000954,8079,WL,B,9.0
5,13.84500002861023,learn,60000.0,Wed Oct 15 2025 18:36:25 GMT-0500 (Central Daylight Time),594849.600000143,A,ca,I,a,172,1,1316.7000000476837,593532.9000000954,8079,WL,B,9.0
5,14.01200008392334,learn,60000.0,Wed Oct 15 2025 18:36:25 GMT-0500 (Central Daylight Time),595017.0,A,cab,I,b,155,1,1484.0999999046326,593532.9000000954,8079,WL,B,9.0
5,14.177000045776367,learn,60000.0,Wed Oct 15 2025 18:36:25 GMT-0500 (Central Daylight Time),595182.3000001907,A,cabi,I,i,149,1,1649.4000000953674,593532.9000000954,8079,WL,B,9.0
5,14.26200008392334,learn,60000.0,Wed Oct 15 2025 18:36:25 GMT-0500 (Central Daylight Time),595267.4000000954,A,cabin,I,n,62,1,1734.5,593532.9000000954,8079,WL,B,9.0
5,14.559999942779541,learn,60000.0,Wed Oct 15 2025 18:36:25 GMT-0500 (Central Daylight Time),595565.5,A,cabinenter,I,enter,287,1,2032.5999999046326,593532.9000000954,8079,WL,B,9.0
5,14.861000061035156,learn,60000.0,Wed Oct 15 2025 18:36:25 GMT-0500 (Central Daylight Time),595866.4000000954,A,l,I,l,280,1,300.59999990463257,595565.8000001907,8079,WL,B,10.0
5,15.026999950408936,learn,60000.0,Wed Oct 15 2025 18:36:25 GMT-0500 (Central Daylight Time),596032.2000000477,A,la,I,a,155,1,466.39999985694885,595565.8000001907,8079,WL,B,10.0
5,15.226999998092651,learn,60000.0,Wed Oct 15 2025 18:36:25 GMT-0500 (Central Daylight Time),596232.3000001907,A,lak,I,k,179,1,666.5,595565.8000001907,8079,WL,B,10.0
5,15.361000061035156,learn,60000.0,Wed Oct 15 2025 18:36:25 GMT-0500 (Central Daylight Time),596366.100000143,A,lake,I,e,124,1,800.2999999523163,595565.8000001907,8079,WL,B,10.0
5,15.57699990272522,learn,60000.0,Wed Oct 15 2025 18:36:25 GMT-0500 (Central Daylight Time),596581.7000000477,A,lakeenter,I,enter,206,1,1015.8999998569489,595565.8000001907,8079,WL,B,10.0
5,17.026999950408936,learn,60000.0,Wed Oct 15 2025 18:36:25 GMT-0500 (Central Daylight Time),598032.600000143,A,p,I,p,1432,1,1450.7999999523163,596581.8000001907,8079,WL,B,11.0
5,17.177000045776367,learn,60000.0,Wed Oct 15 2025 18:36:25 GMT-0500 (Central Daylight Time),598181.600000143,A,pi,I,i,143,1,1599.7999999523163,596581.8000001907,8079,WL,B,11.0
5,17.375999927520752,learn,60000.0,Wed Oct 15 2025 18:36:25 GMT-0500 (Central Daylight Time),598381.5,A,pip,I,p,177,1,1799.6999998092651,596581.8000001907,8079,WL,B,11.0
5,17.55999994277954,learn,60000.0,Wed Oct 15 2025 18:36:25 GMT-0500 (Central Daylight Time),598564.8000001907,A,pipe,I,e,175,1,1983.0,596581.8000001907,8079,WL,B,11.0
5,17.877000093460083,learn,60000.0,Wed Oct 15 2025 18:36:25 GMT-0500 (Central Daylight Time),598881.600000143,A,pipeenter,I,enter,305,1,2299.7999999523163,596581.8000001907,8079,WL,B,11.0
5,20.125999927520752,learn,60000.0,Wed Oct 15 2025 18:36:25 GMT-0500 (Central Daylight Time),601130.9000000954,A,s,I,s,2237,1,2249.0,598881.9000000954,8079,WL,B,12.0
5,20.292999982833862,learn,60000.0,Wed Oct 15 2025 18:36:25 GMT-0500 (Central Daylight Time),601297.9000000954,A,sk,I,k,163,1,2416.0,598881.9000000954,8079,WL,B,12.0
5,20.526000022888184,learn,60000.0,Wed Oct 15 2025 18:36:25 GMT-0500 (Central Daylight Time),601530.7000000477,A,ski,I,i,217,1,2648.7999999523163,598881.9000000954,8079,WL,B,12.0
5,20.693000078201294,learn,60000.0,Wed Oct 15 2025 18:36:25 GMT-0500 (Central Daylight Time),601698.3000001907,A,skin,I,n,145,1,2816.4000000953674,598881.9000000954,8079,WL,B,12.0
5,21.625,learn,60000.0,Wed Oct 15 2025 18:36:25 GMT-0500 (Central Daylight Time),602630.100000143,A,skinenter,I,enter,923,1,3748.2000000476837,598881.9000000954,8079,WL,B,12.0
5,22.591000080108643,learn,60000.0,Wed Oct 15 2025 18:36:25 GMT-0500 (Central Daylight Time),603596.3000001907,A,f,I,f,959,1,965.9000000953674,602630.4000000954,8079,WL,B,13.0
5,22.757999897003174,learn,60000.0,Wed Oct 15 2025 18:36:25 GMT-0500 (Central Daylight Time),603762.9000000954,A,fi,I,i,152,1,1132.5,602630.4000000954,8079,WL,B,13.0
5,22.85800004005432,learn,60000.0,Wed Oct 15 2025 18:36:25 GMT-0500 (Central Daylight Time),603863.5,A,fir,I,r,84,1,1233.0999999046326,602630.4000000954,8079,WL,B,13.0
5,22.977999925613403,learn,60000.0,Wed Oct 15 2025 18:36:25 GMT-0500 (Central Daylight Time),603982.7000000477,A,fire,I,e,108,1,1352.2999999523163,602630.4000000954,8079,WL,B,13.0
5,23.30999994277954,learn,60000.0,Wed Oct 15 2025 18:36:25 GMT-0500 (Central Daylight Time),604315.4000000954,A,fireenter,I,enter,319,1,1685.0,602630.4000000954,8079,WL,B,13.0
5,23.710000038146973,learn,60000.0,Wed Oct 15 2025 18:36:25 GMT-0500 (Central Daylight Time),604714.9000000954,A,c,I,c,377,1,399.2999999523163,604315.600000143,8079,WL,B,14.0
5,23.823999881744385,learn,60000.0,Wed Oct 15 2025 18:36:25 GMT-0500 (Central Daylight Time),604828.9000000954,A,cl,I,l,105,1,513.2999999523163,604315.600000143,8079,WL,B,14.0
5,24.0239999294281,learn,60000.0,Wed Oct 15 2025 18:36:25 GMT-0500 (Central Daylight Time),605029.2000000477,A,clo,I,o,193,1,713.5999999046326,604315.600000143,8079,WL,B,14.0
5,24.14199995994568,learn,60000.0,Wed Oct 15 2025 18:36:25 GMT-0500 (Central Daylight Time),605146.8000001907,A,cloc,I,c,104,1,831.2000000476837,604315.600000143,8079,WL,B,14.0
5,24.29099988937378,learn,60000.0,Wed Oct 15 2025 18:36:25 GMT-0500 (Central Daylight Time),605295.8000001907,A,clock,I,k,129,1,980.2000000476837,604315.600000143,8079,WL,B,14.0
5,24.638999938964844,learn,60000.0,Wed Oct 15 2025 18:36:25 GMT-0500 (Central Daylight Time),605644.2000000477,A,clockenter,I,enter,330,1,1328.5999999046326,604315.600000143,8079,WL,B,14.0
5,35.57100009918213,learn,60000.0,Wed Oct 15 2025 18:36:25 GMT-0500 (Central Daylight Time),616576.0,A,s,I,s,10914,1,10931.5,605644.5,8079,WL,B,15.0
5,35.98799991607666,learn,60000.0,Wed Oct 15 2025 18:36:25 GMT-0500 (Central Daylight Time),616993.2000000477,A,st,I,t,404,1,11348.700000047684,605644.5,8079,WL,B,15.0
5,36.23699998855591,learn,60000.0,Wed Oct 15 2025 18:36:25 GMT-0500 (Central Daylight Time),617242.600000143,A,sta,I,a,238,1,11598.100000143051,605644.5,8079,WL,B,15.0
5,36.33699989318848,learn,60000.0,Wed Oct 15 2025 18:36:25 GMT-0500 (Central Daylight Time),617342.100000143,A,star,I,r,84,1,11697.600000143051,605644.5,8079,WL,B,15.0
5,39.986000061035156,learn,60000.0,Wed Oct 15 2025 18:36:25 GMT-0500 (Central Daylight Time),620991.2000000477,A,sta,I,backspace,3638,1,15346.700000047684,605644.5,8079,WL,B,15.0
5,40.319000005722046,learn,60000.0,Wed Oct 15 2025 18:36:25 GMT-0500 (Central Daylight Time),621324.3000001907,A,st,I,backspace,326,1,15679.800000190735,605644.5,8079,WL,B,15.0
5,40.58500003814697,learn,60000.0,Wed Oct 15 2025 18:36:25 GMT-0500 (Central Daylight Time),621590.5,A,s,I,backspace,245,1,15946.0,605644.5,8079,WL,B,15.0
5,40.818000078201294,learn,60000.0,Wed Oct 15 2025 18:36:25 GMT-0500 (Central Daylight Time),621823.3000001907,A,,I,backspace,213,1,16178.800000190735,605644.5,8079,WL,B,15.0
5,47.36699986457825,learn,60000.0,Wed Oct 15 2025 18:36:25 GMT-0500 (Central Daylight Time),628372.0,A,p,I,p,6534,1,22727.5,605644.5,8079,WL,B,15.0
5,47.549999952316284,learn,60000.0,Wed Oct 15 2025 18:36:25 GMT-0500 (Central Daylight Time),628554.9000000954,A,pu,I,u,177,1,22910.400000095367,605644.5,8079,WL,B,15.0
5,47.75099992752075,learn,60000.0,Wed Oct 15 2025 18:36:25 GMT-0500 (Central Daylight Time),628755.7000000477,A,pup,I,p,195,1,23111.200000047684,605644.5,8079,WL,B,15.0
5,47.937000036239624,learn,60000.0,Wed Oct 15 2025 18:36:25 GMT-0500 (Central Daylight Time),628942.2000000477,A,pupi,I,i,181,1,23297.700000047684,605644.5,8079,WL,B,15.0
5,48.16700005531311,learn,60000.0,Wed Oct 15 2025 18:36:25 GMT-0500 (Central Daylight Time),629172.0,A,pupil,I,l,213,1,23527.5,605644.5,8079,WL,B,15.0
5,48.48300004005432,learn,60000.0,Wed Oct 15 2025 18:36:25 GMT-0500 (Central Daylight Time),629488.0,A,pupilenter,I,enter,296,1,23843.5,605644.5,8079,WL,B,15.0
6,0.8000001907348633,distr,59199.99980926514,Wed Oct 15 2025 18:36:25 GMT-0500 (Central Daylight Time),711428.7000000477,B,b,I,b,783,1,799.5999999046326,710629.100000143,8079,WL,B,1.0
6,1.0,distr,59000.0,Wed Oct 15 2025 18:36:25 GMT-0500 (Central Daylight Time),711628.7000000477,B,ba,I,a,185,1,999.5999999046326,710629.100000143,8079,WL,B,1.0
6,1.1000001430511475,distr,58899.99985694885,Wed Oct 15 2025 18:36:25 GMT-0500 (Central Daylight Time),711728.8000001907,B,bab,I,b,87,1,1099.7000000476837,710629.100000143,8079,WL,B,1.0
6,1.3340001106262207,distr,58665.99988937378,Wed Oct 15 2025 18:36:25 GMT-0500 (Central Daylight Time),711963.4000000954,B,baby,I,y,230,1,1334.2999999523163,710629.100000143,8079,WL,B,1.0
6,1.934000015258789,distr,58065.99998474121,Wed Oct 15 2025 18:36:25 GMT-0500 (Central Daylight Time),712562.600000143,B,babyenter,I,enter,594,1,1933.5,710629.100000143,8079,WL,B,1.0
6,2.449000120162964,distr,57550.999879837036,Wed Oct 15 2025 18:36:25 GMT-0500 (Central Daylight Time),713078.0,B,o,I,o,498,1,515.1999998092651,712562.8000001907,8079,WL,B,2.0
6,2.6000001430511475,distr,57399.99985694885,Wed Oct 15 2025 18:36:25 GMT-0500 (Central Daylight Time),713229.4000000954,B,oc,I,c,147,1,666.5999999046326,712562.8000001907,8079,WL,B,2.0
6,2.815999984741211,distr,57184.00001525879,Wed Oct 15 2025 18:36:25 GMT-0500 (Central Daylight Time),713445.4000000954,B,oce,I,e,208,1,882.5999999046326,712562.8000001907,8079,WL,B,2.0
6,2.949000120162964,distr,57050.999879837036,Wed Oct 15 2025 18:36:25 GMT-0500 (Central Daylight Time),713578.8000001907,B,ocen,I,n,129,1,1016.0,712562.8000001907,8079,WL,B,2.0
6,3.683000087738037,distr,56316.99991226196,Wed Oct 15 2025 18:36:25 GMT-0500 (Central Daylight Time),714312.3000001907,B,oce,I,backspace,714,1,1749.5,712562.8000001907,8079,WL,B,2.0
6,4.115000009536743,distr,55884.99999046326,Wed Oct 15 2025 18:36:25 GMT-0500 (Central Daylight Time),714744.7000000477,B,ocea,I,a,421,1,2181.899999856949,712562.8000001907,8079,WL,B,2.0
6,4.2840001583099365,distr,55715.99984169006,Wed Oct 15 2025 18:36:25 GMT-0500 (Central Daylight Time),714913.9000000954,B,ocean,I,n,157,1,2351.0999999046326,712562.8000001907,8079,WL,B,2.0
6,4.716000080108643,distr,55283.99991989136,Wed Oct 15 2025 18:36:25 GMT-0500 (Central Daylight Time),715345.9000000954,B,oceanenter,I,enter,420,1,2783.0999999046326,712562.8000001907,8079,WL,B,2.0
6,7.014000177383423,distr,52985.99982261658,Wed Oct 15 2025 18:36:25 GMT-0500 (Central Daylight Time),717643.3000001907,B,p,I,p,2292,1,2297.2000000476837,715346.100000143,8079,WL,B,3.0
6,7.231000185012817,distr,52768.99981498718,Wed Oct 15 2025 18:36:25 GMT-0500 (Central Daylight Time),717860.8000001907,B,pa,I,a,213,1,2514.7000000476837,715346.100000143,8079,WL,B,3.0
6,7.430000066757202,distr,52569.9999332428,Wed Oct 15 2025 18:36:25 GMT-0500 (Central Daylight Time),718059.600000143,B,pap,I,p,183,1,2713.5,715346.100000143,8079,WL,B,3.0
6,7.897000074386597,distr,52102.9999256134,Wed Oct 15 2025 18:36:25 GMT-0500 (Central Daylight Time),718526.600000143,B,pa,I,backspace,452,1,3180.5,715346.100000143,8079,WL,B,3.0
6,8.164000034332275,distr,51835.999965667725,Wed Oct 15 2025 18:36:25 GMT-0500 (Central Daylight Time),718793.5,B,pal,I,l,256,1,3447.399999856949,715346.100000143,8079,WL,B,3.0
6,8.297000169754028,distr,51702.99983024597,Wed Oct 15 2025 18:36:25 GMT-0500 (Central Daylight Time),718926.3000001907,B,pala,I,a,124,1,3580.2000000476837,715346.100000143,8079,WL,B,3.0
6,8.861999988555908,distr,51138.00001144409,Wed Oct 15 2025 18:36:25 GMT-0500 (Central Daylight Time),719491.9000000954,B,palac,I,c,550,1,4145.799999952316,715346.100000143,8079,WL,B,3.0
6,9.13100004196167,distr,50868.99995803833,Wed Oct 15 2025 18:36:25 GMT-0500 (Central Daylight Time),719760.3000001907,B,palace,I,e,258,1,4414.200000047684,715346.100000143,8079,WL,B,3.0
6,9.896000146865845,distr,50103.999853134155,Wed Oct 15 2025 18:36:25 GMT-0500 (Central Daylight Time),720525.9000000954,B,palaceenter,I,enter,750,1,5179.799999952316,715346.100000143,8079,WL,B,3.0
6,18.993000030517578,distr,41006.99996948242,Wed Oct 15 2025 18:36:25 GMT-0500 (Central Daylight Time),729622.2000000477,B,b,I,b,9079,1,9096.099999904633,720526.100000143,8079,WL,B,4.0
6,19.194000005722046,distr,40805.999994277954,Wed Oct 15 2025 18:36:25 GMT-0500 (Central Daylight Time),729822.9000000954,B,bu,I,u,192,1,9296.799999952316,720526.100000143,8079,WL,B,4.0
6,19.30900001525879,distr,40690.99998474121,Wed Oct 15 2025 18:36:25 GMT-0500 (Central Daylight Time),729938.8000001907,B,bui,I,i,110,1,9412.700000047684,720526.100000143,8079,WL,B,4.0
6,19.460000038146973,distr,40539.99996185303,Wed Oct 15 2025 18:36:25 GMT-0500 (Central Daylight Time),730089.100000143,B,buil,I,l,130,1,9563.0,720526.100000143,8079,WL,B,4.0
6,19.594000101089478,distr,40405.99989891052,Wed Oct 15 2025 18:36:25 GMT-0500 (Central Daylight Time),730223.8000001907,B,build,I,d,113,1,9697.700000047684,720526.100000143,8079,WL,B,4.0
6,19.743000030517578,distr,40256.99996948242,Wed Oct 15 2025 18:36:25 GMT-0500 (Central Daylight Time),730372.600000143,B,buildi,I,i,141,1,9846.5,720526.100000143,8079,WL,B,4.0
6,19.861000061035156,distr,40138.999938964844,Wed Oct 15 2025 18:36:25 GMT-0500 (Central Daylight Time),730490.5,B,buildin,I,n,110,1,9964.399999856949,720526.100000143,8079,WL,B,4.0
6,19.993000030517578,distr,40006.99996948242,Wed Oct 15 2025 18:36:25 GMT-0500 (Central Daylight Time),730622.0,B,building,I,g,122,1,10095.899999856949,720526.100000143,8079,WL,B,4.0
6,21.843000173568726,distr,38156.999826431274,Wed Oct 15 2025 18:36:25 GMT-0500 (Central Daylight Time),732472.2000000477,B,buildingenter,I,enter,1831,1,11946.099999904633,720526.100000143,8079,WL,B,4.0
6,27.67300009727478,distr,32326.99990272522,Wed Oct 15 2025 18:36:25 GMT-0500 (Central Daylight Time),738302.5,B,f,I,f,5813,1,5829.899999856949,732472.600000143,8079,WL,B,5.0
6,27.92300009727478,distr,32076.99990272522,Wed Oct 15 2025 18:36:25 GMT-0500 (Central Daylight Time),738552.7000000477,B,fr,I,r,231,1,6080.099999904633,732472.600000143,8079,WL,B,5.0
6,28.074000120162964,distr,31925.999879837036,Wed Oct 15 2025 18:36:25 GMT-0500 (Central Daylight Time),738703.5,B,fri,I,i,143,1,6230.899999856949,732472.600000143,8079,WL,B,5.0
6,28.223999977111816,distr,31776.000022888184,Wed Oct 15 2025 18:36:25 GMT-0500 (Central Daylight Time),738852.9000000954,B,frie,I,e,133,1,6380.299999952316,732472.600000143,8079,WL,B,5.0
6,28.390000104904175,distr,31609.999895095825,Wed Oct 15 2025 18:36:25 GMT-0500 (Central Daylight Time),739019.8000001907,B,frien,I,n,161,1,6547.200000047684,732472.600000143,8079,WL,B,5.0
6,28.52400016784668,distr,31475.99983215332,Wed Oct 15 2025 18:36:25 GMT-0500 (Central Daylight Time),739154.0,B,friend,I,d,123,1,6681.399999856949,732472.600000143,8079,WL,B,5.0
6,28.77400016784668,distr,31225.99983215332,Wed Oct 15 2025 18:36:25 GMT-0500 (Central Daylight Time),739404.0,B,friendenter,I,enter,243,1,6931.399999856949,732472.600000143,8079,WL,B,5.0
6,30.02300000190735,distr,29976.99999809265,Wed Oct 15 2025 18:36:25 GMT-0500 (Central Daylight Time),740652.100000143,B,c,I,c,1233,1,1247.9000000953674,739404.2000000477,8079,WL,B,6.0
6,30.106000185012817,distr,29893.999814987183,Wed Oct 15 2025 18:36:25 GMT-0500 (Central Daylight Time),740735.100000143,B,co,I,o,73,1,1330.9000000953674,739404.2000000477,8079,WL,B,6.0
6,30.23900008201599,distr,29760.99991798401,Wed Oct 15 2025 18:36:25 GMT-0500 (Central Daylight Time),740868.9000000954,B,coi,I,i,126,1,1464.7000000476837,739404.2000000477,8079,WL,B,6.0
6,30.373000144958496,distr,29626.999855041504,Wed Oct 15 2025 18:36:25 GMT-0500 (Central Daylight Time),741002.8000001907,B,coin,I,n,125,1,1598.6000001430511,739404.2000000477,8079,WL,B,6.0
6,30.741000175476074,distr,29258.999824523926,Wed Oct 15 2025 18:36:25 GMT-0500 (Central Daylight Time),741370.100000143,B,coinenter,I,enter,352,1,1965.9000000953674,739404.2000000477,8079,WL,B,6.0
6,31.539999961853027,distr,28460.000038146973,Wed Oct 15 2025 18:36:25 GMT-0500 (Central Daylight Time),742169.5,B,r,I,r,778,1,799.0999999046326,741370.4000000954,8079,WL,B,7.0
6,31.605000019073486,distr,28394.999980926514,Wed Oct 15 2025 18:36:25 GMT-0500 (Central Daylight Time),742234.7000000477,B,ro,I,o,52,1,864.2999999523163,741370.4000000954,8079,WL,B,7.0
6,31.823000192642212,distr,28176.999807357788,Wed Oct 15 2025 18:36:25 GMT-0500 (Central Daylight Time),742452.3000001907,B,roc,I,c,204,1,1081.9000000953674,741370.4000000954,8079,WL,B,7.0
6,31.956000089645386,distr,28043.999910354614,Wed Oct 15 2025 18:36:25 GMT-0500 (Central Daylight Time),742585.600000143,B,rock,I,k,112,1,1215.2000000476837,741370.4000000954,8079,WL,B,7.0
6,32.17200016975403,distr,27827.99983024597,Wed Oct 15 2025 18:36:25 GMT-0500 (Central Daylight Time),742801.7000000477,B,rockenter,I,enter,201,1,1431.2999999523163,741370.4000000954,8079,WL,B,7.0
6,35.77300000190735,distr,24226.99999809265,Wed Oct 15 2025 18:36:25 GMT-0500 (Central Daylight Time),746402.2000000477,B,v,I,v,3579,1,3600.2999999523163,742801.9000000954,8079,WL,B,8.0
6,35.871999979019165,distr,24128.000020980835,Wed Oct 15 2025 18:36:25 GMT-0500 (Central Daylight Time),746501.100000143,B,vi,I,i,77,1,3699.2000000476837,742801.9000000954,8079,WL,B,8.0
6,36.08800005912781,distr,23911.999940872192,Wed Oct 15 2025 18:36:25 GMT-0500 (Central Daylight Time),746717.3000001907,B,vil,I,l,199,1,3915.4000000953674,742801.9000000954,8079,WL,B,8.0
6,36.25600004196167,distr,23743.99995803833,Wed Oct 15 2025 18:36:25 GMT-0500 (Central Daylight Time),746884.9000000954,B,vill,I,l,150,1,4083.0,742801.9000000954,8079,WL,B,8.0
6,36.32000017166138,distr,23679.999828338623,Wed Oct 15 2025 18:36:25 GMT-0500 (Central Daylight Time),746949.7000000477,B,villa,I,a,53,1,4147.799999952316,742801.9000000954,8079,WL,B,8.0
6,36.437999963760376,distr,23562.000036239624,Wed Oct 15 2025 18:36:25 GMT-0500 (Central Daylight Time),747067.4000000954,B,villag,I,g,104,1,4265.5,742801.9000000954,8079,WL,B,8.0
6,36.65700006484985,distr,23342.999935150146,Wed Oct 15 2025 18:36:25 GMT-0500 (Central Daylight Time),747286.2000000477,B,village,I,e,192,1,4484.299999952316,742801.9000000954,8079,WL,B,8.0
6,36.80400013923645,distr,23195.99986076355,Wed Oct 15 2025 18:36:25 GMT-0500 (Central Daylight Time),747433.7000000477,B,villageenter,I,enter,143,1,4631.799999952316,742801.9000000954,8079,WL,B,8.0
6,37.36899995803833,distr,22631.00004196167,Wed Oct 15 2025 18:36:25 GMT-0500 (Central Daylight Time),747998.9000000954,B,c,I,c,554,1,564.9000000953674,747434.0,8079,WL,B,9.0
6,37.60300016403198,distr,22396.999835968018,Wed Oct 15 2025 18:36:25 GMT-0500 (Central Daylight Time),748232.2000000477,B,ce,I,e,223,1,798.2000000476837,747434.0,8079,WL,B,9.0
6,37.754000186920166,distr,22245.999813079834,Wed Oct 15 2025 18:36:25 GMT-0500 (Central Daylight Time),748383.4000000954,B,cel,I,l,134,1,949.4000000953674,747434.0,8079,WL,B,9.0
6,37.96900010108948,distr,22030.999898910522,Wed Oct 15 2025 18:36:25 GMT-0500 (Central Daylight Time),748598.5,B,cell,I,l,196,1,1164.5,747434.0,8079,WL,B,9.0
6,38.269999980926514,distr,21730.000019073486,Wed Oct 15 2025 18:36:25 GMT-0500 (Central Daylight Time),748899.9000000954,B,cellenter,I,enter,295,1,1465.9000000953674,747434.0,8079,WL,B,9.0
6,54.366000175476074,distr,5633.999824523926,Wed Oct 15 2025 18:36:25 GMT-0500 (Central Daylight Time),764995.5,B,enter,I,enter,16076,1,16095.5,748900.0,8079,WL,B,10.0
6,55.98300004005432,distr,4016.9999599456787,Wed Oct 15 2025 18:36:25 GMT-0500 (Central Daylight Time),766612.0,B,enter,I,enter,1610,1,1616.1999998092651,764995.8000001907,8079,WL,B,11.0
6,56.682000160217285,distr,3317.999839782715,Wed Oct 15 2025 18:36:25 GMT-0500 (Central Daylight Time),767311.5,B,enter,I,enter,681,1,699.1999998092651,766612.3000001907,8079,WL,B,12.0
6,57.29900002479553,distr,2700.999975204468,Wed Oct 15 2025 18:36:25 GMT-0500 (Central Daylight Time),767928.0,B,enter,I,enter,606,1,616.2999999523163,767311.7000000477,8079,WL,B,13.0
6,57.949000120162964,distr,2050.999879837036,Wed Oct 15 2025 18:36:25 GMT-0500 (Central Daylight Time),768578.7000000477,B,enter,I,enter,645,1,650.5,767928.2000000477,8079,WL,B,14.0
6,58.46500015258789,distr,1534.9998474121094,Wed Oct 15 2025 18:36:25 GMT-0500 (Central Daylight Time),769094.100000143,B,enter,I,enter,507,1,515.1000001430511,768579.0,8079,WL,B,15.0
7,1.0820000171661377,immed,58917.99998283386,Wed Oct 15 2025 18:36:25 GMT-0500 (Central Daylight Time),781923.100000143,A,s,I,s,1076,1,1082.2999999523163,780840.8000001907,8079,WL,B,1.0
7,1.3000001907348633,immed,58699.99980926514,Wed Oct 15 2025 18:36:25 GMT-0500 (Central Daylight Time),782141.2000000477,A,st,I,t,201,1,1300.3999998569489,780840.8000001907,8079,WL,B,1.0
7,1.499000072479248,immed,58500.99992752075,Wed Oct 15 2025 18:36:25 GMT-0500 (Central Daylight Time),782340.4000000954,A,str,I,r,182,1,1499.5999999046326,780840.8000001907,8079,WL,B,1.0
7,1.5980000495910645,immed,58401.999950408936,Wed Oct 15 2025 18:36:25 GMT-0500 (Central Daylight Time),782439.100000143,A,stre,I,e,88,1,1598.2999999523163,780840.8000001907,8079,WL,B,1.0
7,1.749000072479248,immed,58250.99992752075,Wed Oct 15 2025 18:36:25 GMT-0500 (Central Daylight Time),782590.4000000954,A,stree,I,e,134,1,1749.5999999046326,780840.8000001907,8079,WL,B,1.0
7,1.9490001201629639,immed,58050.999879837036,Wed Oct 15 2025 18:36:25 GMT-0500 (Central Daylight Time),782790.4000000954,A,street,I,t,191,1,1949.5999999046326,780840.8000001907,8079,WL,B,1.0
7,2.765000104904175,immed,57234.999895095825,Wed Oct 15 2025 18:36:25 GMT-0500 (Central Daylight Time),783605.7000000477,A,streetenter,I,enter,797,1,2764.899999856949,780840.8000001907,8079,WL,B,1.0
7,4.615000009536743,immed,55384.99999046326,Wed Oct 15 2025 18:36:25 GMT-0500 (Central Daylight Time),785456.100000143,A,g,I,g,1841,1,1850.1000001430511,783606.0,8079,WL,B,2.0
7,4.835000038146973,immed,55164.99996185303,Wed Oct 15 2025 18:36:25 GMT-0500 (Central Daylight Time),785675.600000143,A,gr,I,r,205,1,2069.600000143051,783606.0,8079,WL,B,2.0
7,4.964000225067139,immed,55035.99977493286,Wed Oct 15 2025 18:36:25 GMT-0500 (Central Daylight Time),785805.100000143,A,gra,I,a,115,1,2199.100000143051,783606.0,8079,WL,B,2.0
7,5.163000106811523,immed,54836.99989318848,Wed Oct 15 2025 18:36:25 GMT-0500 (Central Daylight Time),786004.5,A,gras,I,s,192,1,2398.5,783606.0,8079,WL,B,2.0
7,5.364000082015991,immed,54635.99991798401,Wed Oct 15 2025 18:36:25 GMT-0500 (Central Daylight Time),786204.9000000954,A,grass,I,s,185,1,2598.9000000953674,783606.0,8079,WL,B,2.0
7,5.697000026702881,immed,54302.99997329712,Wed Oct 15 2025 18:36:25 GMT-0500 (Central Daylight Time),786537.8000001907,A,grassenter,I,enter,312,1,2931.800000190735,783606.0,8079,WL,B,2.0
7,6.580000162124634,immed,53419.999837875366,Wed Oct 15 2025 18:36:25 GMT-0500 (Central Daylight Time),787420.9000000954,A,d,I,d,876,1,882.9000000953674,786538.0,8079,WL,B,3.0
7,6.79800009727478,immed,53201.99990272522,Wed Oct 15 2025 18:36:25 GMT-0500 (Central Daylight Time),787638.8000001907,A,do,I,o,206,1,1100.8000001907349,786538.0,8079,WL,B,3.0
7,6.963000059127808,immed,53036.99994087219,Wed Oct 15 2025 18:36:25 GMT-0500 (Central Daylight Time),787804.2000000477,A,doo,I,o,159,1,1266.2000000476837,786538.0,8079,WL,B,3.0
7,7.0970001220703125,immed,52902.99987792969,Wed Oct 15 2025 18:36:25 GMT-0500 (Central Daylight Time),787937.7000000477,A,door,I,r,111,1,1399.7000000476837,786538.0,8079,WL,B,3.0
7,7.314000129699707,immed,52685.99987030029,Wed Oct 15 2025 18:36:25 GMT-0500 (Central Daylight Time),788155.5,A,doorenter,I,enter,212,1,1617.5,786538.0,8079,WL,B,3.0
7,7.634000062942505,immed,52365.999937057495,Wed Oct 15 2025 18:36:25 GMT-0500 (Central Daylight Time),788474.600000143,A,a,I,a,297,1,318.7999999523163,788155.8000001907,8079,WL,B,4.0
7,7.729000091552734,immed,52270.999908447266,Wed Oct 15 2025 18:36:25 GMT-0500 (Central Daylight Time),788570.4000000954,A,ar,I,r,79,1,414.59999990463257,788155.8000001907,8079,WL,B,4.0
7,7.914000034332275,immed,52085.999965667725,Wed Oct 15 2025 18:36:25 GMT-0500 (Central Daylight Time),788754.9000000954,A,arm,I,m,170,1,599.0999999046326,788155.8000001907,8079,WL,B,4.0
7,8.246000051498413,immed,51753.99994850159,Wed Oct 15 2025 18:36:25 GMT-0500 (Central Daylight Time),789086.7000000477,A,armenter,I,enter,313,1,930.8999998569489,788155.8000001907,8079,WL,B,4.0
7,8.463000059127808,immed,51536.99994087219,Wed Oct 15 2025 18:36:25 GMT-0500 (Central Daylight Time),789304.100000143,A,s,I,s,207,1,217.20000004768372,789086.9000000954,8079,WL,B,5.0
7,8.59600019454956,immed,51403.99980545044,Wed Oct 15 2025 18:36:25 GMT-0500 (Central Daylight Time),789436.8000001907,A,st,I,t,115,1,349.90000009536743,789086.9000000954,8079,WL,B,5.0
7,8.831000089645386,immed,51168.999910354614,Wed Oct 15 2025 18:36:25 GMT-0500 (Central Daylight Time),789671.7000000477,A,sta,I,a,214,1,584.7999999523163,789086.9000000954,8079,WL,B,5.0
7,8.913000106811523,immed,51086.99989318848,Wed Oct 15 2025 18:36:25 GMT-0500 (Central Daylight Time),789753.9000000954,A,star,I,r,58,1,667.0,789086.9000000954,8079,WL,B,5.0
7,9.328999996185303,immed,50671.0000038147,Wed Oct 15 2025 18:36:25 GMT-0500 (Central Daylight Time),790169.7000000477,A,starenter,I,enter,402,1,1082.7999999523163,789086.9000000954,8079,WL,B,5.0
7,9.563000202178955,immed,50436.999797821045,Wed Oct 15 2025 18:36:25 GMT-0500 (Central Daylight Time),790403.7000000477,A,w,I,w,228,1,233.79999995231628,790169.9000000954,8079,WL,B,6.0
7,9.713000059127808,immed,50286.99994087219,Wed Oct 15 2025 18:36:25 GMT-0500 (Central Daylight Time),790553.7000000477,A,wi,I,i,137,1,383.7999999523163,790169.9000000954,8079,WL,B,6.0
7,9.912000179290771,immed,50087.99982070923,Wed Oct 15 2025 18:36:25 GMT-0500 (Central Daylight Time),790753.4000000954,A,wif,I,f,179,1,583.5,790169.9000000954,8079,WL,B,6.0
7,10.148000001907349,immed,49851.99999809265,Wed Oct 15 2025 18:36:25 GMT-0500 (Central Daylight Time),790988.7000000477,A,wife,I,e,228,1,818.7999999523163,790169.9000000954,8079,WL,B,6.0
7,10.312000036239624,immed,49687.999963760376,Wed Oct 15 2025 18:36:25 GMT-0500 (Central Daylight Time),791153.0,A,wifeenter,I,enter,143,1,983.0999999046326,790169.9000000954,8079,WL,B,6.0
7,10.746000051498413,immed,49253.99994850159,Wed Oct 15 2025 18:36:25 GMT-0500 (Central Daylight Time),791587.100000143,A,w,I,w,421,1,433.7999999523163,791153.3000001907,8079,WL,B,7.0
7,10.84500002861023,immed,49154.99997138977,Wed Oct 15 2025 18:36:25 GMT-0500 (Central Daylight Time),791685.7000000477,A,wi,I,i,90,1,532.3999998569489,791153.3000001907,8079,WL,B,7.0
7,11.01200008392334,immed,48987.99991607666,Wed Oct 15 2025 18:36:25 GMT-0500 (Central Daylight Time),791852.600000143,A,win,I,n,160,1,699.2999999523163,791153.3000001907,8079,WL,B,7.0
7,11.163000106811523,immed,48836.99989318848,Wed Oct 15 2025 18:36:25 GMT-0500 (Central Daylight Time),792004.100000143,A,wind,I,d,136,1,850.7999999523163,791153.3000001907,8079,WL,B,7.0
7,11.296000003814697,immed,48703.9999961853,Wed Oct 15 2025 18:36:25 GMT-0500 (Central Daylight Time),792136.9000000954,A,windo,I,o,114,1,983.5999999046326,791153.3000001907,8079,WL,B,7.0
7,11.445000171661377,immed,48554.99982833862,Wed Oct 15 2025 18:36:25 GMT-0500 (Central Daylight Time),792286.4000000954,A,window,I,w,131,1,1133.0999999046326,791153.3000001907,8079,WL,B,7.0
7,11.746000051498413,immed,48253.99994850159,Wed Oct 15 2025 18:36:25 GMT-0500 (Central Daylight Time),792587.100000143,A,windowenter,I,enter,292,1,1433.7999999523163,791153.3000001907,8079,WL,B,7.0
7,12.013000011444092,immed,47986.99998855591,Wed Oct 15 2025 18:36:25 GMT-0500 (Central Daylight Time),792853.600000143,A,c,I,c,257,1,265.90000009536743,792587.7000000477,8079,WL,B,8.0
7,12.112000226974487,immed,47887.99977302551,Wed Oct 15 2025 18:36:25 GMT-0500 (Central Daylight Time),792953.0,A,ci,I,i,87,1,365.2999999523163,792587.7000000477,8079,WL,B,8.0
7,12.279000043869019,immed,47720.99995613098,Wed Oct 15 2025 18:36:25 GMT-0500 (Central Daylight Time),793119.5,A,cit,I,t,148,1,531.7999999523163,792587.7000000477,8079,WL,B,8.0
7,12.412000179290771,immed,47587.99982070923,Wed Oct 15 2025 18:36:25 GMT-0500 (Central Daylight Time),793253.4000000954,A,city,I,y,119,1,665.7000000476837,792587.7000000477,8079,WL,B,8.0
7,12.695000171661377,immed,47304.99982833862,Wed Oct 15 2025 18:36:25 GMT-0500 (Central Daylight Time),793536.2000000477,A,cityenter,I,enter,270,1,948.5,792587.7000000477,8079,WL,B,8.0
7,13.061000108718872,immed,46938.99989128113,Wed Oct 15 2025 18:36:25 GMT-0500 (Central Daylight Time),793902.2000000477,A,p,I,p,349,1,365.7000000476837,793536.5,8079,WL,B,9.0
7,13.328999996185303,immed,46671.0000038147,Wed Oct 15 2025 18:36:25 GMT-0500 (Central Daylight Time),794170.3000001907,A,pu,I,u,254,1,633.8000001907349,793536.5,8079,WL,B,9.0
7,13.528000116348267,immed,46471.99988365173,Wed Oct 15 2025 18:36:25 GMT-0500 (Central Daylight Time),794369.0,A,pup,I,p,178,1,832.5,793536.5,8079,WL,B,9.0
7,13.729000091552734,immed,46270.999908447266,Wed Oct 15 2025 18:36:25 GMT-0500 (Central Daylight Time),794570.2000000477,A,pupi,I,i,177,1,1033.7000000476837,793536.5,8079,WL,B,9.0
7,13.945000171661377,immed,46054.99982833862,Wed Oct 15 2025 18:36:25 GMT-0500 (Central Daylight Time),794785.8000001907,A,pupil,I,l,201,1,1249.3000001907349,793536.5,8079,WL,B,9.0
7,14.444000005722046,immed,45555.999994277954,Wed Oct 15 2025 18:36:25 GMT-0500 (Central Daylight Time),795284.600000143,A,pupilenter,I,enter,491,1,1748.1000001430511,793536.5,8079,WL,B,9.0
7,14.795000076293945,immed,45204.999923706055,Wed Oct 15 2025 18:36:25 GMT-0500 (Central Daylight Time),795635.9000000954,A,c,I,c,337,1,351.09999990463257,795284.8000001907,8079,WL,B,10.0
7,14.945000171661377,immed,45054.99982833862,Wed Oct 15 2025 18:36:25 GMT-0500 (Central Daylight Time),795786.4000000954,A,ca,I,a,128,1,501.59999990463257,795284.8000001907,8079,WL,B,10.0
7,15.210000038146973,immed,44789.99996185303,Wed Oct 15 2025 18:36:25 GMT-0500 (Central Daylight Time),796051.0,A,cab,I,b,247,1,766.1999998092651,795284.8000001907,8079,WL,B,10.0
7,15.378000020980835,immed,44621.999979019165,Wed Oct 15 2025 18:36:25 GMT-0500 (Central Daylight Time),796218.9000000954,A,cabi,I,i,163,1,934.0999999046326,795284.8000001907,8079,WL,B,10.0
7,15.478000164031982,immed,44521.99983596802,Wed Oct 15 2025 18:36:25 GMT-0500 (Central Daylight Time),796319.0,A,cabin,I,n,79,1,1034.1999998092651,795284.8000001907,8079,WL,B,10.0
7,15.811000108718872,immed,44188.99989128113,Wed Oct 15 2025 18:36:25 GMT-0500 (Central Daylight Time),796651.9000000954,A,cabinenter,I,enter,319,1,1367.0999999046326,795284.8000001907,8079,WL,B,10.0
7,16.427000045776367,immed,43572.99995422363,Wed Oct 15 2025 18:36:25 GMT-0500 (Central Daylight Time),797268.4000000954,A,l,I,l,602,1,616.2999999523163,796652.100000143,8079,WL,B,11.0
7,16.627000093460083,immed,43372.99990653992,Wed Oct 15 2025 18:36:25 GMT-0500 (Central Daylight Time),797468.600000143,A,la,I,a,185,1,816.5,796652.100000143,8079,WL,B,11.0
7,16.760000228881836,immed,43239.999771118164,Wed Oct 15 2025 18:36:25 GMT-0500 (Central Daylight Time),797601.5,A,lak,I,k,118,1,949.3999998569489,796652.100000143,8079,WL,B,11.0
7,16.89400005340576,immed,43105.99994659424,Wed Oct 15 2025 18:36:25 GMT-0500 (Central Daylight Time),797734.9000000954,A,lake,I,e,114,1,1082.7999999523163,796652.100000143,8079,WL,B,11.0
7,18.29200005531311,immed,41707.99994468689,Wed Oct 15 2025 18:36:25 GMT-0500 (Central Daylight Time),799133.5,A,lakeenter,I,enter,1381,1,2481.399999856949,796652.100000143,8079,WL,B,11.0
7,19.725000143051147,immed,40274.99985694885,Wed Oct 15 2025 18:36:25 GMT-0500 (Central Daylight Time),800566.4000000954,A,p,I,p,1415,1,1432.7999999523163,799133.600000143,8079,WL,B,12.0
7,19.95900011062622,immed,40040.99988937378,Wed Oct 15 2025 18:36:25 GMT-0500 (Central Daylight Time),800799.8000001907,A,pi,I,i,214,1,1666.2000000476837,799133.600000143,8079,WL,B,12.0
7,20.159000158309937,immed,39840.99984169006,Wed Oct 15 2025 18:36:25 GMT-0500 (Central Daylight Time),801000.2000000477,A,pip,I,p,187,1,1866.5999999046326,799133.600000143,8079,WL,B,12.0
7,20.526000022888184,immed,39473.99997711182,Wed Oct 15 2025 18:36:25 GMT-0500 (Central Daylight Time),801366.9000000954,A,pipe,I,e,348,1,2233.2999999523163,799133.600000143,8079,WL,B,12.0
7,21.9760000705719,immed,38023.9999294281,Wed Oct 15 2025 18:36:25 GMT-0500 (Central Daylight Time),802816.600000143,A,pipeenter,I,enter,1428,1,3683.0,799133.600000143,8079,WL,B,12.0
7,23.80900001525879,immed,36190.99998474121,Wed Oct 15 2025 18:36:25 GMT-0500 (Central Daylight Time),804649.9000000954,A,s,I,s,1813,1,1833.0999999046326,802816.8000001907,8079,WL,B,13.0
7,24.009000062942505,immed,35990.999937057495,Wed Oct 15 2025 18:36:25 GMT-0500 (Central Daylight Time),804849.9000000954,A,sk,I,k,177,1,2033.0999999046326,802816.8000001907,8079,WL,B,13.0
7,24.225000143051147,immed,35774.99985694885,Wed Oct 15 2025 18:36:25 GMT-0500 (Central Daylight Time),805065.600000143,A,ski,I,i,194,1,2248.7999999523163,802816.8000001907,8079,WL,B,13.0
7,24.375,immed,35625.0,Wed Oct 15 2025 18:36:25 GMT-0500 (Central Daylight Time),805215.7000000477,A,skin,I,n,138,1,2398.899999856949,802816.8000001907,8079,WL,B,13.0
7,24.627000093460083,immed,35372.99990653992,Wed Oct 15 2025 18:36:25 GMT-0500 (Central Daylight Time),805467.5,A,skinenter,I,enter,246,1,2650.699999809265,802816.8000001907,8079,WL,B,13.0
7,24.808000087738037,immed,35191.99991226196,Wed Oct 15 2025 18:36:25 GMT-0500 (Central Daylight Time),805649.3000001907,A,f,I,f,162,1,181.5,805467.8000001907,8079,WL,B,14.0
7,24.94100022315979,immed,35058.99977684021,Wed Oct 15 2025 18:36:25 GMT-0500 (Central Daylight Time),805781.600000143,A,fi,I,i,124,1,313.7999999523163,805467.8000001907,8079,WL,B,14.0
7,25.05900001525879,immed,34940.99998474121,Wed Oct 15 2025 18:36:25 GMT-0500 (Central Daylight Time),805899.600000143,A,fir,I,r,113,1,431.7999999523163,805467.8000001907,8079,WL,B,14.0
7,25.20800018310547,immed,34791.99981689453,Wed Oct 15 2025 18:36:25 GMT-0500 (Central Daylight Time),806049.0,A,fire,I,e,136,1,581.1999998092651,805467.8000001907,8079,WL,B,14.0
7,25.45800018310547,immed,34541.99981689453,Wed Oct 15 2025 18:36:25 GMT-0500 (Central Daylight Time),806298.9000000954,A,fireenter,I,enter,228,1,831.0999999046326,805467.8000001907,8079,WL,B,14.0
7,27.424000024795532,immed,32575.999975204468,Wed Oct 15 2025 18:36:25 GMT-0500 (Central Daylight Time),808264.8000001907,A,c,I,c,1954,1,1965.7000000476837,806299.100000143,8079,WL,B,15.0
7,27.52400016784668,immed,32475.99983215332,Wed Oct 15 2025 18:36:25 GMT-0500 (Central Daylight Time),808364.8000001907,A,cl,I,l,91,1,2065.7000000476837,806299.100000143,8079,WL,B,15.0
7,27.724000215530396,immed,32275.999784469604,Wed Oct 15 2025 18:36:25 GMT-0500 (Central Daylight Time),808565.4000000954,A,clo,I,o,193,1,2266.2999999523163,806299.100000143,8079,WL,B,15.0
7,27.807000160217285,immed,32192.999839782715,Wed Oct 15 2025 18:36:25 GMT-0500 (Central Daylight Time),808647.7000000477,A,cloc,I,c,62,1,2348.5999999046326,806299.100000143,8079,WL,B,15.0
7,28.007000207901,immed,31992.999792099,Wed Oct 15 2025 18:36:25 GMT-0500 (Central Daylight Time),808848.0,A,clock,I,k,182,1,2548.899999856949,806299.100000143,8079,WL,B,15.0
7,28.40500020980835,immed,31594.99979019165,Wed Oct 15 2025 18:36:25 GMT-0500 (Central Daylight Time),809246.4000000954,A,clockenter,I,enter,387,1,2947.2999999523163,806299.100000143,8079,WL,B,15.0
