block_c,block_dur,condition,countdown,datetime,endtime,list,multichar_response,project,response,response_time,session_number,start_end,starttime,subject_id,task,task_vers,trial
,,,,Tue Jul 28 2026 11:25:12 GMT-0500 (Central Daylight Time),,,,I,space,522,2,,,8108,WL,B,
prac,,0,,Tue Jul 28 2026 11:25:12 GMT-0500 (Central Daylight Time),,NA,b,I,b,1549,2,,,8108,WL,B,1.0
prac,,0,,Tue Jul 28 2026 11:25:12 GMT-0500 (Central Daylight Time),,NA,bo,I,o,730,2,,,8108,WL,B,1.0
prac,,0,,Tue Jul 28 2026 11:25:12 GMT-0500 (Central Daylight Time),,NA,boo,I,o,124,2,,,8108,WL,B,1.0
prac,,0,,Tue Jul 28 2026 11:25:12 GMT-0500 (Central Daylight Time),,NA,boos,I,s,78,2,,,8108,WL,B,1.0
prac,,0,,Tue Jul 28 2026 11:25:12 GMT-0500 (Central Daylight Time),,NA,boost,I,t,179,2,,,8108,WL,B,1.0
prac,,0,,Tue Jul 28 2026 11:25:12 GMT-0500 (Central Daylight Time),,NA,boostenter,I,enter,315,2,,,8108,WL,B,1.0
1,2.3480000495910645,learn,57651.999950408936,Tue Jul 28 2026 11:25:12 GMT-0500 (Central Daylight Time),102684.59999999404,A,s,I,s,2339,2,2347.9000000059605,100336.69999998808,8108,WL,B,1.0
1,2.697000026702881,learn,57302.99997329712,Tue Jul 28 2026 11:25:12 GMT-0500 (Central Daylight Time),103033.89999999106,A,st,I,t,341,2,2697.2000000029802,100336.69999998808,8108,WL,B,1.0
1,3.296999931335449,learn,56703.00006866455,Tue Jul 28 2026 11:25:12 GMT-0500 (Central Daylight Time),103634.0,A,str,I,r,578,2,3297.300000011921,100336.69999998808,8108,WL,B,1.0
1,3.3969998359680176,learn,56603.00016403198,Tue Jul 28 2026 11:25:12 GMT-0500 (Central Daylight Time),103734.09999999404,A,stre,I,e,89,2,3397.4000000059605,100336.69999998808,8108,WL,B,1.0
1,3.6469998359680176,learn,56353.00016403198,Tue Jul 28 2026 11:25:12 GMT-0500 (Central Daylight Time),103984.0,A,stree,I,e,228,2,3647.300000011921,100336.69999998808,8108,WL,B,1.0
1,3.863999843597412,learn,56136.00015640259,Tue Jul 28 2026 11:25:12 GMT-0500 (Central Daylight Time),104200.59999999404,A,street,I,t,196,2,3863.9000000059605,100336.69999998808,8108,WL,B,1.0
1,5.197000026702881,learn,54802.99997329712,Tue Jul 28 2026 11:25:12 GMT-0500 (Central Daylight Time),105533.59999999404,A,streetenter,I,enter,1315,2,5196.9000000059605,100336.69999998808,8108,WL,B,1.0
1,6.328999996185303,learn,53671.0000038147,Tue Jul 28 2026 11:25:12 GMT-0500 (Central Daylight Time),106666.39999999106,A,g,I,g,1125,2,1132.0999999940395,105534.29999999702,8108,WL,B,2.0
1,6.713000059127808,learn,53286.99994087219,Tue Jul 28 2026 11:25:12 GMT-0500 (Central Daylight Time),107049.89999999106,A,gr,I,r,369,2,1515.5999999940395,105534.29999999702,8108,WL,B,2.0
1,6.928999900817871,learn,53071.00009918213,Tue Jul 28 2026 11:25:12 GMT-0500 (Central Daylight Time),107266.19999998808,A,gra,I,a,210,2,1731.8999999910593,105534.29999999702,8108,WL,B,2.0
1,7.246000051498413,learn,52753.99994850159,Tue Jul 28 2026 11:25:12 GMT-0500 (Central Daylight Time),107583.0,A,gras,I,s,305,2,2048.7000000029802,105534.29999999702,8108,WL,B,2.0
1,7.412999868392944,learn,52587.000131607056,Tue Jul 28 2026 11:25:12 GMT-0500 (Central Daylight Time),107749.5,A,grass,I,s,148,2,2215.2000000029802,105534.29999999702,8108,WL,B,2.0
1,7.746000051498413,learn,52253.99994850159,Tue Jul 28 2026 11:25:12 GMT-0500 (Central Daylight Time),108082.69999998808,A,grassenter,I,enter,326,2,2548.3999999910593,105534.29999999702,8108,WL,B,2.0
1,8.645999908447266,learn,51354.000091552734,Tue Jul 28 2026 11:25:12 GMT-0500 (Central Daylight Time),108982.59999999404,A,d,I,d,889,2,899.5,108083.09999999404,8108,WL,B,3.0
1,8.878999948501587,learn,51121.00005149841,Tue Jul 28 2026 11:25:12 GMT-0500 (Central Daylight Time),109215.69999998808,A,do,I,o,213,2,1132.5999999940395,108083.09999999404,8108,WL,B,3.0
1,9.044999837875366,learn,50955.000162124634,Tue Jul 28 2026 11:25:12 GMT-0500 (Central Daylight Time),109382.29999999702,A,doo,I,o,156,2,1299.2000000029802,108083.09999999404,8108,WL,B,3.0
1,9.279000043869019,learn,50720.99995613098,Tue Jul 28 2026 11:25:12 GMT-0500 (Central Daylight Time),109615.69999998808,A,door,I,r,222,2,1532.5999999940395,108083.09999999404,8108,WL,B,3.0
1,9.928999900817871,learn,50071.00009918213,Tue Jul 28 2026 11:25:12 GMT-0500 (Central Daylight Time),110265.5,A,doorenter,I,enter,636,2,2182.4000000059605,108083.09999999404,8108,WL,B,3.0
1,10.577999830245972,learn,49422.00016975403,Tue Jul 28 2026 11:25:12 GMT-0500 (Central Daylight Time),110915.0,A,a,I,a,642,2,649.2000000029802,110265.79999999702,8108,WL,B,4.0
1,10.861999988555908,learn,49138.00001144409,Tue Jul 28 2026 11:25:12 GMT-0500 (Central Daylight Time),111198.5,A,ar,I,r,272,2,932.7000000029802,110265.79999999702,8108,WL,B,4.0
1,11.361999988555908,learn,48638.00001144409,Tue Jul 28 2026 11:25:12 GMT-0500 (Central Daylight Time),111699.09999999404,A,arm,I,m,485,2,1433.2999999970198,110265.79999999702,8108,WL,B,4.0
1,12.394000053405762,learn,47605.99994659424,Tue Jul 28 2026 11:25:12 GMT-0500 (Central Daylight Time),112731.09999999404,A,armenter,I,enter,1016,2,2465.2999999970198,110265.79999999702,8108,WL,B,4.0
1,13.394000053405762,learn,46605.99994659424,Tue Jul 28 2026 11:25:12 GMT-0500 (Central Daylight Time),113730.69999998808,A,w,I,w,992,2,999.0,112731.69999998808,8108,WL,B,5.0
1,13.694000005722046,learn,46305.999994277954,Tue Jul 28 2026 11:25:12 GMT-0500 (Central Daylight Time),114030.69999998808,A,wi,I,i,289,2,1299.0,112731.69999998808,8108,WL,B,5.0
1,13.944000005722046,learn,46055.999994277954,Tue Jul 28 2026 11:25:12 GMT-0500 (Central Daylight Time),114280.89999999106,A,wif,I,f,237,2,1549.2000000029802,112731.69999998808,8108,WL,B,5.0
1,14.293999910354614,learn,45706.000089645386,Tue Jul 28 2026 11:25:12 GMT-0500 (Central Daylight Time),114630.69999998808,A,wife,I,e,331,2,1899.0,112731.69999998808,8108,WL,B,5.0
1,14.710000038146973,learn,45289.99996185303,Tue Jul 28 2026 11:25:12 GMT-0500 (Central Daylight Time),115047.09999999404,A,wifeenter,I,enter,405,2,2315.4000000059605,112731.69999998808,8108,WL,B,5.0
1,15.90999984741211,learn,44090.00015258789,Tue Jul 28 2026 11:25:12 GMT-0500 (Central Daylight Time),116246.5,A,s,I,s,1187,2,1199.0,115047.5,8108,WL,B,6.0
1,16.210000038146973,learn,43789.99996185303,Tue Jul 28 2026 11:25:12 GMT-0500 (Central Daylight Time),116546.69999998808,A,st,I,t,292,2,1499.199999988079,115047.5,8108,WL,B,6.0
1,16.460000038146973,learn,43539.99996185303,Tue Jul 28 2026 11:25:12 GMT-0500 (Central Daylight Time),116796.69999998808,A,sta,I,a,233,2,1749.199999988079,115047.5,8108,WL,B,6.0
1,16.743000030517578,learn,43256.99996948242,Tue Jul 28 2026 11:25:12 GMT-0500 (Central Daylight Time),117079.69999998808,A,star,I,r,271,2,2032.199999988079,115047.5,8108,WL,B,6.0
1,17.575999975204468,learn,42424.00002479553,Tue Jul 28 2026 11:25:12 GMT-0500 (Central Daylight Time),117913.29999999702,A,starenter,I,enter,812,2,2865.7999999970198,115047.5,8108,WL,B,6.0
1,19.29200005531311,learn,40707.99994468689,Tue Jul 28 2026 11:25:12 GMT-0500 (Central Daylight Time),119629.19999998808,A,c,I,c,1698,2,1715.5,117913.69999998808,8108,WL,B,7.0
1,19.441999912261963,learn,40558.00008773804,Tue Jul 28 2026 11:25:12 GMT-0500 (Central Daylight Time),119779.0,A,ci,I,i,142,2,1865.300000011921,117913.69999998808,8108,WL,B,7.0
1,19.658999919891357,learn,40341.00008010864,Tue Jul 28 2026 11:25:12 GMT-0500 (Central Daylight Time),119995.59999999404,A,cit,I,t,200,2,2081.9000000059605,117913.69999998808,8108,WL,B,7.0
1,19.89199995994568,learn,40108.00004005432,Tue Jul 28 2026 11:25:12 GMT-0500 (Central Daylight Time),120228.79999999702,A,city,I,y,216,2,2315.1000000089407,117913.69999998808,8108,WL,B,7.0
1,20.14199995994568,learn,39858.00004005432,Tue Jul 28 2026 11:25:12 GMT-0500 (Central Daylight Time),120478.59999999404,A,cityenter,I,enter,239,2,2564.9000000059605,117913.69999998808,8108,WL,B,7.0
1,21.274999856948853,learn,38725.00014305115,Tue Jul 28 2026 11:25:12 GMT-0500 (Central Daylight Time),121611.5,A,p,I,p,1125,2,1132.6000000089407,120478.89999999106,8108,WL,B,8.0
1,21.557999849319458,learn,38442.00015068054,Tue Jul 28 2026 11:25:12 GMT-0500 (Central Daylight Time),121894.59999999404,A,pu,I,u,272,2,1415.7000000029802,120478.89999999106,8108,WL,B,8.0
1,21.840999841690063,learn,38159.00015830994,Tue Jul 28 2026 11:25:12 GMT-0500 (Central Daylight Time),122177.89999999106,A,pup,I,p,276,2,1699.0,120478.89999999106,8108,WL,B,8.0
1,22.075000047683716,learn,37924.999952316284,Tue Jul 28 2026 11:25:12 GMT-0500 (Central Daylight Time),122411.59999999404,A,pupi,I,i,226,2,1932.7000000029802,120478.89999999106,8108,WL,B,8.0
1,22.35800004005432,learn,37641.99995994568,Tue Jul 28 2026 11:25:12 GMT-0500 (Central Daylight Time),122694.69999998808,A,pupil,I,l,264,2,2215.7999999970198,120478.89999999106,8108,WL,B,8.0
1,22.87399983406067,learn,37126.00016593933,Tue Jul 28 2026 11:25:12 GMT-0500 (Central Daylight Time),123210.89999999106,A,pupilenter,I,enter,500,2,2732.0,120478.89999999106,8108,WL,B,8.0
1,25.19000005722046,learn,34809.99994277954,Tue Jul 28 2026 11:25:12 GMT-0500 (Central Daylight Time),125526.79999999702,A,c,I,c,2295,2,2315.7000000029802,123211.09999999404,8108,WL,B,9.0
1,25.490999937057495,learn,34509.000062942505,Tue Jul 28 2026 11:25:12 GMT-0500 (Central Daylight Time),125828.09999999404,A,ca,I,a,293,2,2617.0,123211.09999999404,8108,WL,B,9.0
1,25.707000017166138,learn,34292.99998283386,Tue Jul 28 2026 11:25:12 GMT-0500 (Central Daylight Time),126043.89999999106,A,cab,I,b,200,2,2832.7999999970198,123211.09999999404,8108,WL,B,9.0
1,25.957000017166138,learn,34042.99998283386,Tue Jul 28 2026 11:25:12 GMT-0500 (Central Daylight Time),126293.79999999702,A,cabi,I,i,241,2,3082.7000000029802,123211.09999999404,8108,WL,B,9.0
1,26.223000049591064,learn,33776.999950408936,Tue Jul 28 2026 11:25:12 GMT-0500 (Central Daylight Time),126560.0,A,cabin,I,n,246,2,3348.9000000059605,123211.09999999404,8108,WL,B,9.0
1,26.473000049591064,learn,33526.999950408936,Tue Jul 28 2026 11:25:12 GMT-0500 (Central Daylight Time),126809.79999999702,A,cabinenter,I,enter,243,2,3598.7000000029802,123211.09999999404,8108,WL,B,9.0
1,27.205999851226807,learn,32794.00014877319,Tue Jul 28 2026 11:25:12 GMT-0500 (Central Daylight Time),127542.89999999106,A,l,I,l,713,2,732.8999999910593,126810.0,8108,WL,B,10.0
1,27.424000024795532,learn,32575.999975204468,Tue Jul 28 2026 11:25:12 GMT-0500 (Central Daylight Time),127760.59999999404,A,la,I,a,204,2,950.5999999940395,126810.0,8108,WL,B,10.0
1,27.622999906539917,learn,32377.000093460083,Tue Jul 28 2026 11:25:12 GMT-0500 (Central Daylight Time),127959.5,A,lak,I,k,186,2,1149.5,126810.0,8108,WL,B,10.0
1,27.83899998664856,learn,32161.00001335144,Tue Jul 28 2026 11:25:12 GMT-0500 (Central Daylight Time),128176.09999999404,A,lake,I,e,195,2,1366.0999999940395,126810.0,8108,WL,B,10.0
1,28.039000034332275,learn,31960.999965667725,Tue Jul 28 2026 11:25:12 GMT-0500 (Central Daylight Time),128376.29999999702,A,lakeenter,I,enter,188,2,1566.2999999970198,126810.0,8108,WL,B,10.0
1,28.789000034332275,learn,31210.999965667725,Tue Jul 28 2026 11:25:12 GMT-0500 (Central Daylight Time),129125.79999999702,A,p,I,p,731,2,748.9000000059605,128376.89999999106,8108,WL,B,11.0
1,29.039000034332275,learn,30960.999965667725,Tue Jul 28 2026 11:25:12 GMT-0500 (Central Daylight Time),129375.79999999702,A,pi,I,i,229,2,998.9000000059605,128376.89999999106,8108,WL,B,11.0
1,29.289000034332275,learn,30710.999965667725,Tue Jul 28 2026 11:25:12 GMT-0500 (Central Daylight Time),129626.19999998808,A,pip,I,p,237,2,1249.2999999970198,128376.89999999106,8108,WL,B,11.0
1,29.490000009536743,learn,30509.999990463257,Tue Jul 28 2026 11:25:12 GMT-0500 (Central Daylight Time),129826.69999998808,A,pipe,I,e,193,2,1449.7999999970198,128376.89999999106,8108,WL,B,11.0
1,29.888999938964844,learn,30111.000061035156,Tue Jul 28 2026 11:25:12 GMT-0500 (Central Daylight Time),130225.39999999106,A,pipeenter,I,enter,384,2,1848.5,128376.89999999106,8108,WL,B,11.0
1,30.871999979019165,learn,29128.000020980835,Tue Jul 28 2026 11:25:12 GMT-0500 (Central Daylight Time),131208.69999998808,A,s,I,s,961,2,982.8999999910593,130225.79999999702,8108,WL,B,12.0
1,31.037999868392944,learn,28962.000131607056,Tue Jul 28 2026 11:25:12 GMT-0500 (Central Daylight Time),131375.0,A,sk,I,k,144,2,1149.2000000029802,130225.79999999702,8108,WL,B,12.0
1,31.25499987602234,learn,28745.00012397766,Tue Jul 28 2026 11:25:12 GMT-0500 (Central Daylight Time),131591.59999999404,A,ski,I,i,196,2,1365.7999999970198,130225.79999999702,8108,WL,B,12.0
1,31.605000019073486,learn,28394.999980926514,Tue Jul 28 2026 11:25:12 GMT-0500 (Central Daylight Time),131941.89999999106,A,skin,I,n,332,2,1716.0999999940395,130225.79999999702,8108,WL,B,12.0
1,32.48799991607666,learn,27512.00008392334,Tue Jul 28 2026 11:25:12 GMT-0500 (Central Daylight Time),132824.39999999106,A,skinenter,I,enter,869,2,2598.5999999940395,130225.79999999702,8108,WL,B,12.0
1,33.62100005149841,learn,26378.999948501587,Tue Jul 28 2026 11:25:12 GMT-0500 (Central Daylight Time),133957.39999999106,A,f,I,f,1115,2,1132.7999999970198,132824.59999999404,8108,WL,B,13.0
1,33.80399990081787,learn,26196.00009918213,Tue Jul 28 2026 11:25:12 GMT-0500 (Central Daylight Time),134140.69999998808,A,fi,I,i,165,2,1316.0999999940395,132824.59999999404,8108,WL,B,13.0
1,34.15400004386902,learn,25845.99995613098,Tue Jul 28 2026 11:25:12 GMT-0500 (Central Daylight Time),134490.5,A,fir,I,r,342,2,1665.9000000059605,132824.59999999404,8108,WL,B,13.0
1,34.47000002861023,learn,25529.99997138977,Tue Jul 28 2026 11:25:12 GMT-0500 (Central Daylight Time),134807.29999999702,A,fire,I,e,304,2,1982.7000000029802,132824.59999999404,8108,WL,B,13.0
1,35.23699998855591,learn,24763.00001144409,Tue Jul 28 2026 11:25:12 GMT-0500 (Central Daylight Time),135574.19999998808,A,fireenter,I,enter,749,2,2749.5999999940395,132824.59999999404,8108,WL,B,13.0
1,45.48300004005432,learn,14516.999959945679,Tue Jul 28 2026 11:25:12 GMT-0500 (Central Daylight Time),145820.39999999106,A,c,I,c,10229,2,10245.79999999702,135574.59999999404,8108,WL,B,14.0
1,45.61699986457825,learn,14383.000135421753,Tue Jul 28 2026 11:25:12 GMT-0500 (Central Daylight Time),145953.79999999702,A,ci,I,i,126,2,10379.20000000298,135574.59999999404,8108,WL,B,14.0
1,45.89999985694885,learn,14100.000143051147,Tue Jul 28 2026 11:25:12 GMT-0500 (Central Daylight Time),146237.0,A,cit,I,t,266,2,10662.40000000596,135574.59999999404,8108,WL,B,14.0
1,46.16700005531311,learn,13832.99994468689,Tue Jul 28 2026 11:25:12 GMT-0500 (Central Daylight Time),146503.79999999702,A,city,I,y,256,2,10929.20000000298,135574.59999999404,8108,WL,B,14.0
1,46.56699991226196,learn,13433.000087738037,Tue Jul 28 2026 11:25:12 GMT-0500 (Central Daylight Time),146903.59999999404,A,cityenter,I,enter,379,2,11329.0,135574.59999999404,8108,WL,B,14.0
1,60.01300001144409,learn,-13.000011444091797,Tue Jul 28 2026 11:25:12 GMT-0500 (Central Daylight Time),160349.79999999702,A,None,I,None,13441,2,13446.0,146903.79999999702,8108,WL,B,15.0
2,1.1499998569488525,learn,58850.00014305115,Tue Jul 28 2026 11:25:12 GMT-0500 (Central Daylight Time),227128.79999999702,A,c,I,c,1139,2,1150.0,225978.79999999702,8108,WL,B,1.0
2,1.2669999599456787,learn,58733.00004005432,Tue Jul 28 2026 11:25:12 GMT-0500 (Central Daylight Time),227245.39999999106,A,cl,I,l,98,2,1266.5999999940395,225978.79999999702,8108,WL,B,1.0
2,1.4839999675750732,learn,58516.00003242493,Tue Jul 28 2026 11:25:12 GMT-0500 (Central Daylight Time),227462.09999999404,A,clo,I,o,199,2,1483.2999999970198,225978.79999999702,8108,WL,B,1.0
2,2.1499998569488525,learn,57850.00014305115,Tue Jul 28 2026 11:25:12 GMT-0500 (Central Daylight Time),228128.09999999404,A,cloc,I,c,654,2,2149.2999999970198,225978.79999999702,8108,WL,B,1.0
2,2.299999952316284,learn,57700.000047683716,Tue Jul 28 2026 11:25:12 GMT-0500 (Central Daylight Time),228278.5,A,clock,I,k,139,2,2299.7000000029802,225978.79999999702,8108,WL,B,1.0
2,2.9159998893737793,learn,57084.00011062622,Tue Jul 28 2026 11:25:12 GMT-0500 (Central Daylight Time),228894.69999998808,A,clockenter,I,enter,597,2,2915.8999999910593,225978.79999999702,8108,WL,B,1.0
2,3.7159998416900635,learn,56284.00015830994,Tue Jul 28 2026 11:25:12 GMT-0500 (Central Daylight Time),229694.69999998808,A,s,I,s,788,2,799.7999999970198,228894.89999999106,8108,WL,B,2.0
2,4.2159998416900635,learn,55784.00015830994,Tue Jul 28 2026 11:25:12 GMT-0500 (Central Daylight Time),230194.09999999404,A,st,I,t,486,2,1299.2000000029802,228894.89999999106,8108,WL,B,2.0
2,4.48199987411499,learn,55518.00012588501,Tue Jul 28 2026 11:25:12 GMT-0500 (Central Daylight Time),230460.69999998808,A,str,I,r,257,2,1565.7999999970198,228894.89999999106,8108,WL,B,2.0
2,4.565999984741211,learn,55434.00001525879,Tue Jul 28 2026 11:25:12 GMT-0500 (Central Daylight Time),230544.29999999702,A,stre,I,e,62,2,1649.4000000059605,228894.89999999106,8108,WL,B,2.0
2,4.816999912261963,learn,55183.00008773804,Tue Jul 28 2026 11:25:12 GMT-0500 (Central Daylight Time),230795.19999998808,A,stree,I,e,244,2,1900.2999999970198,228894.89999999106,8108,WL,B,2.0
2,5.049000024795532,learn,54950.99997520447,Tue Jul 28 2026 11:25:12 GMT-0500 (Central Daylight Time),231027.59999999404,A,street,I,t,216,2,2132.7000000029802,228894.89999999106,8108,WL,B,2.0
2,5.299000024795532,learn,54700.99997520447,Tue Jul 28 2026 11:25:12 GMT-0500 (Central Daylight Time),231277.09999999404,A,streetenter,I,enter,240,2,2382.2000000029802,228894.89999999106,8108,WL,B,2.0
2,6.198999881744385,learn,53801.000118255615,Tue Jul 28 2026 11:25:12 GMT-0500 (Central Daylight Time),232177.39999999106,A,g,I,g,876,2,899.8999999910593,231277.5,8108,WL,B,3.0
2,6.4649999141693115,learn,53535.00008583069,Tue Jul 28 2026 11:25:12 GMT-0500 (Central Daylight Time),232443.39999999106,A,gr,I,r,258,2,1165.8999999910593,231277.5,8108,WL,B,3.0
2,6.847999811172485,learn,53152.000188827515,Tue Jul 28 2026 11:25:12 GMT-0500 (Central Daylight Time),232826.69999998808,A,gra,I,a,365,2,1549.199999988079,231277.5,8108,WL,B,3.0
2,7.258999824523926,learn,52741.000175476074,Tue Jul 28 2026 11:25:12 GMT-0500 (Central Daylight Time),233237.5,A,gras,I,s,390,2,1960.0,231277.5,8108,WL,B,3.0
2,7.365000009536743,learn,52634.99999046326,Tue Jul 28 2026 11:25:12 GMT-0500 (Central Daylight Time),233343.09999999404,A,grass,I,s,90,2,2065.5999999940395,231277.5,8108,WL,B,3.0
2,7.880999803543091,learn,52119.00019645691,Tue Jul 28 2026 11:25:12 GMT-0500 (Central Daylight Time),233859.59999999404,A,grassenter,I,enter,505,2,2582.0999999940395,231277.5,8108,WL,B,3.0
2,8.365000009536743,learn,51634.99999046326,Tue Jul 28 2026 11:25:12 GMT-0500 (Central Daylight Time),234343.39999999106,A,a,I,a,463,2,483.5,233859.89999999106,8108,WL,B,4.0
2,8.797999858856201,learn,51202.0001411438,Tue Jul 28 2026 11:25:12 GMT-0500 (Central Daylight Time),234776.09999999404,A,ar,I,r,421,2,916.2000000029802,233859.89999999106,8108,WL,B,4.0
2,9.13099980354309,learn,50869.00019645691,Tue Jul 28 2026 11:25:12 GMT-0500 (Central Daylight Time),235109.19999998808,A,arm,I,m,313,2,1249.2999999970198,233859.89999999106,8108,WL,B,4.0
2,9.580999851226807,learn,50419.00014877319,Tue Jul 28 2026 11:25:12 GMT-0500 (Central Daylight Time),235559.39999999106,A,armenter,I,enter,439,2,1699.5,233859.89999999106,8108,WL,B,4.0
2,10.02999997138977,learn,49970.00002861023,Tue Jul 28 2026 11:25:12 GMT-0500 (Central Daylight Time),236008.69999998808,A,d,I,d,444,2,448.8999999910593,235559.79999999702,8108,WL,B,5.0
2,10.263999938964844,learn,49736.000061035156,Tue Jul 28 2026 11:25:12 GMT-0500 (Central Daylight Time),236242.19999998808,A,do,I,o,218,2,682.3999999910593,235559.79999999702,8108,WL,B,5.0
2,10.530999898910522,learn,49469.00010108948,Tue Jul 28 2026 11:25:12 GMT-0500 (Central Daylight Time),236509.19999998808,A,doo,I,o,258,2,949.3999999910593,235559.79999999702,8108,WL,B,5.0
2,11.329999923706055,learn,48670.000076293945,Tue Jul 28 2026 11:25:12 GMT-0500 (Central Daylight Time),237308.59999999404,A,door,I,r,790,2,1748.7999999970198,235559.79999999702,8108,WL,B,5.0
2,11.829999923706055,learn,48170.000076293945,Tue Jul 28 2026 11:25:12 GMT-0500 (Central Daylight Time),237808.5,A,doorenter,I,enter,478,2,2248.7000000029802,235559.79999999702,8108,WL,B,5.0
2,13.629999876022339,learn,46370.00012397766,Tue Jul 28 2026 11:25:12 GMT-0500 (Central Daylight Time),239607.79999999702,A,s,I,s,1787,2,1799.0,237808.79999999702,8108,WL,B,6.0
2,13.912999868392944,learn,46087.000131607056,Tue Jul 28 2026 11:25:12 GMT-0500 (Central Daylight Time),239891.29999999702,A,st,I,t,276,2,2082.5,237808.79999999702,8108,WL,B,6.0
2,14.129999876022339,learn,45870.00012397766,Tue Jul 28 2026 11:25:12 GMT-0500 (Central Daylight Time),240108.0,A,sta,I,a,208,2,2299.2000000029802,237808.79999999702,8108,WL,B,6.0
2,14.395999908447266,learn,45604.000091552734,Tue Jul 28 2026 11:25:12 GMT-0500 (Central Daylight Time),240374.5,A,star,I,r,249,2,2565.7000000029802,237808.79999999702,8108,WL,B,6.0
2,14.69599986076355,learn,45304.00013923645,Tue Jul 28 2026 11:25:12 GMT-0500 (Central Daylight Time),240674.29999999702,A,starenter,I,enter,285,2,2865.5,237808.79999999702,8108,WL,B,6.0
2,15.645999908447266,learn,44354.000091552734,Tue Jul 28 2026 11:25:12 GMT-0500 (Central Daylight Time),241623.89999999106,A,w,I,w,928,2,949.0999999940395,240674.79999999702,8108,WL,B,7.0
2,15.911999940872192,learn,44088.00005912781,Tue Jul 28 2026 11:25:12 GMT-0500 (Central Daylight Time),241890.19999998808,A,wi,I,i,260,2,1215.3999999910593,240674.79999999702,8108,WL,B,7.0
2,16.228999853134155,learn,43771.000146865845,Tue Jul 28 2026 11:25:12 GMT-0500 (Central Daylight Time),242207.59999999404,A,wif,I,f,306,2,1532.7999999970198,240674.79999999702,8108,WL,B,7.0
2,16.578999996185303,learn,43421.0000038147,Tue Jul 28 2026 11:25:12 GMT-0500 (Central Daylight Time),242556.89999999106,A,wife,I,e,333,2,1882.0999999940395,240674.79999999702,8108,WL,B,7.0
2,16.978999853134155,learn,43021.000146865845,Tue Jul 28 2026 11:25:12 GMT-0500 (Central Daylight Time),242956.79999999702,A,wifeenter,I,enter,382,2,2282.0,240674.79999999702,8108,WL,B,7.0
2,17.728999853134155,learn,42271.000146865845,Tue Jul 28 2026 11:25:12 GMT-0500 (Central Daylight Time),243706.89999999106,A,w,I,w,734,2,749.8999999910593,242957.0,8108,WL,B,8.0
2,18.027999877929688,learn,41972.00012207031,Tue Jul 28 2026 11:25:12 GMT-0500 (Central Daylight Time),244006.69999998808,A,wi,I,i,288,2,1049.699999988079,242957.0,8108,WL,B,8.0
2,18.294999837875366,learn,41705.000162124634,Tue Jul 28 2026 11:25:12 GMT-0500 (Central Daylight Time),244272.89999999106,A,win,I,n,251,2,1315.8999999910593,242957.0,8108,WL,B,8.0
2,18.628000020980835,learn,41371.999979019165,Tue Jul 28 2026 11:25:12 GMT-0500 (Central Daylight Time),244606.5,A,wind,I,d,315,2,1649.5,242957.0,8108,WL,B,8.0
2,18.960999965667725,learn,41039.000034332275,Tue Jul 28 2026 11:25:12 GMT-0500 (Central Daylight Time),244939.79999999702,A,windo,I,o,326,2,1982.7999999970198,242957.0,8108,WL,B,8.0
2,19.293999910354614,learn,40706.000089645386,Tue Jul 28 2026 11:25:12 GMT-0500 (Central Daylight Time),245272.59999999404,A,window,I,w,328,2,2315.5999999940395,242957.0,8108,WL,B,8.0
2,19.710999965667725,learn,40289.000034332275,Tue Jul 28 2026 11:25:12 GMT-0500 (Central Daylight Time),245689.5,A,windowenter,I,enter,403,2,2732.5,242957.0,8108,WL,B,8.0
2,20.57699990272522,learn,39423.00009727478,Tue Jul 28 2026 11:25:12 GMT-0500 (Central Daylight Time),246555.5,A,c,I,c,850,2,865.7000000029802,245689.79999999702,8108,WL,B,9.0
2,20.82699990272522,learn,39173.00009727478,Tue Jul 28 2026 11:25:12 GMT-0500 (Central Daylight Time),246805.69999998808,A,ci,I,i,241,2,1115.8999999910593,245689.79999999702,8108,WL,B,9.0
2,21.09499979019165,learn,38905.00020980835,Tue Jul 28 2026 11:25:12 GMT-0500 (Central Daylight Time),247072.89999999106,A,cit,I,t,255,2,1383.0999999940395,245689.79999999702,8108,WL,B,9.0
2,21.34499979019165,learn,38655.00020980835,Tue Jul 28 2026 11:25:12 GMT-0500 (Central Daylight Time),247323.19999998808,A,city,I,y,234,2,1633.3999999910593,245689.79999999702,8108,WL,B,9.0
2,21.8439998626709,learn,38156.0001373291,Tue Jul 28 2026 11:25:12 GMT-0500 (Central Daylight Time),247821.89999999106,A,cityenter,I,enter,487,2,2132.0999999940395,245689.79999999702,8108,WL,B,9.0
2,22.526999950408936,learn,37473.000049591064,Tue Jul 28 2026 11:25:12 GMT-0500 (Central Daylight Time),248505.0,A,p,I,p,669,2,682.9000000059605,247822.09999999404,8108,WL,B,10.0
2,22.842999935150146,learn,37157.00006484985,Tue Jul 28 2026 11:25:12 GMT-0500 (Central Daylight Time),248821.59999999404,A,pu,I,u,298,2,999.5,247822.09999999404,8108,WL,B,10.0
2,23.176999807357788,learn,36823.00019264221,Tue Jul 28 2026 11:25:12 GMT-0500 (Central Daylight Time),249155.09999999404,A,pup,I,p,318,2,1333.0,247822.09999999404,8108,WL,B,10.0
2,23.426999807357788,learn,36573.00019264221,Tue Jul 28 2026 11:25:12 GMT-0500 (Central Daylight Time),249405.19999998808,A,pupi,I,i,241,2,1583.0999999940395,247822.09999999404,8108,WL,B,10.0
2,23.759999990463257,learn,36240.00000953674,Tue Jul 28 2026 11:25:12 GMT-0500 (Central Daylight Time),249737.89999999106,A,pupil,I,l,326,2,1915.7999999970198,247822.09999999404,8108,WL,B,10.0
2,24.242999792099,learn,35757.000207901,Tue Jul 28 2026 11:25:12 GMT-0500 (Central Daylight Time),250221.19999998808,A,pupilenter,I,enter,465,2,2399.0999999940395,247822.09999999404,8108,WL,B,10.0
2,24.95899987220764,learn,35041.00012779236,Tue Jul 28 2026 11:25:12 GMT-0500 (Central Daylight Time),250937.59999999404,A,c,I,c,701,2,716.0999999940395,250221.5,8108,WL,B,11.0
2,25.192999839782715,learn,34807.000160217285,Tue Jul 28 2026 11:25:12 GMT-0500 (Central Daylight Time),251170.79999999702,A,ca,I,a,217,2,949.2999999970198,250221.5,8108,WL,B,11.0
2,25.408999919891357,learn,34591.00008010864,Tue Jul 28 2026 11:25:12 GMT-0500 (Central Daylight Time),251387.5,A,cab,I,b,208,2,1166.0,250221.5,8108,WL,B,11.0
2,25.675999879837036,learn,34324.000120162964,Tue Jul 28 2026 11:25:12 GMT-0500 (Central Daylight Time),251654.29999999702,A,cabi,I,i,246,2,1432.7999999970198,250221.5,8108,WL,B,11.0
2,25.908999919891357,learn,34091.00008010864,Tue Jul 28 2026 11:25:12 GMT-0500 (Central Daylight Time),251887.69999998808,A,cabin,I,n,221,2,1666.199999988079,250221.5,8108,WL,B,11.0
2,26.258999824523926,learn,33741.000175476074,Tue Jul 28 2026 11:25:12 GMT-0500 (Central Daylight Time),252237.29999999702,A,cabinenter,I,enter,332,2,2015.7999999970198,250221.5,8108,WL,B,11.0
2,27.125999927520752,learn,32874.00007247925,Tue Jul 28 2026 11:25:12 GMT-0500 (Central Daylight Time),253104.39999999106,A,l,I,l,854,2,866.7999999970198,252237.59999999404,8108,WL,B,12.0
2,27.358999967575073,learn,32641.000032424927,Tue Jul 28 2026 11:25:12 GMT-0500 (Central Daylight Time),253336.79999999702,A,la,I,a,227,2,1099.2000000029802,252237.59999999404,8108,WL,B,12.0
2,27.607999801635742,learn,32392.000198364258,Tue Jul 28 2026 11:25:12 GMT-0500 (Central Daylight Time),253586.59999999404,A,lak,I,k,241,2,1349.0,252237.59999999404,8108,WL,B,12.0
2,27.858999967575073,learn,32141.000032424927,Tue Jul 28 2026 11:25:12 GMT-0500 (Central Daylight Time),253837.0,A,lake,I,e,241,2,1599.4000000059605,252237.59999999404,8108,WL,B,12.0
2,28.307999849319458,learn,31692.000150680542,Tue Jul 28 2026 11:25:12 GMT-0500 (Central Daylight Time),254286.69999998808,A,lakeenter,I,enter,430,2,2049.0999999940395,252237.59999999404,8108,WL,B,12.0
2,28.992999792099,learn,31007.000207901,Tue Jul 28 2026 11:25:12 GMT-0500 (Central Daylight Time),254971.0,A,p,I,p,669,2,684.1000000089407,254286.89999999106,8108,WL,B,13.0
2,29.258999824523926,learn,30741.000175476074,Tue Jul 28 2026 11:25:12 GMT-0500 (Central Daylight Time),255237.5,A,pi,I,i,257,2,950.6000000089407,254286.89999999106,8108,WL,B,13.0
2,29.54099988937378,learn,30459.00011062622,Tue Jul 28 2026 11:25:12 GMT-0500 (Central Daylight Time),255519.5,A,pip,I,p,270,2,1232.6000000089407,254286.89999999106,8108,WL,B,13.0
2,29.890999794006348,learn,30109.000205993652,Tue Jul 28 2026 11:25:12 GMT-0500 (Central Daylight Time),255869.29999999702,A,pipe,I,e,339,2,1582.4000000059605,254286.89999999106,8108,WL,B,13.0
2,30.29099988937378,learn,29709.00011062622,Tue Jul 28 2026 11:25:12 GMT-0500 (Central Daylight Time),256269.39999999106,A,pipeenter,I,enter,383,2,1982.5,254286.89999999106,8108,WL,B,13.0
2,30.95899987220764,learn,29041.00012779236,Tue Jul 28 2026 11:25:12 GMT-0500 (Central Daylight Time),256936.89999999106,A,s,I,s,647,2,667.2000000029802,256269.69999998808,8108,WL,B,14.0
2,31.19099998474121,learn,28809.00001525879,Tue Jul 28 2026 11:25:12 GMT-0500 (Central Daylight Time),257168.89999999106,A,sk,I,k,210,2,899.2000000029802,256269.69999998808,8108,WL,B,14.0
2,31.424000024795532,learn,28575.999975204468,Tue Jul 28 2026 11:25:12 GMT-0500 (Central Daylight Time),257402.09999999404,A,ski,I,i,218,2,1132.4000000059605,256269.69999998808,8108,WL,B,14.0
2,31.756999969482422,learn,28243.000030517578,Tue Jul 28 2026 11:25:12 GMT-0500 (Central Daylight Time),257735.69999998808,A,skin,I,n,322,2,1466.0,256269.69999998808,8108,WL,B,14.0
2,32.17400002479553,learn,27825.999975204468,Tue Jul 28 2026 11:25:12 GMT-0500 (Central Daylight Time),258152.0,A,skinenter,I,enter,404,2,1882.300000011921,256269.69999998808,8108,WL,B,14.0
2,33.00699996948242,learn,26993.000030517578,Tue Jul 28 2026 11:25:12 GMT-0500 (Central Daylight Time),258985.5,A,f,I,f,812,2,833.2000000029802,258152.29999999702,8108,WL,B,15.0
2,33.17400002479553,learn,26825.999975204468,Tue Jul 28 2026 11:25:12 GMT-0500 (Central Daylight Time),259151.89999999106,A,fi,I,i,154,2,999.5999999940395,258152.29999999702,8108,WL,B,15.0
2,33.4229998588562,learn,26577.0001411438,Tue Jul 28 2026 11:25:12 GMT-0500 (Central Daylight Time),259401.69999998808,A,fir,I,r,236,2,1249.3999999910593,258152.29999999702,8108,WL,B,15.0
2,33.52300000190735,learn,26476.99999809265,Tue Jul 28 2026 11:25:12 GMT-0500 (Central Daylight Time),259501.5,A,fire,I,e,89,2,1349.2000000029802,258152.29999999702,8108,WL,B,15.0
2,34.03999996185303,learn,25960.000038146973,Tue Jul 28 2026 11:25:12 GMT-0500 (Central Daylight Time),260018.59999999404,A,fireenter,I,enter,502,2,1866.2999999970198,258152.29999999702,8108,WL,B,15.0
3,1.5170001983642578,learn,58482.99980163574,Tue Jul 28 2026 11:25:12 GMT-0500 (Central Daylight Time),327797.09999999404,A,c,I,c,1499,2,1516.0999999940395,326281.0,8108,WL,B,1.0
3,1.6160001754760742,learn,58383.999824523926,Tue Jul 28 2026 11:25:12 GMT-0500 (Central Daylight Time),327896.799999997,A,cl,I,l,93,2,1615.7999999970198,326281.0,8108,WL,B,1.0
3,1.8500001430511475,learn,58149.99985694885,Tue Jul 28 2026 11:25:12 GMT-0500 (Central Daylight Time),328130.299999997,A,clo,I,o,219,2,1849.2999999970198,326281.0,8108,WL,B,1.0
3,2.0500001907348633,learn,57949.99980926514,Tue Jul 28 2026 11:25:12 GMT-0500 (Central Daylight Time),328330.299999997,A,cloc,I,c,192,2,2049.2999999970198,326281.0,8108,WL,B,1.0
3,2.25,learn,57750.0,Tue Jul 28 2026 11:25:12 GMT-0500 (Central Daylight Time),328530.1999999881,A,clock,I,k,194,2,2249.199999988079,326281.0,8108,WL,B,1.0
3,2.633000135421753,learn,57366.99986457825,Tue Jul 28 2026 11:25:12 GMT-0500 (Central Daylight Time),328913.1999999881,A,clockenter,I,enter,370,2,2632.199999988079,326281.0,8108,WL,B,1.0
3,3.5160000324249268,learn,56483.99996757507,Tue Jul 28 2026 11:25:12 GMT-0500 (Central Daylight Time),329796.5,A,s,I,s,867,2,883.0,328913.5,8108,WL,B,2.0
3,3.882000207901001,learn,56117.999792099,Tue Jul 28 2026 11:25:12 GMT-0500 (Central Daylight Time),330162.799999997,A,st,I,t,351,2,1249.2999999970198,328913.5,8108,WL,B,2.0
3,4.14900016784668,learn,55850.99983215332,Tue Jul 28 2026 11:25:12 GMT-0500 (Central Daylight Time),330429.39999999106,A,str,I,r,248,2,1515.8999999910593,328913.5,8108,WL,B,2.0
3,4.233000040054321,learn,55766.99995994568,Tue Jul 28 2026 11:25:12 GMT-0500 (Central Daylight Time),330513.0,A,stre,I,e,71,2,1599.5,328913.5,8108,WL,B,2.0
3,4.449000120162964,learn,55550.999879837036,Tue Jul 28 2026 11:25:12 GMT-0500 (Central Daylight Time),330729.799999997,A,stree,I,e,204,2,1816.2999999970198,328913.5,8108,WL,B,2.0
3,4.666000127792358,learn,55333.99987220764,Tue Jul 28 2026 11:25:12 GMT-0500 (Central Daylight Time),330946.39999999106,A,street,I,t,203,2,2032.8999999910593,328913.5,8108,WL,B,2.0
3,4.832000017166138,learn,55167.99998283386,Tue Jul 28 2026 11:25:12 GMT-0500 (Central Daylight Time),331112.59999999404,A,streetenter,I,enter,145,2,2199.0999999940395,328913.5,8108,WL,B,2.0
3,5.14900016784668,learn,54850.99983215332,Tue Jul 28 2026 11:25:12 GMT-0500 (Central Daylight Time),331429.0,A,g,I,g,306,2,316.1000000089407,331112.89999999106,8108,WL,B,3.0
3,5.4150002002716064,learn,54584.99979972839,Tue Jul 28 2026 11:25:12 GMT-0500 (Central Daylight Time),331695.6999999881,A,gr,I,r,254,2,582.7999999970198,331112.89999999106,8108,WL,B,3.0
3,5.699000120162964,learn,54300.999879837036,Tue Jul 28 2026 11:25:12 GMT-0500 (Central Daylight Time),331979.09999999404,A,gra,I,a,276,2,866.2000000029802,331112.89999999106,8108,WL,B,3.0
3,5.948000192642212,learn,54051.99980735779,Tue Jul 28 2026 11:25:12 GMT-0500 (Central Daylight Time),332228.799999997,A,gras,I,s,241,2,1115.9000000059605,331112.89999999106,8108,WL,B,3.0
3,6.115000009536743,learn,53884.99999046326,Tue Jul 28 2026 11:25:12 GMT-0500 (Central Daylight Time),332395.59999999404,A,grass,I,s,150,2,1282.7000000029802,331112.89999999106,8108,WL,B,3.0
3,6.398000001907349,learn,53601.99999809265,Tue Jul 28 2026 11:25:12 GMT-0500 (Central Daylight Time),332678.6999999881,A,grassenter,I,enter,271,2,1565.7999999970198,331112.89999999106,8108,WL,B,3.0
3,7.731000185012817,learn,52268.99981498718,Tue Jul 28 2026 11:25:12 GMT-0500 (Central Daylight Time),334011.59999999404,A,d,I,d,1317,2,1332.5999999940395,332679.0,8108,WL,B,4.0
3,7.9150002002716064,learn,52084.99979972839,Tue Jul 28 2026 11:25:12 GMT-0500 (Central Daylight Time),334195.09999999404,A,do,I,o,167,2,1516.0999999940395,332679.0,8108,WL,B,4.0
3,8.081000089645386,learn,51918.999910354614,Tue Jul 28 2026 11:25:12 GMT-0500 (Central Daylight Time),334361.6999999881,A,doo,I,o,161,2,1682.699999988079,332679.0,8108,WL,B,4.0
3,8.248000144958496,learn,51751.999855041504,Tue Jul 28 2026 11:25:12 GMT-0500 (Central Daylight Time),334528.39999999106,A,door,I,r,146,2,1849.3999999910593,332679.0,8108,WL,B,4.0
3,8.448000192642212,learn,51551.99980735779,Tue Jul 28 2026 11:25:12 GMT-0500 (Central Daylight Time),334728.09999999404,A,doorenter,I,enter,180,2,2049.0999999940395,332679.0,8108,WL,B,4.0
3,8.914000034332275,learn,51085.999965667725,Tue Jul 28 2026 11:25:12 GMT-0500 (Central Daylight Time),335194.5,A,a,I,a,460,2,466.1000000089407,334728.39999999106,8108,WL,B,5.0
3,9.164000034332275,learn,50835.999965667725,Tue Jul 28 2026 11:25:12 GMT-0500 (Central Daylight Time),335444.39999999106,A,ar,I,r,242,2,716.0,334728.39999999106,8108,WL,B,5.0
3,9.398000001907349,learn,50601.99999809265,Tue Jul 28 2026 11:25:12 GMT-0500 (Central Daylight Time),335678.09999999404,A,arm,I,m,216,2,949.7000000029802,334728.39999999106,8108,WL,B,5.0
3,9.664000034332275,learn,50335.999965667725,Tue Jul 28 2026 11:25:12 GMT-0500 (Central Daylight Time),335944.39999999106,A,armenter,I,enter,253,2,1216.0,334728.39999999106,8108,WL,B,5.0
3,10.164000034332275,learn,49835.999965667725,Tue Jul 28 2026 11:25:12 GMT-0500 (Central Daylight Time),336444.5,A,a,I,a,491,2,499.80000001192093,335944.6999999881,8108,WL,B,6.0
3,10.997000217437744,learn,49002.999782562256,Tue Jul 28 2026 11:25:12 GMT-0500 (Central Daylight Time),337277.299999997,A,,I,backspace,823,2,1332.6000000089407,335944.6999999881,8108,WL,B,6.0
3,11.480000019073486,learn,48519.999980926514,Tue Jul 28 2026 11:25:12 GMT-0500 (Central Daylight Time),337760.5,A,s,I,s,471,2,1815.800000011921,335944.6999999881,8108,WL,B,6.0
3,11.747000217437744,learn,48252.999782562256,Tue Jul 28 2026 11:25:12 GMT-0500 (Central Daylight Time),338027.299999997,A,st,I,t,250,2,2082.6000000089407,335944.6999999881,8108,WL,B,6.0
3,12.013000011444092,learn,47986.99998855591,Tue Jul 28 2026 11:25:12 GMT-0500 (Central Daylight Time),338293.5,A,sta,I,a,256,2,2348.800000011921,335944.6999999881,8108,WL,B,6.0
3,12.230000019073486,learn,47769.999980926514,Tue Jul 28 2026 11:25:12 GMT-0500 (Central Daylight Time),338510.0,A,star,I,r,197,2,2565.300000011921,335944.6999999881,8108,WL,B,6.0
3,12.580000162124634,learn,47419.999837875366,Tue Jul 28 2026 11:25:12 GMT-0500 (Central Daylight Time),338860.39999999106,A,starenter,I,enter,342,2,2915.7000000029802,335944.6999999881,8108,WL,B,6.0
3,13.463000059127808,learn,46536.99994087219,Tue Jul 28 2026 11:25:12 GMT-0500 (Central Daylight Time),339743.0,A,w,I,w,863,2,882.2000000029802,338860.799999997,8108,WL,B,7.0
3,13.61300015449524,learn,46386.99984550476,Tue Jul 28 2026 11:25:12 GMT-0500 (Central Daylight Time),339893.299999997,A,wi,I,i,140,2,1032.5,338860.799999997,8108,WL,B,7.0
3,13.813000202178955,learn,46186.999797821045,Tue Jul 28 2026 11:25:12 GMT-0500 (Central Daylight Time),340093.299999997,A,wif,I,f,191,2,1232.5,338860.799999997,8108,WL,B,7.0
3,13.997000217437744,learn,46002.999782562256,Tue Jul 28 2026 11:25:12 GMT-0500 (Central Daylight Time),340277.5,A,wife,I,e,166,2,1416.7000000029802,338860.799999997,8108,WL,B,7.0
3,14.246000051498413,learn,45753.99994850159,Tue Jul 28 2026 11:25:12 GMT-0500 (Central Daylight Time),340526.09999999404,A,wifeenter,I,enter,239,2,1665.2999999970198,338860.799999997,8108,WL,B,7.0
3,15.01200008392334,learn,44987.99991607666,Tue Jul 28 2026 11:25:12 GMT-0500 (Central Daylight Time),341292.6999999881,A,w,I,w,750,2,766.2999999970198,340526.39999999106,8108,WL,B,8.0
3,15.196000099182129,learn,44803.99990081787,Tue Jul 28 2026 11:25:12 GMT-0500 (Central Daylight Time),341476.299999997,A,wi,I,i,168,2,949.9000000059605,340526.39999999106,8108,WL,B,8.0
3,15.413000106811523,learn,44586.99989318848,Tue Jul 28 2026 11:25:12 GMT-0500 (Central Daylight Time),341693.0,A,win,I,n,208,2,1166.6000000089407,340526.39999999106,8108,WL,B,8.0
3,15.729000091552734,learn,44270.999908447266,Tue Jul 28 2026 11:25:12 GMT-0500 (Central Daylight Time),342009.09999999404,A,wind,I,d,294,2,1482.7000000029802,340526.39999999106,8108,WL,B,8.0
3,15.861999988555908,learn,44138.00001144409,Tue Jul 28 2026 11:25:12 GMT-0500 (Central Daylight Time),342142.39999999106,A,windo,I,o,122,2,1616.0,340526.39999999106,8108,WL,B,8.0
3,16.02900004386902,learn,43970.99995613098,Tue Jul 28 2026 11:25:12 GMT-0500 (Central Daylight Time),342309.39999999106,A,window,I,w,149,2,1783.0,340526.39999999106,8108,WL,B,8.0
3,16.395000219345093,learn,43604.99978065491,Tue Jul 28 2026 11:25:12 GMT-0500 (Central Daylight Time),342676.09999999404,A,windowenter,I,enter,351,2,2149.7000000029802,340526.39999999106,8108,WL,B,8.0
3,17.26200008392334,learn,42737.99991607666,Tue Jul 28 2026 11:25:12 GMT-0500 (Central Daylight Time),343542.299999997,A,c,I,c,848,2,865.7000000029802,342676.59999999404,8108,WL,B,9.0
3,17.395000219345093,learn,42604.99978065491,Tue Jul 28 2026 11:25:12 GMT-0500 (Central Daylight Time),343675.799999997,A,ci,I,i,118,2,999.2000000029802,342676.59999999404,8108,WL,B,9.0
3,17.611000061035156,learn,42388.999938964844,Tue Jul 28 2026 11:25:12 GMT-0500 (Central Daylight Time),343892.0,A,cit,I,t,208,2,1215.4000000059605,342676.59999999404,8108,WL,B,9.0
3,17.778000116348267,learn,42221.99988365173,Tue Jul 28 2026 11:25:12 GMT-0500 (Central Daylight Time),344058.59999999404,A,city,I,y,151,2,1382.0,342676.59999999404,8108,WL,B,9.0
3,18.1780002117157,learn,41821.9997882843,Tue Jul 28 2026 11:25:12 GMT-0500 (Central Daylight Time),344458.299999997,A,cityenter,I,enter,384,2,1781.7000000029802,342676.59999999404,8108,WL,B,9.0
3,18.84500002861023,learn,41154.99997138977,Tue Jul 28 2026 11:25:12 GMT-0500 (Central Daylight Time),345125.1999999881,A,p,I,p,650,2,666.6999999880791,344458.5,8108,WL,B,10.0
3,19.127000093460083,learn,40872.99990653992,Tue Jul 28 2026 11:25:12 GMT-0500 (Central Daylight Time),345408.0,A,pu,I,u,270,2,949.5,344458.5,8108,WL,B,10.0
3,19.377000093460083,learn,40622.99990653992,Tue Jul 28 2026 11:25:12 GMT-0500 (Central Daylight Time),345658.0,A,pup,I,p,234,2,1199.5,344458.5,8108,WL,B,10.0
3,19.694000005722046,learn,40305.999994277954,Tue Jul 28 2026 11:25:12 GMT-0500 (Central Daylight Time),345974.799999997,A,pupi,I,i,298,2,1516.2999999970198,344458.5,8108,WL,B,10.0
3,20.044000148773193,learn,39955.99985122681,Tue Jul 28 2026 11:25:12 GMT-0500 (Central Daylight Time),346324.799999997,A,pupil,I,l,334,2,1866.2999999970198,344458.5,8108,WL,B,10.0
3,20.444000005722046,learn,39555.999994277954,Tue Jul 28 2026 11:25:12 GMT-0500 (Central Daylight Time),346724.1999999881,A,pupilenter,I,enter,384,2,2265.699999988079,344458.5,8108,WL,B,10.0
3,21.16000008583069,learn,38839.99991416931,Tue Jul 28 2026 11:25:12 GMT-0500 (Central Daylight Time),347441.09999999404,A,c,I,c,704,2,716.5999999940395,346724.5,8108,WL,B,11.0
3,21.427000045776367,learn,38572.99995422363,Tue Jul 28 2026 11:25:12 GMT-0500 (Central Daylight Time),347707.299999997,A,ca,I,a,259,2,982.7999999970198,346724.5,8108,WL,B,11.0
3,21.610000133514404,learn,38389.999866485596,Tue Jul 28 2026 11:25:12 GMT-0500 (Central Daylight Time),347890.59999999404,A,cab,I,b,168,2,1166.0999999940395,346724.5,8108,WL,B,11.0
3,21.943000078201294,learn,38056.999921798706,Tue Jul 28 2026 11:25:12 GMT-0500 (Central Daylight Time),348224.09999999404,A,cabi,I,i,321,2,1499.5999999940395,346724.5,8108,WL,B,11.0
3,22.210000038146973,learn,37789.99996185303,Tue Jul 28 2026 11:25:12 GMT-0500 (Central Daylight Time),348490.299999997,A,cabin,I,n,260,2,1765.7999999970198,346724.5,8108,WL,B,11.0
3,22.610000133514404,learn,37389.999866485596,Tue Jul 28 2026 11:25:12 GMT-0500 (Central Daylight Time),348890.39999999106,A,cabinenter,I,enter,393,2,2165.8999999910593,346724.5,8108,WL,B,11.0
3,23.228000164031982,learn,36771.99983596802,Tue Jul 28 2026 11:25:12 GMT-0500 (Central Daylight Time),349508.39999999106,A,l,I,l,608,2,617.7000000029802,348890.6999999881,8108,WL,B,12.0
3,23.39300012588501,learn,36606.99987411499,Tue Jul 28 2026 11:25:12 GMT-0500 (Central Daylight Time),349673.299999997,A,la,I,a,158,2,782.6000000089407,348890.6999999881,8108,WL,B,12.0
3,23.62600016593933,learn,36373.99983406067,Tue Jul 28 2026 11:25:12 GMT-0500 (Central Daylight Time),349907.0,A,lak,I,k,218,2,1016.3000000119209,348890.6999999881,8108,WL,B,12.0
3,24.092000007629395,learn,35907.999992370605,Tue Jul 28 2026 11:25:12 GMT-0500 (Central Daylight Time),350373.0,A,lake,I,e,448,2,1482.300000011921,348890.6999999881,8108,WL,B,12.0
3,24.426000118255615,learn,35573.999881744385,Tue Jul 28 2026 11:25:12 GMT-0500 (Central Daylight Time),350706.89999999106,A,lakeenter,I,enter,319,2,1816.2000000029802,348890.6999999881,8108,WL,B,12.0
3,25.159000158309937,learn,34840.99984169006,Tue Jul 28 2026 11:25:12 GMT-0500 (Central Daylight Time),351439.39999999106,A,p,I,p,712,2,732.0999999940395,350707.299999997,8108,WL,B,13.0
3,25.526000022888184,learn,34473.99997711182,Tue Jul 28 2026 11:25:12 GMT-0500 (Central Daylight Time),351806.39999999106,A,pi,I,i,357,2,1099.0999999940395,350707.299999997,8108,WL,B,13.0
3,25.80900001525879,learn,34190.99998474121,Tue Jul 28 2026 11:25:12 GMT-0500 (Central Daylight Time),352089.6999999881,A,pip,I,p,270,2,1382.3999999910593,350707.299999997,8108,WL,B,13.0
3,26.109000205993652,learn,33890.99979400635,Tue Jul 28 2026 11:25:12 GMT-0500 (Central Daylight Time),352389.1999999881,A,pipe,I,e,282,2,1681.8999999910593,350707.299999997,8108,WL,B,13.0
3,26.492000102996826,learn,33507.999897003174,Tue Jul 28 2026 11:25:12 GMT-0500 (Central Daylight Time),352772.299999997,A,pipeenter,I,enter,365,2,2065.0,350707.299999997,8108,WL,B,13.0
3,27.075000047683716,learn,32924.999952316284,Tue Jul 28 2026 11:25:12 GMT-0500 (Central Daylight Time),353355.799999997,A,s,I,s,568,2,583.2000000029802,352772.59999999404,8108,WL,B,14.0
3,27.20800018310547,learn,32791.99981689453,Tue Jul 28 2026 11:25:12 GMT-0500 (Central Daylight Time),353489.09999999404,A,sk,I,k,112,2,716.5,352772.59999999404,8108,WL,B,14.0
3,27.425000190734863,learn,32574.999809265137,Tue Jul 28 2026 11:25:12 GMT-0500 (Central Daylight Time),353705.39999999106,A,ski,I,i,210,2,932.7999999970198,352772.59999999404,8108,WL,B,14.0
3,27.69099998474121,learn,32309.00001525879,Tue Jul 28 2026 11:25:12 GMT-0500 (Central Daylight Time),353971.89999999106,A,skin,I,n,249,2,1199.2999999970198,352772.59999999404,8108,WL,B,14.0
3,28.9760000705719,learn,31023.9999294281,Tue Jul 28 2026 11:25:12 GMT-0500 (Central Daylight Time),355256.1999999881,A,ski,I,backspace,1263,2,2483.5999999940395,352772.59999999404,8108,WL,B,14.0
3,29.241000175476074,learn,30758.999824523926,Tue Jul 28 2026 11:25:12 GMT-0500 (Central Daylight Time),355521.799999997,A,skienter,I,enter,252,2,2749.2000000029802,352772.59999999404,8108,WL,B,14.0
3,30.407000064849854,learn,29592.999935150146,Tue Jul 28 2026 11:25:12 GMT-0500 (Central Daylight Time),356687.6999999881,A,f,I,f,1146,2,1165.5999999940395,355522.09999999404,8108,WL,B,15.0
3,30.54100012779236,learn,29458.99987220764,Tue Jul 28 2026 11:25:12 GMT-0500 (Central Daylight Time),356821.299999997,A,fi,I,i,124,2,1299.2000000029802,355522.09999999404,8108,WL,B,15.0
3,30.79100012779236,learn,29208.99987220764,Tue Jul 28 2026 11:25:12 GMT-0500 (Central Daylight Time),357071.09999999404,A,fir,I,r,230,2,1549.0,355522.09999999404,8108,WL,B,15.0
3,30.84000015258789,learn,29159.99984741211,Tue Jul 28 2026 11:25:12 GMT-0500 (Central Daylight Time),357121.0,A,fire,I,e,45,2,1598.9000000059605,355522.09999999404,8108,WL,B,15.0
3,31.007000207901,learn,28992.999792099,Tue Jul 28 2026 11:25:12 GMT-0500 (Central Daylight Time),357287.5,A,fireenter,I,enter,154,2,1765.4000000059605,355522.09999999404,8108,WL,B,15.0
4,0.9159998893737793,learn,59084.00011062622,Tue Jul 28 2026 11:25:12 GMT-0500 (Central Daylight Time),424516.5,A,s,I,s,908,2,915.8000000119209,423600.6999999881,8108,WL,B,1.0
4,1.431999921798706,learn,58568.000078201294,Tue Jul 28 2026 11:25:12 GMT-0500 (Central Daylight Time),425033.09999999404,A,st,I,t,504,2,1432.4000000059605,423600.6999999881,8108,WL,B,1.0
4,1.815999984741211,learn,58184.00001525879,Tue Jul 28 2026 11:25:12 GMT-0500 (Central Daylight Time),425416.299999997,A,str,I,r,363,2,1815.6000000089407,423600.6999999881,8108,WL,B,1.0
4,2.2319998741149902,learn,57768.00012588501,Tue Jul 28 2026 11:25:12 GMT-0500 (Central Daylight Time),425833.1999999881,A,stre,I,e,396,2,2232.5,423600.6999999881,8108,WL,B,1.0
4,2.4489998817443848,learn,57551.000118255615,Tue Jul 28 2026 11:25:12 GMT-0500 (Central Daylight Time),426049.799999997,A,stree,I,e,212,2,2449.1000000089407,423600.6999999881,8108,WL,B,1.0
4,3.0319998264312744,learn,56968.000173568726,Tue Jul 28 2026 11:25:12 GMT-0500 (Central Daylight Time),426632.5,A,street,I,t,563,2,3031.800000011921,423600.6999999881,8108,WL,B,1.0
4,3.5149998664855957,learn,56485.000133514404,Tue Jul 28 2026 11:25:12 GMT-0500 (Central Daylight Time),427116.09999999404,A,streetenter,I,enter,475,2,3515.4000000059605,423600.6999999881,8108,WL,B,1.0
4,4.181999921798706,learn,55818.000078201294,Tue Jul 28 2026 11:25:12 GMT-0500 (Central Daylight Time),427782.1999999881,A,g,I,g,647,2,665.7999999970198,427116.39999999106,8108,WL,B,2.0
4,4.48199987411499,learn,55518.00012588501,Tue Jul 28 2026 11:25:12 GMT-0500 (Central Daylight Time),428082.39999999106,A,gr,I,r,294,2,966.0,427116.39999999106,8108,WL,B,2.0
4,4.764999866485596,learn,55235.000133514404,Tue Jul 28 2026 11:25:12 GMT-0500 (Central Daylight Time),428365.5,A,gra,I,a,265,2,1249.1000000089407,427116.39999999106,8108,WL,B,2.0
4,5.014999866485596,learn,54985.000133514404,Tue Jul 28 2026 11:25:12 GMT-0500 (Central Daylight Time),428615.1999999881,A,gras,I,s,238,2,1498.7999999970198,427116.39999999106,8108,WL,B,2.0
4,5.313999891281128,learn,54686.00010871887,Tue Jul 28 2026 11:25:12 GMT-0500 (Central Daylight Time),428915.1999999881,A,grass,I,s,293,2,1798.7999999970198,427116.39999999106,8108,WL,B,2.0
4,5.664999961853027,learn,54335.00003814697,Tue Jul 28 2026 11:25:12 GMT-0500 (Central Daylight Time),429265.39999999106,A,grassenter,I,enter,329,2,2149.0,427116.39999999106,8108,WL,B,2.0
4,6.813999891281128,learn,53186.00010871887,Tue Jul 28 2026 11:25:12 GMT-0500 (Central Daylight Time),430414.89999999106,A,d,I,d,1139,2,1149.2000000029802,429265.6999999881,8108,WL,B,3.0
4,7.063999891281128,learn,52936.00010871887,Tue Jul 28 2026 11:25:12 GMT-0500 (Central Daylight Time),430664.89999999106,A,do,I,o,230,2,1399.2000000029802,429265.6999999881,8108,WL,B,3.0
4,7.230999946594238,learn,52769.00005340576,Tue Jul 28 2026 11:25:12 GMT-0500 (Central Daylight Time),430831.6999999881,A,doo,I,o,148,2,1566.0,429265.6999999881,8108,WL,B,3.0
4,7.414000034332275,learn,52585.999965667725,Tue Jul 28 2026 11:25:12 GMT-0500 (Central Daylight Time),431014.5,A,door,I,r,172,2,1748.800000011921,429265.6999999881,8108,WL,B,3.0
4,7.71399998664856,learn,52286.00001335144,Tue Jul 28 2026 11:25:12 GMT-0500 (Central Daylight Time),431314.39999999106,A,doorenter,I,enter,294,2,2048.7000000029802,429265.6999999881,8108,WL,B,3.0
4,8.329999923706055,learn,51670.000076293945,Tue Jul 28 2026 11:25:12 GMT-0500 (Central Daylight Time),431931.1999999881,A,a,I,a,601,2,616.5999999940395,431314.59999999404,8108,WL,B,4.0
4,8.61299991607666,learn,51387.00008392334,Tue Jul 28 2026 11:25:12 GMT-0500 (Central Daylight Time),432214.09999999404,A,ar,I,r,272,2,899.5,431314.59999999404,8108,WL,B,4.0
4,8.879999876022339,learn,51120.00012397766,Tue Jul 28 2026 11:25:12 GMT-0500 (Central Daylight Time),432480.799999997,A,arm,I,m,245,2,1166.2000000029802,431314.59999999404,8108,WL,B,4.0
4,9.19700002670288,learn,50802.99997329712,Tue Jul 28 2026 11:25:12 GMT-0500 (Central Daylight Time),432797.799999997,A,armenter,I,enter,299,2,1483.2000000029802,431314.59999999404,8108,WL,B,4.0
4,9.730000019073486,learn,50269.999980926514,Tue Jul 28 2026 11:25:12 GMT-0500 (Central Daylight Time),433330.39999999106,A,s,I,s,527,2,532.2999999970198,432798.09999999404,8108,WL,B,5.0
4,10.02999997138977,learn,49970.00002861023,Tue Jul 28 2026 11:25:12 GMT-0500 (Central Daylight Time),433630.5,A,st,I,t,289,2,832.4000000059605,432798.09999999404,8108,WL,B,5.0
4,10.29699993133545,learn,49703.00006866455,Tue Jul 28 2026 11:25:12 GMT-0500 (Central Daylight Time),433897.299999997,A,sta,I,a,254,2,1099.2000000029802,432798.09999999404,8108,WL,B,5.0
4,10.562999963760376,learn,49437.000036239624,Tue Jul 28 2026 11:25:12 GMT-0500 (Central Daylight Time),434163.6999999881,A,star,I,r,251,2,1365.5999999940395,432798.09999999404,8108,WL,B,5.0
4,10.812999963760376,learn,49187.000036239624,Tue Jul 28 2026 11:25:12 GMT-0500 (Central Daylight Time),434413.59999999404,A,starenter,I,enter,241,2,1615.5,432798.09999999404,8108,WL,B,5.0
4,11.746999979019165,learn,48253.000020980835,Tue Jul 28 2026 11:25:12 GMT-0500 (Central Daylight Time),435347.799999997,A,w,I,w,927,2,933.7999999970198,434414.0,8108,WL,B,6.0
4,11.961999893188477,learn,48038.00010681152,Tue Jul 28 2026 11:25:12 GMT-0500 (Central Daylight Time),435563.09999999404,A,wi,I,i,201,2,1149.0999999940395,434414.0,8108,WL,B,6.0
4,12.178999900817871,learn,47821.00009918213,Tue Jul 28 2026 11:25:12 GMT-0500 (Central Daylight Time),435779.6999999881,A,wif,I,f,209,2,1365.699999988079,434414.0,8108,WL,B,6.0
4,12.412999868392944,learn,47587.000131607056,Tue Jul 28 2026 11:25:12 GMT-0500 (Central Daylight Time),436013.1999999881,A,wife,I,e,216,2,1599.199999988079,434414.0,8108,WL,B,6.0
4,12.69599986076355,learn,47304.00013923645,Tue Jul 28 2026 11:25:12 GMT-0500 (Central Daylight Time),436296.6999999881,A,wifeenter,I,enter,262,2,1882.699999988079,434414.0,8108,WL,B,6.0
4,13.361999988555908,learn,46638.00001144409,Tue Jul 28 2026 11:25:12 GMT-0500 (Central Daylight Time),436962.5,A,w,I,w,660,2,665.5,436297.0,8108,WL,B,7.0
4,13.529000043869019,learn,46470.99995613098,Tue Jul 28 2026 11:25:12 GMT-0500 (Central Daylight Time),437129.6999999881,A,wi,I,i,145,2,832.6999999880791,436297.0,8108,WL,B,7.0
4,13.796000003814697,learn,46203.9999961853,Tue Jul 28 2026 11:25:12 GMT-0500 (Central Daylight Time),437397.09999999404,A,win,I,n,258,2,1100.0999999940395,436297.0,8108,WL,B,7.0
4,14.062000036239624,learn,45937.999963760376,Tue Jul 28 2026 11:25:12 GMT-0500 (Central Daylight Time),437662.6999999881,A,wind,I,d,255,2,1365.699999988079,436297.0,8108,WL,B,7.0
4,14.312000036239624,learn,45687.999963760376,Tue Jul 28 2026 11:25:12 GMT-0500 (Central Daylight Time),437912.5,A,windo,I,o,229,2,1615.5,436297.0,8108,WL,B,7.0
4,14.527999877929688,learn,45472.00012207031,Tue Jul 28 2026 11:25:12 GMT-0500 (Central Daylight Time),438128.799999997,A,window,I,w,203,2,1831.7999999970198,436297.0,8108,WL,B,7.0
4,14.895999908447266,learn,45104.000091552734,Tue Jul 28 2026 11:25:12 GMT-0500 (Central Daylight Time),438496.89999999106,A,windowenter,I,enter,347,2,2199.8999999910593,436297.0,8108,WL,B,7.0
4,15.544999837875366,learn,44455.000162124634,Tue Jul 28 2026 11:25:12 GMT-0500 (Central Daylight Time),439145.299999997,A,c,I,c,627,2,648.0,438497.299999997,8108,WL,B,8.0
4,15.727999925613403,learn,44272.0000743866,Tue Jul 28 2026 11:25:12 GMT-0500 (Central Daylight Time),439328.39999999106,A,ci,I,i,161,2,831.0999999940395,438497.299999997,8108,WL,B,8.0
4,15.960999965667725,learn,44039.000034332275,Tue Jul 28 2026 11:25:12 GMT-0500 (Central Daylight Time),439561.89999999106,A,cit,I,t,228,2,1064.5999999940395,438497.299999997,8108,WL,B,8.0
4,16.460999965667725,learn,43539.000034332275,Tue Jul 28 2026 11:25:12 GMT-0500 (Central Daylight Time),440061.6999999881,A,citu,I,u,482,2,1564.3999999910593,438497.299999997,8108,WL,B,8.0
4,17.0939998626709,learn,42906.0001373291,Tue Jul 28 2026 11:25:12 GMT-0500 (Central Daylight Time),440695.0,A,cit,I,backspace,614,2,2197.7000000029802,438497.299999997,8108,WL,B,8.0
4,17.277999877929688,learn,42722.00012207031,Tue Jul 28 2026 11:25:12 GMT-0500 (Central Daylight Time),440878.39999999106,A,city,I,y,165,2,2381.0999999940395,438497.299999997,8108,WL,B,8.0
4,17.560999870300293,learn,42439.00012969971,Tue Jul 28 2026 11:25:12 GMT-0500 (Central Daylight Time),441161.799999997,A,cityenter,I,enter,270,2,2664.5,438497.299999997,8108,WL,B,8.0
4,18.194000005722046,learn,41805.999994277954,Tue Jul 28 2026 11:25:12 GMT-0500 (Central Daylight Time),441794.6999999881,A,p,I,p,618,2,632.2999999970198,441162.39999999106,8108,WL,B,9.0
4,18.427000045776367,learn,41572.99995422363,Tue Jul 28 2026 11:25:12 GMT-0500 (Central Daylight Time),442027.89999999106,A,pu,I,u,217,2,865.5,441162.39999999106,8108,WL,B,9.0
4,18.677000045776367,learn,41322.99995422363,Tue Jul 28 2026 11:25:12 GMT-0500 (Central Daylight Time),442277.6999999881,A,pup,I,p,233,2,1115.2999999970198,441162.39999999106,8108,WL,B,9.0
4,18.893999814987183,learn,41106.00018501282,Tue Jul 28 2026 11:25:12 GMT-0500 (Central Daylight Time),442494.299999997,A,pupi,I,i,207,2,1331.9000000059605,441162.39999999106,8108,WL,B,9.0
4,19.15999984741211,learn,40840.00015258789,Tue Jul 28 2026 11:25:12 GMT-0500 (Central Daylight Time),442760.799999997,A,pupil,I,l,252,2,1598.4000000059605,441162.39999999106,8108,WL,B,9.0
4,19.526999950408936,learn,40473.000049591064,Tue Jul 28 2026 11:25:12 GMT-0500 (Central Daylight Time),443127.799999997,A,pupilenter,I,enter,355,2,1965.4000000059605,441162.39999999106,8108,WL,B,9.0
4,21.722999811172485,learn,38277.000188827515,Tue Jul 28 2026 11:25:12 GMT-0500 (Central Daylight Time),445324.299999997,A,c,I,c,2053,2,2196.2000000029802,443128.09999999404,8108,WL,B,10.0
4,21.871999979019165,learn,38128.000020980835,Tue Jul 28 2026 11:25:12 GMT-0500 (Central Daylight Time),445472.39999999106,A,ca,I,a,142,2,2344.2999999970198,443128.09999999404,8108,WL,B,10.0
4,21.944999933242798,learn,38055.0000667572,Tue Jul 28 2026 11:25:12 GMT-0500 (Central Daylight Time),445546.0,A,cab,I,b,67,2,2417.9000000059605,443128.09999999404,8108,WL,B,10.0
4,22.175999879837036,learn,37824.000120162964,Tue Jul 28 2026 11:25:12 GMT-0500 (Central Daylight Time),445776.799999997,A,cabi,I,i,208,2,2648.7000000029802,443128.09999999404,8108,WL,B,10.0
4,22.408999919891357,learn,37591.00008010864,Tue Jul 28 2026 11:25:12 GMT-0500 (Central Daylight Time),446009.89999999106,A,cabin,I,n,219,2,2881.7999999970198,443128.09999999404,8108,WL,B,10.0
4,22.776000022888184,learn,37223.99997711182,Tue Jul 28 2026 11:25:12 GMT-0500 (Central Daylight Time),446376.39999999106,A,cabinenter,I,enter,352,2,3248.2999999970198,443128.09999999404,8108,WL,B,10.0
4,23.20899987220764,learn,36791.00012779236,Tue Jul 28 2026 11:25:12 GMT-0500 (Central Daylight Time),446809.5,A,l,I,l,427,2,432.80000001192093,446376.6999999881,8108,WL,B,11.0
4,23.39199995994568,learn,36608.00004005432,Tue Jul 28 2026 11:25:12 GMT-0500 (Central Daylight Time),446993.0,A,la,I,a,171,2,616.3000000119209,446376.6999999881,8108,WL,B,11.0
4,23.575000047683716,learn,36424.999952316284,Tue Jul 28 2026 11:25:12 GMT-0500 (Central Daylight Time),447176.09999999404,A,lak,I,k,160,2,799.4000000059605,446376.6999999881,8108,WL,B,11.0
4,23.79199981689453,learn,36208.00018310547,Tue Jul 28 2026 11:25:12 GMT-0500 (Central Daylight Time),447392.799999997,A,lake,I,e,212,2,1016.1000000089407,446376.6999999881,8108,WL,B,11.0
4,24.241999864578247,learn,35758.00013542175,Tue Jul 28 2026 11:25:12 GMT-0500 (Central Daylight Time),447842.39999999106,A,lakeenter,I,enter,443,2,1465.7000000029802,446376.6999999881,8108,WL,B,11.0
4,25.057999849319458,learn,34942.00015068054,Tue Jul 28 2026 11:25:12 GMT-0500 (Central Daylight Time),448658.799999997,A,p,I,p,809,2,816.2000000029802,447842.59999999404,8108,WL,B,12.0
4,25.274999856948853,learn,34725.00014305115,Tue Jul 28 2026 11:25:12 GMT-0500 (Central Daylight Time),448875.799999997,A,pi,I,i,201,2,1033.2000000029802,447842.59999999404,8108,WL,B,12.0
4,25.47499990463257,learn,34525.00009536743,Tue Jul 28 2026 11:25:12 GMT-0500 (Central Daylight Time),449075.89999999106,A,pip,I,p,193,2,1233.2999999970198,447842.59999999404,8108,WL,B,12.0
4,25.757999897003174,learn,34242.000102996826,Tue Jul 28 2026 11:25:12 GMT-0500 (Central Daylight Time),449358.59999999404,A,pipe,I,e,271,2,1516.0,447842.59999999404,8108,WL,B,12.0
4,26.075000047683716,learn,33924.999952316284,Tue Jul 28 2026 11:25:12 GMT-0500 (Central Daylight Time),449675.299999997,A,pipeenter,I,enter,308,2,1832.7000000029802,447842.59999999404,8108,WL,B,12.0
4,26.657999992370605,learn,33342.000007629395,Tue Jul 28 2026 11:25:12 GMT-0500 (Central Daylight Time),450258.59999999404,A,s,I,s,577,2,583.0,449675.59999999404,8108,WL,B,13.0
4,26.807999849319458,learn,33192.00015068054,Tue Jul 28 2026 11:25:12 GMT-0500 (Central Daylight Time),450408.799999997,A,sk,I,k,138,2,733.2000000029802,449675.59999999404,8108,WL,B,13.0
4,27.0239999294281,learn,32976.0000705719,Tue Jul 28 2026 11:25:12 GMT-0500 (Central Daylight Time),450625.09999999404,A,ski,I,i,196,2,949.5,449675.59999999404,8108,WL,B,13.0
4,28.04099988937378,learn,31959.00011062622,Tue Jul 28 2026 11:25:12 GMT-0500 (Central Daylight Time),451641.59999999404,A,skib,I,b,993,2,1966.0,449675.59999999404,8108,WL,B,13.0
4,28.556999921798706,learn,31443.000078201294,Tue Jul 28 2026 11:25:12 GMT-0500 (Central Daylight Time),452157.799999997,A,ski,I,backspace,506,2,2482.2000000029802,449675.59999999404,8108,WL,B,13.0
4,28.891000032424927,learn,31108.999967575073,Tue Jul 28 2026 11:25:12 GMT-0500 (Central Daylight Time),452491.39999999106,A,skib,I,b,318,2,2815.7999999970198,449675.59999999404,8108,WL,B,13.0
4,29.473999977111816,learn,30526.000022888184,Tue Jul 28 2026 11:25:12 GMT-0500 (Central Daylight Time),453074.299999997,A,ski,I,backspace,569,2,3398.7000000029802,449675.59999999404,8108,WL,B,13.0
4,29.87399983406067,learn,30126.00016593933,Tue Jul 28 2026 11:25:12 GMT-0500 (Central Daylight Time),453474.299999997,A,skin,I,n,393,2,3798.7000000029802,449675.59999999404,8108,WL,B,13.0
4,30.323999881744385,learn,29676.000118255615,Tue Jul 28 2026 11:25:12 GMT-0500 (Central Daylight Time),453924.39999999106,A,skinenter,I,enter,442,2,4248.79999999702,449675.59999999404,8108,WL,B,13.0
4,31.622999906539917,learn,28377.000093460083,Tue Jul 28 2026 11:25:12 GMT-0500 (Central Daylight Time),455223.6999999881,A,f,I,f,1279,2,1299.0,453924.6999999881,8108,WL,B,14.0
4,31.77300000190735,learn,28226.99999809265,Tue Jul 28 2026 11:25:12 GMT-0500 (Central Daylight Time),455373.6999999881,A,fi,I,i,132,2,1449.0,453924.6999999881,8108,WL,B,14.0
4,31.990000009536743,learn,28009.999990463257,Tue Jul 28 2026 11:25:12 GMT-0500 (Central Daylight Time),455590.1999999881,A,fir,I,r,196,2,1665.5,453924.6999999881,8108,WL,B,14.0
4,32.07299995422363,learn,27927.000045776367,Tue Jul 28 2026 11:25:12 GMT-0500 (Central Daylight Time),455673.39999999106,A,fire,I,e,69,2,1748.7000000029802,453924.6999999881,8108,WL,B,14.0
4,32.223999977111816,learn,27776.000022888184,Tue Jul 28 2026 11:25:12 GMT-0500 (Central Daylight Time),455824.799999997,A,fireenter,I,enter,139,2,1900.1000000089407,453924.6999999881,8108,WL,B,14.0
4,32.83899998664856,learn,27161.00001335144,Tue Jul 28 2026 11:25:12 GMT-0500 (Central Daylight Time),456439.89999999106,A,c,I,c,595,2,614.7999999970198,455825.09999999404,8108,WL,B,15.0
4,32.92199993133545,learn,27078.00006866455,Tue Jul 28 2026 11:25:12 GMT-0500 (Central Daylight Time),456523.09999999404,A,cl,I,l,75,2,698.0,455825.09999999404,8108,WL,B,15.0
4,33.121999979019165,learn,26878.000020980835,Tue Jul 28 2026 11:25:12 GMT-0500 (Central Daylight Time),456723.09999999404,A,clo,I,o,192,2,898.0,455825.09999999404,8108,WL,B,15.0
4,33.305999994277954,learn,26694.000005722046,Tue Jul 28 2026 11:25:12 GMT-0500 (Central Daylight Time),456906.39999999106,A,cloc,I,c,168,2,1081.2999999970198,455825.09999999404,8108,WL,B,15.0
4,33.4229998588562,learn,26577.0001411438,Tue Jul 28 2026 11:25:12 GMT-0500 (Central Daylight Time),457023.39999999106,A,clock,I,k,98,2,1198.2999999970198,455825.09999999404,8108,WL,B,15.0
4,33.888999938964844,learn,26111.000061035156,Tue Jul 28 2026 11:25:12 GMT-0500 (Central Daylight Time),457489.799999997,A,clockenter,I,enter,446,2,1664.7000000029802,455825.09999999404,8108,WL,B,15.0
5,0.567000150680542,learn,60000.0,Tue Jul 28 2026 11:25:12 GMT-0500 (Central Daylight Time),524135.799999997,A,s,I,s,555,2,566.7000000029802,523569.09999999404,8108,WL,B,1.0
5,1.0170001983642578,learn,60000.0,Tue Jul 28 2026 11:25:12 GMT-0500 (Central Daylight Time),524586.1999999881,A,st,I,t,443,2,1017.0999999940395,523569.09999999404,8108,WL,B,1.0
5,1.565999984741211,learn,60000.0,Tue Jul 28 2026 11:25:12 GMT-0500 (Central Daylight Time),525135.0,A,str,I,r,529,2,1565.9000000059605,523569.09999999404,8108,WL,B,1.0
5,1.6500000953674316,learn,60000.0,Tue Jul 28 2026 11:25:12 GMT-0500 (Central Daylight Time),525218.5,A,stre,I,e,69,2,1649.4000000059605,523569.09999999404,8108,WL,B,1.0
5,1.883000135421753,learn,60000.0,Tue Jul 28 2026 11:25:12 GMT-0500 (Central Daylight Time),525451.8999999911,A,stree,I,e,217,2,1882.7999999970198,523569.09999999404,8108,WL,B,1.0
5,2.0830001831054688,learn,60000.0,Tue Jul 28 2026 11:25:12 GMT-0500 (Central Daylight Time),525651.6999999881,A,street,I,t,193,2,2082.5999999940395,523569.09999999404,8108,WL,B,1.0
5,3.1660001277923584,learn,60000.0,Tue Jul 28 2026 11:25:12 GMT-0500 (Central Daylight Time),526735.099999994,A,streetenter,I,enter,1065,2,3166.0,523569.09999999404,8108,WL,B,1.0
5,3.8320000171661377,learn,60000.0,Tue Jul 28 2026 11:25:12 GMT-0500 (Central Daylight Time),527400.799999997,A,g,I,g,660,2,665.2000000029802,526735.599999994,8108,WL,B,2.0
5,4.131999969482422,learn,60000.0,Tue Jul 28 2026 11:25:12 GMT-0500 (Central Daylight Time),527701.099999994,A,gr,I,r,284,2,965.5,526735.599999994,8108,WL,B,2.0
5,4.381999969482422,learn,60000.0,Tue Jul 28 2026 11:25:12 GMT-0500 (Central Daylight Time),527951.0,A,gra,I,a,231,2,1215.4000000059605,526735.599999994,8108,WL,B,2.0
5,4.6650002002716064,learn,60000.0,Tue Jul 28 2026 11:25:12 GMT-0500 (Central Daylight Time),528234.0,A,gras,I,s,268,2,1498.4000000059605,526735.599999994,8108,WL,B,2.0
5,4.865000009536743,learn,60000.0,Tue Jul 28 2026 11:25:12 GMT-0500 (Central Daylight Time),528433.8999999911,A,grass,I,s,185,2,1698.2999999970198,526735.599999994,8108,WL,B,2.0
5,5.131999969482422,learn,60000.0,Tue Jul 28 2026 11:25:12 GMT-0500 (Central Daylight Time),528700.3999999911,A,grassenter,I,enter,250,2,1964.7999999970198,526735.599999994,8108,WL,B,2.0
5,5.998000144958496,learn,60000.0,Tue Jul 28 2026 11:25:12 GMT-0500 (Central Daylight Time),529567.0,A,d,I,d,855,2,866.3000000119209,528700.6999999881,8108,WL,B,3.0
5,6.180999994277954,learn,60000.0,Tue Jul 28 2026 11:25:12 GMT-0500 (Central Daylight Time),529750.1999999881,A,do,I,o,164,2,1049.5,528700.6999999881,8108,WL,B,3.0
5,6.315000057220459,learn,60000.0,Tue Jul 28 2026 11:25:12 GMT-0500 (Central Daylight Time),529883.599999994,A,doo,I,o,125,2,1182.9000000059605,528700.6999999881,8108,WL,B,3.0
5,6.482000112533569,learn,60000.0,Tue Jul 28 2026 11:25:12 GMT-0500 (Central Daylight Time),530050.5,A,door,I,r,152,2,1349.800000011921,528700.6999999881,8108,WL,B,3.0
5,6.79800009727478,learn,60000.0,Tue Jul 28 2026 11:25:12 GMT-0500 (Central Daylight Time),530367.0,A,doorenter,I,enter,306,2,1666.300000011921,528700.6999999881,8108,WL,B,3.0
5,7.248000144958496,learn,60000.0,Tue Jul 28 2026 11:25:12 GMT-0500 (Central Daylight Time),530816.799999997,A,a,I,a,436,2,449.29999999701977,530367.5,8108,WL,B,4.0
5,7.498000144958496,learn,60000.0,Tue Jul 28 2026 11:25:12 GMT-0500 (Central Daylight Time),531066.799999997,A,ar,I,r,243,2,699.2999999970198,530367.5,8108,WL,B,4.0
5,7.79800009727478,learn,60000.0,Tue Jul 28 2026 11:25:12 GMT-0500 (Central Daylight Time),531366.799999997,A,arm,I,m,289,2,999.2999999970198,530367.5,8108,WL,B,4.0
5,8.081000089645386,learn,60000.0,Tue Jul 28 2026 11:25:12 GMT-0500 (Central Daylight Time),531649.599999994,A,armenter,I,enter,269,2,1282.0999999940395,530367.5,8108,WL,B,4.0
5,9.480000019073486,learn,60000.0,Tue Jul 28 2026 11:25:12 GMT-0500 (Central Daylight Time),533049.099999994,A,s,I,s,1395,2,1399.2999999970198,531649.799999997,8108,WL,B,5.0
5,9.764000177383423,learn,60000.0,Tue Jul 28 2026 11:25:12 GMT-0500 (Central Daylight Time),533332.799999997,A,st,I,t,266,2,1683.0,531649.799999997,8108,WL,B,5.0
5,9.96399998664856,learn,60000.0,Tue Jul 28 2026 11:25:12 GMT-0500 (Central Daylight Time),533532.6999999881,A,sta,I,a,183,2,1882.8999999910593,531649.799999997,8108,WL,B,5.0
5,10.180999994277954,learn,60000.0,Tue Jul 28 2026 11:25:12 GMT-0500 (Central Daylight Time),533749.3999999911,A,star,I,r,200,2,2099.5999999940395,531649.799999997,8108,WL,B,5.0
5,10.480000019073486,learn,60000.0,Tue Jul 28 2026 11:25:12 GMT-0500 (Central Daylight Time),534048.8999999911,A,starenter,I,enter,279,2,2399.0999999940395,531649.799999997,8108,WL,B,5.0
5,11.147000074386597,learn,60000.0,Tue Jul 28 2026 11:25:12 GMT-0500 (Central Daylight Time),534715.599999994,A,w,I,w,651,2,666.5,534049.099999994,8108,WL,B,6.0
5,11.297000169754028,learn,60000.0,Tue Jul 28 2026 11:25:12 GMT-0500 (Central Daylight Time),534865.3999999911,A,wi,I,i,145,2,816.2999999970198,534049.099999994,8108,WL,B,6.0
5,11.463000059127808,learn,60000.0,Tue Jul 28 2026 11:25:12 GMT-0500 (Central Daylight Time),535032.1999999881,A,wif,I,f,146,2,983.0999999940395,534049.099999994,8108,WL,B,6.0
5,11.663000106811523,learn,60000.0,Tue Jul 28 2026 11:25:12 GMT-0500 (Central Daylight Time),535232.0,A,wife,I,e,188,2,1182.9000000059605,534049.099999994,8108,WL,B,6.0
5,11.896000146865845,learn,60000.0,Tue Jul 28 2026 11:25:12 GMT-0500 (Central Daylight Time),535465.099999994,A,wifeenter,I,enter,227,2,1416.0,534049.099999994,8108,WL,B,6.0
5,12.581000089645386,learn,60000.0,Tue Jul 28 2026 11:25:12 GMT-0500 (Central Daylight Time),536149.5,A,w,I,w,666,2,683.9000000059605,535465.599999994,8108,WL,B,7.0
5,12.696000099182129,learn,60000.0,Tue Jul 28 2026 11:25:12 GMT-0500 (Central Daylight Time),536264.8999999911,A,wi,I,i,102,2,799.2999999970198,535465.599999994,8108,WL,B,7.0
5,12.946000099182129,learn,60000.0,Tue Jul 28 2026 11:25:12 GMT-0500 (Central Daylight Time),536514.6999999881,A,win,I,n,243,2,1049.0999999940395,535465.599999994,8108,WL,B,7.0
5,13.129000186920166,learn,60000.0,Tue Jul 28 2026 11:25:12 GMT-0500 (Central Daylight Time),536698.099999994,A,wind,I,d,169,2,1232.5,535465.599999994,8108,WL,B,7.0
5,13.313000202178955,learn,60000.0,Tue Jul 28 2026 11:25:12 GMT-0500 (Central Daylight Time),536881.599999994,A,windo,I,o,169,2,1416.0,535465.599999994,8108,WL,B,7.0
5,13.446000099182129,learn,60000.0,Tue Jul 28 2026 11:25:12 GMT-0500 (Central Daylight Time),537015.0,A,window,I,w,123,2,1549.4000000059605,535465.599999994,8108,WL,B,7.0
5,13.746000051498413,learn,60000.0,Tue Jul 28 2026 11:25:12 GMT-0500 (Central Daylight Time),537314.6999999881,A,windowenter,I,enter,285,2,1849.0999999940395,535465.599999994,8108,WL,B,7.0
5,14.328999996185303,learn,60000.0,Tue Jul 28 2026 11:25:12 GMT-0500 (Central Daylight Time),537897.6999999881,A,c,I,c,577,2,582.6999999880791,537315.0,8108,WL,B,8.0
5,14.562000036239624,learn,60000.0,Tue Jul 28 2026 11:25:12 GMT-0500 (Central Daylight Time),538130.8999999911,A,ci,I,i,226,2,815.8999999910593,537315.0,8108,WL,B,8.0
5,14.729000091552734,learn,60000.0,Tue Jul 28 2026 11:25:12 GMT-0500 (Central Daylight Time),538297.599999994,A,cit,I,t,162,2,982.5999999940395,537315.0,8108,WL,B,8.0
5,14.962000131607056,learn,60000.0,Tue Jul 28 2026 11:25:12 GMT-0500 (Central Daylight Time),538530.799999997,A,city,I,y,227,2,1215.7999999970198,537315.0,8108,WL,B,8.0
5,15.17900013923645,learn,60000.0,Tue Jul 28 2026 11:25:12 GMT-0500 (Central Daylight Time),538747.3999999911,A,cityenter,I,enter,201,2,1432.3999999910593,537315.0,8108,WL,B,8.0
5,15.696000099182129,learn,60000.0,Tue Jul 28 2026 11:25:12 GMT-0500 (Central Daylight Time),539264.299999997,A,p,I,p,497,2,516.5,538747.799999997,8108,WL,B,9.0
5,16.026000022888184,learn,60000.0,Tue Jul 28 2026 11:25:12 GMT-0500 (Central Daylight Time),539595.1999999881,A,pu,I,u,326,2,847.3999999910593,538747.799999997,8108,WL,B,9.0
5,16.174000024795532,learn,60000.0,Tue Jul 28 2026 11:25:12 GMT-0500 (Central Daylight Time),539742.5,A,pup,I,p,141,2,994.7000000029802,538747.799999997,8108,WL,B,9.0
5,16.378000020980835,learn,60000.0,Tue Jul 28 2026 11:25:12 GMT-0500 (Central Daylight Time),539947.0,A,pupi,I,i,196,2,1199.2000000029802,538747.799999997,8108,WL,B,9.0
5,16.778000116348267,learn,60000.0,Tue Jul 28 2026 11:25:12 GMT-0500 (Central Daylight Time),540346.8999999911,A,pupil,I,l,385,2,1599.0999999940395,538747.799999997,8108,WL,B,9.0
5,17.32800006866455,learn,60000.0,Tue Jul 28 2026 11:25:12 GMT-0500 (Central Daylight Time),540896.8999999911,A,pupilenter,I,enter,537,2,2149.0999999940395,538747.799999997,8108,WL,B,9.0
5,17.878000020980835,learn,60000.0,Tue Jul 28 2026 11:25:12 GMT-0500 (Central Daylight Time),541446.299999997,A,c,I,c,538,2,549.1000000089407,540897.1999999881,8108,WL,B,10.0
5,18.128000020980835,learn,60000.0,Tue Jul 28 2026 11:25:12 GMT-0500 (Central Daylight Time),541696.8999999911,A,ca,I,a,229,2,799.7000000029802,540897.1999999881,8108,WL,B,10.0
5,18.24500012397766,learn,60000.0,Tue Jul 28 2026 11:25:12 GMT-0500 (Central Daylight Time),541813.3999999911,A,cab,I,b,108,2,916.2000000029802,540897.1999999881,8108,WL,B,10.0
5,18.445000171661377,learn,60000.0,Tue Jul 28 2026 11:25:12 GMT-0500 (Central Daylight Time),542013.599999994,A,cabi,I,i,183,2,1116.4000000059605,540897.1999999881,8108,WL,B,10.0
5,18.694000005722046,learn,60000.0,Tue Jul 28 2026 11:25:12 GMT-0500 (Central Daylight Time),542263.0,A,cabin,I,n,229,2,1365.800000011921,540897.1999999881,8108,WL,B,10.0
5,18.961000204086304,learn,60000.0,Tue Jul 28 2026 11:25:12 GMT-0500 (Central Daylight Time),542529.5,A,cabinenter,I,enter,252,2,1632.300000011921,540897.1999999881,8108,WL,B,10.0
5,19.528000116348267,learn,60000.0,Tue Jul 28 2026 11:25:12 GMT-0500 (Central Daylight Time),543096.5,A,l,I,l,555,2,566.7000000029802,542529.799999997,8108,WL,B,11.0
5,19.66100001335144,learn,60000.0,Tue Jul 28 2026 11:25:12 GMT-0500 (Central Daylight Time),543229.799999997,A,la,I,a,122,2,700.0,542529.799999997,8108,WL,B,11.0
5,19.844000101089478,learn,60000.0,Tue Jul 28 2026 11:25:12 GMT-0500 (Central Daylight Time),543412.5,A,lak,I,k,167,2,882.7000000029802,542529.799999997,8108,WL,B,11.0
5,20.009999990463257,learn,60000.0,Tue Jul 28 2026 11:25:12 GMT-0500 (Central Daylight Time),543579.099999994,A,lake,I,e,158,2,1049.2999999970198,542529.799999997,8108,WL,B,11.0
5,20.42799997329712,learn,60000.0,Tue Jul 28 2026 11:25:12 GMT-0500 (Central Daylight Time),543996.1999999881,A,lakeenter,I,enter,401,2,1466.3999999910593,542529.799999997,8108,WL,B,11.0
5,20.99400019645691,learn,60000.0,Tue Jul 28 2026 11:25:12 GMT-0500 (Central Daylight Time),544562.1999999881,A,p,I,p,552,2,565.5999999940395,543996.599999994,8108,WL,B,12.0
5,21.177000045776367,learn,60000.0,Tue Jul 28 2026 11:25:12 GMT-0500 (Central Daylight Time),544745.599999994,A,pi,I,i,170,2,749.0,543996.599999994,8108,WL,B,12.0
5,21.41000008583069,learn,60000.0,Tue Jul 28 2026 11:25:12 GMT-0500 (Central Daylight Time),544978.799999997,A,pip,I,p,217,2,982.2000000029802,543996.599999994,8108,WL,B,12.0
5,21.64300012588501,learn,60000.0,Tue Jul 28 2026 11:25:12 GMT-0500 (Central Daylight Time),545212.099999994,A,pipe,I,e,226,2,1215.5,543996.599999994,8108,WL,B,12.0
5,22.14300012588501,learn,60000.0,Tue Jul 28 2026 11:25:12 GMT-0500 (Central Daylight Time),545712.0,A,pipeenter,I,enter,488,2,1715.4000000059605,543996.599999994,8108,WL,B,12.0
5,22.676000118255615,learn,60000.0,Tue Jul 28 2026 11:25:12 GMT-0500 (Central Daylight Time),546245.0,A,s,I,s,524,2,532.7000000029802,545712.299999997,8108,WL,B,13.0
5,22.792999982833862,learn,60000.0,Tue Jul 28 2026 11:25:12 GMT-0500 (Central Daylight Time),546361.6999999881,A,sk,I,k,101,2,649.3999999910593,545712.299999997,8108,WL,B,13.0
5,23.011000156402588,learn,60000.0,Tue Jul 28 2026 11:25:12 GMT-0500 (Central Daylight Time),546579.599999994,A,ski,I,i,210,2,867.2999999970198,545712.299999997,8108,WL,B,13.0
5,23.292999982833862,learn,60000.0,Tue Jul 28 2026 11:25:12 GMT-0500 (Central Daylight Time),546862.099999994,A,skin,I,n,272,2,1149.7999999970198,545712.299999997,8108,WL,B,13.0
5,23.743000030517578,learn,60000.0,Tue Jul 28 2026 11:25:12 GMT-0500 (Central Daylight Time),547311.5,A,skinenter,I,enter,429,2,1599.2000000029802,545712.299999997,8108,WL,B,13.0
5,24.575999975204468,learn,60000.0,Tue Jul 28 2026 11:25:12 GMT-0500 (Central Daylight Time),548144.799999997,A,f,I,f,813,2,833.0,547311.799999997,8108,WL,B,14.0
5,24.70900011062622,learn,60000.0,Tue Jul 28 2026 11:25:12 GMT-0500 (Central Daylight Time),548277.6999999881,A,fi,I,i,116,2,965.8999999910593,547311.799999997,8108,WL,B,14.0
5,24.87600016593933,learn,60000.0,Tue Jul 28 2026 11:25:12 GMT-0500 (Central Daylight Time),548444.3999999911,A,fir,I,r,158,2,1132.5999999940395,547311.799999997,8108,WL,B,14.0
5,24.95900011062622,learn,60000.0,Tue Jul 28 2026 11:25:12 GMT-0500 (Central Daylight Time),548527.599999994,A,fire,I,e,70,2,1215.7999999970198,547311.799999997,8108,WL,B,14.0
5,25.409000158309937,learn,60000.0,Tue Jul 28 2026 11:25:12 GMT-0500 (Central Daylight Time),548977.799999997,A,fireenter,I,enter,430,2,1666.0,547311.799999997,8108,WL,B,14.0
5,26.175000190734863,learn,60000.0,Tue Jul 28 2026 11:25:12 GMT-0500 (Central Daylight Time),549744.0,A,c,I,c,745,2,765.8000000119209,548978.1999999881,8108,WL,B,15.0
5,26.29200005531311,learn,60000.0,Tue Jul 28 2026 11:25:12 GMT-0500 (Central Daylight Time),549860.6999999881,A,cl,I,l,99,2,882.5,548978.1999999881,8108,WL,B,15.0
5,26.45900011062622,learn,60000.0,Tue Jul 28 2026 11:25:12 GMT-0500 (Central Daylight Time),550027.299999997,A,clo,I,o,160,2,1049.1000000089407,548978.1999999881,8108,WL,B,15.0
5,26.659000158309937,learn,60000.0,Tue Jul 28 2026 11:25:12 GMT-0500 (Central Daylight Time),550227.5,A,cloc,I,c,193,2,1249.300000011921,548978.1999999881,8108,WL,B,15.0
5,26.80900001525879,learn,60000.0,Tue Jul 28 2026 11:25:12 GMT-0500 (Central Daylight Time),550377.3999999911,A,clock,I,k,129,2,1399.2000000029802,548978.1999999881,8108,WL,B,15.0
5,27.008000135421753,learn,60000.0,Tue Jul 28 2026 11:25:12 GMT-0500 (Central Daylight Time),550577.0,A,clockenter,I,enter,194,2,1598.800000011921,548978.1999999881,8108,WL,B,15.0
6,1.8989999294281006,distr,58101.0000705719,Tue Jul 28 2026 11:25:12 GMT-0500 (Central Daylight Time),618889.299999997,B,b,I,b,1879,2,1899.5,616989.799999997,8108,WL,B,1.0
6,2.2330000400543213,distr,57766.99995994568,Tue Jul 28 2026 11:25:12 GMT-0500 (Central Daylight Time),619222.5,B,ba,I,a,322,2,2232.7000000029802,616989.799999997,8108,WL,B,1.0
6,2.5989999771118164,distr,57401.00002288818,Tue Jul 28 2026 11:25:12 GMT-0500 (Central Daylight Time),619588.6999999881,B,bab,I,b,349,2,2598.8999999910593,616989.799999997,8108,WL,B,1.0
6,3.0820000171661377,distr,56917.99998283386,Tue Jul 28 2026 11:25:12 GMT-0500 (Central Daylight Time),620072.1999999881,B,baby,I,y,471,2,3082.3999999910593,616989.799999997,8108,WL,B,1.0
6,3.4660000801086426,distr,56533.99991989136,Tue Jul 28 2026 11:25:12 GMT-0500 (Central Daylight Time),620455.5,B,babyenter,I,enter,373,2,3465.7000000029802,616989.799999997,8108,WL,B,1.0
6,4.232000112533569,distr,55767.99988746643,Tue Jul 28 2026 11:25:12 GMT-0500 (Central Daylight Time),621221.799999997,B,o,I,o,748,2,766.0,620455.799999997,8108,WL,B,2.0
6,4.482000112533569,distr,55517.99988746643,Tue Jul 28 2026 11:25:12 GMT-0500 (Central Daylight Time),621471.6999999881,B,oc,I,c,231,2,1015.8999999910593,620455.799999997,8108,WL,B,2.0
6,4.765000104904175,distr,55234.999895095825,Tue Jul 28 2026 11:25:12 GMT-0500 (Central Daylight Time),621754.6999999881,B,oce,I,e,268,2,1298.8999999910593,620455.799999997,8108,WL,B,2.0
6,5.164999961853027,distr,54835.00003814697,Tue Jul 28 2026 11:25:12 GMT-0500 (Central Daylight Time),622154.6999999881,B,ocea,I,a,385,2,1698.8999999910593,620455.799999997,8108,WL,B,2.0
6,5.499000072479248,distr,54500.99992752075,Tue Jul 28 2026 11:25:12 GMT-0500 (Central Daylight Time),622489.0,B,ocean,I,n,314,2,2033.2000000029802,620455.799999997,8108,WL,B,2.0
6,6.747999906539917,distr,53252.00009346008,Tue Jul 28 2026 11:25:12 GMT-0500 (Central Daylight Time),623737.6999999881,B,oceanenter,I,enter,1227,2,3281.8999999910593,620455.799999997,8108,WL,B,2.0
6,8.94700002670288,distr,51052.99997329712,Tue Jul 28 2026 11:25:12 GMT-0500 (Central Daylight Time),625937.099999994,B,b,I,b,2186,2,2199.0,623738.099999994,8108,WL,B,3.0
6,9.21399998664856,distr,50786.00001335144,Tue Jul 28 2026 11:25:12 GMT-0500 (Central Daylight Time),626203.6999999881,B,ba,I,a,259,2,2465.5999999940395,623738.099999994,8108,WL,B,3.0
6,9.663000106811523,distr,50336.99989318848,Tue Jul 28 2026 11:25:12 GMT-0500 (Central Daylight Time),626653.099999994,B,bar,I,r,440,2,2915.0,623738.099999994,8108,WL,B,3.0
6,10.04699993133545,distr,49953.00006866455,Tue Jul 28 2026 11:25:12 GMT-0500 (Central Daylight Time),627036.799999997,B,barenter,I,enter,376,2,3298.7000000029802,623738.099999994,8108,WL,B,3.0
6,10.746000051498413,distr,49253.99994850159,Tue Jul 28 2026 11:25:12 GMT-0500 (Central Daylight Time),627736.1999999881,B,p,I,p,680,2,699.0999999940395,627037.099999994,8108,WL,B,4.0
6,10.963000059127808,distr,49036.99994087219,Tue Jul 28 2026 11:25:12 GMT-0500 (Central Daylight Time),627952.8999999911,B,pa,I,a,203,2,915.7999999970198,627037.099999994,8108,WL,B,4.0
6,11.196000099182129,distr,48803.99990081787,Tue Jul 28 2026 11:25:12 GMT-0500 (Central Daylight Time),628185.8999999911,B,pal,I,l,220,2,1148.7999999970198,627037.099999994,8108,WL,B,4.0
6,11.36299991607666,distr,48637.00008392334,Tue Jul 28 2026 11:25:12 GMT-0500 (Central Daylight Time),628353.099999994,B,pala,I,a,154,2,1316.0,627037.099999994,8108,WL,B,4.0
6,11.895999908447266,distr,48104.000091552734,Tue Jul 28 2026 11:25:12 GMT-0500 (Central Daylight Time),628885.6999999881,B,palac,I,c,514,2,1848.5999999940395,627037.099999994,8108,WL,B,4.0
6,12.145999908447266,distr,47854.000091552734,Tue Jul 28 2026 11:25:12 GMT-0500 (Central Daylight Time),629136.0,B,palace,I,e,238,2,2098.9000000059605,627037.099999994,8108,WL,B,4.0
6,12.546000003814697,distr,47453.9999961853,Tue Jul 28 2026 11:25:12 GMT-0500 (Central Daylight Time),629536.099999994,B,palaceenter,I,enter,388,2,2499.0,627037.099999994,8108,WL,B,4.0
6,13.444999933242798,distr,46555.0000667572,Tue Jul 28 2026 11:25:12 GMT-0500 (Central Daylight Time),630435.1999999881,B,r,I,r,892,2,898.7999999970198,629536.3999999911,8108,WL,B,5.0
6,13.779000043869019,distr,46220.99995613098,Tue Jul 28 2026 11:25:12 GMT-0500 (Central Daylight Time),630769.0,B,ro,I,o,313,2,1232.6000000089407,629536.3999999911,8108,WL,B,5.0
6,14.180000066757202,distr,45819.9999332428,Tue Jul 28 2026 11:25:12 GMT-0500 (Central Daylight Time),631169.799999997,B,roc,I,c,386,2,1633.4000000059605,629536.3999999911,8108,WL,B,5.0
6,14.57800006866455,distr,45421.99993133545,Tue Jul 28 2026 11:25:12 GMT-0500 (Central Daylight Time),631568.1999999881,B,rock,I,k,385,2,2031.7999999970198,629536.3999999911,8108,WL,B,5.0
6,15.41100001335144,distr,44588.99998664856,Tue Jul 28 2026 11:25:12 GMT-0500 (Central Daylight Time),632401.3999999911,B,rockenter,I,enter,820,2,2865.0,629536.3999999911,8108,WL,B,5.0
6,17.545000076293945,distr,42454.999923706055,Tue Jul 28 2026 11:25:12 GMT-0500 (Central Daylight Time),634534.5,B,s,I,s,2123,2,2132.9000000059605,632401.599999994,8108,WL,B,6.0
6,17.82699990272522,distr,42173.00009727478,Tue Jul 28 2026 11:25:12 GMT-0500 (Central Daylight Time),634817.3999999911,B,st,I,t,269,2,2415.7999999970198,632401.599999994,8108,WL,B,6.0
6,18.061000108718872,distr,41938.99989128113,Tue Jul 28 2026 11:25:12 GMT-0500 (Central Daylight Time),635050.5,B,ste,I,e,218,2,2648.9000000059605,632401.599999994,8108,WL,B,6.0
6,18.344000101089478,distr,41655.99989891052,Tue Jul 28 2026 11:25:12 GMT-0500 (Central Daylight Time),635333.799999997,B,stea,I,a,266,2,2932.2000000029802,632401.599999994,8108,WL,B,6.0
6,18.82699990272522,distr,41173.00009727478,Tue Jul 28 2026 11:25:12 GMT-0500 (Central Daylight Time),635817.099999994,B,steam,I,m,479,2,3415.5,632401.599999994,8108,WL,B,6.0
6,19.177000045776367,distr,40822.99995422363,Tue Jul 28 2026 11:25:12 GMT-0500 (Central Daylight Time),636167.0,B,steamenter,I,enter,340,2,3765.4000000059605,632401.599999994,8108,WL,B,6.0
6,19.859999895095825,distr,40140.000104904175,Tue Jul 28 2026 11:25:12 GMT-0500 (Central Daylight Time),636850.099999994,B,d,I,d,678,2,682.7999999970198,636167.299999997,8108,WL,B,7.0
6,20.14300012588501,distr,39856.99987411499,Tue Jul 28 2026 11:25:12 GMT-0500 (Central Daylight Time),637133.1999999881,B,dr,I,r,265,2,965.8999999910593,636167.299999997,8108,WL,B,7.0
6,20.193000078201294,distr,39806.999921798706,Tue Jul 28 2026 11:25:12 GMT-0500 (Central Daylight Time),637183.299999997,B,dre,I,e,38,2,1016.0,636167.299999997,8108,WL,B,7.0
6,20.4760000705719,distr,39523.9999294281,Tue Jul 28 2026 11:25:12 GMT-0500 (Central Daylight Time),637466.299999997,B,dres,I,s,267,2,1299.0,636167.299999997,8108,WL,B,7.0
6,20.66000008583069,distr,39339.99991416931,Tue Jul 28 2026 11:25:12 GMT-0500 (Central Daylight Time),637649.599999994,B,dress,I,s,178,2,1482.2999999970198,636167.299999997,8108,WL,B,7.0
6,20.91000008583069,distr,39089.99991416931,Tue Jul 28 2026 11:25:12 GMT-0500 (Central Daylight Time),637900.0,B,dressenter,I,enter,243,2,1732.7000000029802,636167.299999997,8108,WL,B,7.0
6,21.710000038146973,distr,38289.99996185303,Tue Jul 28 2026 11:25:12 GMT-0500 (Central Daylight Time),638699.5,B,c,I,c,783,2,799.2000000029802,637900.299999997,8108,WL,B,8.0
6,21.825999975204468,distr,38174.00002479553,Tue Jul 28 2026 11:25:12 GMT-0500 (Central Daylight Time),638816.099999994,B,co,I,o,102,2,915.7999999970198,637900.299999997,8108,WL,B,8.0
6,22.05999994277954,distr,37940.00005722046,Tue Jul 28 2026 11:25:12 GMT-0500 (Central Daylight Time),639049.3999999911,B,coi,I,i,212,2,1149.0999999940395,637900.299999997,8108,WL,B,8.0
6,22.359999895095825,distr,37640.000104904175,Tue Jul 28 2026 11:25:12 GMT-0500 (Central Daylight Time),639350.3999999911,B,coin,I,n,290,2,1450.0999999940395,637900.299999997,8108,WL,B,8.0
6,22.776000022888184,distr,37223.99997711182,Tue Jul 28 2026 11:25:12 GMT-0500 (Central Daylight Time),639765.599999994,B,coinenter,I,enter,396,2,1865.2999999970198,637900.299999997,8108,WL,B,8.0
6,23.493000030517578,distr,36506.99996948242,Tue Jul 28 2026 11:25:12 GMT-0500 (Central Daylight Time),640482.5,B,a,I,a,703,2,716.6000000089407,639765.8999999911,8108,WL,B,9.0
6,24.04200005531311,distr,35957.99994468689,Tue Jul 28 2026 11:25:12 GMT-0500 (Central Daylight Time),641032.099999994,B,ar,I,r,537,2,1266.2000000029802,639765.8999999911,8108,WL,B,9.0
6,24.95799994468689,distr,35042.00005531311,Tue Jul 28 2026 11:25:12 GMT-0500 (Central Daylight Time),641948.299999997,B,arm,I,m,908,2,2182.4000000059605,639765.8999999911,8108,WL,B,9.0
6,25.308000087738037,distr,34691.99991226196,Tue Jul 28 2026 11:25:12 GMT-0500 (Central Daylight Time),642298.299999997,B,army,I,y,336,2,2532.4000000059605,639765.8999999911,8108,WL,B,9.0
6,25.723999977111816,distr,34276.00002288818,Tue Jul 28 2026 11:25:12 GMT-0500 (Central Daylight Time),642715.1999999881,B,armyenter,I,enter,402,2,2949.2999999970198,639765.8999999911,8108,WL,B,9.0
6,26.624000072479248,distr,33375.99992752075,Tue Jul 28 2026 11:25:12 GMT-0500 (Central Daylight Time),643614.8999999911,B,s,I,s,881,2,899.3999999910593,642715.5,8108,WL,B,10.0
6,26.973000049591064,distr,33026.999950408936,Tue Jul 28 2026 11:25:12 GMT-0500 (Central Daylight Time),643964.3999999911,B,st,I,t,340,2,1248.8999999910593,642715.5,8108,WL,B,10.0
6,27.155999898910522,distr,32844.00010108948,Tue Jul 28 2026 11:25:12 GMT-0500 (Central Daylight Time),644147.599999994,B,sto,I,o,176,2,1432.0999999940395,642715.5,8108,WL,B,10.0
6,27.372999906539917,distr,32627.000093460083,Tue Jul 28 2026 11:25:12 GMT-0500 (Central Daylight Time),644364.299999997,B,stor,I,r,199,2,1648.7999999970198,642715.5,8108,WL,B,10.0
6,27.83999991416931,distr,32160.00008583069,Tue Jul 28 2026 11:25:12 GMT-0500 (Central Daylight Time),644830.8999999911,B,storm,I,m,456,2,2115.3999999910593,642715.5,8108,WL,B,10.0
6,28.83999991416931,distr,31160.00008583069,Tue Jul 28 2026 11:25:12 GMT-0500 (Central Daylight Time),645830.8999999911,B,stormenter,I,enter,990,2,3115.3999999910593,642715.5,8108,WL,B,10.0
6,29.622999906539917,distr,30377.000093460083,Tue Jul 28 2026 11:25:12 GMT-0500 (Central Daylight Time),646613.6999999881,B,v,I,v,765,2,782.5999999940395,645831.099999994,8108,WL,B,11.0
6,29.83899998664856,distr,30161.00001335144,Tue Jul 28 2026 11:25:12 GMT-0500 (Central Daylight Time),646830.099999994,B,vi,I,i,204,2,999.0,645831.099999994,8108,WL,B,11.0
6,30.10599994659424,distr,29894.00005340576,Tue Jul 28 2026 11:25:12 GMT-0500 (Central Daylight Time),647097.099999994,B,vil,I,l,246,2,1266.0,645831.099999994,8108,WL,B,11.0
6,30.27300000190735,distr,29726.99999809265,Tue Jul 28 2026 11:25:12 GMT-0500 (Central Daylight Time),647263.8999999911,B,vill,I,l,156,2,1432.7999999970198,645831.099999994,8108,WL,B,11.0
6,30.48900008201599,distr,29510.99991798401,Tue Jul 28 2026 11:25:12 GMT-0500 (Central Daylight Time),647480.299999997,B,villa,I,a,204,2,1649.2000000029802,645831.099999994,8108,WL,B,11.0
6,30.75600004196167,distr,29243.99995803833,Tue Jul 28 2026 11:25:12 GMT-0500 (Central Daylight Time),647746.599999994,B,villag,I,g,252,2,1915.5,645831.099999994,8108,WL,B,11.0
6,31.105000019073486,distr,28894.999980926514,Tue Jul 28 2026 11:25:12 GMT-0500 (Central Daylight Time),648096.299999997,B,village,I,e,328,2,2265.2000000029802,645831.099999994,8108,WL,B,11.0
6,31.490000009536743,distr,28509.999990463257,Tue Jul 28 2026 11:25:12 GMT-0500 (Central Daylight Time),648481.3999999911,B,villageenter,I,enter,372,2,2650.2999999970198,645831.099999994,8108,WL,B,11.0
6,32.23900008201599,distr,27760.99991798401,Tue Jul 28 2026 11:25:12 GMT-0500 (Central Daylight Time),649229.8999999911,B,f,I,f,731,2,748.2000000029802,648481.6999999881,8108,WL,B,12.0
6,32.5550000667572,distr,27444.999933242798,Tue Jul 28 2026 11:25:12 GMT-0500 (Central Daylight Time),649546.099999994,B,fi,I,i,310,2,1064.4000000059605,648481.6999999881,8108,WL,B,12.0
6,32.954999923706055,distr,27045.000076293945,Tue Jul 28 2026 11:25:12 GMT-0500 (Central Daylight Time),649946.099999994,B,fir,I,r,386,2,1464.4000000059605,648481.6999999881,8108,WL,B,12.0
6,33.204999923706055,distr,26795.000076293945,Tue Jul 28 2026 11:25:12 GMT-0500 (Central Daylight Time),650195.6999999881,B,fire,I,e,232,2,1714.0,648481.6999999881,8108,WL,B,12.0
6,33.50600004196167,distr,26493.99995803833,Tue Jul 28 2026 11:25:12 GMT-0500 (Central Daylight Time),650497.099999994,B,fir,I,backspace,297,2,2015.4000000059605,648481.6999999881,8108,WL,B,12.0
6,33.687999963760376,distr,26312.000036239624,Tue Jul 28 2026 11:25:12 GMT-0500 (Central Daylight Time),650679.3999999911,B,fi,I,backspace,164,2,2197.7000000029802,648481.6999999881,8108,WL,B,12.0
6,33.82100009918213,distr,26178.99990081787,Tue Jul 28 2026 11:25:12 GMT-0500 (Central Daylight Time),650812.5,B,f,I,backspace,125,2,2330.800000011921,648481.6999999881,8108,WL,B,12.0
6,33.93900012969971,distr,26060.999870300293,Tue Jul 28 2026 11:25:12 GMT-0500 (Central Daylight Time),650930.0,B,fr,I,r,113,2,2448.300000011921,648481.6999999881,8108,WL,B,12.0
6,34.621999979019165,distr,25378.000020980835,Tue Jul 28 2026 11:25:12 GMT-0500 (Central Daylight Time),651613.3999999911,B,fri,I,i,666,2,3131.7000000029802,648481.6999999881,8108,WL,B,12.0
6,34.770999908447266,distr,25229.000091552734,Tue Jul 28 2026 11:25:12 GMT-0500 (Central Daylight Time),651762.5,B,frie,I,e,135,2,3280.800000011921,648481.6999999881,8108,WL,B,12.0
6,34.9210000038147,distr,25078.999996185303,Tue Jul 28 2026 11:25:12 GMT-0500 (Central Daylight Time),651912.1999999881,B,frien,I,n,139,2,3430.5,648481.6999999881,8108,WL,B,12.0
6,35.13800001144409,distr,24861.99998855591,Tue Jul 28 2026 11:25:12 GMT-0500 (Central Daylight Time),652128.599999994,B,friend,I,d,196,2,3646.9000000059605,648481.6999999881,8108,WL,B,12.0
6,35.48699998855591,distr,24513.00001144409,Tue Jul 28 2026 11:25:12 GMT-0500 (Central Daylight Time),652478.299999997,B,friendenter,I,enter,339,2,3996.6000000089407,648481.6999999881,8108,WL,B,12.0
6,36.38700008392334,distr,23612.99991607666,Tue Jul 28 2026 11:25:12 GMT-0500 (Central Daylight Time),653378.099999994,B,c,I,c,894,2,899.5,652478.599999994,8108,WL,B,13.0
6,36.604000091552734,distr,23395.999908447266,Tue Jul 28 2026 11:25:12 GMT-0500 (Central Daylight Time),653594.6999999881,B,ce,I,e,208,2,1116.0999999940395,652478.599999994,8108,WL,B,13.0
6,36.854000091552734,distr,23145.999908447266,Tue Jul 28 2026 11:25:12 GMT-0500 (Central Daylight Time),653844.8999999911,B,cel,I,l,233,2,1366.2999999970198,652478.599999994,8108,WL,B,13.0
6,37.03699994087219,distr,22963.000059127808,Tue Jul 28 2026 11:25:12 GMT-0500 (Central Daylight Time),654028.3999999911,B,cell,I,l,167,2,1549.7999999970198,652478.599999994,8108,WL,B,13.0
6,37.53699994087219,distr,22463.000059127808,Tue Jul 28 2026 11:25:12 GMT-0500 (Central Daylight Time),654528.1999999881,B,cellenter,I,enter,489,2,2049.5999999940395,652478.599999994,8108,WL,B,13.0
6,42.41799998283386,distr,17582.000017166138,Tue Jul 28 2026 11:25:12 GMT-0500 (Central Daylight Time),659409.3999999911,B,v,I,v,4868,2,4880.79999999702,654528.599999994,8108,WL,B,14.0
6,42.58500003814697,distr,17414.999961853027,Tue Jul 28 2026 11:25:12 GMT-0500 (Central Daylight Time),659576.099999994,B,vi,I,i,155,2,5047.5,654528.599999994,8108,WL,B,14.0
6,42.80200004577637,distr,17197.999954223633,Tue Jul 28 2026 11:25:12 GMT-0500 (Central Daylight Time),659792.8999999911,B,vil,I,l,212,2,5264.29999999702,654528.599999994,8108,WL,B,14.0
6,42.95199990272522,distr,17048.00009727478,Tue Jul 28 2026 11:25:12 GMT-0500 (Central Daylight Time),659942.799999997,B,vill,I,l,132,2,5414.20000000298,654528.599999994,8108,WL,B,14.0
6,43.05299997329712,distr,16947.00002670288,Tue Jul 28 2026 11:25:12 GMT-0500 (Central Daylight Time),660043.8999999911,B,villa,I,a,94,2,5515.29999999702,654528.599999994,8108,WL,B,14.0
6,43.86800003051758,distr,16131.999969482422,Tue Jul 28 2026 11:25:12 GMT-0500 (Central Daylight Time),660859.0,B,villag,I,g,801,2,6330.4000000059605,654528.599999994,8108,WL,B,14.0
6,44.10199999809265,distr,15898.000001907349,Tue Jul 28 2026 11:25:12 GMT-0500 (Central Daylight Time),661092.6999999881,B,villagw,I,w,226,2,6564.0999999940395,654528.599999994,8108,WL,B,14.0
6,44.568000078201294,distr,15431.999921798706,Tue Jul 28 2026 11:25:12 GMT-0500 (Central Daylight Time),661559.0,B,villag,I,backspace,448,2,7030.4000000059605,654528.599999994,8108,WL,B,14.0
6,44.71799993515015,distr,15282.000064849854,Tue Jul 28 2026 11:25:12 GMT-0500 (Central Daylight Time),661709.0,B,villagw,I,w,139,2,7180.4000000059605,654528.599999994,8108,WL,B,14.0
6,45.23399996757507,distr,14766.000032424927,Tue Jul 28 2026 11:25:12 GMT-0500 (Central Daylight Time),662225.3999999911,B,villag,I,backspace,502,2,7696.79999999702,654528.599999994,8108,WL,B,14.0
6,45.66700005531311,distr,14332.99994468689,Tue Jul 28 2026 11:25:12 GMT-0500 (Central Daylight Time),662658.5,B,village,I,e,427,2,8129.9000000059605,654528.599999994,8108,WL,B,14.0
6,46.134000062942505,distr,13865.999937057495,Tue Jul 28 2026 11:25:12 GMT-0500 (Central Daylight Time),663125.0,B,villageenter,I,enter,449,2,8596.40000000596,654528.599999994,8108,WL,B,14.0
6,48.76699995994568,distr,11233.000040054321,Tue Jul 28 2026 11:25:12 GMT-0500 (Central Daylight Time),665758.099999994,B,r,I,r,2614,2,2632.7000000029802,663125.3999999911,8108,WL,B,15.0
6,48.865999937057495,distr,11134.000062942505,Tue Jul 28 2026 11:25:12 GMT-0500 (Central Daylight Time),665857.5,B,ro,I,o,94,2,2732.1000000089407,663125.3999999911,8108,WL,B,15.0
6,49.23300004005432,distr,10766.999959945679,Tue Jul 28 2026 11:25:12 GMT-0500 (Central Daylight Time),666224.299999997,B,roc,I,c,346,2,3098.9000000059605,663125.3999999911,8108,WL,B,15.0
6,49.33299994468689,distr,10667.00005531311,Tue Jul 28 2026 11:25:12 GMT-0500 (Central Daylight Time),666323.8999999911,B,rock,I,k,89,2,3198.5,663125.3999999911,8108,WL,B,15.0
6,49.532999992370605,distr,10467.000007629395,Tue Jul 28 2026 11:25:12 GMT-0500 (Central Daylight Time),666523.799999997,B,rockenter,I,enter,183,2,3398.4000000059605,663125.3999999911,8108,WL,B,15.0
7,1.2829999923706055,immed,58717.000007629395,Tue Jul 28 2026 11:25:12 GMT-0500 (Central Daylight Time),676204.5,A,s,I,s,1277,2,1283.0,674921.5,8108,WL,B,1.0
7,1.7159998416900635,immed,58284.00015830994,Tue Jul 28 2026 11:25:12 GMT-0500 (Central Daylight Time),676637.5,A,st,I,t,414,2,1716.0,674921.5,8108,WL,B,1.0
7,2.2170000076293945,immed,57782.999992370605,Tue Jul 28 2026 11:25:12 GMT-0500 (Central Daylight Time),677137.599999994,A,str,I,r,494,2,2216.0999999940395,674921.5,8108,WL,B,1.0
7,2.3329999446868896,immed,57667.00005531311,Tue Jul 28 2026 11:25:12 GMT-0500 (Central Daylight Time),677254.299999997,A,stre,I,e,99,2,2332.7999999970198,674921.5,8108,WL,B,1.0
7,2.565999984741211,immed,57434.00001525879,Tue Jul 28 2026 11:25:12 GMT-0500 (Central Daylight Time),677487.1999999881,A,stree,I,e,213,2,2565.699999988079,674921.5,8108,WL,B,1.0
7,2.815999984741211,immed,57184.00001525879,Tue Jul 28 2026 11:25:12 GMT-0500 (Central Daylight Time),677737.1999999881,A,street,I,t,237,2,2815.699999988079,674921.5,8108,WL,B,1.0
7,3.682999849319458,immed,56317.00015068054,Tue Jul 28 2026 11:25:12 GMT-0500 (Central Daylight Time),678603.799999997,A,streetenter,I,enter,851,2,3682.2999999970198,674921.5,8108,WL,B,1.0
7,4.448999881744385,immed,55551.000118255615,Tue Jul 28 2026 11:25:12 GMT-0500 (Central Daylight Time),679370.299999997,A,g,I,g,753,2,766.2000000029802,678604.099999994,8108,WL,B,2.0
7,4.73199987411499,immed,55268.00012588501,Tue Jul 28 2026 11:25:12 GMT-0500 (Central Daylight Time),679653.3999999911,A,gr,I,r,266,2,1049.2999999970198,678604.099999994,8108,WL,B,2.0
7,4.998999834060669,immed,55001.00016593933,Tue Jul 28 2026 11:25:12 GMT-0500 (Central Daylight Time),679919.799999997,A,gra,I,a,254,2,1315.7000000029802,678604.099999994,8108,WL,B,2.0
7,5.23199987411499,immed,54768.00012588501,Tue Jul 28 2026 11:25:12 GMT-0500 (Central Daylight Time),680153.0,A,gras,I,s,218,2,1548.9000000059605,678604.099999994,8108,WL,B,2.0
7,5.398999929428101,immed,54601.0000705719,Tue Jul 28 2026 11:25:12 GMT-0500 (Central Daylight Time),680319.799999997,A,grass,I,s,147,2,1715.7000000029802,678604.099999994,8108,WL,B,2.0
7,5.598999977111816,immed,54401.00002288818,Tue Jul 28 2026 11:25:12 GMT-0500 (Central Daylight Time),680519.8999999911,A,grassenter,I,enter,187,2,1915.7999999970198,678604.099999994,8108,WL,B,2.0
7,7.580999851226807,immed,52419.00014877319,Tue Jul 28 2026 11:25:12 GMT-0500 (Central Daylight Time),682502.299999997,A,d,I,d,1973,2,1982.1000000089407,680520.1999999881,8108,WL,B,3.0
7,7.764999866485596,immed,52235.000133514404,Tue Jul 28 2026 11:25:12 GMT-0500 (Central Daylight Time),682686.299999997,A,do,I,o,174,2,2166.1000000089407,680520.1999999881,8108,WL,B,3.0
7,7.930999994277954,immed,52069.000005722046,Tue Jul 28 2026 11:25:12 GMT-0500 (Central Daylight Time),682852.3999999911,A,doo,I,o,159,2,2332.2000000029802,680520.1999999881,8108,WL,B,3.0
7,8.065999984741211,immed,51934.00001525879,Tue Jul 28 2026 11:25:12 GMT-0500 (Central Daylight Time),682986.799999997,A,door,I,r,128,2,2466.6000000089407,680520.1999999881,8108,WL,B,3.0
7,8.365000009536743,immed,51634.99999046326,Tue Jul 28 2026 11:25:12 GMT-0500 (Central Daylight Time),683285.8999999911,A,doorenter,I,enter,280,2,2765.7000000029802,680520.1999999881,8108,WL,B,3.0
7,8.813999891281128,immed,51186.00010871887,Tue Jul 28 2026 11:25:12 GMT-0500 (Central Daylight Time),683735.3999999911,A,a,I,a,430,2,449.09999999403954,683286.299999997,8108,WL,B,4.0
7,9.063999891281128,immed,50936.00010871887,Tue Jul 28 2026 11:25:12 GMT-0500 (Central Daylight Time),683985.599999994,A,ar,I,r,229,2,699.2999999970198,683286.299999997,8108,WL,B,4.0
7,9.263999938964844,immed,50736.000061035156,Tue Jul 28 2026 11:25:12 GMT-0500 (Central Daylight Time),684185.099999994,A,arm,I,m,194,2,898.7999999970198,683286.299999997,8108,WL,B,4.0
7,9.598000049591064,immed,50401.999950408936,Tue Jul 28 2026 11:25:12 GMT-0500 (Central Daylight Time),684518.6999999881,A,armenter,I,enter,315,2,1232.3999999910593,683286.299999997,8108,WL,B,4.0
7,10.04699993133545,immed,49953.00006866455,Tue Jul 28 2026 11:25:12 GMT-0500 (Central Daylight Time),684968.599999994,A,s,I,s,429,2,449.59999999403954,684519.0,8108,WL,B,5.0
7,10.313999891281128,immed,49686.00010871887,Tue Jul 28 2026 11:25:12 GMT-0500 (Central Daylight Time),685235.0,A,st,I,t,251,2,716.0,684519.0,8108,WL,B,5.0
7,10.613999843597412,immed,49386.00015640259,Tue Jul 28 2026 11:25:12 GMT-0500 (Central Daylight Time),685534.8999999911,A,sta,I,a,290,2,1015.8999999910593,684519.0,8108,WL,B,5.0
7,10.846999883651733,immed,49153.00011634827,Tue Jul 28 2026 11:25:12 GMT-0500 (Central Daylight Time),685768.0,A,star,I,r,222,2,1249.0,684519.0,8108,WL,B,5.0
7,11.21399998664856,immed,48786.00001335144,Tue Jul 28 2026 11:25:12 GMT-0500 (Central Daylight Time),686134.799999997,A,starenter,I,enter,355,2,1615.7999999970198,684519.0,8108,WL,B,5.0
7,11.679999828338623,immed,48320.00017166138,Tue Jul 28 2026 11:25:12 GMT-0500 (Central Daylight Time),686601.3999999911,A,w,I,w,445,2,466.20000000298023,686135.1999999881,8108,WL,B,6.0
7,11.895999908447266,immed,48104.000091552734,Tue Jul 28 2026 11:25:12 GMT-0500 (Central Daylight Time),686817.599999994,A,wi,I,i,211,2,682.4000000059605,686135.1999999881,8108,WL,B,6.0
7,12.095999956130981,immed,47904.00004386902,Tue Jul 28 2026 11:25:12 GMT-0500 (Central Daylight Time),687017.599999994,A,wif,I,f,195,2,882.4000000059605,686135.1999999881,8108,WL,B,6.0
7,12.29699993133545,immed,47703.00006866455,Tue Jul 28 2026 11:25:12 GMT-0500 (Central Daylight Time),687218.3999999911,A,wife,I,e,195,2,1083.2000000029802,686135.1999999881,8108,WL,B,6.0
7,12.679999828338623,immed,47320.00017166138,Tue Jul 28 2026 11:25:12 GMT-0500 (Central Daylight Time),687601.099999994,A,wifeenter,I,enter,362,2,1465.9000000059605,686135.1999999881,8108,WL,B,6.0
7,13.395999908447266,immed,46604.000091552734,Tue Jul 28 2026 11:25:12 GMT-0500 (Central Daylight Time),688317.099999994,A,w,I,w,700,2,715.7000000029802,687601.3999999911,8108,WL,B,7.0
7,13.546000003814697,immed,46453.9999961853,Tue Jul 28 2026 11:25:12 GMT-0500 (Central Daylight Time),688467.099999994,A,wi,I,i,143,2,865.7000000029802,687601.3999999911,8108,WL,B,7.0
7,13.779000043869019,immed,46220.99995613098,Tue Jul 28 2026 11:25:12 GMT-0500 (Central Daylight Time),688700.599999994,A,win,I,n,225,2,1099.2000000029802,687601.3999999911,8108,WL,B,7.0
7,13.94599986076355,immed,46054.00013923645,Tue Jul 28 2026 11:25:12 GMT-0500 (Central Daylight Time),688867.1999999881,A,wind,I,d,152,2,1265.7999999970198,687601.3999999911,8108,WL,B,7.0
7,14.095999956130981,immed,45904.00004386902,Tue Jul 28 2026 11:25:12 GMT-0500 (Central Daylight Time),689017.3999999911,A,windo,I,o,129,2,1416.0,687601.3999999911,8108,WL,B,7.0
7,14.246000051498413,immed,45753.99994850159,Tue Jul 28 2026 11:25:12 GMT-0500 (Central Daylight Time),689166.8999999911,A,window,I,w,139,2,1565.5,687601.3999999911,8108,WL,B,7.0
7,14.628999948501587,immed,45371.00005149841,Tue Jul 28 2026 11:25:12 GMT-0500 (Central Daylight Time),689550.099999994,A,windowenter,I,enter,363,2,1948.7000000029802,687601.3999999911,8108,WL,B,7.0
7,15.328999996185303,immed,44671.0000038147,Tue Jul 28 2026 11:25:12 GMT-0500 (Central Daylight Time),690249.8999999911,A,c,I,c,686,2,699.5999999940395,689550.299999997,8108,WL,B,8.0
7,15.478999853134155,immed,44521.000146865845,Tue Jul 28 2026 11:25:12 GMT-0500 (Central Daylight Time),690400.0,A,ci,I,i,138,2,849.7000000029802,689550.299999997,8108,WL,B,8.0
7,15.711999893188477,immed,44288.00010681152,Tue Jul 28 2026 11:25:12 GMT-0500 (Central Daylight Time),690633.099999994,A,cit,I,t,219,2,1082.7999999970198,689550.299999997,8108,WL,B,8.0
7,15.911999940872192,immed,44088.00005912781,Tue Jul 28 2026 11:25:12 GMT-0500 (Central Daylight Time),690833.599999994,A,city,I,y,188,2,1283.2999999970198,689550.299999997,8108,WL,B,8.0
7,16.111999988555908,immed,43888.00001144409,Tue Jul 28 2026 11:25:12 GMT-0500 (Central Daylight Time),691033.5,A,cityenter,I,enter,187,2,1483.2000000029802,689550.299999997,8108,WL,B,8.0
7,16.694999933242798,immed,43305.0000667572,Tue Jul 28 2026 11:25:12 GMT-0500 (Central Daylight Time),691616.1999999881,A,p,I,p,571,2,582.3999999910593,691033.799999997,8108,WL,B,9.0
7,16.944999933242798,immed,43055.0000667572,Tue Jul 28 2026 11:25:12 GMT-0500 (Central Daylight Time),691866.5,A,pu,I,u,244,2,832.7000000029802,691033.799999997,8108,WL,B,9.0
7,17.244999885559082,immed,42755.00011444092,Tue Jul 28 2026 11:25:12 GMT-0500 (Central Daylight Time),692166.099999994,A,pup,I,p,290,2,1132.2999999970198,691033.799999997,8108,WL,B,9.0
7,17.92799997329712,immed,42072.00002670288,Tue Jul 28 2026 11:25:12 GMT-0500 (Central Daylight Time),692849.099999994,A,pupi,I,i,662,2,1815.2999999970198,691033.799999997,8108,WL,B,9.0
7,18.194999933242798,immed,41805.0000667572,Tue Jul 28 2026 11:25:12 GMT-0500 (Central Daylight Time),693116.1999999881,A,pupil,I,l,251,2,2082.3999999910593,691033.799999997,8108,WL,B,9.0
7,18.611000061035156,immed,41388.999938964844,Tue Jul 28 2026 11:25:12 GMT-0500 (Central Daylight Time),693532.299999997,A,pupilenter,I,enter,400,2,2498.5,691033.799999997,8108,WL,B,9.0
7,19.494999885559082,immed,40505.00011444092,Tue Jul 28 2026 11:25:12 GMT-0500 (Central Daylight Time),694415.599999994,A,c,I,c,872,2,883.0,693532.599999994,8108,WL,B,10.0
7,19.710999965667725,immed,40289.000034332275,Tue Jul 28 2026 11:25:12 GMT-0500 (Central Daylight Time),694631.8999999911,A,ca,I,a,205,2,1099.2999999970198,693532.599999994,8108,WL,B,10.0
7,19.878000020980835,immed,40121.999979019165,Tue Jul 28 2026 11:25:12 GMT-0500 (Central Daylight Time),694798.6999999881,A,cab,I,b,148,2,1266.0999999940395,693532.599999994,8108,WL,B,10.0
7,20.07799983024597,immed,39922.00016975403,Tue Jul 28 2026 11:25:12 GMT-0500 (Central Daylight Time),694998.599999994,A,cabi,I,i,181,2,1466.0,693532.599999994,8108,WL,B,10.0
7,20.293999910354614,immed,39706.000089645386,Tue Jul 28 2026 11:25:12 GMT-0500 (Central Daylight Time),695215.099999994,A,cabin,I,n,197,2,1682.5,693532.599999994,8108,WL,B,10.0
7,20.57699990272522,immed,39423.00009727478,Tue Jul 28 2026 11:25:12 GMT-0500 (Central Daylight Time),695498.5,A,cabinenter,I,enter,269,2,1965.9000000059605,693532.599999994,8108,WL,B,10.0
7,21.126999855041504,immed,38873.000144958496,Tue Jul 28 2026 11:25:12 GMT-0500 (Central Daylight Time),696048.099999994,A,l,I,l,538,2,549.2999999970198,695498.799999997,8108,WL,B,11.0
7,21.259999990463257,immed,38740.00000953674,Tue Jul 28 2026 11:25:12 GMT-0500 (Central Daylight Time),696181.3999999911,A,la,I,a,116,2,682.5999999940395,695498.799999997,8108,WL,B,11.0
7,21.376999855041504,immed,38623.000144958496,Tue Jul 28 2026 11:25:12 GMT-0500 (Central Daylight Time),696298.0,A,lak,I,k,111,2,799.2000000029802,695498.799999997,8108,WL,B,11.0
7,21.544999837875366,immed,38455.000162124634,Tue Jul 28 2026 11:25:12 GMT-0500 (Central Daylight Time),696465.799999997,A,lake,I,e,153,2,967.0,695498.799999997,8108,WL,B,11.0
7,21.72699999809265,immed,38273.00000190735,Tue Jul 28 2026 11:25:12 GMT-0500 (Central Daylight Time),696647.8999999911,A,lakeenter,I,enter,162,2,1149.0999999940395,695498.799999997,8108,WL,B,11.0
7,22.15999984741211,immed,37840.00015258789,Tue Jul 28 2026 11:25:12 GMT-0500 (Central Daylight Time),697081.3999999911,A,p,I,p,421,2,433.29999999701977,696648.099999994,8108,WL,B,12.0
7,22.359999895095825,immed,37640.000104904175,Tue Jul 28 2026 11:25:12 GMT-0500 (Central Daylight Time),697281.099999994,A,pi,I,i,186,2,633.0,696648.099999994,8108,WL,B,12.0
7,22.55999994277954,immed,37440.00005722046,Tue Jul 28 2026 11:25:12 GMT-0500 (Central Daylight Time),697481.0,A,pip,I,p,178,2,832.9000000059605,696648.099999994,8108,WL,B,12.0
7,22.759999990463257,immed,37240.00000953674,Tue Jul 28 2026 11:25:12 GMT-0500 (Central Daylight Time),697681.099999994,A,pipe,I,e,188,2,1033.0,696648.099999994,8108,WL,B,12.0
7,23.092999935150146,immed,36907.00006484985,Tue Jul 28 2026 11:25:12 GMT-0500 (Central Daylight Time),698014.5,A,pipeenter,I,enter,324,2,1366.4000000059605,696648.099999994,8108,WL,B,12.0
7,23.776000022888184,immed,36223.99997711182,Tue Jul 28 2026 11:25:12 GMT-0500 (Central Daylight Time),698697.299999997,A,s,I,s,670,2,682.4000000059605,698014.8999999911,8108,WL,B,13.0
7,23.875999927520752,immed,36124.00007247925,Tue Jul 28 2026 11:25:12 GMT-0500 (Central Daylight Time),698797.099999994,A,sk,I,k,90,2,782.2000000029802,698014.8999999911,8108,WL,B,13.0
7,24.092999935150146,immed,35907.00006484985,Tue Jul 28 2026 11:25:12 GMT-0500 (Central Daylight Time),699014.299999997,A,ski,I,i,199,2,999.4000000059605,698014.8999999911,8108,WL,B,13.0
7,24.325999975204468,immed,35674.00002479553,Tue Jul 28 2026 11:25:12 GMT-0500 (Central Daylight Time),699247.3999999911,A,skin,I,n,214,2,1232.5,698014.8999999911,8108,WL,B,13.0
7,24.543999910354614,immed,35456.000089645386,Tue Jul 28 2026 11:25:12 GMT-0500 (Central Daylight Time),699465.099999994,A,skinenter,I,enter,213,2,1450.2000000029802,698014.8999999911,8108,WL,B,13.0
7,25.175999879837036,immed,34824.000120162964,Tue Jul 28 2026 11:25:12 GMT-0500 (Central Daylight Time),700096.8999999911,A,f,I,f,620,2,631.5,699465.3999999911,8108,WL,B,14.0
7,25.292999982833862,immed,34707.00001716614,Tue Jul 28 2026 11:25:12 GMT-0500 (Central Daylight Time),700213.599999994,A,fi,I,i,100,2,748.2000000029802,699465.3999999911,8108,WL,B,14.0
7,25.442999839782715,immed,34557.000160217285,Tue Jul 28 2026 11:25:12 GMT-0500 (Central Daylight Time),700363.6999999881,A,fir,I,r,143,2,898.2999999970198,699465.3999999911,8108,WL,B,14.0
7,25.592999935150146,immed,34407.00006484985,Tue Jul 28 2026 11:25:12 GMT-0500 (Central Daylight Time),700513.6999999881,A,fire,I,e,137,2,1048.2999999970198,699465.3999999911,8108,WL,B,14.0
7,26.05900001525879,immed,33940.99998474121,Tue Jul 28 2026 11:25:12 GMT-0500 (Central Daylight Time),700979.8999999911,A,fireenter,I,enter,458,2,1514.5,699465.3999999911,8108,WL,B,14.0
7,27.575000047683716,immed,32424.999952316284,Tue Jul 28 2026 11:25:12 GMT-0500 (Central Daylight Time),702497.5,A,c,I,c,1504,2,1517.4000000059605,700980.099999994,8108,WL,B,15.0
7,27.656999826431274,immed,32343.000173568726,Tue Jul 28 2026 11:25:12 GMT-0500 (Central Daylight Time),702579.6999999881,A,cl,I,l,75,2,1599.5999999940395,700980.099999994,8108,WL,B,15.0
7,27.85699987411499,immed,32143.00012588501,Tue Jul 28 2026 11:25:12 GMT-0500 (Central Daylight Time),702779.599999994,A,clo,I,o,193,2,1799.5,700980.099999994,8108,WL,B,15.0
7,28.0239999294281,immed,31976.0000705719,Tue Jul 28 2026 11:25:12 GMT-0500 (Central Daylight Time),702946.099999994,A,cloc,I,c,145,2,1966.0,700980.099999994,8108,WL,B,15.0
7,28.10699987411499,immed,31893.00012588501,Tue Jul 28 2026 11:25:12 GMT-0500 (Central Daylight Time),703029.6999999881,A,clock,I,k,74,2,2049.5999999940395,700980.099999994,8108,WL,B,15.0
7,28.473999977111816,immed,31526.000022888184,Tue Jul 28 2026 11:25:12 GMT-0500 (Central Daylight Time),703395.799999997,A,clockenter,I,enter,359,2,2415.7000000029802,700980.099999994,8108,WL,B,15.0
